text,label,predicted_label
"Alternative Web browsers like Safari and Firefox will grow in popularity and force Microsoft to respond by improving Internet Explorer, predicts Marc Andreessen, founder of Netscape Communications.",Sci/Tech,?
"NEW YORK - Eli Manning is undeniably the Giants #39; quarterback of the future. But the future is going to have wait. After a summer of speculation, Giants coach Tom Coughlin finally made it official on Sunday ",Sports,?
" BEIJING (Reuters) - Jelena Dokic ran true to the miserable  form she has shown this season, falling 6-3, 6-0 to Thailand''s  Tamarine Tanasugarn in the first round of the China Open  Tuesday.",Sports,?
AP - A University of Idaho football player was shot to death and police arrested two brothers from Seattle after a car chase that extended across two states.,Sports,?
"&lt;p&gt;\&lt;/p&gt;&lt;p&gt; GENEVA (Reuters) - U.S. soccer''s most expensive player,\teenage prodigy Freddy Adu, has won his cybersquatting case\against a man who claimed to be preparing a fan-based Web Site,\an international arbitrator ruled on Thursday.&lt;/p&gt;",Sci/Tech,______
"Linux came out of nowhere to challenge Microsoft in the computer server market, and lately has begun encroaching on its hallowed desktop software business.",Sci/Tech,Sci/Tech
System builders say Intel #39;s latest price cuts will help them clear out old inventory and should move the sweet spot of the company #39;s processor lineup to the 3GHz Pentium 4 from the 2.8GHz Pentium 4. After ,Sci/Tech,Sci/Tech
"The contract offer that Indians general manager Mark Shapiro had made Friday to left-hander David Wells got turned down, as Wells agreed to a two-year deal with the Red Sox.",Sports,?
"THIS MORNING, OR late this evening as we call it here in Britain,the long Half-Life 2 wait will start to be over. You get the multiplayer version, Counter-Strike: Source, the full enchilada at that moment.",Sci/Tech,?
"England #39;s home test matches will disappear from terrestial television after BSkyB won exclusive rights to cover live matches from 2006 to 2009, officials said on Wednesday.",Sports,?
(Sports Network) - Two of the worst teams in the American League square off this evening when the Kansas City Royals and Detroit Tigers continue their four-game set at Comerica Park.,Sports,?
 The United States is on the verge of winning its first fencing medal in twenty years.  Greek sprinters Kostas Kenteris and Katerina Thanou are out of the hospital but not out of the woods. ,Sports,?
A defiant David Coulthard says he has no plans to retire from Formula One after the season-ending race in Brazil. The Briton will leave McLaren after the ,Sports,?
"Tokyo, Aug. 23 (Jiji Press)--NTT DoCoMo firmed on the Tokyo Stock Exchange Monday morning following a media report that it will start procuring mobile phone handsets made by Motorola Inc.",Sci/Tech,?
Reuters - DreamWorks Animation SKG\Inc.''s initial public offering raised a more-than-expected  #36;812\million on Wednesday in a deal that marked the first IPO by a\major movie studio in seven years.,Business,?
"Framingham resident Arly Noel, a junior midfielder on the Mount Ida College of Newton men''s soccer team, was named to the All-North Atlantic Conference first team after finishing among the nation''s top 30 NCAA Division 3 players with a team-high 11 assists.",Sports,?
"Conrad Black and other controlling shareholders of Hollinger used \$400 million for personal perks, a new report says.",Business,?
Several research teams are developing robots made of smart building blocks that can morph into different forms to perform a broad variety of tasks. The bots are to be used in space missions and in search-and-rescue efforts. By Lakshmi Sandhana.,Sci/Tech,?
"Obviously, we #39;re very disappointed, #39; #39; Miami #39;s coach said in the wake of a shocking 31-28 loss at North Carolina.",Sports,?
 SINGAPORE (Reuters) - Japanese shares rebounded from  three-month lows on Tuesday but stubbornly high oil prices and  concern over their impact on corporate earnings capped gains.,Business,?
"AP - Allen Iverson stole an inbound pass, drove down the court and made a layup at the buzzer, giving the Philadelphia 76ers a 116-114 overtime victory over the Washington Wizards on Friday.",Sports,?
The Golden State passes a law aimed at cracking down on what some feel is the internet''s next scourge -- spyware. But critics say it''s only a partial step toward protecting consumers.,Sci/Tech,Sci/Tech
"US dialysis company DaVita Inc., a major employer in Pierce County, is poised to buy a Swedish health care companys dialysis operations in a \$3 billion deal, the Wall Street Journal reported Monday.",Business,?
"Nearly three-quarters of IT managers are planning to deploy the Windows XP Service Pack 2 update to their systems, research shows.",Sci/Tech,?
"By Amanda Gardner, HealthDay Reporter    HealthDayNews -- Nursing home residents who take daily doses of vitamin E appear to be less likely to develop certain respiratory infections, a new study finds.    The protective effect was most pronounced with upper respiratory infections, such as the common cold...",Sci/Tech,?
"Martin Jol is likely to be named the new manager of Tottenham after Jacques Santinis shock decision to quit yesterday. The Dutch assistant coach will take charge of todays game against Charlton, and ",Sports,?
Software giant Microsoft is casting its sights on the digital media marketplace by positioning itself as pro-consumer-choice. The company unveiled its MSN Music ,Sci/Tech,?
"(Sports Network) - Roger Clemens tries to win his seventh straight decision and possibly vault the Houston Astros into the lead in the National League wild card standings, as they go for a three-game sweep of the NL Central champion St.",Sports,?
OAUG (Oracle Applications Users Group) president Patricia Dues said today that the organization is in the midst of plans to support PeopleSoft users and the PeopleSoft user group.,Sci/Tech,?
The following is a verbatim copy of a open letter to the Linux community issued by PalmSource. Read on for more information about the new acquisition and FAQs about how PalmSource will use the new resources and the new Palm OS Cobalt version of Linux.,Sci/Tech,Sci/Tech
"Credit Suisse First Boston, the securities unit of the Credit Suisse Group of Zurich, replaced Adebayo O. Ogunlesi as head of investment banking with its president, Brian D. Finn, eight weeks after Brady W. Dougan was named chief executive. ",Business,?
"ALAMEDA, Calif. - Jerry Rice is leaving the Bay Area, where he developed into the greatest receiver in NFL history with a relentless work ethic that still defines him today.",Sports,?
"A server crashes, disrupting the pre-election test of electronic voting machines in West Palm Beach. Critics say this underscores the unreliability of e-voting, while election officials say all glitches will be fixed.",Sci/Tech,?
"TOKYO/NEW YORK, SEPTEMBER 17: Japan on Friday ordered Citigroup Inc. to close its Japanese private banking offices after uncovering a series of problems, including failing to prevent suspected money laundering.",Business,?
"KUFA, Iraq - A mortar barrage slammed into a mosque filled Iraqis preparing to march on the embattled city of Najaf, killing 27 people and wounding 63 here Thursday hours before the nation''s top Shiite cleric was expected to arrive in area with a peace initiative.    The attack on the main mosque in Kufa - just a few miles from Najaf - dampened renewed hopes for a rapid resolution to the three-week crisis in Najaf...",World,?
"Lowell, who could have opted out of his contract because the team hasn #39;t secured new stadium financing, agreed Friday to a revised deal in which the team guarantees the remaining \$25.",Sports,?
"For three sloppy quarters, retirement couldn''t come soon enough for BC High football coach Jim Cotter. But the final 11 minutes of the game showed why it will be tough for the 41-year veteran to walk away after this season. The Eagles scored twice in the last quarter, including a 3-yard touchdown run by Mike Duffy with 1:34 ...",Sports,?
The award for fees and costs comes in a case in which Microsoft agreed to allocate \$1.1 billion for California consumers. By Associated Press.,Sci/Tech,?
"Description: Researchers report this week that they have found the remains of a group of small hominids that may be a new species of human -- one that may have existed on an island near Indonesia as late as 14,000 years ago.",Sci/Tech,?
"Global research by MORI, conducted for Nokia, has identified a strong trend for consumers to move from their fixed line phones to use their mobile handsets for all or most of their voice calls.",Sci/Tech,Sci/Tech
"We pledge allegiance to the penguin, and the intellectual property regime for which he stands. One nation, under Linux, with free music and open-source software for all. Welcome to Brazil! By Julian Dibbell from Wired magazine.",Sci/Tech,?
"TORONTO -- If the faithful among Red Sox Nation looked to the sky late last night, they may have been convinced that it was aglow with a late-summer display of Northern Lights. Instead, it was the fireworks grand finale to a dazzling, 11-5 drubbing of the Blue Jays that had the Sox belting out four home runs and 17 hits ...",Sports,?
"Reuters - U.S. health officials on Tuesday\approved the importation of up to 4 million doses of influenza\vaccine made by GlaxoSmithKline  , bringing the\U.S. total to 65 million vaccines for this flu season.",Business,?
Samsung Electronics announced three breakthroughs in key technologies that promise greater data storage and faster processing for computers and mobile devices such as MP3 audio players.,Business,Sci/Tech
"CBC SPORTS ONLINE - The Buffalo Sabres agreed to terms with former first-round draft choice Thomas Vanek on Friday. The Sabres signed the left-winger, the fifth overall selection in the 2003 NHL Entry Draft, to a three-year entry-level contract.",Sports,?
 NEW YORK (Reuters) - Corey Patterson scampered home  following Salomon Torres''s wild pitch in the first extra inning  to give the playoff-hopeful Chicago Cubs a 5-4 win over the  host Pittsburgh Pirates in the National League Tuesday.,Sports,?
"Seoul, South Korea-based Samsung Electronics Co. Ltd. has begun shipping a 512Mbit GDDR2 memory device, one it claims is the most advanced graphics double-data-rate synchronous DRAM available.",Sci/Tech,?
"Microsoft Corp. finally debuted its own Web search technology on Thursday, hoping to challenge Google Inc.''s long dominance of the field with results tailored to a user''s location and answers from its Encarta encyclopedia.",Sci/Tech,?
"Oracle follows Microsoft and decides to roll patches out on a monthly timetable, but does that make customers more secure?",Sci/Tech,?
"Relatives pleaded on Monday for the release of two Americans and a Briton as a deadline loomed for their beheading. In Baghdad, two ",World,Sci/Tech
SanDisk Corporation (NASDAQ:SNDK) yesterday introduced the worlds fastest flash memory cards - the SanDisk Extreme III line of CompactFlash SD and Memory Stick PRO digital film cards.,Sci/Tech,?
NEW YORK (CNN/Money) - Some colleges are fretting the release of Microsoft #39;s upgrade to its XP operating system -- whose release coincides with the opening of campuses around the country -- saying that multiple downloads of the patch could significantly ,Sci/Tech,?
"Adobe Acrobat 7 will be available in December. It will support 3D images and complex electronic forms through an additional product called Adobe Livecycle Designer 7. Mark Wheeler, senior enterprise marketing ",Sci/Tech,?
"Come November, customers will see the Power5-based p5-590 and p5-595 servers hit the market. The 32-way 590 is a direct replacement for the current Power4-based p690.",Sci/Tech,?
"Most people have heard that taking a small dose of aspirin a day is good for the heart. Doctors routinely recommend it for patients who''ve had a heart attack or stroke, and studies show its blood-thinning affects can help prevent a repeat of such potentially deadly cardiovascular events.",Sci/Tech,Sci/Tech
"With a 7-2 triumph over the United States, impact teens Alexander Ovechkin and Evgeni Malkin place Russia in the World Juniors championship game against Canada.",Sports,?
ATHENS (Reuters) - Greece #39;s top two sprinters should finally get to put their case on Wednesday in a drugs investigation that has shamed and angered the Olympic host nation. ,Sports,?
"First products from Alaxala Networks include a high-end gigabit router, a high-end multilevel switch and a mid-range multilevel switch.",Sci/Tech,?
"Saturday #39;s Chevy Rock  amp; Roll 400 at RIR was the season #39;s 26th event, the last chance for drivers to qualify for the 10-race Chase, NASCAR #39;s version of team-sport playoffs.",Sports,?
"AP - BISMARCK, N.D.  #151; Jack Uldrich says his stain-resistant pants are just the beginning for a technology that could someday be used to create cell phones so small they can be sewn into clothes and enhance electrical transmission through power lines.",Sci/Tech,?
"US-LED forces attacked two Iraqi rebel strongholds yesterday, killing nearly two dozen insurgents in a town near the Syrian border and bombing targets in Fallujah for a third day.",World,?
"NEW YORK -- NBA referees have entered into a five-year collective bargaining agreement with the league, removing the possibility of having replacement officials work the upcoming season.",Sports,?
"Some shoddy reports trickling in Thursday night threw a wrench into an otherwise uneventful second-quarter earnings season for retailers. At least one analyst thinks its a harbinger, as consumers get cautious about spending money on anything that isn #39;t ...",Business,?
Game-friendly desktop PC uses fans and a wind tunnel to bring down the temperature and the noise.,Sci/Tech,?
MADRID -- Osasuna fought back from a goal down and a sending-off to claim their first win of the season with a resounding 3-1 victory at Deportivo Coruna in the Primera Liga on Sunday.,Sports,?
"America Online Inc. said yesterday it is once again supporting a Microsoft Corp. plan to combat unwanted bulk e-mail by verifying senders of messages, a move that could rekindle industry adoption of a new system for attacking spam.",Sci/Tech,?
"America Online Inc. (AOL) is developing a new service that will let its members back up files from their PCs on AOL data centers, so that the members will be able to recover files either deleted accidentally or lost due to a hard drive failure, an AOL executive said.",Sci/Tech,?
Premiership adversaries Manchester United and Arsenal will have another chance to do battle at Old Trafford after last night #39;s League Cup quarter-final draw brought the teams together again.,Sports,?
" CHICAGO (Reuters) - - Jeans maker Levi Strauss   Co. on  Tuesday posted a quarterly profit, compared with a year-earlier  loss, helped by sales of higher-priced products in Europe and  Asia and lower costs.",Business,?
Mobile phone operator MMO2 raises its UK revenue growth target for this year as it gets more customers and existing users spend more.,Sci/Tech,?
"An Internet company has agreed to forgive \$17 million in customers'' bills as part of an agreement with the government, the Federal Trade Commission announced Monday.",Sci/Tech,?
"A pennant on the line, an adopted city #39;s heart in his hands, a hostile stadium and swarming opponent. Roger Clemens, and a blistering National League Championship Series, have arrived at Game 7. Barely visible ",Sports,Sci/Tech
 HOUSTON (Reuters) - Carlos Beltran''s record-tying eighth  post-season home run capped the Houston Astros'' 6-5 comeback  win over the St Louis Cardinals to even the National League  Championship Series at two games apiece Sunday.,Sports,?
Thats when you can get yours and how much you would pay. That is if you live in Japan. Sony today announced the release date and price for its new portable game system.,Sci/Tech,?
"Braves right fielder J.D. Drew cut his head when he hit it on the dugout railing following batting practice and was removed from the starting lineup against Colorado. Drew was taken to Piedmont Hospital in Atlanta, where he received two staples to close the wound. He returned to Turner Field and was in uniform by the fourth inning but did ...",Sports,?
"Yahoo #39;s (Quote, Chart) public embrace of the RSS content syndication format took a major leap forward with the release of a revamped My Yahoo portal seeking to introduce the technology to mainstream consumers.",Sci/Tech,?
com. An Auburn touchdown with 52 seconds left in the first half Saturday night brought a smile to celebrity Tiger fan Charles Barkley pacing the sideline.,Sports,?
"Not enough is being done to prevent the spread of HIV among Asian drug users, researchers say.",World,?
The software developer will become a licensee of the Digeo technology in the case.,Sci/Tech,Sci/Tech
"Reuters - Democrat John Kerry on Thursday\challenged Republican President Bush, to weekly debates from\now until the Nov. 2 presidential election.",World,Sci/Tech
NEW YORK - Nervous Republicans are urging President Bush to unveil a robust second-term agenda at his convention next week to shift voters'' focus from the unpopular war in Iraq and other issues that are a distraction to his re-election drive. Some contend the party should ditch the GOP-fueled controversy over rival John Kerry''s combat record in Vietnam...,World,?
"Sun Microsystems on Monday disclosed plans to acquire SevenSpace Inc., an Ashburn, Va.-based provider of IT outsourcing and managed services.",Sci/Tech,?
AP - Filipino and British wildlife researchers say they''ve stumbled upon what appears to be a new species of flightless bird found only on the tiny forested island of Calayan in the northern Philippines.,Sci/Tech,?
Brent Geiberger overcame strong winds and a bad hip to earn a one-stroke lead after the second round at the Chrysler Classic of Greensboro on Friday.,Sports,?
"One, an 80-page tract from the conservative Employment Policy Foundation, paints a Horatio Alger portrait of a nation becoming more competitive globally, thanks in part to small-business growth and a surge in self-employment.",Business,?
"update Infineon Technologies will plead guilty to taking part in an international DRAM price-fixing conspiracy, which affected such companies as Dell, Hewlett-Packard and Apple, the US Department of Justice announced Wednesday.",Sci/Tech,?
"ATHENS, 27 August - China #39;s Huina XING produced a sprint over the final 100m to destroy Ethiopia #39;s hopes of a medal sweep and claim her nation #39;s second Olympic gold medal of the night.",Sports,?
AP - St. John''s imposed two years of penalties on its men''s basketball team Friday after an investigation revealed a former player was given cash by an athletic department employee.,Sports,?
"In July, the Fool #39;s James Early looked at stocks that combine the following: a small market cap, a boring industry, and a savvy Pac-Man-style acquisition strategy of adding a portfolio of brands.",Business,?
"November 02, 2004 - Independent developer Climax announced today the development of Avalon, a multi-vehicle shooter designed for next-generation consoles.",Sci/Tech,?
"AP - Italy''s flagship air carrier Alitalia plans to cut 5,000 jobs as part of restructuring efforts aimed at averting collapse, news reports and an industry source said Monday.",World,?
"SAN JOSE, Calif. Adobe Systems is introducing a new format today for digital photos it hopes will create a standard in the industry.",Business,?
" NEW YORK (Reuters) - Shares FedEx Corp. &lt;A HREF=''http://www.investor.reuters.com/FullQuote.aspx?ticker=FDX.N target=/stocks/quickinfo/fullquote''&gt;FDX.N&lt;/A&gt; rose before  the bell on Monday, after the express shipping company raised  its earnings forecast for the first quarter and the full year,  citing strong demand for its services.",Business,?
"More than 500,000 notebook power adapters sold by IBM are being recalled to offset the threat of melting plastic and even fire. IBM and the US Consumer Product Safety Commission announced the recall, saying ",Sci/Tech,?
"US Airways #39; unions, defying efforts to win labor concessions to avert a bankruptcy, are unlikely to give up pay and benefits under a threat of cuts imposed by a court, a labor leader and consultants said.",Business,?
"Oracle Corp. has again extended its \$7.7 billion cash offer for PeopleSoft Inc. Shareholders now have until Oct. 8 to tender their shares, Oracle said Thursday.",Sci/Tech,?
IBM plans to start shipping its PCs with a new chip designed to thwart hackers by safeguarding passwords and other sensitive identity information.,Sci/Tech,Sci/Tech
Guillermo Canas followed up his defeat of top seed David Nalbandian by beating unseeded German Tommy Haas 6-4 6-3 on Saturday to reach the final of the Vienna Trophy.,Sports,Sci/Tech
"AP - Keith Bulluck knows his answer to the question of how much is enough. Coming off his first Pro Bowl and All-Pro season, the Tennessee linebacker could have played out the final year of his contract then become a free agent in search of more money. Instead, he signed a six-year,  #36;36 million contract in March and remained a Titan.",Sports,?
AP - Connecticut placed assistant men''s basketball coach Clyde Vaughan on paid administrative leave Thursday after his arrest in a prostitution sting.,Sports,?
"Aug. 18 (Bloomberg) -- The case against eight men charged with conspiracy to commit murder and carry out terrorist attacks was referred to the Old Bailey, London #39;s central criminal court. ",World,?
"Dwight Yorke, the Birmingham City striker at the centre of a police investigation into alleged racism at Blackburn Rovers on Sunday, is upset by the lack of support he ",Sports,?
"Guillermo Canas won his third title of the year yesterday with a 6-1, 6-0 victory over unseeded German Lars Burgsmuller at the ATP Shanghai Open.",Sports,?
Arsenal manager Arsene Wenger has been given a  #39;please explain #39; by the Football Association following his scathing post-match attack on referee Mike Riley after his side #39;s loss to Manchester United.,Sports,?
England #39;s controversial tour to Zimbabwe next month looks certain to go ahead after the official inquiry into racism within their cricket found no evidence when it was presented to the International Cricket Council today.,Sports,?
"BRITISH soldier of fortune and former Scots Guard officer Simon Mann, the alleged leader of a failed African coup dtat, has been specially targeted for systematic torture by guards in Zimbabwes notorious Chikurubi Prison, according to two ",World,Sci/Tech
"Japan confirmed its 13th mad cow disease on Wednesday, said the health ministry, as the nation is in short of beef supply for the ban of imports from the United States.",World,?
 SEOUL (Reuters) - A cloud of confusion surrounded a widely  reported explosion in North Korea last week with South Korea  saying on Friday its latest assessment was that no blast at all  occurred at the suspected site.,World,?
"Reuters - Oracle Corp. on Monday said it has\asked Peoplesoft Inc.''s board of directors to immediately\redeem the company''s poison pill, two days after 61 percent of\PeopleSoft shareholders tendered their stock for Oracle''s\ #36;24-a-share hostile offer.",Sci/Tech,?
Intel Corp. is expected to release a faster version of its powerful but expensive Pentium 4 Extreme Edition processor on Monday alongside the introduction of a chipset that uses a faster front-side bus to connect the processor and the memory.,Sci/Tech,?
The British Grand Prix at Silverstone seems certain to be reprieved after a deal between Formula One teams. Nine of the 10 teams agreed to cut testing by 50 per cent to bear the cost of two extra races at ,Sports,?
WASHINGTON - The Senate Judiciary Committee heard this morning from one of its own about some of the problems with airline ''no fly'' watch lists. Sen...,World,________.
"TOKYO - It #39;s an idea that was popularized by Princess Leia #39;s plea for help in Star Wars: sending a 3-D hologram. Now, two Japanese scientists have developed technology they hope will one day turn the humble ",Sci/Tech,?
FT.com - Shares in Virgin Mobile fell back below July''s float price on Tuesday as analysts and investors interpreted a trading update from the company as a surprise revenue warning.,Sci/Tech,?
Companies will demonstrate how their technology will work together.,Sci/Tech,?
"New research indicates that sport fishermen are taking an unexpectedly big toll on saltwater fish populations, in some cases landing more fish than their commercial counterparts.",Sci/Tech,?
"AFP - Republican President George W. Bush and Democratic challenger John Kerry are battling feverishly for the support of soldiers and veterans, but Bush seems to have gained the upper hand as Kerry''s military past comes under attack.",World,?
"Anaheim, CA (Sports Network) - The Washington Nationals have signed free-agent first baseman Wil Cordero to a one-year contract, and also agreed to terms with outfielder Jeffrey Hammonds on a minor league deal with an invitation to spring training.",Sports,?
BAE Systems acquires a US firm which provides computer and IT systems to the US defence department.,World,Sci/Tech
"Feyenoord, Stuttgart and Rangers registered comfortable wins Thursday in the group stage of the UEFA Cup, while French side Lille was upset 1-0 by a German second division club.",Sports,?
An obscure amendment attached to an appropriations bill could throw a wrench into presidential candidate John Kerry''s plans to fund embryonic stem cell research. By Kristen Philipkoski.,Sci/Tech,?
"I love movies, but I #39;d rather eat stale popcorn than wait in line at Blockbuster. So I joined Movielink and Starz Ticket on Real Movies.",Sci/Tech,?
"AP - Nokia OYJ reported a 20 percent drop in third-quarter profits on Thursday, citing disappointing mobile phone sales that will likely put a damper on fourth-quarter results as well.",Sci/Tech,?
Electronic document giant Adobe Systems said that it was partnering with digital certificate company GeoTrust to provide technology that will allow documents that use Adobe #39;s popular PDF (Portable Document Format) to be digitally certified.,Sci/Tech,?
PC World - Send your video throughout your house--wirelessly--with new gateways and media adapters.,Sci/Tech,Sci/Tech
The company is shipping the open-source database for Linux and Windows to revive its usage. By Darrell Dunn. Computer Associates on Monday will take the next step in its open-source strategy with the announcement ,Sci/Tech,?
"By MATT MOORE     STOCKHOLM, Sweden (AP) -- A new Swedish study suggests that people who use a mobile phone for at least 10 years might increase their risk of developing a rare benign tumor along a nerve on the side of the head where they hold the phone.    In an interview with The Associated Press on Thursday, one of the researchers behind the preliminary study, Anders Ahlbom, said the results were surprising and need to be confirmed by more research...",Sci/Tech,?
"This month, the overseer of the Internet''s addressing system will begin deciding what company will run the .net domain. The stakes are high, and so is the responsibility. &lt;FONT face=''verdana,MS Sans Serif,arial,helvetica'' size=''-2''\ color=''#666666''&gt;&lt;B&gt;-washingtonpost.com&lt;/B&gt;&lt;/FONT&gt;",Sci/Tech,?
" CHICAGO (Reuters) - Smithfield Foods Inc. &lt;A HREF=''http://www.investor.reuters.com/FullQuote.aspx?ticker=SFD.N target=/stocks/quickinfo/fullquote''&gt;SFD.N&lt;/A&gt;, one of  the nation''s largest meat producers, on Thursday said quarterly  earnings more than doubled due to higher hog prices and its  acquisition of Farmland Foods last year.",Business,?
But Calhoun likes his players and his university and the fact that the Huskies are the defending national champions a lot more. Calhoun was livid with himself and the collective ,Sports,Sci/Tech
"Virus writers have unleashed a second version of the morbid-looking Symbian Trojan  #39;Skulls #39; and packaged it with one of the first mobile phone viruses, dubbed Cabir.",Sci/Tech,Virus writers have unleashed a second version of
Wall Street stocks rose Thursday as National Semiconductor Corp. #39;s strong earnings results soothed investors #39; worries over higher jobless rate and rising oil prices.,Business,?
day shot down a proposal to create a  quot;multiracial quot; box on freshman application forms -- a plan suggested by Regent Ward Connerly that quickly became a flashpoint in lingering debates over affirmative action.,Sci/Tech,?
"Vodafone spent billions on acquiring 3G licenses throughout Europe and in Japan four years ago, but as it repeatedly delayed the launch date of high-speed services, investors started to wonder ",Sci/Tech,?
Reuters - Thai scientists began an investigation\Monday into what some conservationists believe could be the\world''s biggest case of ape smuggling -- nearly 100 orangutan\found in a Bangkok amusement park.,Sci/Tech,?
AP - Residents burned tires and trash in the streets Thursday trying to drive off swarms of locusts descending on the region in what a U.N. agency called the worst sub-Saharan invasion in more than a decade.,Sci/Tech,?
"BRUSSELS - The European Union cannot start entry negotiations with Turkey unless Ankara adopts a reform of its penal code, a European Commission spokesman said on Monday.",World,?
It was never going to be a question of  quot;if quot; where Brendon McCullum was concerned. He has always been too classy to have to wait a long time before bringing up his maiden Test century.,Sports,?
"AP - Fifth-seeded Meghann Shaughnessy of the United States was upset 7-5, 7-6 (5) by Youlia Fedossova, a French teen ranked 448th, in the first round of the Japan Open on Tuesday.",Sports,?
roundup Plus: Cisco CEO''s salary shoots up from \$1...SanDisk ups capacity on flash memory cards...Google tests Froogle in U.K.,Sci/Tech,?
"In an attempt to increase its share of the business market, the mobile phone maker Nokia on Tuesday announced a sleeker version of its Communicator smart phone and expanded the number of mobile phones equipped with the BlackBerry e-mail application, a ",Sci/Tech,Sci/Tech
"Near-record oil prices will slow US economic growth but won #39;t be enough to derail a self-sustaining expansion, US Federal Reserve officials said on Monday.",Business,?
"Ziff Davis - Opinion: GNOME is nice, KDE is fine and the forthcoming Looking Glass may be wonderful, but the best Unix desktop is the one in the Macintosh.",Sci/Tech,?
"Apple on Wednesday announced Logic Pro 7 and Logic Express 7, the newest major releases of the company #39;s pro music creation and audio production software.",Sci/Tech,Sci/Tech
"At the end of yesterdays match against Real Madrid, a sad Luigi Delneri reflected on what has been a terrible Champions League campaign for the Giallorossi.",Sports,?
"NEW YORK, November 26 (newratings.com) - Alltel Corporation (AT.NYS) has reached a definitive agreement to acquire certain assets from Cingular Wireless for \$170 million in cash, while the two companies have agreed to swap partnership interests in ",Business,?
You usually don #39;t hear executives at Oracle talk about taking outside advice. But the hard-charging company has solicited some feedback on a new round of products from an unlikely source--Emerson ,Sci/Tech,?
PC World - Software giant''s deal with Sun has raised some questions.,Sci/Tech,?
"AP - The use of robots around the home to mow lawns, vacuum floors and manage other chores is set to surge sevenfold by 2007 as more consumers snap up smart machines, the United Nations said.",Sci/Tech,?
Michael Owen has reassured Sven-Goran Eriksson that he will be fit to face Wales in Saturday #39;s World Cup qualifier - if selected.,Sports,?
"AFP - Cancer-conquering coach Rudy Tomjanovich has made an emotional and triumphant homecoming here, guiding the Los Angeles Lakers to an 84-79 victory over Houston, a team he served for 34 years.",Sports,?
"washingtonpost.com - As Hurricane Ivan tears into the heart of the Southeast today after slamming into Alabama''s Gulf Coast early this morning, the Internet is playing a key role in keeping the public informed about  the powerful storm.",Sci/Tech,?
"According to those who were there, an almost palpable tension hung in the air at that Twickenham press conference on Friday, as Sir Clive Woodward delivered his withering denunciation of English rugby by way of a parting speech from his job as national ",Sports,?
Three new software management tools are designed to help businesses keep applications configured properly to avoid snarl-ups.,Sci/Tech,Sci/Tech
Business Week has reached outside its own ranks and into those of The Wall Street Journal to name a new editor in chief. The 75-year-old financial magazine said yesterday that Stephen J. Adler ,Business,?
"VANCOUVER (CP) - How to make a seamless transition from the Olympics to the Paralympics is one of the lessons a five-member team from the Vancouver 2010 Organizing Committee is learning during a visit to the Athens Paralympic Games, said VANOC CEO John ",Sports,?
" TORONTO (Reuters) - Toronto Dominion Bank &lt;A HREF=''http://www.investor.reuters.com/FullQuote.aspx?ticker=TD.TO target=/stocks/quickinfo/fullquote''&gt;TD.TO&lt;/A&gt;, Canada''s  second-biggest by assets, said on Thursday it would acquire a  majority stake of U.S.-based Banknorth Group Inc. &lt;A HREF=''http://www.investor.reuters.com/FullQuote.aspx?ticker=BNK.N target=/stocks/quickinfo/fullquote''&gt;BNK.N&lt;/A&gt;,  while also boosting its dividend and reporting a 17-percent  rise in profits.",Business,?
The earthquakes that have shaken the area for two weeks stopped almost entirely after Mount St. Helens let out a burst of steam and ash for the fifth straight day.,Sci/Tech,?
"A new variant of the MyDoom worm that exploits an unpatched flaw in Microsofts Internet Explorer browser has emerged to threaten small business and home users in particular, security experts warned this week.",Sci/Tech,?
"Results of X-rays on Gary Payton''s right hand revealed a non-displaced fracture in the point guard''s right thumb. Payton did not play last night against the Pistons and had the top of his thumb bandaged, but the Celtics expect him to play in the season opener against the Philadelphia 76ers Wednesday night at the FleetCenter. It could be his first ...",Sports,?
"Freshman Chad Henne, not Matt Gutierrez, leads No. 8-ranked Michigan to a 43-10 triumph over Miami (Ohio) with two touchdowns passes on Saturday.",Sports,?
"Led by a backcourt rotation that has left fans and college scouts alike salivating, the Boston Amateur Basketball Club dismantled the Bay State Magic, 72-58, in the final of the annual Veterans Day Classic held at Chelsea High School yesterday. Newton North''s Anthony Gurley poured in 22 for BABC while Iowa State-bound Farnold DeGand, who will suit up for O''Bryant ...",Sports,?
LEEDS CASTLE (England) - British Prime Minister Tony Blair said yesterday Northern Ireland had reached the moment of decision in which its leaders must show the will to end years of deadlock and secure a lasting peace.,World,?
"Goldman Sachs today posted a 30 percent jump in profit for its latest quarter, helped by strong growth across its segments.",Business,?
This could be due to Dell #39;s persistance of continually trying to make their products cheaper. Dell has recalled almost 1 million AC adapters that could start a fire.,Sci/Tech,Sports
"NEW YORK (Reuters) - Google Inc. slashed the size of its closely watched initial public offering nearly in half to less than \$2 billion on Wednesday, splashing cold water on what has been touted as the hottest Internet IPO in years. ",Business,?
"Sports India, Cricket: Chittagong, Dec 17 : Centuries by Rahul Dravid and Gautam Gambhir guided India to a total of 334 for two wickets at the end of the first day of the second and final Test against Bangladesh here Friday.",Sports,?
"Beginning in December, NEC will rent out SX-8s for about \$11,000 per month. The single-node model, with up to eight CPUs, has a peak performance of 128 gigaflops.",Sci/Tech,Sci/Tech
Wayne Rooney looks set to become a Manchester United player this week after Everton confirmed they had received a second improved bid for the England striker from Old Trafford.,Sports,?
"Milan - Australian Michael Rogers successfully defended his cycling world time trial title in Bardolino on Wednesday. Rogers, 24, completed the 46.",Sports,?
"Reuters - Best Buy Co. Inc. , the top\U.S. electronics retail chain, on Wednesday posted a 21 percent\rise in quarterly profit and said it gained market share in the\period.",Business,?
"On Wednesday during a presentation at the Foreign Correspondents Club held in Tokyo, Nintendo Co. Ltd. President Satoru Iwata revealed some interesting bits of information regarding the company #39;s stance towards ",Sci/Tech,?
"It cost Sun Microsystems \$5 billion to develop Solaris, a powerful computer operating system used by governments and giant corporations worldwide.",Sci/Tech,?
"Doctors routinely use plates, rods and screws to bolt a nasty bone fracture back together. But all of that hardware won''t help heal the bone and muscle tissue surrounding the injury, said Thomas G. Roueche, president and chief executive of BioSurface Engineering Technologies Inc. of College Park.",Sci/Tech,?
"A screensaver that uses idle computing power to identify the sites of spammers and forward data traffic to them has been too successful, according to reports, generating so much traffic that the sites are being forced off-line.",Sci/Tech,?
"The upstart Detroit Lions, heady with the success of their 2-0 start, were hoping to make a statement about where they stand on their personal road to improvement from being a team that #39;s ",Sports,?
"ATHENS, Greece - The controversy over American Olympian Paul Hamm #39;s gold medal in the all-round men #39;s gymnastics has headed back into headlines as the International Gymnastics Federation (IGF) has asked Hamm to  quot;voluntarily quot; give back the medal.",Sports,?
"Never shy about entering a market late, Microsoft Corp. is planning to open the virtual doors of its long-planned Internet music store next week.",Business,?
"Google will gradually roll out Pop3 support over the coming weeks to Gmail users, allowing them to download e-mail messages from Gmail servers to e-mail applications.",Sci/Tech,?
"Dhaka, Aug 30. (PTI):Fear of violence gripped Bangladesh as the country #39;s two major parties faced-off on the streets today to protest the deadly grenade attack on the main opposition rally which killed 20 people and injured more than 300.",World,?
"Two weeks after it was hit by Hurricane Charley, Florida is open for business and welcoming visitors. The organisation Visit Florida, which offers advice to holidaymakers ",Business,?
Those looking at Lawson Software''s long-term potential will like what they see.,Business,?
A giant asteroid will make a close brush by Earth Wednesday -- at least close by asteroid standards. The 4.6-kilometre-long Toutatis will come within 1.5 million kilometres of Earth.,Sci/Tech,?
"SanDisk has announced it is doubling the current maximum capacities of a range of its cards. SanDisk #39;s Memory Stick PRO, Memory Stick PRO Duo and SD cards are now available in 4GB, 1GB and 2GB capacities ranging in price from \$199 - \$799.",Sci/Tech,?
"We should be using probes to look for life in space instead of radio signals, say scientists.",Sci/Tech,Sci/Tech
"Asian stock markets closed mostly higher Friday, with the key indexes edging higher both in Tokyo and Hong Kong. Tokyo #39;s Nikkei Stock Average of 225 issues rose 80.",Business,?
TOKYO - Sony Corp. showed Tuesday a smaller book-size PlayStation 2 going on sale worldwide next month that will help the Japanese electronics and entertainment giant cut costs as video-game consoles continue to drop in price.,Sci/Tech,?
TechWeb - The next release of the MyQSL database server will include a Windows installer based on an open-source toolset released by Microsoft.,Sci/Tech,?
AP - The game between the Minnesota Twins and the New York Yankees on Tuesday night was postponed by rain.,Sports,?
Manchester United manager Sir Alex Ferguson has indicated that he does not expect any movement on the Wayne Rooney transfer saga before tomorrow.,Sports,?
"Brian Cashman didn''t lose his job because the Yankees lost control of the American League Championship Series. Owner George Steinbrenner has told the team''s general manager that he will not be fired before next season. Cashman, who expected to be summoned to Tampa for meetings soon, believes he knows what he needs to look for in the offseason.  quot;It''ll be ...",Sports,?
"Some 17,000 changes have been made since the previous edition of the &lt;I&gt;National Geographic Atlas of the World.&lt;/I&gt; Chief Cartographer Allen Carroll tells what''s involved in tracking the changing world.",Sci/Tech,?
A bird species new to science has been found by researchers on a remote island in the northern Philippines.,Sci/Tech,Sci/Tech
The company''s upcoming earnings increases aren''t exactly the stuff of investment dreams.,Business,?
Newly arrived Duke University freshmen got something considerably snazzier than the usual Blue Devils T-shirts and ball caps: Their goodie bags included a free iPod digital music player engraved with the school''s crest and the words ''Class of 2008.'',Sci/Tech,?
"The big winners of the night in Group C were Bayern Munich, whose 5-1 drubbing of Maccabi Tel Aviv ensured their passage to the knockout stages.",Sports,?
palmOne introduced Monday the Tungsten T5 handheld with 256 megabytes of flash memory - the most built into a handheld to date. Expected to be widely available ,Sci/Tech,?
" ABUJA (Reuters) - Sudan rejected an offer of African troops  to disarm rebels in Darfur as peace talks began in Nigeria,  insisting it was capable of neutralizing both pro-government  and rebel militia fighting in the western region.",World,?
"After years of battling Microsoft Corp., Sun Microsystems Inc. has set its sights on Linux vendors, seeking to jump into a low-end but high-volume market it #39;s been accused of ignoring.",Business,?
"Olympic cycling champion Tyler Hamilton, whose name has become synonymous with resilience and grit, could lose his gold medal and be banned for two years after blood tests showed evidence of banned transfusions.",Sports,?
" BEIJING (Reuters) - Floods in China killed more than 1,000  people this year, destroyed 650,000 village homes and caused  64.7 billion yuan (\$7.82 billion) in direct economic losses,  the official Xinhua News agency said.",World,?
"AP - Julius Hodge scored 17 points on his 21st birthday to join an exclusive group of Atlantic Coast Conference players, leading No. 19 North Carolina State past Elon 71-45 Thursday night in the semifinals of the BCA Invitational.",Sports,?
Cisco said that its IP Phone allows unconstrained Gigabit Ethernet-enabled bandwidth from the network to desktop phone. Cisco #39;s Catalyst 6500 Supervisor Engine 32 has been enhanced to allow customers to enable ,Sci/Tech,Sci/Tech.
"CANTON, Ohio (Ticker) -- Legendary quarterback Dan Marino headlines the list of nine first-time nominees for induction to the Pro Football Hall of Fame.",Sports,?
Kolkata: South African skipper Graeme Smith suffered an injury to his left foot in a minor accident near the team hotel here today.,Sports,?
\$2.5 million in prize money is on the line as gamers from Uzbekistan to Ecuador compete in the World Cyber Games.,Sci/Tech,World
"Scientists cannot say yet if the object is a new Saturn moon or a temporary clump of ring material. If it is a moon, its diameter is estimated at only 2 to 3 miles, and it is orbiting at a ",Sci/Tech,Sci/Tech.
"The Detroit Tigers exercised their option on manager Alan Trammell #39;s three-year contract Tuesday, keeping him with the team through the 2006 season.",Sports,?
"UNITED STATES - (PRESS RELEASE) -- There were no Powerball jackpot winners Saturday but 649,059 players across the nation won a total of more than \$4.4 million in prizes in America #39;s Game.",Sports,?
"The bodies of about 160 Congolese Tutsis killed in Burundi during the weekend were buried on Monday, but the impact of the massacre is just beginning to be felt. A former rebel group now in the transitional government in the Democratic Republic of Congo ...",World,?
Chelsea manager Jose Mourinho could hardly find enough superlatives to describe his side #39;s 3-0 win at Paris St Germain in their Champions League opener.,Sports,?
WASHINGTON (AP) -- Oil prices fell for a fifth consecutive day Thursday despite a sharp drop in Iraqi exports after pipelines were sabotaged -- evidence that the bull market may have lost some steam.,Business,?
"In terms of herd behavior, the only group that rivals Wall Street investors is Wall Street reporters. One moment, the guys at Google can do no wrong -reat company, great ",Business,Sci/Tech
"Michael Powell, chairman of the FCC, said Wednesday he was disappointed with ABC for airing a sexually suggestive opening to ''Monday Night Football.''",Sports,?
Four seeded players came out winners as first round play continued at the TD Waterhouse Cup men #39;s tennis tournament in New York Tuesday.,Sports,?
"The United States, the European Union and Russia urged Iran Monday to comply with the UN nuclear watchdog #39;s demand that it halt all activities linked to uranium enrichment, after Tehran rejected the call.",World,Sci/Tech
"The Oliver Ames girls'' soccer team assumed first place in the Hockomock League, edging King Philip, 5-4, yesterday in Easton.",Sports,?
"All the retirement talk has stalled for Lindsay Davenport. Eighteen straight wins, four consecutive tournament titles, and a personality and tennis game that have dominated this week #39;s Western  amp; Southern Women #39;s Open.",Sports,Sci/Tech
"IBM will soon begin shipping upgraded models of its HS20 and JS20 blade servers, including a new SCSI (small computer system interface) option for the HS20 that will double the number of SCSI blades that users can fit into a single chassis, the company ",Sci/Tech,?
"U.S. and Iraqi forces battled militants Tuesday in Najaf, sending plumes of black smoke over the holy city, as Iraq''s government warned fighters loyal to a radical cleric to abandon their weekslong standoff inside the Imam Ali Shrine or face attack.",World,?
AP - One of Earth''s rarest birds might have gone into extinction following the death of one of the last known po''ouli.,Sci/Tech,Sci/Tech
"TOKYO, Sep 21, 2004 (AFX-UK via COMTEX) -- TOKYO (AFX) - Sony Computer Entertainment Inc, the game unit of Sony Corp, will roll out worldwide a new, smaller version of the PlayStation 2 game console from the start of November, company President Ken ",Sci/Tech,?
"PSA is targeting fitment of its new stop-start technology, officially launched at a press conference in Paris yesterday, of 50,000 units by 2006.",Sci/Tech,?
"In March 2002, a Delaware-size Antarctic Peninsula ice shelf collapsed. Since then, several glaciers in the region have accelerated.",Sci/Tech,?
" NEW YORK (Reuters) - The wireless industry, not content  with getting corporate executives addicted to e-mail on the go,  is setting its sights on the instant messaging generation.",Sci/Tech,?
"In a move that defies logic, a vision for the future and good taste, baseball owners voted unanimously to extend the contract of commissioner Bud Selig through 2009. As a baseball fan, this makes me want to lower the blinds, wear black and listen to my ...",Sports,?
A set of GameBoy micro-games is named as the most innovative game of the year at a festival in Scotland.,Sci/Tech,Sci/Tech
"AP - The new Band Aid charity single will be sold on Apple''s popular iTunes online music service, with the company subsidizing the retail cost of the track.",Sci/Tech,?
WLAN equipment vendors Linksys and Netgear Tuesday announced wireless and wired routers with built-in voice-over-IP (VoIP) capabilities aimed at home uses and small offices.,Sci/Tech,?
 MOSCOW (Reuters) - Anastasia Myskina will take on Elena  Dementieva in the Kremlin Cup final in a repeat of their  all-Russian French Open final after the pair won their  semi-finals in similar fashion on Saturday.,Sports,?
"Berkeley, U. of Minn. students get download discounts; aim is to provide legal music alternatives. NEW YORK (CNN/Money) - As an added bonus to returning to campus this fall, more than 80,000 college students ",Business,?
"LONDON, Aug 20 (Reuters) - Jamaica striker Ricardo Fuller has joined Portsmouth from Preston North End on a two-year contract, the Premier League club said on Friday. ",Sports,?
"JACKSONVILLE, Fla. - The Jacksonville Jaguars now have lost both starting defensive ends for the season. The Jags placed Lionel Barnes on injured reserve Friday with a shoulder injury.",Sports,?
The biggest-selling electronic product in the world is mobile phones. Analysts estimate that consumers from Canada to China will snap up more than 600 million handsets this year -- five times the number of TVs or personal computers expected to sell.,Sci/Tech,?
Information technology workers face rising unemployment and are having mobility thrust upon them as companies change the way they staff computer-related jobs.,Sci/Tech,Sci/Tech
"Running back Corey Dillon carried 32 times for 158 yards. His performance, blemished only by a fumble that led to three Arizona points, was especially important because Tom Brady did not have one of his better days.",Sports,?
Newcastle United boss Graeme Souness is likely to discipline Craig Bellamy after the striker fired a broadside at his manager yesterday.,Sports,?
"It''s that time of year when the K5 community shares its culinary secrets with each other by inundating the queue with a flood of recipes sectioned under culture.  #160;However, many of them may seem too difficult for the beginning chef.  #160;So I present to the novice cook a good starter project for the gourmet chef to be.  #160;It''s a classic dish that will provide you with plenty of calories without offering too much nutrition.",Sci/Tech,?
"Unusual Search Engines \\Unless you''ve been living under a rock, you know of the major search engines like Google or Yahoo. But did you know that there are many other smaller or niche search engines out there that can offer you unique help? Let''s take a look at some of ...",Sci/Tech,Sci/Tech.
"AP - Hundreds of protesters demanding that a local leader step down clashed with riot police Wednesday in an impoverished region of southern Russia, authorities said.",World,?
"Vienna, Austria (Sports Network) - English midfielder Steven Gerrard will likely miss Saturday #39;s World Cup qualifier against Austria with a groin injury.",Sports,?
"Prosecutors in the Kobe Bryant rape case will ask a judge on Wednesday to drop the rape charge against the basketball player, a source close to the case said.",Sports,?
"San Francisco, CA (Sports Network) - San Francisco 49ers starting quarterback Tim Rattay is listed as questionable for Sunday #39;s game against the Chicago Bears with a forearm injury.",Sports,?
"WASHINGTON, December 15: The Motion Picture Association of America has filed suit against more than 100 file-sharing networks such as BitTorrent, Direct Connect and eDonkey, which allow users to download illegal copies of movies and television shows from ",Sci/Tech,?
"NewsFactor - IBM''s (NYSE: IBM) Blue Gene/L, which is being installed at the Lawrence Livermore National Laboratory, recaptured the supercomputer speed record that Silicon Graphics'' (NYSE: SGI) Columbia system at NASA held for barely a week.",Sci/Tech,?
"Shane Hamman proved once again last night that he''s the strongest man in America, adding to his legacy by breaking two of his US records.",Sports,?
"Military court proceedings for four detainees from the US-led war in Afghanistan are due to start on Tuesday at the US naval base in Guantanamo Bay, Cuba.",World,?
"JERUSALEM : Beleaguered Israeli Prime Minister Ariel Sharon persisted with plans to form a new government including the main opposition Labour party, bolstered by Washington #39;s backing for the expansion of West Bank settlements.",World,?
You share a pepperoni pizza. You even share a Nobel Peace Prize. You do not share the NFL MVP Award.,Sports,?
"The Saudi Interior Ministry identified the foreigner as a Briton, and said he was killed Wednesday in a parking lot at a shopping center in eastern Riyadh.",World,?
"BAGHDAD, Iraq -- Several US Marines have been killed or wounded in a massive car-bomb explosion Monday on the outskirts of the Iraqi city of Fallujah.",World,?
"Reciprocal Links Are Not Evil\\I will repeat, reciprocal links are not evil. All this discussion in the forums about how people only want one-way links because they heard reciprocal links are bad and can get you kicked out of the search engines is taken way out of proportion. One example ...",Sci/Tech,Reciprocal Links Are Not Evil is
Relieved in more ways than one is how a Calgary woman drawn into Kobe Bryant #39;s legal troubles is feeling now the criminal case is closed.,Sports,?
"After leading the majors with 105 regular-season victories, the St. Louis Cardinals entered the playoffs expecting to win the World Series.",Sports,?
"WASHINGTON - The US job market brightened in August as employers added 144,000 workers to their payrolls and hiring totals for the two prior months were revised up, the Labor Department (search) reported on Friday.",Business,?
"US retail giant Wal-Mart Stores Inc plans to open 15 new stores in China next year, reported China Daily on Wednesday. Joe Hatfield, president of Wal-Mart Asia, revealed the news at a press conference yesterday in Beijing.",Business,?
"Toutatis, a mountain-sized asteroid, came the closest to the Earth since at least the 12th century, allowing scientists to gather data about its trajectory and features, the US National Aeronautics and Space Administration said.",Sci/Tech,?
WASHINGTON - A cash-flow problem in a federal program is hindering the ability of many schools and libraries to pay for Internet service.,Sci/Tech,?
Defense contractor General Dynamics Corp. on Wednesday posted a higher third-quarter profit led by a big rebound in its aerospace segment.,Business,?
"While it seemed likely during the preseason that Gutierrez would win the job, coach Lloyd Carr insisted two other quarterbacks - Clayton Richard and Chad Henne - had a shot.",Sports,?
"THE baseball that Barry Bonds hit for his 700th career home run brought a top bid of \$US804,129 (\$1.08 million) today after a 10-day online auction.",Sports,?
"Crude-oil futures continued higher Monday, rising more than 1 percent amid ongoing nervousness in the energy pits. Free! Sign up here to receive our Internet Daily e-Newsletter!",Business,?
"While the battle between Microsoft and Apple Computer for the nascent digital media market intensifies, Microsoft #39;s Mac Business Unit has released a significant update for Office 2004 for Mac.",Sci/Tech,?
"NEW YORK - If there #39;s one thing that makes Sony #39;s Network Walkman seem superior to Apple Computer #39;s iPod, at least at first glance, it #39;s the issue of size versus storage capacity.",Sci/Tech,?
"Amazon A9 Search Engine Offers Shopping Discount\\In an effort to boost Amazon''s A9 search engine usage and draw searchers away from Yahoo, Google and MSN, Amazon/A9 is offering a discount plan for A9 searchers on Amazon.com. Amazon is discounting purchases by 1.5 for A9 users as long as they register ...",Sci/Tech,?
Apple Computer #39;s marketing chief Phil Schiller unveiled the newest version of the popular iMac at the Apple Expo in Paris on Tuesday.,Sci/Tech,?
"NVIDIA, graphics card manufacturer, has reported that it #39;s partnering up with Sony on the graphics hardware for PlayStation 3. The companies have been developing a custom graphics processing unit (GPU) incorporating next-generation GeForce technology ",Sci/Tech,Sci/Tech
"By adding POP support to its Gmail service, Google is enabling customers to download messages to Microsoft Outlook and other applications.",Sci/Tech,?
"AP - XM Satellite Radio Holdings Inc. will soon begin broadcasting some of its stations to subscribers over the Internet, fresh on the heels of the company''s discontinuation of a receiver for PCs that some users used to circumvent the music industry''s crackdown on illegal file sharing.",Sci/Tech,?
"With only three games left in the season, the Redskins are still having difficulty getting off plays within the 40 seconds allotted.",Sports,?
Asasma Butt walked up to the entrance of the Lyce Rabelais in northern Paris last Thursday - the first day of school for students across France -he did something she didn #39;t want to do.,World,?
"As a child, Adam Levesque would sit with his grandfather, watching televised nature documentaries featuring exotic animals in their natural habitats. These days, Levesque creates his own wild kingdoms in a Waltham office park with a few clicks of a computer mouse.",Business,?
The NHL #39;s chief legal officer blasted the players #39; association yesterday for turning the last two days of contract negotiations in Ottawa into a  quot;charade quot; as the sides try to reach a labor agreement with a Sept.,Sports,?
"AP - Hurricane Frances carved a huge gap in the wall of a fertilizer company reservoir, spilling 41 million gallons of acidic waste that posed a threat to aquatic life in a bay near Tampa.",Sci/Tech,?
"In the heady days of the dot-com boom, when pet food and groceries were sold on the Internet and venture capitalists seemingly tossed double- digit millions at any business plan with online possibilities, real estate stood waiting to be part of the ",Sci/Tech,Sci/Tech
Description: News mogul Rupert Murdoch pays a record-setting \$44 million for a three-story Fifth Avenue penthouse in Manhattan formerly inhabited by the late Laurance Rockefeller.,Business,?
"Oil has leapt back above \$50 as President George W. Bush edges towards US election victory, a result which traders. say will bolster fuel demand and underpin anxiety over security of Middle East supply.",Business,?
"With an influx of chimps previously used as laboratory animals, Florida''s Center for Captive Chimpanzee Care is transforming into the largest chimp sanctuary in the world #151;almost overnight.",Sci/Tech,Sci/Tech
"San Jose, Calif. - Borland Software at its BorCon conference here on Monday will preview the upcoming Diamondback release of its Delphi development tool for the Microsoft platform, which is to support development via managed code.",Sci/Tech,?
"Reuters - U.S. consumer sentiment fell more\sharply in early October than analysts had expected, according\to a survey released on Friday.",Business,?
"The parent company of American Airlines, facing intense competition from low-cost-carriers and higher jet fuel costs, is hoping to refinance or replace an \$834 million credit line, according to a newspaper report.",Business,?
AP - Apparently even a Hall of Fame coach doesn''t get a break from the officials. Washington Redskins coach Joe Gibbs on Tuesday reviewed the tape of the previous night''s loss to the Dallas Cowboys and determined he was on the wrong side of ''two awful calls.'',Sports,?
Coach Bill Cowher finally confirmed yesterday the Pittsburgh Steelers'' worst-kept secret: Duce Staley is in at running back and Jerome Bettis is out again.,Sports,Sci/Tech
SAN FRANCISCO Google and Microsoft were to separately introduce enhanced information-sharing services for Internet users on Thursday.,Sci/Tech,?
"The movement of oil prices this year, both in the international and local markets, has consistently maintained an upward trend causing hysteria in the global oil market.",Business,?
"NEW YORK To the long list of things that used to be free but that airlines now want you to pay for, add walking up to the counter to buy a ticket.",Business,Sci/Tech
_ The sports arena at the University of Missouri-Columbia is no longer named after Wal-Mart heiress Elizabeth Paige Laurie. The board of curators for the four-campus University of Missouri ,Sports,?
"NHL players are about to receive their first lockout stipends, amounts which will work out to roughly 3.6 per cent of the average NHL salary, according to the Canadian Press.",Sports,?
"Reuters - Britain''s Tony Blair must make aircraft\pollution a priority in his drive to confront the problems of\climate change, an expert parliamentary committee of peers said\on Wednesday.",Sci/Tech,___
"AP - Hungry, thirsty and increasingly desperate residents burned tires in protest and attacked each other in a panic to get scarce food and water Thursday as workers struggled to bury hundreds of victims of Tropical Storm Jeanne.",World,?
"ANN ARBOR , Mich. -- Michael Hart ran for 151 yards and a season-high three touchdowns and No. 9 Michigan scored TDs the first five times it touched the ball in the second half to beat Northwestern , 42-20, yesterday.",Sports,?
"Stocks were down on Wall Street today as consumer confidence dropped despite the latest report on the US gross domestic product, which grew at a faster pace than expected.",Business,?
"Even as Sen. John F. Kerry''s campaign is steadfastly refusing to challenge the results of the presidential election, the bloggers and the mortally wounded party loyalists and the spreadsheet-wielding conspiracy theorists are filling the Internet with head-turning allegations.",Sci/Tech,?
Israeli forces and Palestinian militants trade gunfire in the Gaza Strip after an Israeli tank is hit by a Hamas bomb.,World,?
American Matt Emmons won the gold medal Friday in the 50-meter prone rifle competition with a score of 703.3. ,Sports,?
"A computer hacker accessed names and Social Security numbers of about 1.4 million Californians after breaking into a computer system at the University of California, Berkeley in August.",Sci/Tech,Sci/Tech
"Reuters - A tiny telescope has spotted a giant\planet circling a faraway star, using a technique that could\open a new phase of planetary discovery, scientists said on\Tuesday.",Sci/Tech,?
"CARACAS, August 22 (Itar-Tass) -- President of Venezuela Hugo Chavez has called on the opposition to recognize the results of a referendum on confidence in the president held on August 15.",Business,Sci/Tech
"Dell gets set to roll out its PowerEdge 1855 blade server line a home-grown design, this month.",Sci/Tech,?
PARIS -- Gael Monfils of France reached the quarterfinals in his first ATP tournament three weeks ago. Lleyton Hewitt made sure he did not duplicate the feat at the Paris Masters.,Sports,?
AP - Newly arrived Duke University freshmen got something considerably snazzier than the usual Blue Devils T-shirts and ball caps: Their goodie bags included a free iPod digital music player engraved with the school''s crest and the words ''Class of 2008.'',Sci/Tech,?
"Fourth seed Rainer Schuettler reached the second round of China Open here on Monday with a 6-4, 6-3 victory over unseeded Australian Paul Baccanello.",Sports,?
LONDON: Coach Jose Mourinho began his quest for a second successive Champions League title in the best way possible when his Chelsea side beat Paris St Germain 3-0 in their opening Group H match on Tuesday.,Sports,?
"By BETSY BLANEY    LUBBOCK, Texas (AP) -- Some farmers are placing their hope in a hybrid sunflower seed that could help keep arteries clear and hearts pumping in a nation smitten with snacks and processed food.    ''It''s a healthier oil,'' said Willie Wieck, 62, who started growing sunflowers on his 450 acres in the Texas Panhandle in the early 1970s...",Sci/Tech,?
"Embroiled in an accounting scandal that led to the firing of its CEO, Nortel Networks said today that its financial results for 2003 and the first half of 2004 won''t be out until the end of October.",Sci/Tech,?
"Minneapolis, MN -- Cristian Guzman drove in three runs to lead Minnesota to an 8-1 win over Cleveland in the middle contest of a crucial three-game set at the Metrodome.",Sports,?
"It might have been the last Fenway Park game of the magical 2004 season. And if it was, there''ll be a parade in Boston sometime before Election Day . . . perhaps the grandest celebration in 374 years of Hub history.",Sports,?
AP - The NHL and the players'' association appeared headed toward a lockout when talks broke off Thursday after the union''s first new proposal in nearly a year.,Sports,?
"AP - Google Inc., a company built on complex algorithms that power its online search engine, doesn''t appear to be in any rush to tackle one of Wall Street''s most basic equations  #151; the stock split.",Sci/Tech,?
" PHILADELPHIA (Reuters) - Maxim Pharmaceuticals Inc.  &lt;A HREF=''http://www.investor.reuters.com/FullQuote.aspx?ticker=MAXM.O target=/stocks/quickinfo/fullquote''&gt;MAXM.O&lt;/A&gt; said a trial to confirm the benefit of its Ceplene  drug failed to show an improvement in survival rates for  patients with liver cancer, sending its shares plunging on  Monday.",Business,?
MUMBAI: The redrawing of lines of authority in Reliance seems to have sparked off the current discord between the two Ambani brothers.,Business,?
Nintendo Co. Ltd. raised its 2004 shipment target for its DS handheld video game device by 40 percent to 2.8 million units on Thursday after many stores in Japan and ,Sci/Tech,?
OAKLAND - Jason Richardson thought the Golden State Warriors forgot about him on offense two games ago in Cleveland. They couldn #39;t have missed him if they tried this time.,Sports,?
It will be Sun''s first chip to be built with a 90-nanometer process technology and it will have a higher clock speed and larger and more flexible memory caches than the current generation of UltraSparc IV processors.,Sci/Tech,?
"This image of a cheese sandwich was taken from the www.ebay.com Web site. Sandwich owner Diana Duyser, of Hollywood, put the sandwich up for sale last week, drawing bids as high as \$22,000 before eBay pulled the item Sunday night.",Sci/Tech,?
"ATHENS, Greece -- Erin Mirabella of the United States predicted a fast track for the opening day of track cycling competition at the Olympic Velodrome on Friday. ",Sports,?
"James Cracknell, the double Olympic gold medal winning rower, confirmed today that he will take a year #39;s break the sport before deciding his long-term future.",Sports,?
"DALLAS (Ticker) -- The New York Knicks have 13 days before they play their season opener. From the looks of things, they have plenty of work to do.",Sports,?
"\\More and more bloggers are waking to the news:\\Lessig : \\...\\''Bush has won the popular vote. And it would take a freak of nature to imagine\the 220,000 provisional ballots would fall strongly enough to shift Ohio. He\will win the College. He is our President - legitimately, and credibly.''\\''Our criticism of this administration must now focus narrowly and sharply: on\the policies, not on the credibility of the man.''\\Joi Ito :\\''As Larry says, ''It''s over. Let it go.'' Jon is saying, ''Don''t complain -\organize!'' Although the previous post about the wacky voting system is\interesting, it''s unlikely that any sort of recount or technicality will\change the fact that today, the people of the Uni ...\\",Sci/Tech,?
"ALBANY, NYGlaxoSmithKline PLC agreed yesterday to release negative data on the safety and effectiveness of its drugs to settle a lawsuit by New York #39;s attorney general that accused the pharmaceutical maker of misrepresenting data on prescribing its ",Business,?
"Model Elizabeth Jagger, daughter of rocker Mick Jagger, is seen on the catwalk during London Fashion Week. Picture:AP. People watchers and pure clothes junkies flocked to London Fashion Week today to see well ",World,?
"Chip giant Intel announced that it has joined forces with the world #39;s largest handset maker, Nokia, to develop the next generation mobile phone.",Sci/Tech,Sci/Tech
Eidur Gudjohnsen scored a hat trick yesterday to help Chelsea beat Blackburn 4-0 in the English Premier League of soccer and close the gap to league-leading Arsenal to two points.,Sports,?
"Washington - Nasa administrator Sean O #39;Keefe is expected to resign his job at the helm of the US space agency this week, according to news reports on Sunday.",Sci/Tech,?
"Reuters - Oil prices rose on Wednesday, stemming\an eight-session slide that has dragged prices down 14 percent\from record highs as news emerged of a fresh pipeline fire in\Iraq.",Business,?
Some of the head lice infesting people today were spread to us thousands of years ago by an extinct species of humans like &lt;i&gt;Homo erectus&lt;/i&gt;.,Sci/Tech,?
Sri Lanka spinners Rangana Herath and Tillakaratne Dilshan shared six wickets to help bowl South Africa out for 191 in the third one-day international on Sunday.,Sports,?
"AP - The University of the District of Columbia canceled its men''s and women''s basketball seasons Thursday, citing problems with recruitment, academic eligibility and financial aid.",Sports,?
"So what now? USC and Oklahoma, having just survived their high-profile weekends, in the fast lanes to the Orange Bowl? Yes, USC has a relentless nature that wears opponents down -- outscoring ",Sports,[ ]
"AP - A Peruvian-born, award-winning physicist was named the new director of Fermi National Accelerator Laboratory, and he takes the helm at a critical time in energy research.",Sci/Tech,?
"Now that Google #39;s (Nasdaq: GOOG) IPO has come and gone, with differing opinions of the relative success of the Dutch auction model, it #39;s been relatively quiet over at the search engine #39;s Mountain View, Calif.",Sci/Tech,?
"Mel Stottlemyre won #39;t return as pitching coach of the Yankees, The New York Times reported Wednesday. Stottlemyre has been the pitching coach since manager Joe Torre was hired before the ",Sports,Sci/Tech
"An NHL lockout nine weeks old won #39;t end any time soon unless owners show some willingness to negotiate, agents said after a meeting with the players #39; union.",Sports,Sci/Tech
Cardinals closer Jason Isringhausen had successful surgery on his left hip Monday and should be fully recovered in time for spring training.,Sports,?
"Intel has started testing its WiMax chip, dubbed  quot;Rosedale. quot; The chip manufacturer is shipping test versions of the chip to equipment manufacturers and is involved in trials with carriers.",Sci/Tech,?
"AP - Ten years after it was born out of the carnage of three California mass shootings, the federal assault weapons ban is fading out of existence Monday.",World,?
"AP - So the New York Jets won their first two games. Big deal, right? For this franchise, it is huge.",Sports,?
"You know they have been polishing their knuckles for this one ever since Boston College announced last Oct. 12 it was leaving the Big East to become the Atlantic Coast Conference''s 12th member, joining fellow Big East defectors Miami and Virginia Tech.",Sports,?
Attachmate''s new Synapta presentation and builder tools are designed to abstract host information so developers can more quickly build composite applications with existing assets.,Sci/Tech,?
"Now that world No. 1 Lindsay Davenport has fallen by the wayside, the No. 1 ranking is Amelie Mauresmo #39;s for the taking, but the taking will be difficult beginning today in the semifinals at the WTA Championships.",Sports,?
"Rich Gannon knows what he ought to do. He knows what everybody says he must do. In fact, he sounds like a guy who knows exactly what he is going to do.",Sports,?
"BIRMINGHAM, Sep 15: Pakistan sent a stern signal to the Indian camp as they thrashed Kenya by seven wickets in their first league match here on Wednesday.",Sports,?
"BEIJING (AP)  China appealed to North Korea on Tuesday to join working meetings before a new round of six-party talks on dismantling its nuclear program, despite the North #39;s declaration that it saw no point in attending. ",World,?
"CHANTILLY, VirginiaSpace shuttle Enterprise was born to be an astronautical bridesmaid, never a bride. Built in 1976 as one of the first trio of US shuttles, Enterprise never ",Sci/Tech,?
The Terps suffer their first three-game losing streak under Ralph Friedgen as Reggie Merriweather''s two-yard touchdown with 23 seconds left lifts Clemson to a 10-7 win.,Sports,?
Reuters - Environmentalists appealed on Tuesday\for the United Nations to stop a handful of the world''s fishing\nations ravaging ocean beds to put delicacies on the plates of\the rich.,Sci/Tech,?
"The Red Sox may get some urgent relief from their injury crisis as early as tomorrow with the return of Mark Bellhorn . The second baseman, whose left thumb was fractured Aug. 1 by a 94-mile-an-hour fastball from Minnesota closer Joe Nathan , recovered faster than expected and reported to Triple A Pawtucket last night for a rehabilitation assignment.",Sports,?
"Ken Lewis, chief executive of Bank of America Corp., stands by job promises made to Massachusetts officials before BofA bought FleetBoston Financial Corp.",Business,?
"Always in the courts for something, this time its writer and consultant to games makers Roger Avary who is involved in legal action with Microsoft.",Sci/Tech,?
" SAN FRANCISCO (Reuters) - Shipments of personal computers  in the third quarter rose 12 percent, driven by strong  corporate demand and ongoing strength in Europe, the Middle  East and Africa, a market research firm said on Monday.",Sci/Tech,?
"In a separate development, the head of the RKK Energia company, which builds the Soyuz spacecraft, said his company was planning to send a new space shuttle to the space station between 2010 and 2012, depending on funding.",Sci/Tech,?
"AP - Minnesota Timberwolves center Michael Olowokandi was suspended by the team for a second game Friday night, one day after police used a stun gun to subdue him when he refused to leave a club.",Sports,?
" LONDON (Reuters) - Oil prices climbed above \$42 a barrel on  Wednesday, rising for the third day in a row as cold weather  gripped the U.S. Northeast, the world''s biggest heating fuel  market.",Business,?
Delta Air Lines managers and pilots will meet again today and likely negotiate through the weekend to find a way to keep the airline staffed with pilots as many opt for early retirement.,Business,?
"A massive rise in phishing attacks this year may lead on to customised email security attacks targeted specifically at individual or small groups of companies, according to email security firm MessageLabs.",Sci/Tech,?
"Manchester United have expressed their disappointment at Arsene Wenger #39;s denials of the post-match tunnel fracas involving his players, and are launching an investigation.",Sports,?
\\I''ve blogged before  about how to setup your Sprint vision phone with their\mythware (which is a perfect word for 1/2 of Sprints product line) Vision IP\services.\\Most recent phones are capable of acting as a USB modem when connected to your\favorite laptop.\\There are a few tricks involved and its mostly a black art.  To that end I''ll\quickly review whats necessary to configure Linux 2.6.7 with a Nokia 3588i.\\* Hardware *\\The first step is to get the right hardware.  First off don''t start with Sprint.\They won''t acknowledge that this is even possible.  \\The only hardware required is a Sprint connected cell phone with support for\their Vision data service.\\An additional USB cable is req ...\\,Sci/Tech,Sci/Tech
"AP - The president of troubled retailer Daiei announced his resignation Friday, two days after he was forced by lenders to seek a government bailout.",Business,Sci/Tech
"Liverpool, Nov 9 -- Emlyn Hughes, the former Liverpool and England football captain and TV personality, has died of cancer after battling a brain tumour for the last 15 months on Tuesday, aged 57.",Sports,?
"Bangalore: The Oil and Natural Gas Corporation (ONGC) acquired a Canadian off-shore oilfield in West Australia yesterday, its Chairman and Managing Director, Mr Subir Raha, announced today.",Business,?
"Reuters - Japan''s Nintendo Co. Ltd. struck the\first blow in what is set to be an all-out war with Sony Corp.\for the lucrative handheld game console market, aggressively\pricing its new dual-screen model at  #36;149.99 and setting its\U.S. launch date for Nov. 21.",Sci/Tech,?
Tulane officials have postponed Saturday #39;s football game against Louisville because of the threat of Hurricane Ivan. Tulane officials said in a statement Tuesday that the game is tentatively rescheduled for the weekend of Dec. 4 at the Superdome.,Sports,?
Scientists hoped good weather yesterday and today would allow them to get a better look at the volcano. A flurry of small earthquakes beginning in late September were followed by a burst of steam and ash on ,Sci/Tech,?
"AP - The radio telescope at Puerto Rico''s Arecibo Observatory will begin mapping the known galaxy on Friday, scientists said.",Sci/Tech,?
"AP - Left tackle Robert Gallery, the second player taken in the NFL draft, didn''t practice Tuesday morning with the Oakland Raiders because of an elbow injury, leaving his status uncertain for Saturday''s preseason game against Dallas.",Sports,?
Real Madrid gave a stunning exhibition of finishing power to crush Levante 5-0 at the Bernabeu in the Primera Liga on Sunday. The home side had struggled to impose ,Sports,?
Last Thursday #39;s presidential debate was still in progress when the e-mails started trickling in from citizens around the country.,Sci/Tech,?
"Barnstable had the upperhand once again. The Red Raiders are one win away from defending their MIAA Division 1 state volleyball championship after blanking Chelmsford, 3-0, in the semifinals last night in Mansfield. It was the second time this fall Chelmsford had been frustrated by the powerful Barnstable lineup.",Sports,?
FULHAM #39;S United old boy Andy Cole fears his former team are poised to leave their critics red-faced. The Reds haven #39;t lost in the Premiership since defeat at Portsmouth six matches ago when they were being written off in the title race.,Sports,?
"The FTSE 100 has dipped on its return from a three-day break after a slide on Wall Street, but power companies have risen after a multi-billion-pound asset sale by National Grid Transco.",Business,?
Reuters - U.S. Federal Reserve Chairman Alan\Greenspan said on Friday the United States should cut its\budget gap to foster a more balanced pattern of global trade\and avoid painful economic consequences.,Business,?
"MacCentral - Apple Computer Inc. on Thursday issued a recall for PowerBook batteries sold from January 2004 through August 2004 for use with 15-inch PowerBook G4 (Aluminum) notebook computers. The batteries, made by LG Chem, Ltd. of South Korea, could overheat, posing a fire hazard -- Apple said they have received four such reports, although no injuries have been reported.",Sci/Tech,?
"The \$40 million high-security laboratory will test and develop new vaccines and treatments to defend the public against bioterrorism, officials announced Tuesday.\&lt;br&gt;&lt;FONT face=''verdana,MS Sans Serif,arial,helvetica'' size=''-2''\ color=''#666666''&gt;&lt;B&gt; -The Washington Post&lt;/B&gt;&lt;/FONT&gt;",Sci/Tech,Sci/Tech
"Once they were the outriders of the Russian empire, feared and fearless warriors who extended the Czar #39;s authority as far as their horses would carry them.",World,Sci/Tech
"MIAMI - Nearly a half-million people were ordered to evacuate as Hurricane Frances swirled toward Florida on Wednesday just weeks after Charley''s devastating visit, threatening to deliver the most powerful one-two punch to hit a state in at least a century.    Those planning to ride out the storm snapped up canned food, water and generators, while military helicopters and planes were flown out of the area and Cape Canaveral''s Kennedy Space Center said it would close on Thursday...",World,?
"Ottawa, ON (Sports Network) - The negotiations to save the National Hockey League from a work stoppage seemed to take a turn for the worse on Thursday.",Sports,?
English Premiere League leaders Chelsea continued their good form in the recent weeks with another spectacular win over Charlton Athletic.,Sports,?
"AFP - Apple Computer is planning to expand its online music download service to more European countries, the company announced at the Popkomm music trade fair.",Sci/Tech,?
"Reuters - Sudanese Darfur rebels arrived in Nigeria\on Sunday ahead of peace talks under the African Union (AU) to\resolve a conflict that has killed up to 50,000 and displaced\more than a million people.",World,?
"Carnival Corp., the world #39;s biggest cruise group, said Friday its quarterly earnings rose sharply, citing the merger with P amp;O Princess Cruises last year.",Business,?
"Microsoft Corp. MSFT.O is making a renewed push this week to get its software into living rooms with the launch of a new version of its Windows XP Media Center, a personal ",Sci/Tech,Sci/Tech
"AP - The main oxygen generator for the international space station has failed, and the two astronauts on board will tap into an attached cargo ship''s air supply this weekend, NASA said Thursday.",Sci/Tech,?
"Gary Price checks in with web search pioneer Matthew Koll, who shares his thoughts on the current and future state of the industry.",Sci/Tech,?
"The study, which was conducted by Yahoo and media agency OMD, examined the way in which 13 US households reacted to being denied access to the internet for two weeks.",Sci/Tech,?
"Sep. 13, 2004. McAfee on Monday pushed further into the managed security market as it introduced a multi-function managed e-mail service for small- and mid-sized businesses.",Sci/Tech,?
Wales centre Gavin Henson says he is determined to show-case his talent against New Zealand on Saturday. The 22-year-old was given his Wales debut by current New Zealand coach Graham Henry against Romania in 2001.,Sports,?
New York AG is investigating the timing of a sale by Thomas Marra; company reports higher 3Q. NEW YORK (Reuters) - The Hartford Financial Services Group Inc.,Business,?
"NewsFactor - Retailers that saw impressive growth in year-over-year online sales during last year''s holiday season should not look for the same results this year, according to estimates by Forrester Research.",Sci/Tech,?
"The latest recruit to the Indiana University basketball team has been cited for underage drinking. Lucas Steijn, who turned 18 on August first, was in an SUV that was pulled over by a police officer in Bloomington Sunday night.",Sports,?
"Brazil will limit United Nations #39; access to a uranium enrichment plant as US Secretary of State Colin Powell visits the country to press for unimpeded inspections, the country #39;s ambassador in Washington said.",Sci/Tech,?
The body of a teenager believed to be the son of Dick Ebersol was found Monday in the wreckage of a corporate jet that crashed during takeoff.,Sports,?
Tony Dorsett was impressed with Curtis Martin the first time he saw the running back suit up for the University of Pittsburgh. Not much has changed since.,Sports,?
"Ziff Davis - Apple claims most users are protected from the worst dangers of the flaws, many of which originate in the OS'' open-source components.",Sci/Tech,?
Microsoft on Wednesday unveiled new and reworked business-intelligence tools that provide capabilities ranging from self-service report building for non-techs to mining information from data flows outside of a database.,Sci/Tech,?
"Microsoft has developed a cut-down version of Windows XP with a Hindi interface for the Indian market. The Indian version, which will be available early next year, will also feature help and training in Hindi.",Sci/Tech,?
" PROVIDENCE, R.I. (Reuters) - Can''t wait for the U.S.  presidential election? Think you can run a campaign better than  the handlers for George W. Bush or John F. Kerry?",Sci/Tech,Sci/Tech
"Ryder Cup hero Colin Montgomerie came down to earth with a bump on Friday when he missed the cut at The Heritage. There was better news, however, for forgotten ",Sports,?
"NEC, Toshiba will put the next-generation DVD technology in desktops and laptops next year. NEC plans to start selling desktop PCs equipped with HD-DVD (High Definition/High Density-DVD) drives at the end of 2005, the company says.",Sci/Tech,?
"Dell announced today that it #39;s latest models, the Axim X50 series, comes with the just-released Windows Media Player 10 for Mobile.",Sci/Tech,?
"AP - Holocaust survivors and their families gathered at one of Europe''s largest Jewish cemeteries Sunday to remember more than 200,000 Jews from this city killed by the Nazis, a ceremony marking the 60th anniversary of the last transports from the Lodz ghetto to Hitler''s death camps.",World,?
"Despite missing all three field goal attempts last week, veteran Steve Christie apparently is going to remain the Giants place-kicker this week against Dallas.",Sports,?
The first privately financed manned rocket to fly into space has been named Time magazine #39;s  quot;Invention of the Year. quot;.,Sci/Tech,Sci/Tech.
"Oil prices dropped sharply Monday, falling below \$42 US per barrel, as last week #39;s selloff continued despite sabotage of Iraqi oil infrastructure that curbed exports.",Business,?
Vancouver Canucks winger Todd Bertuzzi pleaded not guilty on Thursday to an on-ice assault charge stemming from a hit on Colorado Avalanche''s Steve Moore that broke his neck.,Sports,?
"A computer program known as  quot;Skulls quot; with potentially destructive capability aimed at advanced mobile devices was seen as a low threat because it had not targeted consumers, security software maker McAfee Inc.",Sci/Tech,?
" NEW YORK (Reuters) - Shawn Green hit two home runs,  including a grand slam, as Los Angeles defeated the Atlanta  Braves 7-4 in a battle of National League division leaders at  Dodger Stadium on Saturday.",Sports,?
The portable stereos that ruled city streets in the 1980s aren''t shipping in high volumes anymore. But some sound artists are finding new ways to incorporate the devices into performances and ad-hoc radio networks. By Elizabeth Biddlecombe.,Sci/Tech,?
"Reuters - Wal-Mart Stores Inc. , the\world''s largest retailer, said on Saturday it still anticipates\a 2 percent to 4 percent increase in October sales at its\stores open at least a year.",Business,?
 NEW YORK (Reuters) - Stocks ended barely higher  on Tuesday  as oil prices rose and investors tried to anticipate the  economic fallout from Hurricane Ivan as it moved through the  Gulf of Mexico toward a possible landfall in the United States.,Business,?
The Internet megasite eBay yelled  #39;hold the cheese #39; when they found a 10-year-old grilled cheese sandwich that its owner says bears the image of the Virgin Mary being auctioned off on its website.,Sci/Tech,?
"That #39;s according to research outfit Gartner, which on Thursday said that second quarter global mobile phone shipments hit 156.",Sci/Tech,Sci/Tech
"Microsoft will support only x86 processors with 64-bit extensions when it releases a special version of Windows Server for high-performance computing next year, leaving support for Intel #39;s Itanium 2 chip to a later, unspecified date.",Sci/Tech,?
"In a revelation that should give late-night comedians two or three days #39; worth of snark fodder, the headlines this morning startled us with the news that the world #39;s ",Business,?
"Reuters - The United States\showed no signs of budging in its opposition to the Kyoto\protocol Monday as U.N. climate change talks began, a month\after President Bush''s reelection and Russia''s ratification of\the agreement.",Sci/Tech,?
HOUSTON -- Houston Astros General Manager Gerry Hunsicker announced Monday he #39;s stepping down after nine years on the job and less than two weeks after the club came within one game of reaching the World Series for the first time.,Sports,?
The company extends a deal with open-source Java software maker JBoss in an effort to compete with IBM.,Sci/Tech,?
"Puerto Rican wrestler Mabel Fonseca tested positive for a steroid in an initial doping test, a wrestling official said Saturday. Michel Dusson, secretary general of the International ",Sports,?
"IBM and the Spanish government have introduced a new supercomputer they hope will be the most powerful in Europe, and one of the 10 most powerful in the world.",Sci/Tech,Sci/Tech
"Granite Construction Inc. said Tuesday that it received two contracts, with a total value of about \$274 million, for maintenance and improvement work on roadways in Orange County, Calif.",Business,?
"Former NL Most Valuable Player Ken Caminiti has failed four drug tests since going on probation in 2002 for possession of cocaine, including one last week that landed him in jail, his probation officer said Tuesday.",Sports,?
"com. Thome has known Charlie Manuel for his entire professional baseball life, which started shortly after he became a 13th-round draft pick by the Cleveland Indians in 1989.",Sports,?
"It was a staple of 1960s science fiction that the future would involve flying cars and holidays on the moon. While the mass-production flying car hasn #39;t yet hit the showrooms, the prospects for space tourism have taken a few steps closer.",Sci/Tech,?
Two days of celebrations to honour the Allied veterans who liberated southern France near a climax.,World,Sci/Tech
Rebels blew up a pipeline inside an oilfield in southern Iraq in the latest in a series of attacks on the country #39;s oil infrastructure that ,World,?
Truck operators today called off their week-long strike after an agreement with the Government to form a committee to study the vexed service tax issue.,Business,?
"Reuters - North Korea appealed to refugees who have\sought asylum in the South to return to the impoverished state,\avoiding for once labeling them ''human scum'' and saying a warm\home awaits them.",World,?
During a recent visit to Jaipur I was informed that in the last two years the clinics and nursing homes of over 30 doctors had been attacked by attendants and friends of patients and the public.,Business,?
The two clubs at the centre of a UEFA investigation into an alleged match fixing scam angrily denied any wrongdoing. European football #39;s governing body announced they were opening an inquiry into Wednesday #39;s ,Sports,?
AFP - British Airways cancelled four more flights due to what it called lingering problems from a staff shortage at London''s Heathrow Airport which delayed thousands of travellers earlier in the week.,World,?
"MOSCOW: Russian oil major YUKOS is poised to lose its core Siberian units, but the state will postpone its final move to dismantle the giant firm beyond next weeks tax deadline, analysts predicted on Friday.",Business,?
"Reuters - Standard   Poor''s Ratings\Services on Tuesday raised its general obligation bond rating\on California to ''A'' from ''BBB,'' citing an easing of the Golden\State''s cash crunch.",Business,?
"AOL (Quote, Chart) developers have rolled out a new version of its venerable Netscape browser, version 7.2. ",Sci/Tech,Sports
"To judge by the shift in the headlines, the processor war is nearly over. Who #39;s in? Advanced Micro Devices (NYSE: AMD). Out? Intel (Nasdaq: INTC).",Sci/Tech,?
"AFP - Oracle sealed a deal to buy rival business software firm PeopleSoft for 10.3 billion dollars after a bitter 18-month battle, the two firms announced.",Sci/Tech,?
"A simmering steroid scandal that has plagued baseball for nearly a year began to boil over Thursday, with the promise of more eruptions tonight.",Sports,?
England duly completed a 4-0 whitewash in their controversial one-day international series against Zimbabwe on Sunday in Bulawayo.,Sports,?
"The ability of early human ancestors to run long distances may have influenced the transition to today''s body form, researchers report.",Sci/Tech,?
"Although seven adapters have overheated, no injuries or deaths have been reported. The adapters where shipped with Latitude, Precision and Inspiron laptops sold through Dell #39;s Web site and customer ",Sci/Tech,?
Mike Mularkey is shrugging off St. Louis coach Mike Martz #39;s accusations that Buffalo players took cheap shots during their win over the Rams.,Sports,?
Major League Baseball has yet to reach an agreement with Peter Angelos on on a deal that would financially protect the Orioles.,Sports,?
All presidents claim credit for economic success - and are tarred for failure. But most economists say the Federal Reserve has the greater influence.,Business,?
Terry Tiffee hits a go-ahead two-run double in his major league debut as the Twins edge out a dramatic 4-2 victory over the Texas Rangers.,Sports,?
Host Miami and Florida State might have to wait several extra days before playing their season opener. School officials were strongly considering postponing the game five days from Monday to Sept.,Sports,?
HOUSTON (Ticker) -- The Houston Astros can end their postseason struggles vs. the Atlanta Braves and reach the National League Championship Series for the first time since 1980 with a win at home Sunday.,Sports,?
"The United States remains a world leader in science that other countries try to imitate, the science adviser to President Bush told an audience at the University of Toledo yesterday.",Sci/Tech,Sci/Tech.
"Is it a video game maker''s lab or a twisted vision out of Charles Dickens''s worst coal factory nightmare? A growing number of people can''t tell the difference. &lt;FONT face=''verdana,MS Sans Serif,arial,helvetica'' size=''-2'' color=''#666666''&gt;&lt;B&gt;-washingtonpost.com&lt;/b&gt;&lt;/font&gt;",Sci/Tech,?
Oil prices spiked today after the Russian oil giant Yukos said it cannot pay wages and that its output could suffer due to a court ruling that froze some of its assets.,Business,?
 WASHINGTON (Reuters) - Hackers who secretly install  ''spyware'' on others'' computers and Internet users who copy  movies and music without permission could face up to three  years in prison under bills that advanced in Congress on  Wednesday.,Sci/Tech,?
"AFP - High-tech Singapore is also proving to be high-speed, with almost 40 percent of households hooked up to the Internet via broadband technology, the government said.",Sci/Tech,?
"Reuters - Adelphia Communications Corp.\(ADELQ.PK) asked a U.S. bankruptcy court to order its founding\Rigas family to pay back  #36;3.23 billion it says the family owes\the company, court papers show.",Business,?
"Hurricane Ivan looks set to cost tour operators as they race to get customers out of harm''s way, though future bookings may not suffer too much.",Business,?
England striker Michael Owen says that although he is desperately keen to get on the pitch he is prepared to bide his time and wait for his opportunity to break into the first team at Real Madrid.,Sports,?
"The BBC''s Peter Gibbs explains why hurricanes happen, and what can be done to limit their impact.",Sci/Tech,Sci/Tech
Doing some news catch up and came across this interesting item from InfoWorld last week: Google helps promote Windows XP. It #39;s about how Microsoft #39;s Partner Pack For Windows is promoting the Google Deskbar.,Sci/Tech,?
AP - Baseball commissioner Bud Selig had surgery Monday to remove a cancerous lesion from his forehead.,Sports,?
The question late in Tuesday #39;s Michigan State-Duke game became: Would JJ Redick and Daniel Ewing wear down while the Spartans #39; depth became the difference?,Sports,?
It has now been confirmed by the Browns that Butch Davis has resigned as head coach of the team. The Browns will be holding a press conference with Team President John Collins at 2PM today.,Sports,?
"BRAMBLES #39; decision to overhaul its troubled Chep pallet business has paid off in spades by doubling second-half profit. Brambles posted an after-tax result of \$168 million for the June half, up from \$82 million for the same period last year.",Business,?
WASHINGTON - Google wants to save you a trip to the library. The search engine that revolutionized how people use the internet has teamed up with some of the world #39;s greatest libraries to put their books in your living room.,Sci/Tech,?
"Reuters - German luxury carmaker BMW unveiled the\world''s fastest hydrogen-powered car at the Paris auto show on\Wednesday, dubbed the H2R, capable of exceeding 300 kilometers\(185 miles) per hour.",Sci/Tech,?
" WASHINGTON (Reuters) - Washington, D.C., Mayor Anthony  Williams will try to get financing for a Major League Baseball  stadium back on the city council agenda next week after the  council added a deal-breaking provision to the original bill,  the mayor''s spokesman said on Thursday.",Sports,?
"It took a while for everything to fall into place, but it now seems clear: Chad Pennington is the real deal. Listen LIVE to NFL games, plus watch video news and features of your favorite team.",Sports,?
Michael Phelps yesterday pulled out of the 400 metres individual medley at the short course world championships in Indianapolis with a sore back.,Sports,?
" ATHENS (Reuters) - The U.S. men''s basketball team got their  first comfortable win at the Olympic basketball tournament  Monday, routing winless Angola 89-53 in their final preliminary  round game.",Sports,?
" LONDON (Reuters) - When Colin Montgomerie''s final putt  plopped into the hole on the 18th green at Oakland Hills on  Sunday, it clinched a remarkable Ryder Cup triumph and soothed  the Scot''s personal anguish.",Sports,?
PayPal Outage Effects Online Retailing and eBay\\eBay Inc.''s online payment system PayPal said on Tuesday that account data and personal information were not compromised by a glitch in the new system update that has resulted in some users not being able to log into their accounts and also PayPal not ...,Sci/Tech,Sci/Tech.
 NEW YORK (Reuters) - Britain''s world record holder Paula  Radcliffe won the women''s New York marathon Sunday in an  unofficial two hours 23 minutes seven seconds.,Sports,?
"A.J. Feeley will replace Jay Fiedler as the starter Sunday at Seattle, interim coach Jim Bates says Monday.",Sports,?
Reuters - Vice presidential candidate John\Edwards on Saturday assailed a new Bush administration policy\that excludes millions of Americans from overtime pay and\promised that the Democratic ticket would ensure that workers\are rewarded for their efforts.,World,?
"NewsFactor - Security software vendor Symantec (Nasdaq: SYMC) is negotiating to buy Veritas Software (Nasdaq: VRTS), a provider of data storage software, for more than US #36;13 billion, according to press reports.",Sci/Tech,?
"Athens, Greece (Sports Network) - Track cyclists Anna Meares of Australia and Chris Hoy of Great Britain won time trial gold medals Friday afternoon with record times. ",Sports,?
A SECOND-HALF Springbok blitz gave South Africa their first Tri-Nations rugby title in six years with a win over Australia at Kings Park.,Sports,?
"AP - The area of the San Andreas fault where a magnitude-6.0 earthquake struck Tuesday is a seismic hot spot that has produced similar temblors every two or three decades and, as a consequence, is among the most-monitored quake sites in the world.",Sci/Tech,?
"LANDOVER, Md. - The problems that plagued the Washington Redskins at the beginning of the season are the same ones that dog the Washington Redskins at the end of October.",Sports,Sci/Tech
"Struggling Sun Microsystems will try to show next month that it still has a lot of friends in the financial community. On Sept. 21, the Mountain View, Calif.",Sci/Tech,?
"THE peak summer travel season traditionally gives the US airlines a revenue lift, but this year struggling carriers will be glad to see the back of the third quarter.",Business,?
Pat Summitt defends the decision to place forward Chamique Holdsclaw on the injured list even though she was fit enough to practice.,Sports,?
"Citing user concerns, eBay has dropped plans to close its Half.com unit in mid-October and move the online used merchandise store''s buyers and sellers onto eBay''s main site.",Sci/Tech,?
The US House of Representatives on Tuesday approved a bill that would increase jail time for identity thieves and other fraudulent Web users who register sites under false identities.,Sci/Tech,?
"A man in Thailand has died of avian flu, the first human casualty in the country since the disease re-emerged in Asia in July, officials said Thursday.",World,?
TOKYO - Sony Corp is attempting to claw back market share of the domestic flat-panel TV market with the launch of eight new televisions.,Sci/Tech,?
Reuters - Shares of Cyberonics Inc. \jumped 14 percent before the bell on Thursday after the medical\technology company said federal health regulators had given\conditional approval to a depression treatment.,Business,?
"A HYPERSONIC rocket inspired by Australian technology has smashed the world speed record, travelling at 11,000km/h. RECORD bound .",Sci/Tech,?
"Crude oil futures fell, posting their biggest two-day decline in London in two months, after China #39;s central bank raised interest rates for the first time in nine years in an attempt to stem inflation.",Business,?
So Barry Bonds wears a big red  #39;S #39; on his chest. That #39;s no knock on the mortals who populate the rest of the National League.,Sports,?
"Researchers say they could be used to treat burn wounds, skin injuries    HealthDayNews -- Cells in the hair follicles of the skin appear to be stem cells that may offer potential new ways to treat burn wounds and other skin injuries, as well as hair loss.    That''s the promising conclusion of a study in the Sept...",Sci/Tech,?
Singapore #39;s Prime Minister Lee Hsien Loong on Sunday night delivered his first National Day Rally speech since he was sworn in as the country #39;s third Prime Minister.,World,?
Proposed law could prevent the government from offering broadband access.,Sci/Tech,?
"When your defense holds an opponent to 207 yards of offense and allows only one touchdown, you should win a lot of football games.",Sports,?
"SEATTLE -- Matt Hasselbeck threw two touchdown passes and got another TD on a sneak, leading the Seahawks to a 28-26 win over the Atlanta Falcons yesterday and helping Seattle win the NFC West and secure a first-round playoff game at home.",Sports,?
"Sprint Corp. and RadioShack Corp. reported a multi-year agreement to develop, deploy and operate Sprint-branded kiosks in approximately 500 shopping malls across the country following a 10-month test program involving 10 Sprint kiosks.",Business,Sci/Tech
"Shares of Nastech Pharmaceutical Co. Inc. (NSTK.O: Quote, Profile, Research) jumped 23 percent before the bell on Monday after the company said it tied up with Merck  amp; Co.",Business,?
"World number one Roger Federer thumped second-ranked Andy Roddick in straight sets 6-4, 6-0 to win the Thailand Open in Bangkok on Sunday.",Sports,?
"Software security companies and US-Cert, the US government #39;s computer monitoring body, have issued warnings about security vulnerabilities in Oracle software.",Sci/Tech,?
Tom Lehma''s 5-under 67 on Saturday leaves him tied for the Funai Classic lead as he gets a third chance in as many weeks to end a five-year winning drought.,Sports,?
"With few junk e-mail filters supporting a protocol for verifying the source address of digital messages, spammers have adopted it themselves as a way to appear more legitimate, stated a report released on Wednesday.",Sci/Tech,?
"LANDOVER, Md. -- By the time Joe Gibbs finally lost his patience with Mark Brunell, Carson Palmer and the Cincinnati Bengals were already in control of the game.",Sports,?
"COLLEGE PARK, Md. -- Joel Statham threw for 333 yards and ran for a score, and Maryland held on to beat fifth-ranked Florida State, 20-17, yesterday.",Sports,?
ZDNet #39;s survey of IT professionals in October kept upgrading hardware at number two on the businesses radar throughout the year.,Sci/Tech,?
Business demand for PCs will result in higher than anticipated growth of the sector for the second half of the year. Analyst IDC has revised its predictions having witnessed strong commercial demand for PCs ,Business,?
The Air Force scrubbed its planned launch of a new Delta 4 rocket on Saturday afternoon when engineers were unable to fix a computer system designed to fire the engines.,Sci/Tech,?
"Your name is synonymous with searching the Internet, and you''ve just raised roughly \$1.7 billion from investors by going public. What are you going to do now?",Sci/Tech,Sci/Tech
Yahoo is preparing to stake its claim to a key part of the burgeoning search engine business with a desktop search tool that makes it easier to find information on the hard drives of personal computers.,Sci/Tech,?
"Lightning-fast wireless Internet access, anywhere, anytime has been the elusive goal of Internet junkies and e-mail-a-holics. It #39;s finally arrived - in Grand Haven, Mich.",Sci/Tech,?
"SPACE.com - Scientists and engineers \  are optimistic after having peeked inside the Genesis space capsule, which brought \  back bits of the Sun but crashed into the Utah desert Wednesday.",Sci/Tech,?
"Mauresmo, 25, took time to find her rhythm against her Swiss opponent but, when her trademark backhand finally clicked, she dominated to take a place in the last eight.",Sports,?
"After coming back against Mariano Rivera for the second time this season, the Boston Red Sox think they''ll overtake the New York Yankees in the AL East. Orlando Cabrera and Johnny Damon hit RBI singles in the ninth inning Friday night in Boston''s 3-2 victory that cut the Yankees'' lead to 2 1/2 games...",World,?
"Shares of InPhonic Inc., a Washington reseller of wireless service and telephones over the Internet, rose 26 percent Tuesday on their first day of trading..&lt;br&gt;&lt;FONT face=''verdana,MS Sans Serif,arial,helvetica'' size=''-2'' color=''#666666''&gt;&lt;B&gt;-The Washington Post&lt;/B&gt;&lt;/FONT&gt;",Sci/Tech,_______
Security company Digimarc gets \$1 million to push state drivers'' licenses with ''covert watermarks.'',Sci/Tech,?
"Here in the lime-green payload bay of the space shuttle Enterprise, Anne McCombs is going boldly where -- well, where only a few men have gone before.",Sci/Tech,?
"Yahoo became the latest search engine to try its hand at personalized search, unveiling tools Tuesday that let searchers save and edit search results.",Sci/Tech,?
A general strike called to protest a recent grenade attack that killed 20 people at an opposition political rally brought Bangladesh to a near standstill Monday.,World,?
"Sharing movie files is not as prevalent as sharing music, partly because it takes a lot of bandwidth to download even a poor copy of a two-hour film.",Sci/Tech,?
"Speaking at the Gartner Symposium and ITxpo 2004 in Orlando, Florida, yesterday, Microsoft CEO Steve Ballmer outlined new security initiatives, some of which would make it into a pre-Longhorn  #39;Release 2 #39; for Windows, next year.",Sci/Tech,?
"Mozilla Firefox Internet Browser Market Share Gains to 7.4\\The latest survey from OneStat.com shows what was expected. Firefox is gaining on Internet Explorer and pretty rapidly. As per the reports, Mozilla Foundation has taken a 7.4 market share gaining more than 5 since May. Microsoft rsquo;s Internet Explorer has dropped down ...",Sci/Tech,?
"Looking to drive corporate adoption of its high-performance computing version of Windows Server 2003, Microsoft on Monday introduced an SDK (software development kit) for developers alongside a name change for the product.",Sci/Tech,?
"PISCATAWAY, N.J. -- Jeremy Ito kicked three field goals and Ryan Hart threw a late touchdown pass to help Rutgers hold off Temple, 16-6, in an error-filled game yesterday.",Sports,?
"InfoWorld - Fresh from introducing a major upgrade to the Java platform, Sun Microsystems officials on Thursday revealed some details of the next release of Java, code-named  #8220;Mustang #8221; and expected in Spring 2006.",Sci/Tech,?
"It has been a good year for Apple. Since the beginning of 2004, I #39;ve discussed GarageBand, AirPort Express and the latest iPod.",Sci/Tech,?
" TOKYO (Reuters) - Japanese camera and office equipment  maker Canon Inc. &lt;A HREF=''http://www.reuters.co.uk/financeQuoteLookup.jhtml?ticker=7751.T qtype=sym infotype=info qcat=news''&gt;7751.T&lt;/A&gt; said on Tuesday it would start  producing rear projection televisions later this year, aiming  to secure a chunk of the rapidly growing market for big screen  TVs.",Sci/Tech,?
"The new desktops, priced between \$600 and \$715, target families, students and small businesses.",Sci/Tech,?
"Johnny Damon stats, news officially laid Cowboy Up #39; #39; to rest as the Red Sox stats, schedule #39; identifying slogan prior to the start of their American League Division Series yesterday at Angel Stadium.",Sports,?
"The Pittsburgh Steelers are accomplishing feats never seen in the NFL, largely because of rookie quarterback Ben Roethlisberger. The Steelers combined their new quarterback with a touch of the old - Jerome ",Sports,______
"Oakland, CA (Sports Network) - The Orlando Magic activated forward Pat Garrity from the injured list on Friday and placed forward Brandon Hunter on the IL with a hyperextended right elbow.",Sports,?
It #39;ll cost about the same as the regular-sized PS 2 in the US and Europe. The smaller PlayStation 2 has all regular PlayStation 2 functions such as playing CDs and DVDs.,Sci/Tech,?
"Two weeks after Portsmouth appointed Croatian unknown Velimir Zajec as executive director, Harry Redknapp quit as manager on Wednesday, citing the need to take  quot;a complete break from the game quot;.",Sports,______
The Bush administration''s approach to environmental issues has challenged the status quo by revising the traditional public-policy calculus on decisions.,World,Sci/Tech
"The District of Columbia government, which long has struggled against an image of inefficiency, has begun cleaning out its closets with one of the most up-to-date instruments of modern electronic commerce.",Sci/Tech,?
"Canadian Press - NEW DELHI (AP) - Firefighters and police evacuated thousands of villagers and battled a huge fire Thursday in a government ammunition depot in the eastern Indian state of Orissa, police said.",World,?
NEW YORK (Reuters) - Outback Steakhouse Inc. said Tuesday it lost about 130 operating days and up to \$2 million in revenue because it had to close some restaurants in the South due to Hurricane Charley. ,Business,?
Latrell Sprewell says he #39;ll ask to be traded if the Minnesota Timberwolves don #39;t sign him to a contract extension by Wednesday night #39;s opener.,Sports,?
"JAKARTA - Japan and the Association of Southeast Asian Nations agreed Saturday to launch negotiations for a free trade agreement in April next year, Japanese officials said.",Business,?
"US Airways #39; pilots union said Thursday that the airline plans to file a motion in bankruptcy court on Friday seeking immediate cost reductions, including pay cuts, from US Airways #39; labor unions.",Business,?
"Reuters - They rarely see each other, spend\winters in different countries and don''t communicate for long\periods but pairs of a species of Icelandic migratory birds\know exactly when to return home to breed.",Sci/Tech,?
"AP - Spain''s Rafael Nadal won his first ATP singles title Sunday, beating Argentina''s Jose Acasuso 6-3, 6-4 in the final at the Idea Prokom Open.",Sports,?
"AFP - Sudan condemned UN threats of sanctions against Khartoum, saying they would only undermine efforts to restore security in the devastated western region of Darfur.",World,?
"In an attempt to spark growth in its Net phone offer, the company reduces rates and offers new customers a month free.",Sci/Tech,Sci/Tech
"A Malaysian state near the border with Thailand faces a quarantine to stop the spread of potentially deadly bird flu, which has spread inexorably since first being discovered in this country a month ago, a news report said ",World,?
"Auto racing: NASCAR Nextel Cup Sylvania 300 practice at N.H. International Speedway, Loudon, 9:30 and 11:10 a.m.; NASCAR Craftsman Truck Sylvania 200 at N.H. International Speedway, Loudon, 1 p.m.; NASCAR Busch North Sylvania 125 at N.H. International Speedway, Loudon, 3 p.m.",Sports,?
DAVE WANNSTEDT resigned today as head coach of the Miami Dolphins after the team sank to an NFL-worst 1-8 record. Defensive co-ordinator Jim Bates will take over as interim coach for the remainder of the season.,Sports,?
"Although U.S. based shopping search and product comparison services receive the lion''s share of traffic, other services are emerging throughout the world that serve specific regions and countries with more localized information.",Sci/Tech,?
"In an effort to encourage hardware vendors to build components for the blade platform they co-develop, Intel Corp. and IBM Corp. on Thursday will open up parts of the BladeCenter ",Sci/Tech,?
"Last Tuesday night, Harvard knocked off rival Boston College, which was ranked No. 1 in the country. Last night, the Crimson knocked off another ",Sports,?
South Sound fans reacted with everything from relief to regret over Wednesday #39;s NCAA rulings on the University of Washington athletics program.,Sports,?
"TORONTO -- Doc Halladay and Justin Miller were waiting in the dugout tunnel for fellow Toronto pitcher Ted Lilly to finish his postgame TV interviews last night.  quot;They said to him, Hey, Hollywood, you can smile now,''  quot; said Gil Patterson, the Blue Jays pitching coach.  quot;He said, Don''t worry, I''m smiling on the inside.''  quot;",Sports,?
"NewsFactor - First ''Windows,'' now ''Excel.'' New York City-based software company Savvysoft says Microsoft (Nasdaq: MSFT) has demanded that it drop the name Excel from its TurboExcel product, which makes Microsoft''s Excel portable to other systems like Linux. Trouble is, Microsoft does not yet own the trademark to the name ''Excel.''",Sci/Tech,?
"Sep. 15, 2004. Less than a month after its rival KDE rolled out its newest open-source desktop, the Gnome Project Wednesday debuted out Gnome 2.8, the latest iteration of its graphical interfaces for Linux.",Sci/Tech,?
AFP - Europe pulled off a sensational Ryder Cup victory when they crushed the all-star American team by a record-breaking 18 1/2 to 9 1/2 points.,World,?
"It is well known that Brett Favre doesn #39;t have a good record in domes. But only looking at his performance at Indy on Sunday, one would think that the Packers would have won the game.",Sports,Sci/Tech.
"This article was reported by Lee Jenkins, Juliet Macur and Bill Pennington and written by Mr. Jenkins. During a year that baseball would like to forget, the scene was set for its free fall.",Sports,?
29 August 2004 -- Russian investigators are continuing their probe into the near simultaneous crashes of two airliners on 24 August after finding traces of explosives at both wreckage sites.,World,?
"TOKYO (AFX) - Mitsubishi Electric Corp plans to stop producing LCD (liquid crystal display) panels for television sets and personal computers and shift to smaller panels for cellular phones and industrial equipment, the Nihon Keizai Shimbun reported ",Sci/Tech,?
Performance venues there can now install signal-jamming equipment to deal with rude mobile-phone users.,Sci/Tech,Sci/Tech
"Alana Beard scores 22 points as the Mystics beat the San Antonio, 84-73, Wednesday for their fourth straight win.",Sports,?
"AP - The Reds picked up Sean Casey''s contract option for 2006 on Friday, an indication they have no intention of trading the popular first baseman who is among the team''s highest-paid players.",Sports,?
"Claria Cancels \$150 million IPO\Contextual advertising and pop up company Claria Corp. has canceled plans for a \$150 million initial public offering due to ''current market conditions,'' it said in a regulatory filing on Wednesday.\\Claria, which filed its original prospectus in April of this year, had not disclosed the number ...",Sci/Tech,?
SAN FRANCISCO -- A judge is ordering Microsoft Corp. to pay \$112.5 million to attorneys who successfully sued the software maker for monopolizing a segment of California #39;s market.,Sci/Tech,?
"Excess heat generated by elevated processor performance is controlled by Alienware #39;s exclusive ultra-quiet Liquid Cooling technology, which cools components with specially formulated liquid and gold-plated, pure copper coolers.",Sci/Tech,Sci/Tech.
"Gugliotta, who has a mild right ankle sprain, is averaging 1.5 points and 2.3 rebounds in eight games this season. He played in just one game after coming off the injured list on December 1 with lower back pain.",Sports,?
"LONDON  British police said today they believed no one had died in flash flooding that struck seaside communities in southwest England, but rescue operations were continuing. ",World,?
"p2pnet.net News:- With its renewed attacks on US p2p file sharers and its latest effort to turn Canada into another marketing and sales division going nicely, the Big Four music cartel are again turning their attention to Australia and Sharman Networks ",Sci/Tech,?
Foxes attack and kill two of the Great Bustard chicks recently introduced to Salisbury Plain.,Sci/Tech,?
"AP - Two judges known for supporting same-sex unions were nominated Tuesday to fill vacancies on Canada''s Supreme Court, and they will be assessed in the country''s first-ever public screening of such appointments.",World,?
"MANCHESTER, NH -- More victims of Hurricane Charley returned to the devastation Friday, Red Cross officials said more help is needed.",Business,?
" AMSTERDAM (Reuters) - Nokia, the world''s biggest handset  maker, unveiled on Wednesday a miniature version of its  equivalent of the Swiss Army knife it hopes will lure women and  less-techie business people.",Sci/Tech,?
CHICAGO (Ticker) -- Rookie Andres Nocioni scored 20 points as the Chicago Bulls held on for a 95-92 victory over the Boston Celtics.,Sports,?
Mississippi State #39;s victory over 20th-ranked Florida -- easily the biggest upset of the 2004 season -- signaled the beginning of a bright future for first-year Bulldogs coach Sylvester Croom and the beginning of the end for third-year Gators head man Ron ,Sports,?
MSN Messenger 7 Beta Includes Search\\Microsoft is planning to limited beta release the latest version of Instant Messaging client MSN Messenger as early as next week. The screenshots of one of the early leaked release were available on tech sites earlier this week but were later removed on Microsofts request. ...,Sci/Tech,?
"Utilities, telecommunications companies and government agencies are more popular as targets at attacks on them surged 55 per cent from July to August, a new report says.",Sci/Tech,?
"AFP - A surprise drop in US wholesale prices in August showed inflation apparently in check, but analysts said this was good and bad news for the US economy.",Business,?
"Garment makers in poor countries have been dismayed over the upcoming abolition of trade quotas, but the outlook is not as bleak as many experts had thought.",Business,?
"Fresh off the Pedro Martinez signing, the Mets didn #39;t waste much time before moving on to their next order of business. A baseball official with knowledge of the team #39;s plans ",Sports,?
"The Ford Motor Company agreed yesterday to settle a lawsuit that accused its chief executive of improperly accepting shares of the initial public offering of the Goldman Sachs Group, which agreed to pay \$13.",Business,?
ISLAMABAD: The National Assembly will meet in a special session at the Parliament House in Islamabad Friday at 4:00 pm (PST) to ascertain the new leader of the house.,World,?
"ATHENS - Holly McPeak finally won the Olympics medal that has eluded her for so long, teaming with Elaine Youngs to win a bronze medal for the United States in beach volleyball Tuesday night.",Sports,?
"AP - Pops Mensah-Bonsu scored 17 points, and No. 21 George Washington used a 20-2 run late in the first half to take control in a 79-65 victory Saturday night over St. Francis, Pa.",Sports,?
"Champaign, IL (Sports Network) - The University of Illinois has fired head football coach Ron Turner. Turner just completed his eighth year at Illinois, compiling a 35-57 record with just two winning seasons.",Sports,?
&lt;strong&gt;Analysis&lt;/strong&gt; The two year question,Sci/Tech,Analysis. Analysis: The two year question
Fulham boss Chris Coleman on Monday backed neighbours Chelsea to be crowned Barclays Premiership champions after Manchester United slipped up at Craven Cottage.,Sports,?
"SEVILLE: Carlos Moya #39;s career has been a rollercoaster journey of ups and downs, but converting the winning point for Spain to land the Davis Cup yesterday represented a high point about which he had long dreamed -- and obsessed.",Sports,?
"Reuters - The dollar held on to the previous day''s\gain on Tuesday, supported by a retreat in oil prices and\upbeat comments on the U.S. economy from Federal Reserve\officials.",Business,?
"AP - The preliminaries in the 100 meters were perhaps just a sample of what''s to come Sunday, when a talented group of qualifiers  #151; including Americans Shawn Crawford, Justin Gatlin and defending champion Maurice Greene  #151; will try to turn their competition into the fastest show at the Athens Games.",Sports,?
"Like it or not, Rupert Murdoch is a New York City staple. As chairman of News Corp. (nyse: NWS - news - people ), the billionaire is a part of Gothamites #39; lives.",Business,?
"ONCE AGAIN a Bush administration scientific report blames emissions of carbon dioxide and other greenhouse gases for global warming, and once again the reaction of the Bush White House is to say the evidence does not warrant action.",Sci/Tech,?
AP - Tropical Storm Jeanne formed Tuesday in the Atlantic Ocean Tuesday and was expected to hit Puerto Rico with strong wind and heavy rain by Wednesday morning.,World,?
THE Australian Rugby Union has been swamped with inquiries from high-profile players here and overseas interested in joining the new Super 14 franchise in 2006.,Sports,?
"The word dozen is similar to the words hundred, thousand and million. On their own, they are nouns, whose plural forms are the same as their singular forms (eg a dozen, two ",Sci/Tech,Sci/Tech
"With elaborate fanfare this month, Microsoft yanked the wraps off the latest version of its Windows XP Media Center Edition (MCE) operating system. Although the software has had some moderate success -- Microsoft recently announced MCE unit sales had broken the million mark -- getting couch potatoes to become computer-friendly tubers has been a daunting task.",Business,Sci/Tech
"After nine days of being held by kidnappers in Iraq, New York-based freelance journalist Micah Garen will reunite with his family this week, his father said yesterday.",World,?
MARTIN Jol was named as Tottenham Hotspurs new head coach yesterday and immediately pledged to follow in the footsteps of Bill Nicholson and guide the club back to the halcyon days of the 1960s.,Sports,?
"AP - Accompanied by a warning that its missiles have the range, Iran on Tuesday said it would destroy Israel''s Dimona nuclear reactor if the Jewish state were to attack Iran''s nuclear facilities.",World,Sports
"The International Olympic Committee (IOC) on Wednesday said 2008 Games host Beijing should take care not to complete its venues too late, two months after it advised the city not to finish them too early.",Sports,?
Seattle Internet service provider Speakeasy has received an investment from Intel to test a new technology that could provide wireless Internet coverage to entire cities or counties.,Sci/Tech,?
"USATODAY.com - The European Commission on Tuesday cleared Oracle''s hostile  #36;7.7 billion bid for rival business-software maker PeopleSoft, lowering the last antitrust hurdle to the contested deal. ''There is an absence of sufficient evidence of competitive harm,'' regulators said in a statement.",Sci/Tech,?
"Growing up as a Southern California native, Jim Hardy wanted to play for USC since he was 8 years old. Many of the kids he grew up with and played football against would later become rivals of his at UCLA.",Sports,?
"Description: NPR #39;s Tavis Smiley talks with reporter Dawn Davenport about her latest article,  quot;Born in America, Adopted Abroad, quot; featured in the October 27 edition of The Christian Science Monitor.",Sci/Tech,?
"Los Angeles Dodgers #39; Shawn Green watches his home run in the sixth inning against the St. Louis Cardinals Saturday, Oct. 9, 2004, in Los Angeles.",Sports,_____
"&lt;strong&gt;IDF Fall ''04&lt;/strong&gt; Well, soon-ish",Sci/Tech,Sci/Tech. I need to show
" STARKVILLE, Miss. (Sports Network) - Lawrence Roberts  scored 19 points and pulled down 13 rebounds to lead  15th-ranked Mississippi State to a 66-52 victory over South  Alabama at Humphrey Coliseum.",Sports,?
AP - A U.S. Fish and Wildlife Service biologist says returning wolves to the Rocky Mountains is ''a chance to undo a great wrong'' done when wolves were exterminated from about 98 percent of their range by the mid-1900s.,Sci/Tech,?
"Reuters - Pirated versions of U2''s new album ''How\to Dismantle an Atomic Bomb'' have emerged on Internet\file-sharing networks two weeks before it goes on sale,\throwing into question its official release date.",Sci/Tech,?
"For some reason, noon just comes way too early, and making it to campus is a struggle. I thought one of my professors was going to be a stickler about it and dock me some points, but I had a talk with him to calm him down.",Sports,?
"Microsoft announced on Monday that it will not release a fifth service pack for Windows 2000, a popular version of the company #39;s operating system.",Sci/Tech,?
"A month ago getting beaten would have seemed like the end of the world to the fiercely driven Kelly Holmes. But, with two Olympic gold medals to her name, it does not seem so important now.",Sports,?
SAN FRANCISCO (CBS.MW) -- The latest results on the server market from research firm Gartner show IBM and Hewlett-Packard dueling for the top spots in terms of revenue and shipments.,Sci/Tech,?
"Nashville, TN (Sports Network) - Tennessee Titans wide receiver Tyrone Calico is expected to undergo surgery Thursday on his injured left knee.",Sports,?
"The online employment site remains at the top, but the rest of the field is gaining ground.",Business,?
WHAT skill Wayne Rooney has. Its very difficult to dive that well. Try it. Fall over on purpose and it looks as if you are falling down on purpose.,Sports,??? To determine if it's Sci/T
"Describing the new iMac G5, Chris Taylor writes in TIME,  #147;What you get for that money is quite possibly the coolest personal computer yet created. The cool is more than merely aesthetic. Unlike a lot of previous Mac machines, on which you could almost fry an egg, the iMac G5 #146;s beautiful white surface does not get noticeably hot. Nor, at a whisper-quiet 25 decibels, does it make enough noise for most people to hear #133; #148; Sep 7",Sci/Tech,?
Microsoft Corp. has quietly released a  quot;critical quot; Windows XP Service Pack 2 update to fix a serious flaw in the Windows Firewall utility.,Sci/Tech,?
"A Jordanian who disappeared in Iraq two weeks ago and was believed to have been kidnapped has been freed and is in the custody of Iraqi police, Foreign Ministry spokesman Ali al-Ayed told reporters yesterday. ",World,?
"Reuters - U.S. planes unleashed a fierce\attack on rebel targets in Najaf early on Thursday, a Reuters\witness said.",World,?
"ATHENS, Greece - Greek sprinters Kostas Kenteris and Katerina Thanou pulled out of the Athens Games on Wednesday, nearly a week after they missed a drug test and were later hospitalized following a suspicious motorcycle crash.   ''I''m withdrawing from the Olympics,'' Kenteris said after meeting with the International Olympic Committee''s disciplinary commission...",World,?
"US blue chips ended lower on Monday after a disappointing sales forecast from the world #39;s biggest retailer, Wal-Mart Stores Inc.",Business,?
Apple Computer has updated the software for some of its iPod digital media players so that songs bought from RealNetworks won #39;t play.,Sci/Tech,?
" ZAGREB (Reuters) - Under heavy police security, Croatia  removed two plaques commemorating Nazi-era officials on Friday  in the first such action since independence in 1991.",World,Sci/Tech
"The Somerset boys'' soccer team started the state tournament as an 18th seed and an afterthought in the race for the Division 2 state title. The Blue Raiders knew their coach, Whit Horton, would be retiring after their final game. Yesterday, they gave Horton the best retirement gift possible, the MIAA Division 2 state title, taking a 1-0 win over ...",Sports,[Options: ...] Let me think
"For those who need to make telephone calls in flight and don''t want to sell the second car to finance them, help is on the way.",Sci/Tech,?
"The Catholic shrine of Lourdes yesterday opened a special bank account and appealed for donations from the faithful after it emerged that last weekend #39;s visit by the Pope had left it with a 1.2m (812,000) deficit. ",World,?
"AP - There were still plenty, way too many, good seats available.",Sports,Sci/Tech
"Keith Foulke isn''t going to forget the last two nights anytime soon, but he won''t be dwelling on them either.",Sports,?
World champion Michael Schumacher drove the quickest time in the first practice on Friday for Sunday #39;s Japanese Formula One Grand Prix in Suzuka.,Sports,?
"HONG KONG Hutchison Whampoa has filed with US regulators to raise as much as \$2 billion in an initial public offering of its phone business in Hong Kong, India and six other markets.",Business,?
NewsFactor - Compuware accused IBM (NYSE: IBM) of improperly introducing 11th hour evidence in \order to delay a ruling in a legal battle between the two firms. \Compuware is suing IBM for allegedly stealing source code and using it \in its own software products.,Sci/Tech,?
 ATHENS (Reuters) - China led the Olympic medal race going  into the fourth day of competition on Tuesday with 10 golds.,Sports,?
"NEW YORK - Verizon Wireless, the hulking champ of the cellular world, is about to meet a new contender. Any day now, the Federal Communications Commission is expected to recommend the approval of Cingular ",Sci/Tech,?
The absence of a United States broadcaster at the Paralympic Games has led senior figures within the International Paralympic Committee to raise doubts over New York #39;s bid to host the Olympic and Paralympic Games in 2012.,Sports,?
"Holder Tim Henman, beaten 7-5, 6-1 at the Paris Masters by Russian Mikhail Youzhny in the third round Friday, has turned his sights toward the Masters Cup.",Sports,?
"The man who emerged from a pile of baseball fans clutching Barry Bonds #39; 700th home run ball last month is now richer by \$804,129.",Sports,?
"AP - Rashard Lewis scored a season-high 37 points, and the Seattle SuperSonics improved to 18-4 with a 108-93 win over the Los Angeles Lakers Tuesday night.",Sports,?
"Alan Greenspan, Federal Reserve chairman, said yestedray that the wave of US bank mergers since 1995 had increased the stability of the financial sector.",Business,?
"SAN JOSE, CALIF. -- Borland with its Software Delivery Optimization (SDO) plan is looking to enable users to manage software projects like a business, Borlands Boz Elloy, senior vice president of software ",Sci/Tech,?
"HOUSTON - Roger Clemens has pitched as many important games as any pitcher of his generation, including nine All-Star games and seven World Series outings.",Sports,?
Alcatel plans to acquire US-based mobile infrastructure company Spatial Wireless in a deal valued at \$250 million. The agreement gives Alcatel an avenue to expand in the US gear market.,Business,Sci/Tech
"Substitute striker Marlon King scored in the final seconds to give second division Nottingham Forest a 2-1 win over West Ham United on Sunday, as fans and players paid tribute to late Forest manager Brian Clough.",Sports,Sci/Tech
" NEW DELHI (Reuters) - Iran, OPEC''s second-biggest producer,  will comply with the cartel''s decision to curb excess output  and pump crude oil at its official quota, an official said on  Wednesday.",Business,?
"Slovenia pulled off a famous result yesterday, defeating Italy to go top of Group Five. A solitary goal by Bostjan Cesar after 82 minutes gave the hosts victory in Celje to inflict a first World Cup qualifying group defeat on Marcello Lippi #39;s side.",Sports,?
&lt;strong&gt;Review&lt;/strong&gt; Quite a tempting package?,Sci/Tech,Sci/Tech
Lawyers for Ravens running back Jamal Lewis are negotiating a plea deal in his drug conspiracy case that would allow him to serve jail time in the offseason.,Sports,?
"The powerful St. Louis trio of Albert Pujols, Scott Rolen and Jim Edmonds is 4 for 23 with one RBI in the series and with runners on base, they are 1 for 13.",Sports,?
"AP - President Bush and Sen. John Kerry bowed to the wishes of popular maverick John McCain on Thursday, as the president embraced the Republican senator''s legal fight against big-money special interest groups airing negative ads and the Democratic nominee scrapped a commercial that featured McCain.",World,?
"Back in Dallas, Steve Nash deftly ran the Phoenix offense and set up his new teammates with one smooth pass after another. Kevin Garnett kept the ball in his own hands, outclassing Shaquille O #39;Neal all night.",Sports,?
"MARK COLVIN: Melbourne - Australia #39;s home of Rugby Union. Doesn #39;t sound quite right, does it? And indeed this afternoon the Australian Rugby Union decided that the AFL-mad Victorian capital was not ready to ",Sports,?
"Moving a step closer to its goal of storage on demand, IBM Corp. today announced updates to its TotalStorage Open Software product line with the intention ",Sci/Tech,?
Thousands of people have marched through cities across Germany in renewed protests against welfare cuts. ,World,?
The British Grand Prix has been given a stay of execution after being included on Formula One #39;s draft 2005 calendar. Silverstone owners the British Racing Drivers #39; Club have ,Sports,?
"The next time you''re inclined to dismiss baseball''s Rule 5 draft in December as an exercise of little consequence, remember that Johan Santana, the pitcher Pedro Martinez said reminded him of a younger version of himself, only with better stuff, was a Rule 5 pick five years ago.",Sports,?
"PalmSource today announced entry into an agreement for the acquisition of China MobileSoft Limited (CMS), a leading Chinese mobile phone software company with business operations headquartered with its wholly-owned subsidiary, MobileSoft Technology ",Sci/Tech,?
"Apple Computer Inc. (AAPL.O: Quote, Profile, Research) on Friday said customers of its iTunes online music store can now use eBay Inc.",Sci/Tech,Sci/Tech
"ALICANTE, Spain -- Paul-Henri Mathieu pulled off a remarkable 6-3, 3-6, 2-6, 6-3, 6-3 victory against Spanish No. 1 Carlos Moya to give France a 1-0 lead on the opening day of their Davis Cup semifinal on Friday.",Sports,?
"There are so many new faces, it #39;s hard to keep them all straight. But despite all the upheaval, all the contracts and controversy that so dominated the summer, Jerry Sloan believes the sheer ",Sports,________.
"com October 20, 2004, 1:37 PM PT. Cyber threats, chiefly viruses like NetSky and Sasser, make security an ongoing concern as it holds steady over software infrastructure as the third top priority.",Sci/Tech,?
 TEHRAN (Reuters) - Iran rejected on Sunday a U.N.  resolution calling on it to freeze uranium enrichment  activities and threatened to stop snap checks of its atomic  facilities if its case were sent to the U.N. Security Council.,World,?
"US fans of the Metal Gear Solid series can at last start counting down the days till the release of Snakes next adventure, as Konami confirm that Metal Gear Solid 3: Snake Eater will be released in the US on November 17th.",Sci/Tech,?
"Identity theft meets the global virus epidemic, enabling fraud that finally gets people''s attention. ",Sci/Tech,?
AP - Congressional leaders on Sunday would not guarantee passage of an overhaul of the nation''s intelligence agencies by the November election but pledged to try to make it happen.,World,?
"AP - The Anaheim Angels capped a stirring comeback with one final rally, and now they''re champions of the AL West for the first time in 18 years.",Sports,Sci/Tech
"Michaels Stores Inc., the world #39;s largest arts and crafts retailer, on Wednesday reported second-quarter net income rose 10 percent but warned future results may not be as strong as previously expected.",Business,?
" JAKARTA (Reuters) - A suicide bomber in a Daihatsu minivan  packed with explosives was responsible for an attack at the  Australian embassy in Jakarta on Thursday that killed nine  people, Indonesian police said on Friday.",World,?
"Taking a page from the music industry #39;s playbook, the movie industry filed lawsuits in St. Louis and elsewhere Tuesday as part of a national campaign to crack down on piracy online.",Sci/Tech,?
"The productivity of America #39;s workers grew at a 1.8 percent annual rate in the third quarter, the slowest pace in nearly two years, the government reported Tuesday.",Business,?
" EDEN PRAIRIE, Minn., (Sports Network) - The Minnesota  Vikings added some much- needed depth to its secondary on  Tuesday by signing veterans Terrance Shaw and Ralph Brown.",Sports,?
England heads into today #39;s Champions Trophy semifinal against Australia at Edgbaston without a win over its old rivals in their last 14 one-day internationals.,Sports,?
"You cant get your hands on one quite yet (they want to see how badly you really want it and so wont be shipping them out until the 18th), but tons of reviews of Dells new Axim X50 and X50v Pocket PCs have started popping up, and as were known ",Sci/Tech,?
THE calamity-prone Arsenal goalkeeper Jens Lehmann will be the centre of more derision from Gunners fans after his two horrendous blunders cost the English giants an important win in a 2-2 draw with Panathinaikos in Athens.,Sports,?
"The 0.85-inch diameter drive is a candidate for cell phone storage, but can the product compete against flash memory?",Sci/Tech,?
"AP - Results of recent polls on the presidential race. Listed above each set of results is the name of the 2000 winner in a given state, the organization that conducted the poll, the dates, the number interviewed, whether it was adults, registered voters (RV) or likely voters (LV) and the margin of error (MoE). Results may not total 100 percent because of rounding.",World,?
There were countless outings for Sidney Ponson earlier in the year when a slow start roiled into a disastrous outing. He would simply feel the game slipping from ,Sports,?
"Lockheed Martin won a contract worth up to \$3.27 billion Friday to build a new communications satellite network for the US military, using spacecraft that will be assembled at the firm #39;s huge campus in Sunnyvale.",Business,Sci/Tech
"Aviation legend Burt Rutan won the \$10 million Ansari X Prize on Monday with another flight to space for his SpaceShipOne, capping an eight-year quest in the St.",Sci/Tech,?
"In related news, it was announced yesterday that Warner Bros. Interactive Entertainment, DC Comics and Electronic Arts will bring a Batman Begins videogame tie-in.",Sci/Tech,?
"AFP - The opposition Labor Party renewed its pledge to withdraw Australian troops from Iraq if it wins October 9 elections, setting relations with ally Washington at the center of the election campaign.",World,?
"Ukraine needs your support. On Sunday December 26, 2004, a re-vote of the run-off for the Presidential Election in Ukraine is planned.  nbsp;Anyone who is over the age of 18 and a citizen of another country (i.e. other than Ukraine) can become an international observer.  nbsp;(Ukrainian citizens can be local observers)  nbsp;The Ukrainian Canadian Congress (UCC), in cooperation with the Ukrainian Congress Committee of America (UCCA), has organized international election observers for the first two rounds and are now seeking observers for round three.  nbsp;You do not need to be Canadian to register through the UCC, you may be a citizen of any country except Ukraine.  nbsp;You can make a contribution to democracy in Ukraine and spend the most interesting Christmas ever by coming to Ukraine to observe the elections.",Sci/Tech,?
German man sentenced to three years for selling counterfeit Microsoft products.,Sci/Tech,?
England #39;s cricket team has scored a 152 run win over Zimbabwe in their first match of the International Cricket Council #39;s Champions Trophy tournament in Edgbaston.,Sports,?
"Next, you could have a Motorola mobile phone with MasterCard PayPass to help you spend money faster.  quot;This is layering on more features to make the cell phone ",Sci/Tech,?
"Reuters - U.S. Treasury debt prices rallied on\Thursday, knocking yields to five-months lows, as low inflation\and soft manufacturing figures triggered a buying spree that\took on a technical momentum of its own.",Business,?
"With a series of events being strung together, rumors about Google building a browser are running amok. Speculation about the Google browser intensified after its recent hiring spree.",Sci/Tech,Sci/Tech
Reuters - Earl Boykins contributed 22 points to\help the Denver Nuggets overcome the absence of top scorer\Carmelo Anthony to defeat the New Orleans Hornets 76-67 Monday.,Sports,?
"The way the Boston Red Sox and New York Yankees have sprung to life at baseball #39;s winter meetings, you #39;d swear they were again in a two-team contest.",Sports,?
The future of Alitalia is at stake as the Italian flagship carrier meets with unions Monday to reveal the number of planned job cuts as part of a restructuring plan aimed at averting collapse.,Business,?
 ATHENS (Reuters) - Argentina upset three-times defending  champions the United States 89-81 in their semi-final at the  men''s Olympic basketball Friday.,Sports,?
"Scottish Football Association chief executive David Taylor has again insisted that Berti Vogts #39; job is secure, for the immediate future at least.",Sports,?
" LIVERPOOL, England (Reuters) - Anxious Britons awaited news  on Wednesday of hostage Kenneth Bigley after his captors in  Iraq said they beheaded the second of two Americans being held  with him.",World,?
"It was 3:45 pm ET on Wednesday afternoon when Expos president Tony Tavares held a team meeting to inform the players that the Expos franchise would be relocated to Washington, DC, starting in 2005.",Sports,?
"The Cassini spacecraft #39;s close flyby of Saturn #39;s mysterious moon Titan this week revealed clouds that will give clues to its weather, but the pass left scientists still puzzled about its surface.",Sci/Tech,?
"In the most highly anticipated Wall Street debut since the heady days of the dot-com boom, shares of Google surged nearly 20 percent on their first day of public trading Thursday as the quirky Internet company completed its much-hyped initial stock ...",Business,?
"AP - Illinois coach Ron Turner deflected questions about his future all season long, not wanting to be a distraction or take away from his players and the games they had left.",Sports,?
 NEW YORK (Reuters) - Former Computer Associates  International Inc. on  chief executive Sanjay Kumar was charged  on Wednesday with securities fraud and obstruction of justice  stemming from a two-year investigation of improper accounting  at the software maker.,Business,?
"AUSTIN, Texas A 36-year-old man has been arrested in England for allegedly having sex with a 15-year-old Austin girl he met in an Internet chat room.",Sci/Tech,?
"WASHINGTON, Aug. 17 (Xinhuanet) -- Output at US factories, mines and utilities rose by 0.4 percent in July, nearly recovering from a 0.5 percent plunge in June, the Federal Reserve said on Tuesday. ",Business,?
"Federal regulators have found evidence suggesting that mortgage giant Fannie Mae manipulated earnings to facilitate bigger bonuses to executives, according to a lawmaker familiar with the findings.",Business,?
"Pro baseball: Texas vs. Red Sox at Fenway Park, 7 p.m.; International League -- Rochester vs. Pawtucket at McCoy Stadium, Pawtucket, R.I., 7 p.m.",Sports,?
"From a changed attitude at PeopleSoft Inc. to the company''s acquisition of J.D. Edwards   Co. last year, Craig Conway clearly made a difference during his five years as CEO.",Sci/Tech,?
"AP - Tony Batista homered twice to reach 30 this season, Livan Hernandez pitched another complete game and the Montreal Expos beat the New York Mets 6-1 Tuesday night before just 3,839 at Olympic Stadium.",Sports,?
"Talking in a teleconference this afternoon, David Richards insisted that the ending of the  quot;consultancy contract quot; between BAR and Prodive, and his subsequent departure from the team, was a mutual decision.",Sports,?
" ISLAMABAD (Reuters) - Pakistan air force jets bombed  suspected al Qaeda-linked militants in a western tribal region  on Thursday, a day after six people were killed there in  clashes between government troops and gunmen, officials said.",World,__________
"TUCSON - The Arizona football team is sticking with quarterback Kris Heavner, but Wildcats coach Mike Stoops wants the sophomore to improve.",Sports,?
Vijay Singh remained on course for a fifth victory in six events with a second-round 68 to lead the 84 Lumber Classic tournament in Pennsylvania.,Sports,?
"Ziff Davis - The company will launch an OpenSolaris site on Friday, but an open-source version of Sun''s operating system is still a long way off.",Sci/Tech,?
Mr. Susilo Bambang Yudhoyono is set to become Indonesia #39;s next president. The former general has been projected as the landslide winner of this week #39;s presidential ballot.,World,?
"WASHINGTON - People fishing for sport are doing far more damage to US marine fish stocks than anyone thought, accounting for nearly a quarter of the catch from overfished species, researchers said.",Sci/Tech,?
Sun President Jonathan Schwartz has a pre-Halloween case of the creeps--and for good reason.,Sci/Tech,?
"AP - Terrell Owens caught Donovan McNabb''s long pass in stride, raced into the end zone, put his hands on his hips, stared at the crowd and nodded his head.",Sports,?
"US law enforcers have arrested dozens in a crackdown on  quot;spam quot; e-mail, identity theft and other fraudulent online activity, a person involved in the investigation says.",Sci/Tech,?
"Microsoft last week faced accusations of short-changing its Software Assurance customers following its decision to strip core features from the next major Windows client operating system, codenamed Longhorn.",Sci/Tech,?
"AFP - The Nigerian Senate has ordered Anglo-Dutch oil giant Shell to pay 1.5 billion dollars (1.2 billion euros) compensation for damages caused by nearly 60 years of exploration in the Niger Delta, a Senate document said.",World,?
"Annika Sorenstam was hitting the ball so well she knew exactly where it was going. Combine that with an unusually calm day in south Florida, and her name atop the leaderboard was no surprise.",Sports,?
Company''s communication system integrates cell phone functions into Land Rover''s ''central infotainment display.'',Sci/Tech,?
A 24-year-old Romanian cheats a California computer equipment distributor out of \$10 million. An Australian teenager causes a release of raw sewage by hacking into a treatment plants system.,Sci/Tech,?
" quot;It #39;s the kind of thing we expected, but we thought we might never find a fossil that would justifiably show it, quot; said Mark Norell, who co-authored a paper that describes the new species.",Sci/Tech,Sci/Tech
"new study shows that genes from genetically engineered grass can spread much farther than previously known, a finding that raises questions about the straying of other plants altered through ",Sci/Tech,?
"Lake Forest, IL (Sports Network) - Chicago Bears Pro Bowl linebacker Brian Urlacher is expected to be sidelined four-to-six weeks because of a lower left leg injury.",Sports,?
"Apple #39;s iTunes Music Store may be the current 800-pound gorilla of the online music industry (as far as paid downloads are concerned), but now Yahoo - possibly the most visited site on the Internet - is getting into the fray, paying \$160 million in cash ",Sci/Tech,?
"CORUS, the Anglo-Dutch steel-maker, today hit a landmark point in its recovery as it revealed it had achieved its first profitable six months since its creation from the merger of British Steel and Dutch firm Royal Hoogovens in 1999.",Business,?
"NewsFactor - Home computer users who think that they are well protected from malevolent acts should think again. The vast majority of home computers operate at risk of intrusion by invasive code, according to the results of a study conducted by America Online and the National Cyber Security Alliance.",Sci/Tech,?
"Jerome Williams gave the San Francisco Giants just the jolt they needed last night. Pitching for the first time in two months, the 22-year-old Waipahu High graduate from Hawai ",Sports,[ ]
" ATLANTA, Georgia (Reuters) - Veteran Jay Haas edged closer  to his first PGA Tour win for more than 10 years on Friday with  a four-under-par 66 for the halfway lead at the Tour  Championship.",Sports,?
Shanghai. (Interfax-China) -The World Health Organization (WHO) warned the of potential dangers of an outbreak of influenza H5N1 infections in pigs in China.,World,?
" KIEV, Ukraine (Reuters) - Ukraine''s outgoing leader denied  on Tuesday he had agreed on concessions with his opponents to  end a crisis that has plunged the country into turmoil and  driven a wedge between Russia and the West.",World,?
"LONDON (CBS.MW) -- Credit Suisse #39;s (CSR) CEO, Oswald Gruebel, said the Credit Suisse First Boston name may be scrapped but not immediately, AFX News reported.",Business,?
"So a few weeks ago, the two astronauts who live there tossed out some useless junk, like so many old hubcaps for the trash heap. Only this stuff floated away in space.",Sci/Tech,?
"Four-time champion Liverpool progressed to soccer #39;s Champions League 2-1 on aggregate, overcoming a 1-0 home defeat to AK Graz in the second leg of qualifying.",Sports,?
" CHICAGO (Reuters) - The twin burdens of soaring fuel prices  and slipping airfares clobbered the airline industry again in  the third quarter, leaving three of the top four U.S. carriers  to post quarterly losses on Wednesday.",Business,?
Arsenal forgot their usual fluent style but still managed to beat PSV Eindhoven 1-0 in their Champions League opener. The Gunners scraped past the defensively minded Dutch side at Highbury thanks only to a first-half own goal from Alex.,Sports,?
 #39;The ongoing stimulus of lower-than-expected mortgage interest rates was the primary driver of strong home sales in October. #39;.,Business,?
" NAJAF, Iraq (Reuters) - U.S. helicopter gunships pounded  Shi''ite militias in the holy Iraqi city of Najaf on Sunday as  tanks rumbled to within 800 meters (yards) of a besieged shrine  at the center of a near three-week insurgency.",World,?
"For all the polls that show how football is now America''s most popular game, the Yankees-Red Sox showdown for the American League pennant is this year''s sweet reminder that October baseball is the best game, the best theater in sports for moments to remember.",Sports,?
"IBM (IBM) said Tuesday that it would sell its PC business to Lenovo, China #39;s No. 1 PC maker, in a \$1.75 billion deal that marks the end of an era.",Business,?
"Demandware service designed to help midsize firms open shop online as fast as with a hosted service, but with more customization.",Sci/Tech,Sci/Tech
"Hand-held computer and scanner maker Symbol Technologies Inc. and wireless network equipment maker Proxim Corp. settled their patent dispute, the companies said Tuesday.",Business,?
" BEAVER CREEK, Colorado (Reuters) - Norwegian Lasse Kjus won  a World Cup giant slalom for the first time in nine years as  Alpine skiing''s golden oldies relived their past glories on  Saturday.",Sports,?
"Mazda will soon introduce the hybrid version of the Mazda Tribute, which is a shared platform with the Ford Escape. From the sound of it, this should be coming to market for the 2006 model year.",Sci/Tech,?
"KINGSTON, R.I. -- The University of Rhode Island''s 27-24 victory over the University of Massachusetts yesterday at Meade Stadium was the sort of game the 4,376 on hand for Homecoming Day could savor.",Sports,?
\A specially shaped camera lens which means images are never out of focus could find its way onto camera phones.,Sci/Tech,Sci/Tech
ANDRE AGASSI #39;s chances of qualifying for the season-ending Masters Cup suffered a setback in Stockholm today. The No.1 seed lost 3-6 6-3 7-6 to Thomas Johansson in the (\$1.,Sports,World
AP - John Halama and the Boston Red Sox finalized a one-year contract Wednesday.,Sports,?
Manchester United fans may be in for an anxious wait before learning whether Malcolm Glazer intends to launch a takeover bid for the Old Trafford club.,Sports,?
There were about 40 seconds left. The Finns had pulled their goaltender. Coach Pat Quinn had to put out someone to protect Canada #39;s one-goal lead in the final of the World Cup of Hockey on Tuesday night.,Sports,?
"A growing number of older Americans are discovering the Internet. Across the country, programs have sprouted at senior centers and libraries to help people master the Internet, which advocates say is an important tool for seniors trying to overcome isolation and stay independent.",Sci/Tech,?
Rangers fans have reacted angrily to suggestions from the Celtic manager Martin ONeill that his midfielder Neil Lennon was the victim of sectarian and racial abuse during the Old Firm game at the weekend.,Sports,Sci/Tech
 #39;Ol #39; Blue Eyes #39; provided an emotional musical tribute to  #39;Old Big  #39;Ead #39; as Nottingham Forest celebrated the remarkable life of Brian Clough ahead of today #39;s game with West Ham.,Sports,World
"AP - One day after the most lopsided loss in the 115 years of Nebraska football, the coaching staff told the Cornhuskers to forget about it.",Sports,?
"GAZA CITY, Gaza Strip - Israeli helicopters attacked a Hamas training field early Tuesday, killing at least 13 Palestinians and wounding 25 in the bloodiest strike in Gaza in months, officials from both sides said. Most of the casualties were members of the anti-Israeli militant group...",World,?
ll the emotion Venus Williams crammed into staving off elimination against Lindsay Davenport at the United States Open last night saved the 25th edition of their rivalry from being a dud.,Sports,?
"India test-launched an Agni II surface-to-surface missile capable of carrying nuclear weapons yesterday. The trial, on the testing range on Wheeler Island off eastern Orissa state, was the third trial of the ",World,?
Jewish leaders expressed growing frustration this week with continuing anti-Semitic violence in Europe following the torching of a Jewish community center in Paris early Sunday.,World,?
"Dhaka, December 8: The 15-member Indian cricket team arrived in the Bangladeshi capital amidst unprecedented security following a death threat but captain Sourav Ganguly said the pre-tour developments would have no bearing on the performance of his players ",Sports,?
British scientists are claiming a world first after finding a way to use hydrogen to fuel cars.,Sci/Tech,?
Reuters - A Yemeni\accused of guarding Osama bin Laden with explosive belts seemed\to acknowledge his al Qaeda membership on Thursday before a\U.S. military tribunal hearing fraught with translation\problems.,World,?
"Jeff Kent ends a pitcher''s duel with a three-run homer in the ninth Monday that lifts the Astros over St. Louis, 3-0, for a 3-2 edge in the NLCS.",Sports,?
"TOKYO: A powerful typhoon was poised to strike the southwestern Japanese island of Kyushu today, threatening large areas of the country with strong winds and heavy rain.",World,?
Scientists of the US National Aeronautics and Space Administration say its spacecraft Mars Odyssey will prolong its stay in space until at least September 2006.,Sci/Tech,?
"Fourth-string quarterback Seneca Wallace led Seattle on two touchdown drives as the Seahawks defeated the Packers, 21-3, on Monday night.",Sports,?
Yahoo has quietly expanded its local business listings and rolled out a service that gives businesses control over their listings in Yahoo Local through a new paid inclusion program.,Sci/Tech,?
NEW YORK - US stocks are seen in a contemplative mood Friday with the revised second-quarter gross domestic product reading likely to have a large bearing on sentiment and overall direction.,Business,?
"GAZA CITY -- An explosion wounded a senior Islamic Jihad field commander, Mohammed Khalil, in a Gaza refugee camp Thursday in what the Palestinian militant group said was an assassination attempt by Israel.",World,?
"Reuters - An ape that lived 13 million years\ago in what is now Spain may have been the last common ancestor\of all apes, including chimpanzees, gorillas, orangutans and\humans, researchers said on Thursday.",Sci/Tech,?
"TIM HENMAN last night admitted all of his energy has been drained away as he bowed out of the Madrid Masters. The top seed, who had a blood test on Wednesday to get to the bottom of his fatigue, went down ",Sports,Sci/Tech
Donald J. Trump may have a new project for his apprentices - helping him try to figure out how to take his troubled casino company private after a proposed bailout fell through.,Business,?
Customers at the Blockbuster at Grant Street and East Sixth Avenue in Denver welcomed the company #39;s announcement to abandon late fees.,Business,Sci/Tech
Symantec has unveiled new versions of its Norton security products--beefing up some of the real-time and automated features--and will release them in the next few weeks. ,Sci/Tech,?
_ Jamal Lewis ran for 186 yards as Baltimore dumped Cincinnati 23-to-9. He had a 75-yard touchdown sprint that clinched win win for the 2-and-1 Ravens.,Sports,?
roundup Plus: Oracle gives PeopleSoft shareholders more time...Cisco reports access control server flaws...Toshiba tinkers with Wi-Fi for TV.,Sci/Tech,?
"AP - For Marion Jones, Sydney must seem far more than half a world away. Those Olympics were some dreamland where she ruled track and field with a golden touch and a sweet smile, winning five medals that turned her into an international superstar.",Sports,?
"MINNEAPOLIS -- Marion Barber III and Laurence Maroney each surpassed 100 yards rushing for the fifth time in 15 games, and No. 22 Minnesota fought off Illinois State in an unimpressive 37-21 victory yesterday.",Sports,Sci/Tech
"arely two months before the presidential vote, Missouri #39;s secretary of state has suddenly announced that he will allow military voters from his state - one of the most pivotal in the election - to e-mail ballots from combat zones to the Defense Department ",Sci/Tech,?
"FOXBORO, Mass.  Bill Belichick took a few minutes Monday to convey his congratulations to his offensive coordinator on becoming Notre Dame #39;s head coach.",Sports,?
Wine and spirits maker Brown-Forman Corp. said Friday that heavy trading volume of its Class B common shares was due to sales from a  quot;non-affiliate Brown family trust.,Business,Sci/Tech.
"Hewlett-Packard Co. said it has launched a 3,999 yuan (\$483 in the US) computer in China. HP #39;s new model, part of its Pavilion series, features a central processing unit (CPU) from Advanced Micro Devices Inc.",Sci/Tech,?
"10:12 pm: This is it. If the Red Sox are ever going to do something, it #39;s got to be now. It #39;s the bottom of the fifth inning in Game 4. Two outs.",Sports,?
"Venus Williams of the United States returns the ball to Croatia #39;s Karolina Sprem, during their first round match, at the Swisscom Challenge Tennis Tournament in Kloten, Switzerland, Tuesday, Oct.19, 2004.",Sports,?
"Steve Coll, The Washington Post #39;s managing editor for six years, said today he is stepping down at the end of the year to pursue book projects.",Business,?
"The impact on physical anthropology of the diminutive hominid Homo floresiensis cannot be understated. The discovery in a rock shelter on the Indonesian island of Flores , announced in the ",Sci/Tech,?
ANAHEIM ---- The Anaheim Angels began their off-day workout for the American League divisional series Monday with a gentle breeze blowing through Angel Stadium and flipping the flag from their 2002 World Series championship in center field.,Sports,?
Japanese police have searched a nuclear plant owned by Kansai Electric Power for evidence of any negligence that may have led to a deadly accident there last month.,World,?
"Hackers have posted thousands of messages advertising pictures of David Beckham, supposedly in a compromising position. What inquisitive users actually get is the Hackarmy trojan horse -- a ",Sci/Tech,Sports
" SAN FRANCISCO (Reuters) - No 2. U.S. book retailer Borders  Group Inc. &lt;A HREF=''http://www.investor.reuters.com/FullQuote.aspx?ticker=BGP.N target=/stocks/quickinfo/fullquote''&gt;BGP.N&lt;/A&gt; on Tuesday posted a quarterly loss versus a  year-ago profit, hurt by sluggish store traffic and a slowdown  in sales of bestsellers.",Business,?
"Unix vendor SCO Group Inc became the victim of a hacker over the Thanksgiving weekend, in an apparent response to the company #39;s claims against the Linux operating system.",Sci/Tech,?
 NEW YORK (Reuters) - Lifestyle guru Martha Stewart said on  Wednesday she wants to serve her prison sentence for lying over  a suspicious stock sale as soon as possible so she can put her  ''nightmare'' behind her.,Business,?
"MIDDLESBROUGH, Aug 24 (SW) - Michael Reiziger will be sidelined for the coming six to eight weeks. The player dislocated his shoulder a few weeks ago and is unable to play on.",Sports,?
"BAGHDAD, Iraq - A US military official in Iraq says seven American marines have been killed today in a car-bomb explosion. Several other Marines have been wounded in the attack.",World,?
AFP - Australian Prime Minister John Howard called a general election for October 9 with his conservative government trailing well behind the opposition Labor Party in opinion polls.,World,?
"In a judicial blow to the entertainment industry, a federal appeals court ruled that makers of two leading file-sharing programs are not legally liable for the songs, movies and other copyright works their users swap online.",Sci/Tech,?
"Reuters - Intel and Nokia will jointly\develop smart phones that run on the Symbian operating system,\the two tech giants said on Tuesday, unveiling their first\major cooperative effort in cell phones.",Sci/Tech,?
Is the country better prepared to prevent a repeat of last August''s deadly crisis?,World,Sci/Tech
"Description: Actor Carl Reiner found his life #39;s calling in the third grade, making his classmates laugh by walking on his hands. The actor, comedian and director joins NPR #39;s Neal Conan and takes calls. ",Sci/Tech,?
"Reuters - The Department of Homeland Security\named an acting U.S. cybersecurity chief on Thursday as\Congress weighed whether to give the position greater clout to\fight hackers, viruses and other online threats.",Sci/Tech,?
"ATLANTA - Who could have imagined Tommy Tuberville in this position? Yet there he was Friday, standing alongside the SEC championship trophy, posing for pictures and undoubtedly chuckling a bit on the inside.",Sports,?
"Two years in a row, the Patriots #39; veteran outside linebacker has made the biggest play at exactly the right moment to maintain the separation between the Colts and true greatness.",Sports,?
"According to a report in the Arizona Republic, the Diamondbacks have signed third baseman Troy Glaus to a four-year contract worth \$45 million.",Sports,Sci/Tech
"The FBI yesterday seized a pair of UK servers used by Indymedia, the independent newsgathering collective, after serving a subpoena in the US on Indymedia #39;s hosting firm, Rackspace.",Sci/Tech,?
The real estate and travel company says it will continue to look for a buyer of its mortgage business. ,Business,?
It is the Iraqi people who come best out of the end of the Najaf siege. This has been a triumph for the moderate majority who until yesterday felt themselves powerless to influence the wretched course of events in their own country.,World,?
" VIRGINIA WATER, England (Reuters) - Defending champion  Ernie Els completed a 2-and-1 victory over Briton Scott  Drummond when the rain-delayed World Match Play Championship  first round resumed at Wentworth Friday.",Sports,?
"Technology industry reps say they failed to reach consensus with the entertainment industry on language for the proposed Induce Act, which would make it illegal to encourage copyright infringement. By Katie Dean.",Sci/Tech,__________
"I #39;ve had my review unit of the PalmOne TungstenT5 for about 8 hours now, and I #39;m ready to make a first pass at PalmOne #39;s newest high-end model.",Sci/Tech,Sci/Tech
"Tokyo #39;s Nikkei fell 0.67 percent by mid-morning on Monday, extending losses into a seventh session as worries about higher oil prices hit airlines while banks and retailers wilted on concerns about the domestic economic outlook.",Business,?
"The graphics library, an alternative to Microsoft''s DirectX, gets new features designed to add razzle-dazzle to PC games.",Sci/Tech,?
Legitimate mortgage lenders inadvertently support--and get tangled in--spam traps.,Sci/Tech,?
ANALYST NATHAN BROOKWOOD has raised several questions about a technology announcement Intel made last week on Pentium 4 dual core processors and wonders just what technology was under the hood.,Sci/Tech,Sci/Tech
"Colgate-Palmolive Co. and Unilever NV warned of profit shortfalls Monday, leading an overall decline for stocks in consumer goods makers, who face tougher competition and increased ",Business,?
"The computer crash that shut down systems at Britain #39;s Department for Work and Pensions only caused delays in dealing with new and amended claims, according to the agency.",Sci/Tech,Sci/Tech
"December 9, 2004 - PalmSource Inc. has purchased China MobileSoft Ltd., Nanjing, a vendor of mobile phone software and operating systems.",Sci/Tech,?
Denver Nuggets star Carmelo Anthony beat a marijuana rap yesterday and then smoked the Raptors. Pot possession charges filed earlier this year against the sophomore were dismissed prior to last night #39;s game ,Sports,?
A new Catholic migrant outreach center named for former Diocese of Tucson Bishop Manuel D. Moreno is drawing protests from a support group for victims of clergy abuse.,Business,?
ATHENS (CP) - Canadian sprinter Earle Connor has been suspended from the Canadian Paralympic team pending the final review of his positive drug test by the Canadian Centre for Ethics in Sport.,Sports,?
SOUTHHAMPTON - West Indies want to redeem a disappointing summer with a place in the Champions Trophy final while Pakistan are equally as eager to continue its resurgence under new coach Bob Woolmer.,Sports,?
CHICAGO (CBS.MW) -- Circuit City Stores shares plummeted 10 percent Monday after the nation #39;s No. 2 electronics retailer said that its third-quarter same-store sales fell 4.3 percent.,Business,?
"Reuters - Beauty may not be just in the\eye of the beholder after all because a sense of visual\attraction is hardwired in the brain at birth, a British\scientist said on Monday.",Sci/Tech,?
"Microsoft will introduce its long-awaited Internet search engine on Thursday, a person knowledgeable about the announcement said.",Sci/Tech,?
" PARIS (Reuters) - Fed Cup holders France will be without  world number two Amelie Mauresmo for this month''s finals in  Moscow, shortening the odds on a first title for Russia.",Sports,?
" NEW YORK (Reuters) - Alcoa Inc. &lt;A HREF=''http://www.investor.reuters.com/FullQuote.aspx?ticker=AA.N target=/stocks/quickinfo/fullquote''&gt;AA.N&lt;/A&gt;, the world''s biggest  aluminum producer, on Monday cautioned its shareholders about  an unsolicited, below-market ''mini-tender'' offer being made by  Toronto-based TRC Capital Corp. to buy up to 3.5 million of its  shares.",Business,?
"SPACE.com - Every August, when many \  people are vacationing in the country where skies are dark, the best-known meteor \  shower makes its appearance. The annual Perseid meteor shower, as it is called, \  promised to put on an above average display this year.",Sci/Tech,?
Silverstone racing track owners are confident they will reach an agreement with Formula One rights holder Bernie Ecclestone for a British Grand Prix next July.,Sports,?
"It was another head-scratching turn in a Giants season in which no good deed seems to go unpunished. Brett Tomko got his eighth win Tuesday night, a 9-5 victory over the Colorado Rockies that lifted the Giants ",Sports,?
"Man Utd reach an ''outline agreement'' to sign Wayne Rooney, as Everton press for the ''best available deal''.",World,?
"Do-it-yourself phishing kits are being made available for download free of charge from the Internet, according to anti-virus firm Sophos.\",Sci/Tech,?
" NEW YORK (Reuters) - U.S. blue chips were near unchanged on  Thursday but technology stocks slipped, as a broker downgrade  on the semiconductor industry rattled investors, while  coffee-shop chain Starbucks &lt;A HREF=''http://www.investor.reuters.com/FullQuote.aspx?ticker=SBUX.O target=/stocks/quickinfo/fullquote''&gt;SBUX.O&lt;/A&gt; disappointed with slowing  growth.",Business,?
"Oakland, CA (Sports Network) - The Oakland Athletics have acquired infielder Keith Ginter from the Milwaukee Brewers in exchange for pitcher Justin Lehr and outfielder Nelson Cruz.",Sports,?
"OCTOBER 04, 2004 (COMPUTERWORLD) - Some things are patently ridiculous. One is the US patent system, an institution in desperate need of reform.",Sci/Tech,?
LONDON (AFP) - England coach Andy Robinson was in upbeat mood despite a 21-19 Twickenham defeat against Australia that was the team #39;s first loss since the resignation of World Cup-winning supremo Sir Clive Woodward.,Sports,?
 NEW YORK (Reuters) - Shares of Home Depot Inc. &lt;A HREF=''http://www.investor.reuters.com/FullQuote.aspx?ticker=HD.N target=/stocks/quickinfo/fullquote''&gt;HD.N&lt;/A&gt; rose  before the opening bell on Tuesday after the world''s largest  home improvement retailer reported a 19 percent rise in  second-quarter profit.,Business,?
LONDON (AFP) - The race to save the British Grand Prix descended into acrimony with Formula 1 supremo Bernie Ecclestone issuing a libel writ against Jackie Stewart.,Sports,?
"The Yankees, Diamondbacks and Dodgers are still working to complete a deal that would put Randy Johnson in pinstripes, send Shawn Green to Arizona and land Javy Vazquez in Los Angeles.",Sports,?
Reuters - Democrats raised new questions about\President Bush''s Vietnam-era National Guard service on\Wednesday as White House hopeful John Kerry charged the Iraq\war was draining resources from the U.S. economy at home.,World,?
A DISTRAUGHT Lleyton Hewitt was last night coming to terms with the end of his engagement to Kim Clijsters. The couple had been planning to marry in February and had even decided a guest list.,Sports,?
The Securities and Exchange Commission said Thursday it filed settled fraud charges against San Francisco-based Van Wagoner Capital Management Inc.,Business,Sci/Tech
"SPACE.com - Astronomers have spotted a faint cluster of stars in or near our galaxy, but they''re not sure what to call the grouping.",Sci/Tech,Space Exploration
Motorsport.com. Rubens Barrichello finally got the win he has been waiting for when he led Michael Schumacher across the line to take a Ferrari one-two at the Italian Grand Prix.,Sports,?
The scooter maker is testing a new four-wheel gadget that travels 20 mph and can handle rough terrain.,Sci/Tech,?
"AP - Gordon Cooper, who as one of the original Mercury astronauts was a pioneer in human space exploration, has died. He was 77.",Sci/Tech,?
"26 August 2004 -- Iraq #39;s top Shi #39;ite cleric, Grand Ayatollah Ali al-Sistani, arrived in the city of Al-Najaf today in a bid to end a weeks-long conflict between US forces and militiamen loyal to Shi #39;ite cleric Muqtada al-Sadr.",World,?
"The US has a new head of cyber security, a week after his predecessor suddenly resigned.",Sci/Tech,Sci/Tech
Johnny Cash''s instruments and possessions raise almost \$4m (2.2) after a three-day auction in New York.,World,?
"Finnish mobile phone manufacturer Nokia Corp. will offer mobile anti-virus software through F-Secure Corp. as one of the features in its new Nokia 6670 smart phone when it is released in October, the companies announced Thursday.",Sci/Tech,?
AP - Passengers taking to the skies for U.S. flights could be checking e-mail and surfing the Web through high-speed Internet connections in a couple of years. And the day when travelers can chat away on cell phones while in flight might not be far behind.,Sci/Tech,?
Reuters - Anxious Britons awaited news\on Wednesday of hostage Kenneth Bigley after his captors in\Iraq said they beheaded the second of two Americans being held\with him.,World,___
"AP - Calling video voyeurism the new frontier of stalking, the House on Tuesday approved legislation to make it a crime to secretly photograph or videotape people, often for lascivious purposes.",Sci/Tech,?
"When competing sides fall out of balance on shows such as  quot;The Apprentice quot; or  quot;Survivor, quot; they usually mix up the teams to even things out.",Sports,?
"IBM Corp. next week will begin shipping the second generation of its rack-mounted dual processor servers based on Advanced Micro Devices Inc.''s (AMD) Opteron microprocessor. The new server, called the eServer 326, will be IBM''s first product specifically designed to support the upcoming dual-core Opteron processors that AMD is expected to ship next year.",Sci/Tech,?
"News.com reports in the article: Microsoft fixes date for desktop search tool, that the company will offer up a beta release of a desktop search by the end of this year.",Sci/Tech,?
AP - Cedric Benson rushed for 150 yards and two touchdowns and No. 9 Texas shook off a post-Oklahoma hangover Saturday with a 28-20 win over Missouri.,Sports,?
 LONDON (Reuters) - Oil prices hit a new record near \$51 a  barrel on Tuesday as a prolonged U.S. production outage  following Hurricane Ivan attracted fresh speculative buying.,Business,?
Eric Shelton ran for three touchdowns and No. 24 Louisville earned its second shutout of the season with a 34-0 victory over North Carolina on Saturday.,Sports,?
Fraudsters have developed a potent new computer program that steals Internet banking customers #39; details by duping them into opening up ,Sci/Tech,?
It only takes 20 minutes on the Internet for an unprotected computer running Microsoft Windows to be taken over by a hacker. Any personal or financial information stored ,Sci/Tech,?
"NEW YORK (CBS.MW) -- The Blackstone Group agreed to buy Prime Hospitality Corp., which owns Wellesley Inn and AmeriSuites hotels, for \$790 million, including the assumption of debt. ",Business,?
"VIENNA, Sept 17 - The UN nuclear watchdog has found no signs of nuclear-related activity at a site in Iran called Parchin that several US officials have said may be linked to secret atom bomb research, Mohamed ElBaradei said on Friday.",World,?
"A campaigner dressed as Batman, from a fathers #39; rights group staged a dramatic protest on a Buckingham Palace balcony on Monday.",World,?
"Spain #39;s Constantino Zaballa, riding for the Saunier Duval team, broke away early in the day for an easy win in Friday #39;s 19th stage of the Tour of Spain over Avila and Collado Villalba.",Sports,?
Prison maintenance workers stage a 48-hour strike to protest against a pay deal unions describe as ''insulting''.,World,Sports
"New computer code that exploits a recently disclosed hole in Microsoft Corp.''s Internet Explorer Web browser is circulating on the Internet and could allow remote attackers to take full control of vulnerable Windows machines, according to warnings from antivirus companies and Internet security experts.",Sci/Tech,?
"washingtonpost.com - When it began two decades ago, the company now known as Lenovo Group Ltd. was little more than a glorified delivery service, a venture launched by academic researchers in Beijing who earned cash by distributing personal computers built by prominent brands in faraway countries.",Sci/Tech,?
Former No. 1 Kim Clijsters #39; latest left wrist problem is a new injury that is expected to end her season but probably won #39;t require surgery.,Sports,?
"Is Social Security an important part of civilized society, or just another form of welfare?",Business,Sci/Tech
Maria Sharapova suffered a harsh introduction Saturday to the expectations that will stalk her for the rest of her career. After a third-round loss at the US ,Sports,?
Latvian and NHL hockey players and fans were saddened yesterday after national star Sergei Zholtok died while playing in Belarus.,Sports,?
"ATHENS -- Today, Olympians will be in the ancient stadium at Olympia for the shot put competition. Been there, but haven #39;t done that. ",Sports,?
"Nintendo, Sony ready rival portable gaming devices. Which one will gamers go for?",Sci/Tech,Sci/Tech
"Tony Blair could hinder efforts to winning a ''yes'' vote in the referendum on the EU constitution, says a leading think tank.",Business,?
Title contender Lithuania wrapped up its preliminary round matches with a 5-0 record by defeating Australia 100-85 on August 23 in the men #39;s basketball competition.,Sports,?
"WASHINGTON -- The US government is urging its citizens to avoid travel to Grenada, Cuba, the Cayman Islands and Jamaica in light of Hurricane Ivan.",World,?
"NASA says a false-color image taken by its Mars Exploration Rover Opportunity shows a rock dubbed  quot;Escher quot; whose fractures, which divide the surface into polygons, may have been formed when water left over from the rock #39;s formation dried up.",Sci/Tech,?
"The Giants are not exactly fearing their game in Philadelphia on this first Sunday of the N.F.L. season. In many ways, they relish it.",Sports,?
"AFP - French pharmaceutical group Sanofi-Synthelabo formally announced the birth of Sanofi-Aventis, the world''s third-largest pharmaceutical company, ranking number one in Europe.",World,?
"NASA officials on Monday postponed for a day the launch of an unmanned experimental jet that would have attempted to shoot out across the Pacific Ocean at a record speed of more than 7,000 mph (11,265 kph) after an apparent glitch ",Sci/Tech,?
"Conrad Black, formerly the chairman and CEO of Hollinger International Inc., and David Radler, who used to be the company #39;s president and chief operating officer, face civil-fraud charges ",Business,?
"In the latest alliance between a cable and telephone company, cable operator Mediacom Communications Corp. on Wednesday said it would use Sprint Corp.",Sci/Tech,?
"Hall of Fame pitcher Jim Bunning barely won re-election to the US Senate on Tuesday, edging Democratic challenger Daniel Mongiardo by about 2 percent of the vote in Kentucky.",Sports,?
&lt;p&gt;\&lt;/p&gt;&lt;p&gt; LONDON (Reuters) - World oil prices climbed on Monday as\companies operating in the U.S. Gulf of Mexico braced for\output disruptions from powerful Hurricane Ivan.&lt;/p&gt;,Business,_______.
VeriSign and a children #39;s safety group unveiled a new technology on Thursday that they said would make it easier for children to avoid child predators online.,Sci/Tech,?
Microsofthas joined the desktop search fray with its release Monday of the beta test version of a suite of tools designed to let users find information stored in their PCs.,Sci/Tech,?
"FALLUJAH, Iraq - A group calling itself the Brigades of the Victorious Lion of God said today it was responsible for the kidnapping of Canadian Fairuz Yamulky and claimed it set her free only after her company pledged to withdraw from Iraq.",World,?
"The Federal Communications Commission ruled 3-2 that states are now barred from imposing telecommunications regulations on Internet phone providers, which treat calls no differently than any other application on the Net.",Sci/Tech,Sci/Tech
 LONDON (Reuters) - British anti-terrorism police arrested  Thursday Muslim cleric Abu Hamza al-Masri who was already  jailed in London under a U.S. arrest warrant.,World,?
"With one last attempt to win gold, Adam Nelson is called for his fifth consecutive foul, leaving him with a silver medal Wednesday.",Sports,Sci/Tech
"com October 22, 2004, 5:05 PM PT. Cyber threats, chiefly viruses like NetSky and Sasser, make security an ongoing concern as it holds steady over software infrastructure as the third top priority.",Sci/Tech,?
"FOXBORO, Mass. -- For more than a year #39;s worth of NFL Sundays, they #39;ve won games as ugly as a bloody nose or as pretty as Tom Brady #39;s cover-boy looks.",Sports,?
Pedro Martinez pitched seven strong innings to end his losing streak and lead the Boston Red Sox to an 8-3 victory over the Anaheim Angels in the second game of an American League Division series on Wednesday.,Sports,?
General partner and avid baseball card collector Ken Kendrick happily raised a baseball card of Wally Backman vigorously sliding into an opposing catcher.,Sports,?
Patents that result from collaboration between universities and companies won new protections from legal challenge under legislation that passed Congress over the weekend.,Sci/Tech,Sci/Tech
"Footie wonderboy Wayne Rooney might have scored a hat-trick on his Manchester United debut, but it didn #39;t stop him getting a telling off afterwards.",Sports,?
No frothy champagne showers. No celebratory sprints to the Baseball Tavern. No grateful hugs from principal owner John W. Henry.,Sports,Sci/Tech
"PALM DESERT, Calif. -- Grace Park followed her sensational first round with a steady, 5-under 67 Friday and opened a four-shot lead midway through the Samsung World Championship.",Sports,?
"OXFORD, Miss. A source says David Cutcliffe, the only coach in Ole Miss history to win at least seven games in his first five years, was fired by the university today.",Sports,Sci/Tech
"AP - The rivalry between Arsenal and Manchester United is getting downright nasty. Accusations of vicious fouls, cheating, refereeing mistakes and a disputed penalty kick followed the latest confrontation between two of the giants of English soccer  #151; a 2-0 victory by Manchester United that ended Arsenal''s record unbeaten streak of 49 games in the Premier League.",Sports,Sci/Tech
"IBM on Friday expanded its blade-server portfolio with six new systems, new options for attached-disk drives, and improved power management.",Sci/Tech,?
but now he is intent on getting Newcastles Premiership charge back on track. The strikers 10th European goal for the Toon on Thursday moved him joint second in the clubs all-time list.,Sports,?
"AFP - World leaders expressed horror at the bloody end to the Russian hostage crisis, calling it a tragedy which resulted from a  quot;nauseating quot; and  quot;barbaric quot; terrorist attack.",World,?
"AFP - Sudan will ignore a UN Security Council deadline to end militia attacks in Darfur by the end of the month and instead resolve the crisis through African Union peace talks, Khartoum''s chief negotiator said.",World,?
"Hal Finney writes  quot;The X Prize Foundation, which recently awarded the Ansari X Prize for achieving a milestone in private space flight, is asking for suggestions for new X Prize ventures, under the name of The WTN X PRIZE.",Sci/Tech,Sci/Tech.
Here #39;s what you didn #39;t hear from the Dolphins on Tuesday: You didn #39;t hear anyone suggest this day helps them win. You didn #39;t hear anyone pretend this franchise is improved.,Sports,?
 NEW YORK (Reuters) - Interstate Bakeries Corp. filed for  bankruptcy on Wednesday after struggling with more than \$1.3  billion in debt and weak demand for bread products amid the  popularity of low-carbohydrate diets.,Business,___
"La Jolla , San Diego County -- Fittingly, a team expected to rely on its depth has plenty of backup when discussing its depth. Vice president Chris Mullin, general manager Rod Higgins and assistant coach Mario ",Sports,?
"The United States will open its bid to qualify for its fifth consecutive World Cup finals in Trinidad  amp; Tobago on Feb. 9 as the final round draw for 2006 FIFA World Cup qualifying was announced this morning from FIFA House in Zurich, Switzerland.",Sports,?
"Are these guys ever going to have a game that doesn #39;t come down to the last possession? It seems that, if nothing else, the Celtics give you 48 minutes worth.",Sports,?
ENGINEERS were today tackling a massive computer failure which has caused chaos at the Department for Work and Pensions. Up to 80 per cent of the ministrys systems for processing millions of pension and benefit payments collapsed on Monday.,Sci/Tech,?
"Election Day is less than two weeks away, but so far technology has yet to make more than the occasional cameo appearance on either presidential candidate''s priority list. That''s not proving to be good news for tech executives. &lt;FONT face=''verdana,MS Sans Serif,arial,helvetica'' size=''-2''\ color=''#666666''&gt;&lt;B&gt;-washingtonpost.com&lt;/B&gt;&lt;/FONT&gt;",Sci/Tech,?
"Turin, Italy (Sports Network) - Valentino Castellani, the chief organizer of the Turin Olympic Committee, has announced his decision to resign.",Sports,Sports
"Three judges are suspended Saturday for a mistake in scoring the men''s gymnastics all-around final, but results are not be changed and American Paul Hamm keeps his gold medal.",Sports,?
"Reuters - A controversial U.S. shipment of\bomb-grade plutonium escorted by armed British commandos has\set sail for France, despite protests from environmental\activists who fear a terrorist attack or an accident.",World,?
"Michael Kopper, the first of three former Enron executives who have pleaded guilty and are expected to testify in the ongoing Enron criminal trial, is scheduled to take the stand this morning.",Business,?
"LeBron James had 26 points to become the youngest player in National Basketball Association history to score 2,000 points as the Cleveland Cavaliers eased to a 96-74 home win over the Chicago Bulls Saturday.",Sports,?
"AP - In a fitting end to the PGA Tour season, U.S. Open champion Retief Goosen closed with a 6-under 64 to win the Tour Championship on Sunday by four shots and become only the third player to overtake Tiger Woods in the final round.",Sports,?
"Pat Finucanes killer expects to be a free man by next May despite a judge jailing him today for a minimum of 22 years. Loyalist assassin Ken Barrett, 41, is expected ",World,?
Dell says that millions of notebook power adapters could put users at risk. Also: Office flaw could allow attacks.,Sci/Tech,?
IBM Corp has announced that it will launch a new low-budget version of its BladeCenter chassis for blade servers in an effort to make the blade machines more appealing to budget conscious customers in the small- and mid-sized market.,Sci/Tech,?
"Putting the teams #39; records aside, quarterback Donovan McNabb knew this would not be an easy game to win. McNabb studied the films and he knew Washington would come with a defense that would ",Sports,?
"No. 1 exporter pledges to hold production levels but is wary of boosting quotas and glutting market. VIENNA (Reuters) - OPEC is keeping its foot on the production pedal in a bid to drag down oil prices, but ",Business,Sci/Tech.
"Apple have announced that their iTunes store has crashed through the 200 million song download mark, a mere five months since we reported on their breaking the 100 million milestone.",Sci/Tech,?
"California geneticists have created a  quot;marathon mouse quot; that can run twice as far nongenetically altered mice, and eat ravenously without growing fat.",Sci/Tech,?
"A US court has upheld the legitimacy of peer-to-peer (P2P) file-sharing application Morpheus, finding against 28 of the world #39;s largest entertainment companies which had alleged that the P2P firm #39;s software violates copyright law.",Sci/Tech,?
"It may be hailed as one of the most innovative and popular video games to date, but media watchdogs are warning parents to think twice before placing the sexually explicit and ultra violent Grand Theft Auto:  quot;San Andreas quot; adventure under the tree for ",Sci/Tech,?
"Mark Hughes #39; decision to take the Blackburn job is bad news for Wales, there #39;s no doubt about that. Mark has brought a lot of dignity back to Welsh football, taking us up from around 100 in the world rankings ",Sports,?
"For more than three quarters on Sunday, it appeared as if the Jets wouldnt find the end zone if it was loaded with uranium and Quincy Carter was armed with a Geiger counter.",Sports,?
Scientists are hoping that ''playing'' a tiny guitar string will be able to help weigh molecules to find out what they are.,Sci/Tech,?
"Pouring fuel on the debate over whether IT provides a competitive advantage to corporations, a pair of prominent industry observers Monday offered starkly different views of the role computer technology can play in transforming business strategy.",Sci/Tech,?
"AP - Russell Branyan and Keith Ginter each hit three-run homers, rookie Ben Hendrickson earned his first major league victory, and the Milwaukee Brewers sent the Cincinnati Reds to their fifth straight loss with a 7-3 victory Saturday night.",Sports,?
"Rowing Australia, the Australian Olympic Committee (AOC) and women #39;s coach Harold Jahrling had to take some responsibility for Sally Robbins #39; failure to keep going in the women #39;s eight final, sports psychologist Jeff Bond said.",Sports,?
"UCONN (5-2) vs. SYRACUSE (3-4) When, where: Tomorrow, 1:30 p.m., at Syracuse, N.Y. Last season: First meeting. Comments: UConn is coming off a 45-31 victory against Temple. Dan Orlovsky became UConn''s career leader in TD passes. He was 18 of 26 for 260 yards, with two TDs and one interception. LBs Maurice Lloyd and Alfred Fincher combined for 29 tackles ...",Sports,?
" NEW YORK (Reuters) - Stocks rose on Tuesday as a oil prices  slid below \$48 a barrel, offsetting caution as investors waited  for an expected quarter-point hike in U.S. interest rates and  results from technology bellwether Cisco Systems Inc. &lt;A HREF=''http://www.investor.reuters.com/FullQuote.aspx?ticker=CSCO.O target=/stocks/quickinfo/fullquote''&gt;CSCO.O&lt;/A&gt;.",Business,?
"International cricket is set to revise the most controversial of the 42 laws that govern the playing of the game, based a report from an expert committee.",Sports,?
"Solving the nation #39;s spam problem will require a balancing act, legal and privacy experts said today in Washington, DC, at a meeting sponsored by the Federal Trade Commission.",Sci/Tech,?
Christian Laettner knows what #39;s coming. He braces for it every time he sees an article with his name in it. Somewhere in the middle of the story - usually past the part where it talks about Laettner #39;s remarkable ,Sports,?
" BELFAST (Reuters) - A former Protestant guerrilla was  sentenced to life imprisonment on Thursday for the murder of  Catholic lawyer Pat Finucane, one of the most controversial  killings in 30 years of sectarian conflict in Northern Ireland.",World,?
"Virgin Group chief Richard Branson said yesterday he has earmarked US\$300 million for a cellular phone joint venture on the Chinese mainland, the world #39;s largest mobile market by users.",Business,?
"Gary Sheffield homered twice and keyed a four-run rally in the ninth inning last night, sending the New York Yankees to a seesaw 13-10 win over the Minnesota Twins at Minneapolis.",Sports,?
"Running back Jerome Bettis flipped a 10-yard touchdown pass to Jerame Tuman three plays after surpassing the 13,000-yard barrier early in the fourth quarter, fooling what had been a nearly impenetrable New York Jets defense and sending the Pittsburgh ",Sports,?
"If the Jets #39; West Side stadium proposal somehow loses state financing, the city has got its back. City officials have agreed to assume the state #39;s \$300 million contribution to the proposed ",Business,?
Crude oil prices pushed past the psychologically important US\$50-per-barrel mark Tuesday to an all-time high of US\$50.01 as the market reacted to the slow recovery of US oil production in the Gulf of Mexico following Hurricane Ivan.,Business,?
"with two newborns in tow -- are heading south for the fall  quot;chum festival, quot; says a whale researcher in the San Juan Islands.",Sci/Tech,?
"BANGKOK, Thailand - With a clash of mallets and the stomping of jumbo feet that shook the earth, the game was under way. Tense commands were shouted by pith helmeted players tied firmly to their two-ton mounts...",World,?
"The Cassini spacecraft cruised on Tuesday to within 745 miles of Titan, Saturn #39;s planet-size moon, for the first close encounter with it.",Sci/Tech,?
"InfoWorld - Linux desktop vendor Xandros Inc. on Tuesday announced the availability of its new Xandros Desktop Management Server (xDMS) application, which gives IT administrators the tools to roll out, configure and maintain mass deployments of Linux-equipped PCs.",Sci/Tech,Sci/Tech
"Quarterback Aaron Polanco took a brutal hit in the back during Navy''s scrimmage, symbolizing the Mids'' mediocre offensive effort Saturday.",Sports,?
AP - Telecommunications gear maker Lucent Technologies Inc. may receive an  #36;816 million federal income tax refund related to its multibillion dollar losses at the height of the telecom industry slump.,Business,?
"The use of genetically modified animals in UK labs continues to grow, official statistics released on Tuesday show.",World,Sci/Tech
"Andrx Corp. #39;s third-quarter results missed projections, as the launch of some generic products was delayed and the company #39;s exclusivity rights to two drugs expired.",Business,?
"Fresh from introducing a major upgrade to the Java platform, Sun Microsystems officials on Thursday revealed some details of the next release of Java, code-named Mustang and expected in Spring 2006.",Sci/Tech,?
Next week #39;s Champions League match between Barcelona and Shakhtar Donetsk will go ahead as scheduled in Ukraine after authorities guaranteed security for the game.,Sports,?
"BALTIMORE--Radio frequency identification may be a hot topic among tech types these days, but proponents of the technology gathered here this week are keeping their exuberance in check.",Sci/Tech,?
A Russian Soyuz rocket is due to blast off from the Central Asian republic of Kazakhstan early Thursday. Astronaut Leroy Chiao and cosmonaut Salizhan Sharipovalso will observe conditions on ,Sci/Tech,?
"As online shopping gets into full swing, phishers are setting up fraudulent e-commerce Web sites and simply waiting for victims using Google and other search engines to find them.",Sci/Tech,?
"Reuters - Online retailer Wine.com has\secured another  #36;20 million in venture capital funding and\could go public as soon as next year, Chief Executive Officer\George Garrick said on Friday.",Sci/Tech,?
"AP - Finland didn''t get its long-awaited revenge on Sweden, but a 4-4 tie was good enough to win the European Pool at the World Cup of Hockey on Saturday.",Sports,?
"AP - Corp. Eugenio Mendoza, a young veteran of the Iraq war, had to carry his buddy for 50 yards, scale an 8-foot wall and crawl through a water-logged tunnel at the 4th International Sniper Competition, where the challenges are designed to simulate combat scenarios in Afghanistan and Iraq.",Sports,?
"Olympic champion Nicolas Massu finally recorded his first win in Vienna yesterday, eliminating Slovak Karol Kucera in three sets at the euro682,750 (US\$845,908) ATP CA Trophy.",Sports,?
"It #39;s going to be difficult, if not impossible, to beat Google at its own game. Google is king of the search engine world for a very good reason: Google works.",Sci/Tech,?
"ATHENS -- A year ago in Anaheim, Calif., they were out of uniform and on crutches, their world meet over before it began, their careers in doubt. Annia Hatch had dislocated her left knee and torn her anterior cruciate ligament. Courtney Kupets had ruptured her left Achilles'' tendon. Last night, they were both on the Olympic medal stand with medals ...",Sports,?
"A red car will start on pole as usual, but the probability that Ferrari will end the season with yet another win, their 16th in 18 races, is not quite as grim as it sounds.",Sports,Sci/Tech
Reuters - The trial in the Kobe Bryant rape\case looked set to go ahead later this month after the state''s\highest court ruled against prosecutors on Monday over a key\piece of evidence in the high-profile case.,Sports,___
"EAST RUTHERFORD, NJ -- Chad Pennington returned for New York and the franchise quarterback showed why the Jets need him down the stretch drive.",Sports,?
"The Magpies want a replacement for Jonathan Woodgate and will swoop when the transfer window re-opens in January. Boumsong, Bobo Balde, Manchester United #39;s John O #39;Shea, Chelsea #39;s Robert Huth and Notts Forest #39;s ",Sports,?
"Tree farmer Kent Hinson says he is out on a limb when it comes to his pro-environment view.  quot;Most foresters in general look at the environmentalists as an adversary, as a group ",Sci/Tech,World
"BioVeris Corp. filed its delayed annual report with the Securities and Exchange Commission Monday, only days before a scheduled hearing by the Nasdaq Stock Market on whether to delist the Gaithersburg biotechnology company for failing to report earnings. &lt;FONT face=''verdana,MS Sans Serif,arial,helvetica'' size=''-2''\ color=''#666666''&gt;&lt;B&gt;-The Washington Post&lt;/B&gt;&lt;/FONT&gt;",Sci/Tech,?
"When Jets coach Herman Edwards started reviewing the many problems that plagued his defense last year, one glaring weakness jumped out at him.",Sports,Sci/Tech
"AP - Daphne Andre scored 21 points, including two free throws that sealed the win following a key steal, leading Houston to a 63-60 upset of No. 14 Purdue on Tuesday night.",Sports,?
" EAST ST. LOUIS, Ill. (Sports Network) - Former St. Louis  Blues forward Mike Danton has been sentenced to 7 1/2 years in  prison for concocting a murder-for-hire plot against his agent.",Sports,?
"AFP - US President George W. Bush spoke of ''the Soviet dinar,'' even though dinars are the Iraqi currency.",World,?
Arie Haan will be sacked as China national coach following the nation #39;s early exit from the 2006 Asian World Cup qualifiers according to Chinese officials.,Sports,?
"Minnesota Twins first baseman Justin Morneau of New Westminster, BC, was taken to a hospital for X-rays on his left hand after being hit by a pitch from Cleveland starter CC Sabathia in the sixth inning yesterday.",Sports,?
"For Roger Federer, simple equates to sanity. Simple is his stated game plan. He has put a box around his life, and only the important things are allowed in.",Sports,?
"Al Leiter provided a settling influence and Kerry Wood struggled with his control, yielding three first-inning runs.",Sports,Sci/Tech
"With overnight rain causing a 2-hour delay to the start of play in the HSBC World Matchplay Championship at Wentworth, Retief Goosen did his bit to help to make up ground.",Sports,?
"Heroics and heartbreaks, diving catches and basepath blunders, hot bats and bizarre slumps, rainy days and endless nights. Already an instant classic, a short story transformed into a great American League ",Sports,?
"TiVo #39;s Q2 earnings reflect the high cost of attracting new subscribers to its customer base. The company lost \$10.8 million, or 13 cents a share, on revenue of \$27.",Sci/Tech,Sci/Tech.
The Web is filling up with rumors about an alliance between search giant and browser maker Firefox. LONDON (Reuters) - The Firefox browser is looking for allies in its quest to challenge Microsoft #39;s dominant ,Sci/Tech,?
"By PAM EASTON     HOUSTON (AP) -- Thousands of samples from the Genesis space capsule have arrived at the Johnson Space Center, where the project''s curator must assemble a giant jigsaw puzzle that could hold clues to the origins of the solar system.    Wafers on five collector panels that broke into thousands of pieces when the capsule slammed into Earth last month secured samples of atoms and ions from solar wind...",Sci/Tech,?
STARCRAFT #39;s shaky hold on favouritism for Saturday #39;s \$3 million WS Cox Plate was further destabilised when he drew barrier one in the final field of 13 acceptors yesterday.,Sports,?
Tim Henman is well aware of the potential damage which his next opponent Ivan Ljubicic could cause in the third round of the Madrid Masters Series.,Sports,?
"BERLIN : German Chancellor Gerhard Schroeder #39;s party vowed to press on with its tough economic reform drive, despite a fresh state election rout that spells trouble for a string of further polls this month.",World,?
"The Motion Picture Ass. of America (MPAA), along with its audio alternative, the Recording Industry Ass. of America (RIAA) are appealing against their failed appeal in a bid to make P2P software suppliers accountable for the actions of their users.",Sci/Tech,?
"Bee Staff Writer. SAN DIEGO - The San Diego Padres returned the favor, and the playoff-chasing Giants gladly accepted it before a disappointed record crowd of 45,389 at Petco Park.",Sports,?
"The dashing Keith Miller, aged 26, after making 188 for Victoria at the Adelaide Oval in 1946. Photo: File. Mere life was not enough to contain Keith Miller, who died yesterday, aged 84.",Sports,?
"ISLAMABAD, Pakistan - The United States and its allies have moved closer to capturing Osama bin Laden in the last two months, a top U.S. counterterrorism official said in a television interview broadcast Saturday...",World,?
The Securities and Exchange Commission is scrutinizing biotechnology companies as part of a wider effort to ensure that companies don''t mislead investors by covering up negative results of clinical trials.,Business,?
"Jeffrey Griffiths, the president and chief executive of the video game retailer Electronics Boutique Holdings, spoke about the holiday season and video violence.",Sci/Tech,?
"The Mac maker says it will replace about 28,000 batteries in one model of PowerBook G4 and tells people to stop using the notebook.",Sci/Tech,?
NASCAR will use a shortened weekend schedule for the Nextel Cup series at most of its events next season in an effort to save money for teams.,Sports,?
Sven-Goran Eriksson has refused to publicly criticise David Beckham for his reckless lunge at Ben Thatcher and subsequent booking.,Sports,?
Fidelity Investments charges two-tenths of 1 percent to manage a \$484 million stock portfolio for the Massachusetts state pension fund. It charges investors in its flagship Magellan fund seven-tenths -- more than three times as much.,Business,?
" MALABO, Equatorial Guinea (Reuters) - Equatorial Guinea  wants Mark Thatcher, son of former British Prime Minister  Margaret Thatcher, extradited from South Africa after his  arrest on suspicion of involvement in a coup attempt, one of  the country''s lawyers said Thursday.",World,?
"Eventually, the computing giant will support data center, servers and workstations for all of Fortum''s operations worldwide.",Sci/Tech,World.
Secretary of State Colin Powell has canceled a visit to Greece to attend the closing ceremonies of the Athens Olympics. Greek and US officials say anti-American demonstrations in the Greek capital hours before ,Sports,?
"The Recording Industry Association of America (RIAA) has filed 754 new lawsuits against alleged file-traders using peer-to-peer services, the trade group announced Thursday.",Sci/Tech,?
"AP - Former Michigan State star and NFL wide receiver Mark Ingram, a key to the New York Giants'' 1991 Super Bowl victory, has been sentenced to one year in jail for stealing a credit card at a Michigan golf course.",Sports,?
"KHARTOUM, 1 September 2004 - Conditions are worsening for refugees in Darfur, UN agencies said yesterday, as the Sudanese government and rebels struggled to make headway in talks aiming to ease the conflict in the Darfur region.",World,?
"DeShawn Baker runs for 151 yards on 26 carries as South Carolina State beats Howard, 23-16.",Sports,?
"AP - Seattle and Miami are among the NBA''s four winningest teams so far this season, ranking just behind Phoenix and San Antonio. Yet when the Heat put their 14-game winning streak on the line Monday night against the SuperSonics, Miami won''t be looking at the matchup as a potential NBA Finals preview or a measuring stick to see where it ranks against one of the Western Conference''s elite clubs.",Sports,?
"What a mouth-watering prospect Manchester United v Arsenal is. Giants versus giants. Or are we all getting carried away? Whatever the result, could it be that Old Trafford #39;s ",Sports,?
" NEW YORK (Reuters) - The U.S. winter will be longer and  slightly colder than the last, private forecasters say,  spelling a spike in heating oil and natural gas demand even as  high oil prices drive up the cost of heating.",Business,?
"Nintendo is after a new kind of customer, and this time the Japanese game giant doesn #39;t have Pokemon to back it up. The company #39;s new DS, an advanced handheld player meant to expand a market Nintendo already ",Sci/Tech,?
"AP - Peanuts, hot dogs and wireless instant replays. It''s the future of baseball.",Sci/Tech,?
"AP - NASA''s hurricane-damaged spaceport should be able to withstand the wind and rain from Ivan if the storm stays well to the west, the Kennedy Space Center''s director said Saturday.",Sci/Tech,?
"Microsoft has added its support to the efforts of the United Nations Educational, Scientific and Cultural Organisation (Unesco) to apply IT to education initiatives in developing countries.",Sci/Tech,?
TRIPOLI: Libya signed a deal yesterday to pay \$35 million (BD13m) in compensation to mainly German victims of a Berlin nightclub bombing 18 years ago.,World,"Sci/Tech, Sports, Business,"
"San Francisco 49ers Coach Dennis Erickson withdrew his name from consideration yesterday for the head coaching vacancy at the University of Mississippi, the day after interviewing for the job.",Sports,?
"Tony Purnell, the boss of Jaguar Racing says that there is  quot;masses of interest quot; in the team, which the Ford Motor Company has decided to discontinue.",Sports,?
"HP (Quote, Chart) is doing a lot of explaining after it revealed this weekend that it will no longer put Itanium processors in its high-performance workstations.",Sci/Tech,Sports
Europe #39;s Ryder Cup team is having a reunion this week at Valderrama. All 12 members of the team which beat the United States at Oakland Hills last month are playing in the European tour #39;s season-ending Volvo Masters.,Sports,?
Something has to give -- either 15th-ranked Harvard''s status as the nation''s only undefeated Division 1-AA team or 17th-ranked Penn''s 20-game Ivy League winning streak -- when the teams square off Saturday in Philadelphia.,Sports,?
"Despite the fact Love of Money had never raced around two turns or in a stakes race before, trainer Richard Dutrow Jr. thought enough of him entering Monday #39;s \$750,000 Pennsylvania ",Sports,Sci/Tech
"Reuters - Scientists said Wednesday they have\identified key genes involved in the body''s response to HIV,\which causes AIDS -- a finding that could narrow the search for\an effective vaccine against the deadly illness.",Sci/Tech,?
"Montreal could be forced to pull out of hosting next year #39;s world championships if help with funding is not forthcoming, according to the chief executive of the organizing committee.",Sports,?
AUSTIN Farmers Insurance today announced plans to cut its Texas homeowners insurance rates by five percent in a settlement with the state.,Business,?
"Microsoft today announced a significant change in plans for the next major release of Windows, code-named Longhorn. The new WinFS storage subsystem will not be part of it, as had been previously planned.",Sci/Tech,?
Juventus coach Fabio Capello says his team will no longer kick the ball out of play when an opponent is lying on the floor. Capello said opposition teams are now taking advantage of the widespread practice.,Sports,?
Washington Capitals defenseman Brendan Witt was awarded \$2.2 million for the 2004-05 season in his arbitration hearing on Tuesday.,Sports,?
"Mozilla has released Thunderbird 1.0, an open-source e-mail client that complements its Firefox Web browser. Mozilla says the e-mail program will help users avoid spam and viruses, and ",Sci/Tech,?
"p2pnet.net News:- Yahoo says it #39;ll enter the desktop search stakes in the New Year, joining Google, Ask Jeeves, Microsoft #39;s MSN and AOL.",Sci/Tech,?
"A newly intercepted malicious Trojan has begun infecting mobile phones which run the Symbian operating system. Dubbed  quot;Skulls, quot; the Trojan has been detected on Symbian shareware download sites ",Sci/Tech,Sci/Tech.
"ROME, Italy -- Juventus striker Alessandro Del Piero has been ruled out for two weeks with an Achilles tendon injury. He will miss the Serie A match against Udinese this weekend, and is a major doubt for Italy #39;s ",Sports,?
The world''s first spacecraft to use a solar sail for propulsion is set to be launched from a submerged Russian submarine on 1 March next year.,Sci/Tech,?
State prosecutors from Equatorial Guinea have requested permission to question Mark Thatcher over his alleged involvement in coup attempt on President Teodoro Obiang Nguema.,World,?
"PARIS (CP) - American Andy Roddick surged into the third round of the Paris Masters with a 6-2, 6-2 rout of Armenia #39;s Sargis Sargsian on Wednesday while Daniel Nestor of Toronto and Mark Knowles of the Bahamas were defeated in doubles action.",Sports,?
"(Sports Network) - The Yankees will try to get back on the winning track this afternoon, when they try to avoid a three-game sweep at the hands of the Baltimore Orioles at Yankee Stadium.",Sports,?
"MILTON -- If you could build a prototype Mansfield Hornet, he just might look like Brett McDermott.",Sports,Sci/Tech
VIA Technologies has announced details of its 64-bit architecture based Isaiah processor core with the engineering code name  #39;CN #39;.,Sci/Tech,Sci/Tech
"JAKARTA - Official results have confirmed former army general Susilo Bambang Yudhoyono as the winner of Indonesia #39;s first direct presidential election, while incumbent Megawati Sukarnoputri urged her nation Thursday to wait for the official announcement ",World,?
"No. 17 Tennessee arrived at No. 3 Georgia on Saturday, coming off a loss to Auburn, while the Bulldogs had thrashed LSU. Not only did the Volunteers drop nine spots in the national rankings ",Sports,?
"Tennessee Titans quarterback Steve McNair (9) gets off a pass before Minnesota Vikings defensive end Kenny Mixon, left, can reach him during the first quarter in Minneapolis, Sunday, Oct. 24, 2004.",Sports,?
Top seed Carlos Moya got blown off court by a French teenager playing his first ATP Tour match at the rain-it China Open on Wednesday.,Sports,?
"NewsFactor - IBM (NYSE: IBM) has unveiled a collection of new services designed to bring the benefits of radio-frequency identification (RFID) systems to industrial firms and mid-size businesses. The goal is to help smaller companies comply with mandates to adopt the technology by \Wal-Mart (NYSE: WMT), the Department of Defense and other organizations.",Sci/Tech,?
Reuters - U.S. Treasuries broke a three-day\rally and retreated on Thursday as investors turned cautious\before the climax of the week -- the August payrolls report.,Business,?
"A man charged in one of the largest identity theft scams in U.S. history pleaded guilty to charges of conspiracy, wire fraud, and fraud in connection with identity documents Tuesday and could face up to 50 years in prison, according to a statement from U.S. Attorney David Kelley, of the Southern District of New York.",Sci/Tech,?
This is fantastic news and could possibly make the HD-DVD format the winner over the competing Blu-Ray technology.... Two Japanese companies said Tuesday they have developed a DVD that can play on both existing ,Sci/Tech,?
"Wide receiver Terrell Owens said he had a few end-zone celebrations prepared for Sunday #39;s game against the team he shunned in the offseason, the Baltimore Ravens.",Sports,?
LONDON -- President Bushs campaign Web site was inaccessible to surfers outside the United States and Canada following a series of outages last week that may have been electronic attacks.,Sci/Tech,?
"Computer viruses aren''t just for wreaking havoc on global networks. They''re also an art form. That''s the take of an upcoming exhibit that focuses on malicious scripts, hacker films and the aesthetic charms of programming code. By Michelle Delio.",Sci/Tech,?
Reuters - Shares of Wyeth  and Pfizer\Inc.  fell on Monday after Merrill Lynch downgraded the\drugmakers and U.K. regulators issued tougher warnings on the\type of popular depression drugs sold by the companies.,Business,Sci/Tech
Television executive Brian Barwick was given the top job in English football on Thursday when he was appointed Football Association chief executive.,Sports,?
Throngs of residents headed for polling places here on Sunday in legislative elections widely seen as a referendum on relations with mainland China.,World,Sports
"SPACE.com - LOGAN, UTAH -- Experts say \  the big news in spacecraft building involves ultra-small CubeSats.",Sci/Tech,?
"NEW YORK, Aug. 26 -- Drugmaker GlaxoSmithKline agreed Thursday to settle charges that it hid and misrepresented unfavorable data about the effectiveness and safety of its top-selling anti-depressant Paxil for children and adolescents, agreeing to post all clinical trial data on its drugs by the end of 2005.",Business,?
AUSTRALIA #39;s Olympic sports have begun to prepare for the Asian onslaught they expect when Beijing hosts the next Games in 2008.,Sports,?
"The average US retail price of gasoline rose slightly over the last two weeks to almost \$1.88 a gallon -- the first increase reported since late May, according to the nationwide Lundberg survey of about 8,000 gas stations.",Business,?
"Wireless phone service can''t be purchased on price alone -- first, you need to decide which carrier to go with, since not all offer the same service. &lt;FONT face=''verdana,MS Sans Serif,arial,helvetica'' size=''-2''\ color=''#666666''&gt;&lt;B&gt;-Rob Pegoraro&lt;/B&gt;&lt;/FONT&gt;",Sci/Tech,_____
"AP - Aiming to put itself in the vanguard of the Internet travel business, America Online will invest an undisclosed amount in an upstart that threatens to lure customers away from the industry''s most dominant players, such as Orbitz, Expedia and Travelocity.",Sci/Tech,?
"federal court struck down a Pennsylvania law yesterday, ruling that the state could no longer force Internet service providers to block customers #39; access to Web sites thought to be distributing child pornography.",Sci/Tech,?
"Mark Martin joined the growing list of longtime drivers easing their way out of NASCAR, announcing Thursday that the 2005 season will be his last as a full-time racer.",Sports,?
"Polio, which can paralyze small children, has become the latest threat to refugees already struggling with famine and disease in the camps of Darfur.",World,?
"Oracle has signed an agreement to acquire PeopleSoft for about \$10.3 billion, the companies said this morning.",Sci/Tech,?
"WASHINGTON: Luxembourg #39;s Gilles Muller stunned top-seeded Andre Agassi 6-4, 7-5 to reach the final of the Washington Classic on Saturday, depriving the American veteran an opportunity of picking up a sixth victory at this event.",Sports,?
" Thanks to such free mapping sites as MapQuest and Yahoo Maps, it''s been a while since road warriors have had to sketch out a route with a yellow highlighter, guessing which shortcuts to take or avoid. Instead, they can just type in start and destination addresses and print out crisply labeled, turn-by-turn directions, with the only cost being some printer ink.",Sci/Tech,?
"AFP - Dikembe Mutombo, the 38-year-old African center who has played 13 seasons in the National Basketball Association, says he has agreed to a trade deal that will put him alongside Yao Ming in Houston.",Sports,?
AFP - Australian basketball star Lauren Jackson is hoping she can raise a Storm that can block out the Sun one more time.,Sports,?
BAKU : David Beckham is set to be hauled over the coals by English football authorities over his admission that he deliberately fouled an opponent to earn himself a convenient booking in last week #39;s World Cup qualifier against Wales.,Sports,?
"SEOUL A group of investors, including Donald Trump Jr., plans to invest \$3 billion to develop Yeongjong Island in Incheon, a South Korean lawmaker said Sunday.",Business,?
"OLYMPIA, GREECE - It was a day when the actors took a back seat to the scenery, when the question of who won and who took part was not as significant as where they competed. ",Sports,?
"Sony and IBM are expected to start producing the Cell, a 4GHz chip the two companies have been working together on for the past three years.",Sci/Tech,?
"In 2002, President Bush laid down a  quot;road map for peace quot; between Israel and the Palestinians. That road map, to which Israel agreed, called flatly for Israelis to immediately freeze all settlement activity on the occupied West Bank.",World,?
"com October 15, 2004, 5:11 AM PT. Wood paneling and chrome made your dad #39;s station wagon look like a million bucks, and they might also be just the ticket for Microsoft #39;s fledgling ",Sci/Tech,?
The Federation of the Phonographic Industry said it filed 459 lawsuits against illegal music file-sharers in Europe. The suits were filed on behalf of Warner Music Group.,Sci/Tech,?
"Valencia, Spain (Sports Network) - Valencia winger Vicente Rodriguez will be out for at least two weeks after spraining his ankle Wednesday.",Sports,?
"World number two Andy Roddick is set to hook up with his US Davis Cup assistant coach after firing Brad Gilbert at the weekend. Roddick, whom Gilbert steered to a maiden ",Sports,?
MIAMI - A teen whose life sentence in the beating death of a 6-year-old playmate was thrown out on appeal went before a judge yesterday on charges he violated his probation by walking around late at night with a pocket knife.,World,?
"BAGHDAD, Iraq - A pared-down delegation of Iraqis arrived in Najaf by helicopter Tuesday to present radical Shiite cleric Muqtada al-Sadr with a peace proposal aimed at ending the violent insurgency wracking the holy city.    Despite the delegation''s presence there, fighting intensified in Najaf, with at least one U.S...",World,Sci/Tech
The EU enlargement commissioner says  Turkey''s plans to make adultery a crime could affect its chances of joining the EU.,World,?
"Deutsche Bank Securities Inc. and Thomas Weisel Partners agreed to pay a combined \$100 million to settle charges involving conflicts of interest between research and investment banking, US regulators said on Thursday.",Business,?
Reuters - Hewlett-Packard Co. (HPQ.N) on\Friday will unveil a range of products including its version of\the iPod digital music player that raises the stakes in a war\between PC and electronics makers for a spot in increasingly\digitized living rooms.,Sci/Tech,?
To write about Arsenal #39;s problems in Europe is to sound like a broken record. The mystery about the Gunners #39; inexplicable failures in the Champions League is increasingly becoming one of the most oversubscribed areas of football analysis.,Sports,?
"Youth ministers Mike Foster, left, and Craig Gross say they don #39;t want teens to get sucked into the world of online porm. (ABCNEWS.",Sci/Tech,?
"SUNNYVALE, Calif., Oct. 20 /PRNewswire-FirstCall/ -- PalmSource, Inc. provider of Palm OS(R), a leading operating system powering next-generation mobile devices and smartphones, today announced its second ",Sci/Tech,?
"CHINA #39;S police ministry has handed out rewards of up to 2000 yaun (\$330) to people who reported pornographic web sites. Some 445 people have been arrested and 1,125 web sites shut down with the help of public ",Sci/Tech,Sci/Tech
An aerospace research group says trying to fix the famed space telescope using a robot would cost two (b) billion dollars and take at least five years to get things ready.,Sci/Tech,?
United States drug giant Pfizer says a trial has found a sharp rise in heart attacks for patients using its blockbuster Celebrex arthritis and pain medicine.,Business,?
AP - The criminal case against Kobe Bryant case collapsed Wednesday as prosecutors said they had no choice but to drop the sexual assault charge because the NBA star''s accuser no longer wanted to participate.,Sports,?
"BEDMINSTER, NJ--(BUSINESS WIRE)8 Octobre 2004--Siemens Communications va intgrer la technologie FLASHOFDM (R) (Orthogonal Frequency Division Multiplexing)  son portefeuille de solutions mobiles haut dbit.",Sci/Tech,?
"FOXBORO, Mass. (Sept. 3, 2004) -- The New England Patriots released nine players and signed two, including quarterback Jim Miller, who was released earlier this week.",Sports,?
A labor dispute between the United States Soccer Federation (USSF) and players has halted World Cup preparations and could result in the national team using replacement players for the Feb.,Sports,?
GAME NOTES: Big 12 rivals clash in Columbia this weekend as Brad Smith and the Missouri Tigers play host to the surprisingly undefeated Buffaloes of Colorado.,Sports,?
"Stuart McIrvine, IBM''s new director of corporate security strategy, said he''s working to better align the company''s various IT security offerings to help users cope with regulatory compliance requirements, cyberattacks and other issues.",Sci/Tech,?
A huge blast tore through a crowded Baghdad market close to a police station on Tuesday and Reuters witnesses said at least 35 people were killed.,World,?
"HONG KONG -- Consumers have been promised a lot from the high-speed 3G (third generation) cellular networks being rolled out around the world, but is there much in it for businesses?",Sci/Tech,?
"The report confirms that the Arctic, as a whole, and particularly the Canadian Arctic, is warming, at a rate almost twice that of lower latitudes and that the warming will accelerate in the decades to come.",Sci/Tech,?
"Allen Iverson stole an inbound pass, drove down the court and made a layup at the buzzer, giving the Philadelphia 76ers a 116-114 overtime victory over the Washington Wizards on Friday.",Sports,?
"TOKYO - Takao Suzuki kept Japanese hopes alive in the men #39;s draw at the Japan Open on Wednesday after producing a hard-fought win over 15th-seeded Czech Jan Hernych to reach the third round of the \$860,000 event for the fourth year running.",Sports,?
Reuters - Venezuela''s left-wing\President Hugo Chavez won a recall referendum on his divisive\rule in a vote backed on Monday by international observers who\found no ''element of fraud.'',Business,?
"When it comes to storage technology, there are a number of vendors pushing back the frontiers in what is possible. This week Hitachi Data Systems (HDS), one of the giants in this extremely competitive space ",Sci/Tech,?
"Intel Corp. INTC.O cut prices on its chips for mobile computers by as much as 34 percent this week, a move that could lower PC prices from the likes of Dell Inc.",Sci/Tech,?
" Flyi Inc., parent of struggling low-cost carrier Independence Air, yesterday announced plans to delay acquisition of 10 new Airbus jets, a money-saving move the company hopes can help avert a bankruptcy filing.",Business,?
"Reuters - U.S. blue-chips closed at six-week\highs on Friday, helped by reassuring consumer confidence data\and a bounce in technology stocks, but volume was extremely\thin before next week''s Republican convention in New York City.",Business,?
"The coolest geek shopping list ever: 129 of the best screens, cams, phones, games and gadgets of the year, from Wired magazine.",Sci/Tech,?
The test program that allows pre-screened travelers to zip through airport security is being extended. The Registered Traveler Program had been scheduled to run for 90 days at each of five big airports.,Sci/Tech,?
"The same day the Houston Astros announced that pitcher Andy Pettitte would have surgery on his troublesome left elbow next week, Roger Clemens left last night #39;s game against the Philadelphia Phillies with a strained right calf. ",Sports,?
"The first US military intelligence soldier brought to court in the Abu Ghraib prison abuse scandal yesterday pleaded guilty to two charges of conspiracy and mistreatment of Iraqi detainees, witnesses said.",World,?
"Saturday night''s Game 1 World Series telecast returned a 13.7 national rating (25 share), the highest number for a Game 1 since the 1999 opener of the Yankees-Braves Series delivered a 14.2 (26 share) on NBC. It was the highest-rated World Series Game 1 for Fox since it began broadcasting baseball in 1996 (NBC retained the Series in 1997 and ...",Sports,?
" STOCKHOLM (Reuters) - Andre Agassi marched into the  Stockholm Open semifinals Friday, beating Spanish eighth seed  Fernando Verdasco 7-6, 6-2 in his hardest match of the  tournament.",Sports,?
"The UK might be ''better off'' with fewer - but larger and better-funded - chemistry departments, a leading academic says.",Sci/Tech,Sci/Tech
"GlaxoSmithKline agreed on Thursday to post the results of all clinical trials of its drugs, both positive and negative, on the Internet.",Business,Sci/Tech
"In percentage terms, Maryland, Virginia and the District saw much stronger levels of job creation in July than the nation as a whole.",Business,Sci/Tech
"The Mac maker confirmed to CNET News.com on Friday that it plans to open a store in Toronto in mid-2005. Apple started notifying Canadian retailers of its plans earlier Friday, according to Mac enthusiast site Macosxrumors.",Sci/Tech,?
"Gardez (Afghanistan), Sept. 16 (Reuters): Afghan President Hamid Karzai escaped an assassination bid today when a rocket was fired at his US military helicopter as it was landing in the southeastern town of Gardez.",World,?
"Microsoft #39;s MSN division is planning to make an announcement today related to online-search technology, giving rise to expectations that the company will begin offering its own Internet search engine tomorrow.",Sci/Tech,?
 LONDON (Reuters) - Oil prices eased on Tuesday as fears of  supply disruptions in Venezuela and Russia receded following a  convincing referendum victory for Venezuelan President Hugo  Chavez and after Russia''s YUKOS said it had received an  assurance on September exports.,Business,?
"Nearly 40 years after US and Soviet space probes orbited the moon, the European Space Agency has put its own satellite into lunar orbit.",Sci/Tech,?
"MOSS BLUFF, Texas - A second explosion in less than 24 hours rocked a burning underground gas storage facility early Friday, prompting authorities to expand an evacuation zone around the site.    The fire at Duke Energy''s Moss Bluff natural gas facility intensified overnight, an official said...",World,?
"WASHINGTON - The nation will face  quot;abrupt and painful quot; consequences unless the government moves quickly to fix the finances of Social Security and Medicare, Federal Reserve Chairman Alan Greenspan said Friday.",Business,?
"Celtic stretched its lead to seven points in Scotland #39;s Premier League, beating Kilmarnock 2-1 Saturday on goals by Aidan McGeady and a penalty from Alan Thompson.",Sports,?
AP - Kennedy Winston scored 21 points and Chuck Davis had 18 points and nine rebounds to lead No. 18 Alabama to a 72-54 victory over Alabama State on Tuesday night.,Sports,?
"Sven-Goran Eriksson is considering unleashing a three-pronged England attack of Jermain Defoe, Wayne Rooney and Michael Owen on Wales in their World Cup qualifier at Old Trafford.",Sports,?
Chinese scientists unearth the earliest known relative of the mighty &lt;I&gt;Tyrannosaurus rex&lt;/I&gt; - and it seems it was covered in fluffy feathers.,Sci/Tech,?
"com staff writers. Markko Martin still has a full day and six special stages to go, but he is now the clear favorite to win Catalunya Rally and follow up his win in the last round of the World Rally Championship, in Corsica a fortnight ago.",Sports,?
" VIENNA (Reuters) - A senior U.S. official said on Thursday  that satellite images of a suspected nuclear site in Iran  demonstrated its intention to develop atomic weapons, but other  U.S. officials questioned the strength of the claim.",World,?
"GREATER LAWRENCE Coach: Steve Berard (fifth year, 12-30). Last year''s record: 2-8. Returning starters: N/A. Returning lettermen: N/A. Strength: Numbers. Weakness: Lack of winning tradition. Outlook: After a tough season in which the Reggies picked up just two victories and went winless in league play, things can only get better. Steve Berard''s squad was often mentioned as a sleeper in ...",Sports,...
"Alicia Molik came back to beat French teen Tatiana Golovin 3-6, 6-4, 6-4 in the SEAT Open quarterfinals Friday, moving closer to winning her second WTA Tour title in two weeks.",Sports,?
Israeli troops spotted a Palestinian in the security zone about 50 meters from the fence separating Gaza from Israel and shot him dead early yesterday.,World,?
"NewsFactor - Microsoft''s (Nasdaq: MSFT) domination of the Web browser market is falling as consumers opt for open-source software from the Mozilla Foundation, according to a survey.",Sci/Tech,?
"Shares of BJ Services (BJS:NYSE - news - research) were among the NYSE #39;s losers Tuesday, falling 5 after the company posted fourth-quarter earnings and sales that fell below Wall Street expectations and warned on 2005.",Business,?
"British Airways Plc Chief Executive Rod Eddington has launched an investigation into last week #39;s flight delays and cancellations that stranded thousands of passengers, the Observer ",Business,?
"Maoists rebels have lifted a blockade that cut Nepal #39;s capital Kathmandu off from the rest of the country for a week. In a statement released Tuesday, however, the rebels warned the ",World,?
 SEOUL (Reuters) - South Korea Monday shrugged off North  Korean criticism of the South''s experiments with nuclear  materials as familiar posturing that would not rule out the  mercurial communist North''s return to atomic arms talks.,World,?
"WASHINGTON - The Congressional Budget Office projected Tuesday that this election-year''s federal deficit will hit a record \$422 billion, a shortfall that would be smaller than analysts predicted earlier this year.    The figure immediately provided political fodder for both parties now in the final two-month stretch of the presidential and congressional campaigns...",World,?
"AP - For the first time, scientists have created a genetic map of a cow, providing researchers a new tool to reduce animal disease and improve the nutrition of beef and dairy products, the Agriculture Department announced Wednesday.",Sci/Tech,?
Troy Brown has had to make a lot of adjustments while playing both sides of the football.  quot;You always want to score when you get the ball -- offense or defense ,Sports,Sports
"AP - A member of Democratic presidential candidate John Kerry''s national legal team received a citation on accusations he solicited a prostitute, but the aide said it was the result of a misunderstanding.",World,?
European commercial bank WestLB turns to Hewlett-Packard to manage its worldwide tech services.,Sci/Tech,?
"CHICAGO -- Nothing fazes the Minnesota Twins. Threatened with contraction three years ago, they ran away with the AL Central title.",Sports,?
The recently deposed world No.1 beating Poland #39;s Marta Domachowska 6-4 6-0 to reach the quarter-finals of the Generali Ladies Linz WTA tournament.,Sports,?
Micron Technologies says it still does not expect to pay any fines or face criminal charges after a European competitor agreed this past week to price fixing charges.,Sci/Tech,?
Reuters - The band that brought the\infectious grooves of ''Hey Mama'' and ''Let''s Get It Started'' to\nightclubs across America has signed up to do the same for a\video game where success is measured by how cool players are.,Sci/Tech,?
"By day, Alexander Vincent is a mild-mannered secretary for a Vallejo real estate broker. By night, he #39;s an online crusader protecting users of a new Internet browser from glitches and security bugs.",Sci/Tech,?
"At first glance, it might seem as if software company Computer Associates International Inc. has cleaned up its act. Yes, its former CEO and another top executive were indicted last ",Business,Sci/Tech
"So confident was Colts kicker Mike Vanderjagt that he would make a tying, 48-yard field goal with 24 seconds remaining in Thursday night #39;s league opener against the Patriots ",Sports,?
"AP - In the tumult of the visitors'' clubhouse at Yankee Stadium, champagne pouring all around him, Theo Epstein held a beer. ''I came in and there was no champagne left,'' he said this week. ''I said, ''I''ll have champagne if we win it all.'''' Get ready to pour a glass of bubbly for Epstein. No I.D. necessary.",Sports,?
"Vodafone have today announced a new form of BlackBerry, the 7100v. It has been designed with the BlackBerries creator, RIM (Research In Motion) and will be the first release of a new form factor.",Sci/Tech,?
"ATHENS, Aug. 17. - World No 1 Justine Henin-Hardenne, sidelined for 11 weeks by a debilitating virus, swept into the third round of the Olympic tennis tournament today with a straight sets win over Maria Vento-Kabchi of Venezuela.",Sports,?
"Mobility and scallops marinated in truffle oil, anyone? Fine dining will be the reward for...",Sci/Tech,?
"Alleged spammer Jeremy Jaynes must pay \$1 million in bail for sending as many as 15 million junk e-mails a day and bilking recipients of millions of dollars, a Virginia judge ordered this week.",Sci/Tech,?
"AP - Overconfidence usually isn''t an issue when facing the nation''s seventh-ranked team on the road, yet Maryland has every reason to feel smug about its chances of winning Saturday against West Virginia.",Sports,?
"MOSCOW (AP) -- A Russian cargo ship loaded with supplies and equipment blasted off from the Baikonour cosmodrome in Kazakhstan on Wednesday headed for the international space station, a Russian space official said.    The Progress M-50 ship took off at 1:03 a.m...",Sci/Tech,?
"A Green Bay secondary that figured to be tested on Sunday, even if at full strength for the game with the Indianapolis Colts, took a considerable hit Saturday when cornerbacks ",Sports,?
Top-seeded David Nalbandian of Argentina and Olympic champion Nicolas Massu of Chile advanced to the quarterfinals of the CA Trophy Thursday with straight-set victories while American Robby Ginepri upset No.,Sports,?
"ST. LOUIS - Entering Game 7 of the National League Championship Series on Thursday night at Busch Stadium, the St. Louis Cardinals and the Houston Astros had played six games about as evenly as two teams possibly could play.",Sports,?
"AP - Invasive species appear to be killing off crucial segments of the Great Lakes food web, from large predator fish to tiny freshwater shrimp, an environmental group said Thursday.",Sci/Tech,?
"What''s it been, something like 222 days between meaningful NFL games? What a stretch of misery, so totally demoralizing, each and every day without a pigskin party to attend.",Sports,?
 NEW YORK (Reuters) - U.S. Open organizers have apologized  to Serena Williams for a controversial line call in her  quarter-final loss to Jennifer Capriati on Tuesday.,Sports,?
Six days ago Jay McKee buoyantly strolled into his living room and proudly informed his wife there would be an NHL this season. The Buffalo Sabres #39; union representative had just finished ,Sports,"Sci/Tech, Sports, Business,"
"(adds Rangers v Hearts) LONDON, Nov 28 (Reuters) - Spanish striker Nacho Novo steered Rangers to the top of the Scottish Premier League on Sunday after scoring twice in a 3-2 comeback win over Hearts.",Sports,?
"AP - The New York Mets signed Cuban defector Alay Soler on Friday, giving the pitcher a three-year deal worth  #36;2.8 million.",Sports,Sci/Tech
Reuters - Albert Pujols cracked his 40th home\run of the season and reached 100 RBI for the fourth straight\year to help the St Louis Cardinals blank the host Pittsburgh\Pirates 4-0 in the National League Sunday.,Sports,?
Sir Alex Ferguson tonight hailed Brian Clough as a great footballing eccentric and a fantastic manager following the death of his old sparring partner.,Sports,?
CHICAGO - A jury that included talk show host Oprah Winfrey convicted a man of murder Wednesday after a trial that turned into a media frenzy because of the billionaire in the jury box.    Jurors deliberated for more than two hours before convicting 27-year-old Dion Coleman of first-degree murder in the February 2002 shooting death of 23-year-old Walter Holley...,World,???
"The Jets have big problems on offense. The quarterback has a sore throwing shoulder and some of his teammates have sore feelings. Chad Pennington, who returned two weeks ago from a strained ",Sports,__________
(Sports Network) - The Boston Celtics found themselves on the wrong end of a 100-99 decision against the Denver Nuggets on Wednesday at the FleetCenter.,Sports,?
"update In order to get the next update of its Windows operating system out the door, Microsoft will delay some of the key improvements that had been planned.",Sci/Tech,?
Congressional hearings raised more questions than answers about impending organizational changes in the intelligence community and their impact on efforts to improve the nation''s antiterror fight.,Sci/Tech,?
David Beckham thanks better enforcement of the 10-metre rule and a slice of good fortune for the recent return of his free-kick prowess.,Sports,?
"SAN FRANCISCO - As Sun Microsystems Inc. and Microsoft Corp. ready an early December unveiling of the first step in their highly publicized technology collaboration, industry observers are questioning whether the former foes will fail to address industry standards, particularly the work being done by the Sun-backed Liberty Alliance consortium.&lt;p&gt;ADVERTISEMENT&lt;/p&gt;&lt;p&gt;&lt;img src=''http://ad.doubleclick.net/ad/idg.us.ifw.general/sbcspotrssfeed;sz=1x1;ord=200301151450?'' width=''1'' height=''1'' border=''0''/&gt;&lt;a href=''http://ad.doubleclick.net/clk;11714255;9651165;g?http://infoworld.com/spotlights/sbc/main.html?lpid0101035400730403idlp''&gt;SBC Datacomm White Paper&lt;/a&gt;&lt;br/&gt;Find out how Crate   Barrel expects to save \$180,000 by moving to VoIP, compared to a traditional PBX.&lt;/p&gt;",Sci/Tech,____________.
"New Delhi, Nov. 29 (UNI): Darren Lehmann will take on New Zealand #39;s opening batsman Mark Richardson, in a foot race following the end of play in the second 3 mobile Test match at the Adelaide Oval.",Sports,?
"AP - As Philadelphia prepares to install monitoring cameras at some city intersections, officials say they''re not worried about studies that suggest the surveillance may lead to more accidents.",Sci/Tech,?
"Linebacker Keith Brooking makes the claim after 4-0 Atlanta matches the best start in franchise history. By Associated Press. CHARLOTTE, NC - The Atlanta Falcons stormed off the Panthers #39; field, a victory in hand and a message for the rest of the NFL.",Sports,?
"The foreign secretary, Jack Straw, arrived in Sudan #39;s troubled Darfur region this morning to witness the devastating results of Arab militia attacks on the indigenous black African population.",World,?
India #39;s first Test against Bangladesh begins on Friday in Dhaka and already all the talk is not on whether India will win but when.,Sports,?
" COMMACK, New York (Reuters) - Defending champion Paradorn  Srichaphan withstood a barrage of huge hitting to beat Swede  Joachim Johansson 3-6, 7-6, 6-3 and reach the semifinals of the  Long Island Cup Friday.",Sports,?
AUSTRALIAN captain Adam Gilchrist admitted today he was spooked by the prospect of enforcing the follow-on because of Steve Waugh #39;s fateful attempt during the Calcutta Test of 2001.,Sports,?
"For more than a year and a half, Rep. John Lewis has endured lengthy delays at the ticket counter, intense questioning by airline employees and suspicious glances by fellow passengers.",Business,?
"Less than three weeks after being released by the Dallas Cowboys, quarterback Quincy Carter has landed with the New York Jets. Carter arrived in New York on Tuesday and signed a one-year contract.",Sports,?
At least 13 Iraqis were killed and other 50 injured most of them are members of the Iraqi police in a booby trapped car explosion that targeted a main inspection point for the Iraqi police at al-Rasheed street in the downtown of Baghdad.,World,?
"Sophomore guard Noelle Quinn scored 23 points, and three teammates also finished in double figures as No. 25 UCLA defeated No. 14 Purdue, 70-64, in a nonconference game Sunday at Pauley Pavilion.",Sports,?
"TORONTO (CP) - Carlos Delgado says he is leaving Toronto with no grudges, although the first baseman doesn #39;t think the Blue Jays did all they could to re-sign him.",Sports,?
"Continental Airlines (CAL.N: Quote, Profile, Research) posted a third quarter loss on Tuesday, as high fuel prices caused it to reverse course from a year ago when it was in the black.",Business,?
"TheDeal.com - Try lower, says Oracle CEO Larry Ellison on the witness stand in Delaware''s Court of Chancery.",Sci/Tech,?
"Fulfilling a long-time goal, Intel Corp. is set to introduce on Thursday its first chip set that supports all three current forms of Wi-Fi, according to sources familiar with the announcement.",Sci/Tech,?
"Sony (NYSE: SNE) is taking one more step toward making its Walkman a more formidable contender in the digital music wars. According to several news agencies, Sony is launching a new Walkman with a hard drive and support of the popular MP3 format.",Sci/Tech,Sci/Tech
"Glaciers once held up by a floating ice shelf off Antarctica are now sliding off into the sea -- and they are going fast, scientists said on Tuesday.",Sci/Tech,?
"President Vladimir Putin #39;s government has played down revelations of terrorist involvement in the crash of two airliners, apparently not wanting to highlight an embarrassing security ",World,?
"Reuters - An Israeli helicopter fired three missiles\at an unknown target in a Gaza refugee camp on Wednesday,\Palestinian witnesses said, one day after militants killed 16\Israelis in bus bombings in southern Israel.",World,?
"The Suncoast grad turns a punt into a score for the third time this season. MIAMI - Whenever Devin Hester touches the ball, he not only knows a big play is possible, he expects it.",Sports,Sci/Tech
"With less than a month remaining before the current collective bargaining agreement expires, representatives for the NHL and the Players #39; Association met for nearly 4 1/2 hours yesterday without making any progress on a new CBA. ",Sports,?
HOUSTON -- Former National League MVP Ken Caminiti #39;s death came as a shock to those who believed the former slugger was turning his life around after being released from jail last week on a 2001 drug charge.,Sports,?
"MIAMI - Kris Benson took a shutout into the seventh inning, Eric Valent homered and the New York Mets ended three streaks Thursday by beating the Florida Marlins 4-0.",Sports,?
"Seattle, WA (Sports Network) - The University of Washington reportedly fired head football coach Keith Gilbertson on Monday. According to KING 5 News in Seattle, Gilbertson has been dismissed and it is unclear ",Sports,?
Gateway released the specifications this week for a retail desktop PC based on a new motherboard design that should help cool high-end processors and graphics cards.,Sci/Tech,?
"Microsoft Corp. (MSFT.O: Quote, Profile, Research) said on Monday it had agreed to settle antitrust lawsuits with Novell Inc. (NOVL.",Business,?
IT managers concerned about deploying blade technology into heterogeneous environments may have an easier time of it with the recent announcement that Brocade #39;s SAN (storage area network ,Sci/Tech,Sci/Tech
The scene at the end of Colorado #39;s victory Saturday night probably was not what the university was looking for after a tumultuous off-season.,Sports,?
"Bank of America has unveiled plans to eventually put an IP phone on every employee''s desktop -- a three-year, corporatewide IP telephony rollout that involves about 180,000 phones.",Sci/Tech,?
"As a new crew prepares to lift off tomorrow for the international space station, NASA officials say they are less worried than they were two weeks ago about problems with its oxygen generator and growing shortages of food and spare parts.",Sci/Tech,?
"The DVD Forum has approved the physical disc specifications for the rewritable version of HD-DVDs (High Definition/High Density-DVDs), taking the format an important step nearer to mass production.",Sci/Tech,?
"HAT-TRICK hero Alan Shearer is aiming to fire Newcastle all the way to the UEFA Cup Final this season. After his treble and a double from Patrick Kluivert polished off their Israeli opponents, Shearer said ",Sports,?
"The Mars Global Surveyor released the latest glyph image that appears to evoke the kinds of communication in rock formations that has become famous among Mars'' watchers on the internet. But there is a serious side to interpreting remote sensing data, and shadow is not always one''s ally...",Sci/Tech,?
"Cingular Wireless, the largest U.S. wireless phone company, said Wednesday it expects to report a profit and positive cash flow in 2005, one year earlier than planned, following its \$41 billion purchase of AT #38;T Wireless Services Inc.",Sci/Tech,____________.
"There was a great 35th birthday present for Ernie Els on Sunday. The South African won the World Match Play title for a record sixth time, beating Lee Westwood to earn a million pounds, the biggest prize in golf.",Sports,?
"Oil prices have continued their record-breaking run on Wednesday, busting through the \$47-mark amid concerns that demand will outstrip supply. ",Business,?
"Low initial shipment figures for Sony #39;s forthcoming PlayStation Portable are down to a decision to focus on manufacturing the profitable PlayStation 2 hardware, according to a spokesperson for the Japanese giant.",Sci/Tech,?
Heart of Midlothian Plc said head coach Craig Levein is holding talks to take over as manager at Leicester City in England after steering the Scottish soccer club to the group stage of Europe #39;s UEFA Cup this season.,Sports,?
"AFP - Pakistani authorities torched more than 22 tonnes of seized drugs, including heroin, hashish, opium and morphine, in southwestern Baluchistan province, officials and witnesses said.",World,?
"Dubai - An Islamist group has claimed that it hijacked two Russian planes that crashed this week, killing at least 89 people, and threatened more attacks, according to an Internet statement posted on Friday.",World,?
Why is science seemingly at war with President Bush?,Sci/Tech,Sci/Tech
"Hewlett-Packard plans to use inkjet printing to enter a range of new markets, such as television and computer displays, printed electronic circuits, and automotive fuel-injection systems.",Sci/Tech,?
"Olympic laurels. NBC swept the Nielsen ratings medals, with its first three nights of coverage in Athens taking the top three prime-time spots last week (Aug. 9-15) in viewers and advertiser-coveted young adults. The surge ...",Sports,?
"Ford Motor Co. has decided to stop work on a major procurement software system built around Oracle''s 11i E-Business Suite of apps and plans to move back toward its original custom-written, mainframe-based applications.",Sci/Tech,?
Jason Gillespie produced a superb spell of pace bowling to rout India for 104 but Anil Kumble grabbed a five-wicket haul to lead the fightback on the second day of the fourth and final test on Thursday.,Sports,?
Trying to authenticate documents or uncover forgeries is an increasingly technical pursuit.,Sci/Tech,Sci/Tech
"Since before vice presidential candidate John Edwards brought attention to the South''s vanished textile mills, ex-mill workers and historians have been working to save the mills'' legacy.",Sci/Tech,?
"MCI Inc. Thursday reported a loss of \$3.4 billion during its third quarter, reflecting its recent decision to write down the value of its telecommunications network.&lt;BR&gt;\&lt;FONT face=''verdana,MS Sans Serif,arial,helvetica'' size=''-2''\ color=''#666666''&gt;&lt;B&gt;-The Washington Post&lt;/B&gt;&lt;/FONT&gt;",Sci/Tech,?
"Chicago Bulls #39; Andres Nocioni, left, of Argentina, dribbles past Golden State Warriors #39; Calbert Cheaney in the first half in Oakland, Calif.",Sports,?
" DALLAS (Sports Network) - Freshman Adrian Peterson rushed  for a season-high 225 yards and Kejuan Jones scored the game''s  only touchdown, as second-ranked Oklahoma blanked No. 5 Texas,  12-0, in the Red River Shootout at the Cotton Bowl.",Sports,?
"It can #39;t be easy for former No. 1 Serena Williams, struggling to get back into tennis shape, and seeing countrywoman Lindsay Davenport battering 0-and-1 an opponent that the younger Williams sister barely edges 7-6(3), 7-5.",Sports,?
"Paramount Pictures, Universal Pictures and Warner Brothers have all thrown their weight behind high definition DVD, which was developed by Toshiba and NEC.",Sci/Tech,?
"With less than three weeks left in the Class AAA Ottawa Lynx''s season, Jack Cust is counting down the days until his two-year stay with the Baltimore Orioles organization ends.",Sports,?
The impact radio-frequency identification has throughout an entire supply chain is top of mind for a number of companies experimenting with the technology.,Sci/Tech,Sci/Tech
"Hong Kongs Hutchison Whampoa Ltd. (Hong Kong: 0013 - message board) could raise up to \$1.5 billion from an IPO of mobile and fixed-line assets in India, Hong Kong, Israel, and other markets before the end ",Business,?
"Mike Mussina pitches three-hit ball for eight innings and strikes out a season-high 11 as the Yankees blank Kansas City, 4-0, Tuesday night and boost the margin over second-place Boston to four games.",Sports,?
"The smiles should be wider than the Wasatch Mountains this week at The Y., as they call Brigham Young University. The Cougars are coming off a triumph of Biblical proportion over Notre Dame, in ",Sports,Sci/Tech
"RIYADH, 16 September 2004 - Suspected terrorists gunned down a Briton near a major supermarket in the eastern part of Riyadh yesterday.",World,?
"LAHORE: General Pervez Musharraf has said he will stay army chief and president until 2007, as the law now permits him to do so, the first time he has clearly stated his intention to keep both offices.",World,?
"S Airways #39; pilots union said tonight that it would resume talks with the struggling airline, which is urging its unions to grant \$800 million in cuts to save it from another bankruptcy filing.",Business,?
A British soldier killed after clashes with militia forces in the southern Iraqi city of Basra was today named as Lance Corporal Paul David Trevor Thomas. ,World,Sci/Tech
"AP - Plant geneticist Ted Hymowitz knew that finding an allergy-free soybean would take a painstaking search through thousands of varieties. So Hymowitz got a grant, fetched a hammer and pounded away until he proved he was right.",Sci/Tech,?
"Englewood, CO (Sports Network) - Veteran defensive tackle Luther Elliss of the Denver Broncos will miss the remainder of the season because of a herniated disk in his lower back.",Sports,?
"Tennis''s onetime ''It'' girl met up with the weary one of the present, and Mary Pierce, wiser and calmer at 29, prevailed over the 17-year-old Maria Sharapova.",Sports,?
Bundle of professional video editing applications includes new Motion special-effects software.,Sci/Tech,Sci/Tech. Reason: The text
"The Indianapolis Colts keep Peyton Manning''s favorite target for six more season as Marvin Harrison signs a six-year, \$66-million contract on Wednesday.",Sports,?
"The sixth-ranked Mountaineers (4-0) are at Virginia Tech at noon today and are poised, with a victory against the Hokies and given the unimposing Big East schedule, to be 11-0 heading into a BCS bowl.",Sports,?
"Brown-Forman Corp. , which sells products ranging from Jack Daniels whiskey to Lenox china, on Thursday posted a better-than-expected 67 percent jump in earnings as aggressive marketing boosted sales of premium spirits and new wines.",Business,?
"Reuters - India''s software exports are on track\to grow by 30 percent in the year to March 2005, despite\attempts in the key U.S. market to discourage outsourcing and\protect jobs, the industry''s head said on Monday.",Sci/Tech,?
"With the presidential election less than six weeks away, activists and security experts are ratcheting up concern over the use of touch-screen machines to cast votes.  &lt;FONT face=''verdana,MS Sans Serif,arial,helvetica'' size=''-2''\ color=''#666666''&gt;&lt;B&gt;-washingtonpost.com&lt;/B&gt;&lt;/FONT&gt;",Sci/Tech,?
"54.5 million Europeans surfed the Web over a broadband connection, a 60 percent increase from 34.1 million 12 months earlier. AMSTERDAM: More than half of Europe #39;s Internet surfers now have a high-speed broadband ",Sci/Tech,?
"The US Postal Service has awarded SAP a \$35 million contract to supply a new human-resources system. SAP has benefited from a series of big customer wins this year, showing strong revenue growth ",Sci/Tech,?
Major strategy shift aims to help consumer electronics giant compete with Apple Computer and other rivals.,Sci/Tech,?
"Gartner #39;s research indicates that US consumers have certain expectations as to what fair use really is.  quot;When we #39;ve surveyed teens and adults, we #39;ve found that at least 60 percent of both groups ",Sci/Tech,Sports
"washingtonpost.com - Verizon Wireless announced yesterday that it plans to buy airwave licenses in 23 markets from NextWave Telecom Inc. for  #36;3 billion in cash, giving the cellular phone giant the ability to carry more calls in some of the nation''s largest cities.",Sci/Tech,?
Online-payment service PayPal on Tuesday sought to reassure customers that outages that had plagued the service since Friday finally had been resolved.,Sci/Tech,?
"Israeli Prime Minister Ariel Sharon made a telephone call to Russian President Vladimir Putin on Sunday, promising Israeli cooperation with Russia to concentrate efforts to ",World,?
The Angels weren #39;t playing the same game as the Yankees this weekend. Not in the wide-angle sense of being a first-place team with the luxury of a comfortable lead.,Sports,?
More weaknesses appear in the Diebold electronic voting system that activists say could be used to rig the November election. The company says auditing procedures would catch any vote fraud. By Kim Zetter.,Sci/Tech,?
"SAN FRANCISCO - Intel Corporation recently disclosed key technical details of its upcoming wireless broadband chip for WiMAX products, which will enable long-distance, high-speed wireless Internet access for homes and businesses.",Sci/Tech,?
AP - The protective netting in place to protect fans from falling concrete at Wrigley Field must be replaced with a permanent solution if the Chicago Cubs want to play at the stadium next spring.,Sports,?
"Forbes.com - After earning a PH.D. in Sociology, Danny Bazil Riley started to work as the general manager at a commercial real estate firm at an annual base salary of  #36;70,000. Soon after, a financial planner stopped by his desk to drop off brochures about insurance benefits available through his employer. But, at 32, ''buying insurance was the furthest thing from my mind,'' says Riley.",Business,?
Korean chipmaker expects global sales will halve next year; sales growth could be in single digit. SEOUL (Reuters) - Growth in global semiconductor sales will probably halve next year and memory chip sales ,Business,?
"(Sports Network) - Jerome Williams will take the mound for the first time in two months tonight, as the playoff-hopeful San Francisco Giants conclude their three-game series with the San Diego Padres at Petco Park.",Sports,?
"The Steelers forces four turnovers, makes a key fourth-down stop and beats the hapless Miami Dolphins, 13-3, Sunday night.",Sports,?
"THE US space agency has given a green light for the resumption of space shuttle flights in May 2005, more than two years after seven astronauts died in the mid-air disintegration of space shuttle Columbia.",Sci/Tech,?
"The Sacramento Kings beat the Houston Rockets in a nail-biter pre-season game in Beijing on Sunday, 91-89, on a baseline jumpshot by reserve guard Bobby Jackson in the final seconds.",Sports,?
"Guatemala''s government agrees to pay millions of dollars to former paramilitaries, who some accuse of war crimes.",World,?
Charlton #39;s record of 49 goals for his country still remains intact despite playing his last international for England 34 years ago.,Sports,?
"After passing a physical on Tuesday, former All-Pro cornerback Deion Sanders ends his three-year retirement to join the Baltimore Ravens to win another Super Bowl.",Sports,?
"New Jersey Nets: Backup guard Lucious Harris, who played a big part in helping the Nets win two Eastern Division titles, was waived Wednesday.",Sports,?
"The combined worldwide market for desktops, servers and packaged software running on Linux is forecast to grow at a 2003-2008 compound annual growth rate of 25.9 percent worldwide, reaching \$35.7 billion by 2008.",Sci/Tech,?
 TORONTO (Reuters) - National Hockey League teams appeared  united in their determination to solve the league''s economic  problems as the NHL''s lockout of players became official on  Thursday.,Sports,?
"The National Hockey League stumbles into a new era tonight when the clock strikes 12. Away go the sticks and pucks, and out come the sticks and stones.",Sports,?
The two primary architects of Congress''s last major tax reform say President Bush has failed to lay the groundwork for his ambitious tax agenda and will have to invest a vast amount of political capital to succeed in simplifying the code.,Business,?
The Americans won a couple of better-ball matches and halved another before losing to the most unheralded European team in the final match Saturday morning.,Sports,?
"The Tampa Bay Devil Rays set a franchise record with their 70th victory, beating the Detroit Tigers 7-4 Sunday behind Matt Diaz and John Halama.",Sports,?
"Austin, TX (Sports Network) - Cedric Benson rushed for 140 yards and five touchdowns, as the sixth-ranked Texas Longhorns rallied from a 28-point deficit to erupt for a 56-35 victory over 19th-ranked Oklahoma State.",Sports,?
"A new study argues that intelligent alien life, should it exist, is more likely to communicate with Earth by sending artifacts, rather than radio waves.",Sci/Tech,Sci/Tech
ATHENS -- Vicente Escobedo learned a hard lesson yesterday at Peristeri Boxing Hall. He learned you have to be ready when your moment arrives or you will chase your dream all night without ever reaching it.,Sports,?
"Hewlett-Packard is getting rid of one of its high-profile utility computing projects, although much of the technology will live on in other initiatives.",Sci/Tech,?
"Former Fresno State standout Nick Watney recovered from a double-bogey on the seventh hole to shoot 1 under and tie for the third-round lead Saturday in the Nationwide Tour Championship at the Robert Trent Jones Golf Trail in Prattville, Ala.",Sports,?
Statisticians release an analysis debunking a previous Berkeley study that said President Bush received more votes than he should have in Florida counties that used touch-screen voting machines. By Kim Zetter.,Sci/Tech,?
"The Miami Hurricanes and Florida State Seminoles tumbled in the Associated Press poll released yesterday, falling out of the Top 10 after being upset in road games.",Sports,?
"AP - A sick man among the sick, Pope John Paul II struggled through Sunday Mass at a French shrine that draws desperate people seeking miracle cures. The 84-year-old pontiff gasped, trembled and asked aides for help during the 2 1/2 hour service in sizzling heat.",World,?
Vanguard Group Inc. voted in favor of a shareholder proposal demanding that Intel Corp. expense stock options. Putnam Funds and Fidelity Investments voted to dump Walt Disney Co. Chairman Michael D. Eisner. Vanguard voted to keep him.,Business,?
"El Hadji Diouf has always enjoyed courting controversy. Be it spitting, diving or being a general nuisance to all and sundry the Senegal international has a penchant for getting involved in the more unsavoury side of the game.",Sports,?
"SYDNEY: Hockey Australia (HA) defended their decision to withdraw the Olympic champions out of the Champions Trophy tournament in Pakistan in December, saying security concerns had left it no choice.",Sports,?
"The NFL champion New England Patriots escape with a season-opening victory, keeping their winning streak alive and again frustrating Peyton Manning.",Sports,?
Residents stocked up to prepare for a storm that has already swamped communities in the Caribbean and reportedly killed dozens.,World,Sci/Tech
"Both AMD and Intel are preparing to unveil new, ultra high-end processor refreshes later this month that will push the 3.5 GHz mark.",Sci/Tech,Sci/Tech
"A closely watched measure of future economic activity fell in August for a third consecutive month, reflecting an uncertain climate for both businesses and consumers.",Business,?
"Williams injured the knee in practice Friday, and an MRI revealed that he had a tear to the lateral meniscus. A timetable for Williams #39; return will not be determined until after he has the surgery to repair the damaged cartilage.",Sports,?
"Just as Ali overshadowed two greats in Joe Frazier and George Foreman, Mike Tyson did the same to Evander Holyfield and Lennox Lewis.",Sports,?
" NEW YORK (Reuters) - Investors will watch for oil news from  Russia and Iraq next week, but skepticism that crude prices can  stay sky-high is growing and a break in the energy market would  fuel a rally in U.S. stock markets.",Business,?
"For 3 quarters Wednesday night, the Knicks barely guarded anyone and after tightening that screw, they couldn #39;t make a shot with the game in the balance.",Sports,?
"East Rutherford, NJ (Sports Network) - Retired NBA center and seven-time All- Star Alonzo Mourning is going to give his playing career one more shot.",Sports,?
" TOKYO (Reuters) - North Korea is cracking down on the use  of mobile phones in border areas in a bid to stop smuggling and  ''spy activities,'' Japan''s Kyodo news agency said on Monday.",Sci/Tech,?
Record-setting quarterback Ralph Barone and women''s hockey standout and current coach Laura Schuler head the list of seven inductees into the Northeastern Hall of Fame.,Sports,?
Verizon SuperPages.com said Friday it has teamed up with eBay and Shopping.com for the rollout of new shopping tools on its online Yellow Pages site.,Business,?
"AP - Satellites and telephone wires bring the battle for the White House to an Internet cafe 7,200 miles away in Addis Ababa, capital of Ethiopia, where Girma Hagos goes for his daily dose of U.S. election news.",Sci/Tech,?
"Federal Express raised its earnings forecast, citing strong demand for its international express, ground and less-than-truckload services.",Business,Sci/Tech
"AP - Cambodia moved closer to joining the World Trade Organization on Monday when its Senate approved its entry, a move the government hopes will help protect its billion-dollar garment industry.",World,?
"SOUTHLAKE, Texas (Ticker) -- The battle for the final playoff spot in the Western Conference comes down to 90 minutes of action as the Dallas Burn host the San Jose Earthquakes on Saturday night.",Sports,?
"PUNTA GORDA, Fla. (Reuters) - Rita Weston survived Hurricane Charley huddled under a mattress with her husband and mother in a mobile home she bought 35 years ago. But before the storm passed, the home was reduced to scrap wood and metal. ",Business,__________
" WAKO, Japan (Reuters) - Honda Motor Co.''s humanoid robot  has been around: he''s rung the famed bell at the New York Stock  Exchange, met Spain''s king, and even traveled with Japan''s  prime minister to Prague as a goodwill ambassador.",Sci/Tech,?
The United States women #39;s soccer team needed only a tie yesterday and that #39;s all it got -- settling for a draw against a team it always had beaten. ,Sports,?
"AP - Minnesota will play in the Music City Bowl on Dec. 31, the Golden Gophers'' third straight postseason appearance.",Sports,?
The Irish duo of Paul McGinley and Padraig Harrington shot a 12-under 60 Thursday to share the lead with Austria''s Martin Wiegele and Markus Brier after the first round of the team World Cup.,Sports,?
"For eight minutes, 56,000 Greek fans protested the absence of their disgraced champion sprinter and hurled their resentment at three United States sprinters when their names ",Sports,?
"AP - The Tight Lies Tour is one of several regional circuits for players with aspirations of making the big leagues. One of its alumni is Ryan Palmer, who held off Vijay Singh last month at Disney for his first PGA Tour victory.",Sports,?
A man has eaten his first solid meal in nine years after his face was rebuilt using a pioneering jaw-bone graft.,World,Sci/Tech
"One of the toughest problems in maths may have been solved by the Russian scientist Dr Grigori Perelman, of the Steklov Institute of Mathematics.",Sci/Tech,Sci/Tech
"LONDON, Sep 17 (IranMania) - Iran #39;s powerful former president Akbar Hashemi Rafsanjani warned Friday that the International Atomic Energy Agencymay have to  quot;beg quot; for Tehran #39;s cooperation if it bows to US pressure.",World,Sci/Tech
"Saturdays two games in Serie A saw Juventus survive a late scare to call a halt to newly-promoted Messina #39;s unbeaten run, winning 2-1, while Vincenzo Montella underlined his excellent current form with a superb goal for Roma in a storm-interrupted 2-0 ",Sports,?
Solicitors acting for Kieren Fallon said last night they expect the six-times champion jockey to be cleared of any allegations of race-fixing following his arrest yesterday.,Sports,?
"Well, we started the project soon after Morrowind, and our team was split into two groups -- one working on technology for Oblivion, and one working on expansion packs.",Sci/Tech,?
"&lt;strong&gt;Letters&lt;/strong&gt; Oh, and don''t be mean to spamvertised sites",Sci/Tech,Letters
AP - Lawyers for baseball''s players'' association and owners resumed talks Tuesday aimed at a new agreement to toughen rules on steroid testing.,Sports,?
"Reuters - European shares sagged on Tuesday as\broker downgrades hit mobile phone operator Vodafone  and two\of its peers, but UK clothing retailer Next shone on news of\strong summer sales.",Sci/Tech,?
"AP - Peyton Manning broke one of Dan Marino''s records, took a big step toward another and didn''t even have to play the whole game to do it. Manning threw for six touchdowns in less than three quarters and raised his season total to 41 scoring passes to lead the Indianapolis Colts past the Detroit Lions 41-9 Thursday.",Sports,?
Jenson Button will not know which Formula One team he will race for next season until next month after a hearing on the dispute was adjourned.,Sports,?
"Picking up where he left off in Australia, Bruno Junqueira turned in a strong performance when he needed it most needed to set the provisional pole time for the final race of the Champ Car World Series season - securing a front row start for the race ",Sports,?
"AP - Reliever Arthur Rhodes was traded for the second time in two weeks Saturday, sent from the Pittsburgh Pirates to the Cleveland Indians for outfielder Matt Lawton in the first trade of the winter meetings, a baseball official told The Associated Press.",Sports,?
"The entertainment industry is pushing Congress to approve a bill that could send thousands of Internet music and movie downloaders to jail, but the legislation faces opposition from groups that say it would unfairly punish consumers.",Sci/Tech,?
The Columbus Crew extended their unbeaten streak to an MLS record 14 games in a season with a 1-0 win over visiting D.C. United last night. First-place Columbus (11-5-10) clinched at least a second-place finish in the Eastern Conference and maintained its four-point lead over the MetroStars.,Sports,?
"Microsoft is expected to enter the online song store market this week, which should put the software giant head-to-head with Apple Computer in the music business at last.",Sci/Tech,?
KATHMANDU (Reuters) - Nepal #39;s embattled government has offered to meet a demand by Maoist rebels to end their blockade of the capital after the guerrillas set off two bombs in and around Kathmandu. ,World,?
"DONATING: Summer Ramson,3, gets a hand from her grandmother, Barbara Daliposon, left, and Salvation Army volunteer Donna Clark as she donates money Friday at an Albertsons store on Plumb Lane in Reno.",Business,?
The US Federal Trade Commission last week sued an outfit that it says is using spyware to bombard computer users with pop-up ads in order to promote anti-spyware products called Spy Wiper or Spy Deleter.,Sci/Tech,?
"Among the online worlds hottest commodities, nothing sizzles quite like Firefox, the new Web browser by the California-based Mozilla Foundation thats causing sleeplessness in and around Seattle, Microsoft Corps home turf.",Sci/Tech,?
"SEOUL, South Korea - A huge mushroom cloud that reportedly billowed up from North Korea was not caused by a nuclear explosion, South Korean and U.S. officials said Sunday, but they said the cause was a mystery...",World,?
"ROME: Cesare Prandelli has stepped down as coach of Italian top flight side AS Roma, according to reports here yesterday which also said that former Germany coach Rudi Voller is ready to step in.",Sports,?
"Reuters - Algeria''s largest Islamic rebel group\with ties to al Qaeda said it has appointed a new chief, known\as an explosives expert, as it tries to regroup following the\loss of key leaders in recent gun battles with authorities.",World,?
Takuma Sato will return with BAR-Honda in 2005. The team confirmed the Japanese driver #39;s return on Tuesday ahead of this weekend #39;s Japanese Grand Prix.,Sports,?
AP - President Bush made an unexpected visit to the Russian Embassy on Sunday where he signed a book of condolences for victims of the school hostage seizure and expressed outrage at the actions of ''evil terrorists.'',World,?
"Assets of Russia #39;s beleaguered Yukos oil company should fetch at least \$15 billion, a senior official said Monday, as the company #39;s main production unit is evaluated for sale to offset a crushing back-tax bill.",Business,?
"The world #39;s first private spaceship has blasted into the final frontier for the second time in five days, snatching the nearly 14-million dollar prize and founding a new era of space tourism.",Sci/Tech,?
"The Microsoft Corp. has decided to advance the timetable on its much-anticipated overhaul of Windows, the Financial Times reported Saturday.",Sci/Tech,Sci/Tech
"Open source can immediately prompt the words  #39;law suit #39; in some peoples #39; minds, but Black Duck have introduced a software platform that helps developers catch and resolve potential intellectual property disputes.",Sci/Tech,?
"They spent the summer marveling over their lineup changes and their improvement, the big-name veterans they signed and the strategic concepts they imported from the champion New England Patriots.",Sports,Sci/Tech
The Food and Drug Administration says a rocket fuel component contaminates nearly 94 percent of the milk and lettuce samples surveyed. The compound is suspected of having nasty effects in humans. By Amit Asaravala.,Sci/Tech,?
"Reuters - U.N. Secretary-General Kofi\Annan on Thursday threw his weight behind a U.S.-drafted\resolution on Sudan''s Darfur region, saying the Security\Council should adopt it immediately to stop atrocities.",World,?
 DUBAI (Reuters) - A senior U.S. official appointed to a  controversial multi-million dollar project to promote democracy  in Arab countries insists he will not meddle in the politics of  the region.,World,?
"No Pistons players were charged for the Nov. 19 brawl the brother of Detroit''s Ben Wallace, was charged for throwing punches at the Pacers'' Fred Jones.",Sports,?
"FONTANA, CA.California native Casey Mears was glad to be home. So glad in fact, he put his No. 41 Dodge on the Busch Series pole position for Saturday #39;s Target House 300 run on the two-mile California Speedway.",Sports,?
" BEIRUT, Lebanon (Reuters) - A top aide to Iraq''s rebel  Shi''ite leader Moqtada al-Sadr called on the Mehdi Army militia  Monday to cease fire across Iraq and said Sadr was preparing to  announce plans for a major political program.",World,?
" ATHENS (Reuters) - Argentina beat Italy 84-69 to win the  men''s Olympic basketball gold Saturday, the country''s first  medal in the sport.",Sports,?
Tackles Plymouth-Banjul rally in 20 Citroen,Sci/Tech,Sci/Tech.
"Reuters - Villagers returning to their\homes in Sudan''s Darfur region are living in fear of the Arab\militiamen who initially drove them away, the United Nations\said in a report received by Reuters Monday.",World,Sci/Tech
SPACE.com - A fresh space station crew and one visiting cosmonaut are on\their way to the International Space Station (ISS) after their Soyuz rocket\pierced the skies above Kazakhstan during a flawless launch today.,Sci/Tech,?
"There is symbolism in the matchup: two Big East teams, each moving into a new neighborhood, opening up their conference schedule.",Sports,?
"Kobe Bryant would love to have Karl Malone back with the Los Angeles Lakers, and believes comments he made in a recent radio interview were misunderstood.",Sports,Sci/Tech
"BRUSSELS, Belgium - An international conference opened Wednesday amid warnings that companies, governments and individuals are increasingly vulnerable to Internet attacks by terrorists, hackers and others that rob them of privacy, money, and secrets.",Sci/Tech,?
The Carter Center and the Organization of American States said an audit of returns from Sunday #39;s recall vote won by President Hugo Chavez found no evidence of irregularities.,Business,?
"Besides unleashing Solaris 10, Sun Microsystems on Monday plans to turn the spotlight on new storage hardware and software offerings as part of its quarterly product launch.",Sci/Tech,?
"LONDON -- Apple Computer #39;s three-month-old European iTunes service came under attack Wednesday from Britain #39;s Consumers #39; Association, which asked the Office of Fair Trading, a business watchdog, to investigate why the service #39;s prices are higher than ",Sci/Tech,?
"STOCKHOLM (AFP) - Andre Agassi was set to intensify his chase for a place in next month #39;s eight-man Masters Cup, with a Tuesday morning arrival in Sweden to compete as top seed at the 632,750-euro Stockholm Open.",Sports,?
"WASHINGTON -- Yaser Esam Hamdi, the US citizen and ''''enemy combatant quot; whose imprisonment without charges by the Bush administration for nearly three years led to a historic Supreme Court decision this summer, will be freed under an agreement with the Justice Department.",World,?
"Olympic Stadium has always had the lighting of a morgue. Stark and blindingly white, you could roll out a gurney and perform an autopsy at home plate - which is what #39;s now in order, given there #39;s been a needless death at The Big O.",Sports,?
"Moscow, Nov 26 - Nathalie Dechy picked up where Tatiana Golovin left off on Wednesday, defeating Maria Sanchez Lorenzo 6-2, 6-4 to give France a confidence-boosting 2-0 lead in their Fed Cup semi-final against Spain.",Sports,?
"Ah, the life of Steve Spurrier. From all indications, he #39;s headed to the University of South Carolina, which will allow him to pursue victories and birdies, not necessarily in that order.",Sports,?
" GRAND JUNCTION, Colo. (Sports Network) - NBC Sports  chairman Dick Ebersol and his son Charlie were released from  the hospital Monday, a week after surviving a charter plane  crash that killed three people, including Ebersol''s youngest  son.",Sports,?
NEW YORK - Investors will be looking ahead to the Federal Reserve #39;s meeting and third-quarter earnings forecasts in Wall Street #39;s short trading week after the Labor Day holiday.,Business,?
"TWO weeks ago, Alex McLeish was posing for the photographers at Murray Park with the Bank of Scotlands Manager of the Month award for November, savouring a period which had turned Rangers season around and seemed to have discarded any short-term ",Sports,Sci/Tech
"Noranda, Canada''s largest mining company, said on Friday that it may be acquired by the China Minmetals Corporation in a deal worth more than \$4.7 billion.",Business,?
"We asked those affected by Hurricane Ivan, or those in its path, to e-mail us with their thoughts and experiences. The following are a selection of your replies.",World,Sci/Tech
"Olympic wrestling silver medalist Sara McMann has been charged with careless driving causing death following a crash that killed her boyfriend, the Colorado State Patrol said yesterday. Steven Blackford , 28, a three-time NCAA All-American wrestler at Arizona State, died Friday when the Jeep they were in rolled off the shoulder of Interstate 76 in northeastern Colorado. McMann, 23, of ...",Sports,?
"American Airlines has delayed the deliveries of 54 Boeing Co. planes to save \$2.7 billion over the next six years. The agreement with Boeing lets AMR, which has lost \$6.9 billion since the end of 2000, delay ",Business,?
"BEERSHEBA, Israel -- Palestinian suicide bombers blew up two passenger buses in near-simultaneous explosions yesterday afternoon along the main thoroughfare of this southern Israeli city, killing 16 people and shattering a five-month lull in suicide attacks inside the Jewish state.",World,?
 NEW YORK (Reuters) - Sidney Ponson pitched a complete-game  two-hitter as the Baltimore Orioles stunned the New York  Yankees 7-0 in American League play at Yankee Stadium on  Saturday.,Sports,?
"In the short term, the tax could add US\$4 million annually to ICANN #39;s coffers, an amount that could skyrocket to more than \$30 million if it is extended to additional domains.",Sci/Tech,?
"AP - America Online, which earlier this year stopped signing up new broadband customers, is telling existing broadband subscribers in nine Southern states that they must find a new broadband carrier by Jan. 17.",Sci/Tech,?
AP - Takeo Spikes made good on his vow the Buffalo Bills would finally provide some good news for their fans this weekend.,Sports,Sci/Tech
"The Green Bay Packers and Tennessee Titans will try to keep from falling to 1-4 Monday night. But after the nationally televised game in Green Bay, Wisconsin, one of them will be.",Sports,?
"The success of alternative Web browsers could push Microsoft to more aggressively leverage its dominance of Internet client software, said Marc Andreessen, one of the founders of Netscape.",Sci/Tech,?
 JERUSALEM (Reuters) - Israeli Prime Minister Ariel Sharon  accused far-rightists on Sunday of trying to incite civil war  over his plan to withdraw from the occupied Gaza Strip and  called for measures to curb such groups.,World,?
"AP - Former Ohio State basketball coach Jim O''Brien sued the school, claiming he is owed at least  #36;3.4 million because his firing violated terms of his contract.",Sports,?
"SAINT-DENIS, France -- Heikki Kovalainen of Finland beat world rally champion Sebastien Loeb of France to win the Race of Champions on Saturday.",Sports,?
"CBC SPORTS ONLINE - Alexei Kovalev doesn #39;t think the NHL lockout will end soon so he #39;s decided to do something about it. The gifted winger signed with Russia #39;s AK Bars Kazan, a team already loaded with NHL stars.",Sports,?
"The European Commission has announced that it is to investigate the recent purchase by Microsoft and Time Warner of ContentGuard, a specialist in digital rights management.",Business,?
"ALICANTE, Spain : Spaniard Juan Carlos Ferrero wasted no time getting down to business, brushing aside Fabrice Santoro to put the hosts level with France 1-1 in their World Group Davis Cup semi-final tie.",Sports,?
"BAGRAM, Afghanistan - Three years after the Sept. 11 attacks, Osama bin Laden and his deputy are still issuing orders for attacks by al-Qaida, a top American commander told The Associated Press Saturday...",World,?
Your statements (re: the S/360)  quot;...It was the first mainframe that allowed different applications to be run simultaneously ... quot; and  quot;..Before the S/360 appeared on the scene each computer was unique .. quot; are utterly wrong and do not give the IBM System ,Sci/Tech,World
"Peace talks between the Iraqi government and the office of radical Shiite cleric Moqtada al-Sadron his army #39;s weapons were facing troubles, the Dubai-based al-Arabiya TV channel reported Monday.",World,?
The Federal Communications Commission (FCC) has cleared the way for Internet access over the same infrastructure that carries electricity to homes and businesses in America.,Sci/Tech,?
"At times like this, it is important to remember a simple truth: No matter how much they have improved, no matter how much promise they may show at times, there is something they have yet to escape.",Sports,?
"By JAN M. OLSEN     COPENHAGEN, Denmark (AP) -- Denmark is joining Russia and Canada to see if it can lay a claim to the North Pole - and whatever natural riches may lie beneath it...",Sci/Tech,?
"AP - Latrell Sprewell was suspended for one game by the NBA on Tuesday for yelling a sexual vulgarity at a female fan during a game, the latest episode of a player clashing with spectators.",Sports,?
"Here''s a look at new and interesting developments at the major shopping search and comparision sites during 2004. Today: NexTag, PriceGrabber, Shopping.com/Dealtime and Yahoo Shopping.",Sci/Tech,?
" ATHENS (Reuters) - Australian swimmer Ian Thorpe beat  arch-rival Michael Phelps in the men''s 200-meter freestyle on  Monday as the United States pursued China, Australia and Japan  in the medals table on day three of the Olympic Games.",Sports,?
"AP - For at least one game, the pass-happy St. Louis Rams relied on the running game. A week after coming under heavy criticism for a game plan that featured 49 passes and just 15 runs in a 28-25 overtime loss at home against New Orleans, coach Mike Martz used the run early and often in a 24-14 win Sunday night at San Francisco, evening the Rams'' record at 2-2.",Sports,?
"Most earthquakes make history for the damage they inflict. But last week #39;s quake at Parkfield, Calif., is likely to be remembered for insights that could improve earthquake-hazard assessments, quake-resistant ",Sci/Tech,?
A Microsoft ad saying that Linux was 10 times more expensive than Windows has been found to be an unfair advert in the UK. The UK #39;s Advertising Standards Authority ,Sci/Tech,?
Risk is knocking Big Pharma stocks down. They won''t be getting up anytime soon.,Business,?
AP - Negotiators worked through the final day of a two-week U.N. conference Friday in search of a way to bring the United States back into long-term talks on controlling global warming. A key European official saw a ''50-50'' chance of compromise.,Sci/Tech,?
"Any product, any shape, any size -- manufactured on your desktop! The future is the fabricator. By Bruce Sterling from Wired magazine.",Sci/Tech,?
"A renegade Afghan warlord has been arrested and brought to the capital by the central government, just weeks after his troops clashed ",World,?
"They used to fill entire floors of buildings and were so costly only governments or large companies could afford them. Yesterday, Apple Computer showed just how far technology ",Sci/Tech,?
"Senior forward Wayne Simien scored 25 points and grabbed 14 rebounds, leading the No. 1-ranked Kansas Jayhawks to a 68-61 season-opening win over the Vermont Catamounts.",Sports,?
"InfoWorld - Desktop search has its sights set on corporate PCs, leaving enterprise IT wary of potential security issues associated with the highly anticipated tools.",Sci/Tech,?
"Proving that he is willing to try anything to turn around UCF #39;s downtrodden football program, George O #39;Leary made a dramatic change at quarterback Saturday in his first game as head coach.",Sports,?
Purdue senior quarterback Kyle Orton demolished both a secondary and a streak as he led the 15th-ranked Boilermakers to a 41-16 victory over Notre Dame (3-2).,Sports,?
Snoop Dogg running deep post routs for Matt Leinart. Snoop Dogg rapping and giving a pep talk inside the locker room of the top-ranked USC Trojans.,Sports,?
The San Francisco Giants need Jason Schmidt to bounce back from his recent struggles as they try to catch the slumping Los Angeles Dodgers in the NL West and hold off the Chicago Cubs in the wild-card race.,Sports,?
"MOSCOW -- Police intercepted a car packed with explosives in central Moscow yesterday and said they had thwarted a terrorist attack, Russian media reported. A suspect told investigators he was being paid \$1,000 to take the car to a major thoroughfare used by President Vladimir Putin, news agencies and television said, quoting security forces. The suspect died from a heart ...",World,?
Microsoft CEO Steve Ballmer provided some perspective for anyone who thinks they are getting too much spam.  quot;There are two people who probably are the number one spam recipients in the world.,Sci/Tech,Sports
"deeper than most quakes. Some began just before a relatively large quake last September, they report in this week #39;s issue of the.",Sci/Tech,?
"ATHENS, Greece - Stymied by a sloppy handoff in the middle of the race, the United States lost to Great Britain by a hundredth of a second Saturday night in the 400-meter relay - a race the American men usually dominate.    U.S...",World,?
"A 31-yard field goal by John Carney in overtime Sunday gave the New Orleans Saints a 28-25 win over St. Louis. Carney kicked five field goals in the game, including a 38-yarder ",Sports,?
"The chief financial officer of Oracle, Harry L. You, said that \$24 a share remained the company''s ''best and final'''' offer for PeopleSoft Inc. in what may be the last week of a 17-month hostile takeover fight.",Sci/Tech,?
UConn senior quarterback Dan Orlovsky has admitted that he probably would have gone to Boston College if offered a scholarship. But ,Sports,?
"After trying for three years to escape catcher Jason Kendall #39;s contract, the Pirates finally have succeeded. The passing of physicals is all that stands in the way of the Pirates sending Kendall to the Oakland ",Sports,?
"In 2001, the Netherlands became the first (only?) country in the west to permit ''mercy killings''. The law only allows such killings in very particular circumstances - a doctor can terminate the life of a person who was in great pain and had no hope of recovery. In addition, the law requires the informed consent of the patient.   A hospital in the Netherlands has asked to dispense with that annoying part about consent - and the equally annoying part about pain.",Sci/Tech,?
"Alitalia said Monday that it would meet with union representatives after nine labor groups demanded that the airline tell them its strategic and organizational plans, and called for government intervention in further talks.",Business,?
"Recent comments by President Chen Shui-bian on the sensitive issue of Taiwan #39;s name revealed his intention to steer the island toward independence, a Chinese government spokesman said.",World,?
"On a clear day, you can see the Chateau Frontenac in Quebec City from her home in Chateau-Richer. But one day, nine years ago, a young volunteer working at a World Cup ",Sports,Sci/Tech.
"Consumer confidence, which had been on the rise since April, declined unexpectedly sharply in August, a private research group said Tuesday.",Business,?
Second-largest home improvement retailer continues to produce strong results.,Business,?
"LONDON, Aug. 26 /PRNewswire-FirstCall/ -- In a move that is intended to deliver benefits for the mobile industry and for mobile customers, Nokia and Vodafone today announce the formation of a mobile service architecture initiative.",Sci/Tech,?
 SAN FRANCISCO (Reuters) - No more passing the buck.,Sci/Tech,?
"As his position with Renault for the final three races of 2004 was announced today, Jacques Villeneuve spoke positively about the future.",Sports,Sci/Tech
"On preorders alone, the Nintendo DS is the third best-selling system in Japan this week. TOKYO--The Nintendo DS is the third best-selling video game console for the week of October 11-17, Nikkei BP Consulting reports today.",Sci/Tech,?
MIKE TYSON closed the book today on one of his many run-ins with the law: his brawl last year with two men outside a Brooklyn hotel.,Sports,?
"As baseball officials met Wednesday with backers of a northern Virginia ballpark for the Expos, a second key lawmaker said he opposes a plan to finance the stadium.",Sports,?
"After watching his offense struggle the last two weeks, Giants coach Tom Coughlin announced Monday he was benching Kurt Warner in favor of rookie Eli Manning.",Sports,?
ROME : Six new faces and a former favourite will get the chance to impress as Marcello Lippi #39;s experimental Italy team host Finland in an international friendly in Sicily.,Sports,?
"New applications for US home loans fell last week as 30-year mortgage rates declined to their lowest level since late March, an industry group said on Wednesday.",Business,?
Reuters - French director Claude Lelouch has decided to show his new film ''Les Parisiens'' free across France to try to prove\wrong the critics who have panned it.,World,?
"New Zealand Finance Minister Michael Cullen seemed to suffer a slip of the tongue in Parliament on Wednesday, announcing an interest rate hike by the country #39;s Reserve Bank a day early.",Business,?
"Rumblin #39;, bumblin #39;, stumblin #39;, Julius Peppers looked up and saw nothing but 104 yards of Mile High air between himself and the end zone.",Sports,?
"MILWAUKEE - Barry Bonds barely missed his 700th homer, but J.T. Snow connected following yet another walk to the San Francisco slugger and the Giants beat the Milwaukee Brewers 8-1 behind Brett Tomko''s four-hitter Wednesday night...",World,?
Allied Waste Industries Inc. cut its 2004 earnings forecast for the second time in three months Tuesday saying sales growth was coming from lower-margin businesses instead of the more profitable landfill operation.,Business,?
"\\''(CNN) -- A longtime associate of al Qaeda leader Osama bin Laden surrendered to\Saudi Arabian officials Tuesday, a Saudi Interior Ministry official said.''\\''But it is unclear what role, if any, Khaled al-Harbi may have had in any terror\attacks because no public charges have been filed against him.''\\''The Saudi government -- in a statement released by its embassy in Washington --\called al-Harbi''s surrender ''the latest direct result'' of its limited, one-month\offer of leniency to terror suspects.''\\This is great!  I hope this really starts to pay off.  Creative solutions to\terrorism that don''t involve violence.  \\How refreshing! \\Are you paying attention Bush administration?\\",Sci/Tech,?
"Forbes.com - As the second employee of InfoSpace, Jean-Remy Facq saw the value of his stock inflate and then collapse. Now he''s suing in federal court in Seattle for a  #36;4.5 million refund of 1999 federal income tax. He''s just one of 200 tech workers who have hired Seattle tax lawyer/CPA Brian G. Isaacson in the hope his novel theories will help them slash old (and sometimes unpaid) tax bills from their exercise of stock options for shares that later tanked.",Business,Sci/Tech
"Troy Smith barely got on the field for Ohio State this season. After the Buckeyes #39; biggest game of the year, he had trouble getting off of it.",Sports,?
AP - Christina Kim followed a record-tying opening round with a 6-under 66 Friday to take a four-stroke lead midway through the LPGA State Farm Classic.,Sports,?
"Reuters - Philip Morris, one of the world''s\leading tobacco manufacturers, was involved in research into\the health effects of smoking 30 years ago but did not reveal\data on the dangers of passive smoking, scientists said on\Thursday.",Sci/Tech,?
"Cutting-edge game units, TVs, satellite receivers, camcorders and more are introduced.",Sci/Tech,Sci/Tech
"A year ago, the Twins lamented the day off that followed their victory against the Yankees in Game 1 of the American League Division Series.",Sports,?
Open-source database to jump from beta testing to production within three months.,Sci/Tech,?
"After the Sept. 11 terrorist attacks, Australia #39;s Prime Minister John Howard told the US Congress,  quot;America has no better friend anywhere in the world than Australia.",World,Sci/Tech
"Although AIDS is thought of as a disease of the young, in the United States it is rapidly becoming one of the middle-aged and even the old.",Sci/Tech,?
"Patrick Kluivert struck twice for Newcastle United in a 2-0 victory over Bnei Sakhnin of Israel, thefirst Arab team to play in the UEFA Cup first-round, first-leg match on Thursday.",Sports,?
"Reuters - The Bush administration has signaled\approval of growth in some Israeli settlements in the West Bank\in a policy change aimed at helping Prime Minister Ariel\Sharon, the New York Times said on Saturday.",World,?
"Fat is a little-discussed source of stem cells, those versatile biological building blocks that can morph into a variety of tissues. However, fat-derived stem cells, researchers say, might someday provide replacement tissue for treating such conditions as Parkinson''s disease, heart attacks, heart failure and bone defects.",Sci/Tech,?
"The boys of Pi Kappa Phi better look out. Mississippi State pulls off the SEC stunner of this Millennium, beating Ron Zook and Florida 38-31.",Sports,?
"NEW YORK: Comeback kid Tommy Haas upset 12th seed Sebastien Grosjean to move into the third round of the US Open on Friday. The German former world number two, who missed the whole of last season after shoulder ",Sports,?
"After you''ve joined the music revolution and plunked down \$250 for an Apple iPod mini, it''s easy to become quite protective of the little gizmo.",Sci/Tech,?
ATHENS : Felix Sanchez gave the Dominican Republic their first ever athletics Olympic gold medal with a devastating display in the 400 metres hurdles.,Sports,?
"HEMPSTEAD, NY - He was drafted in the first round in 2000 out of Marshall, at the head of the same quarterback class that yielded Tom Brady, but Chad Pennington #39;s road to success has been more deliberate.",Sports,?
LONDON - The Football Association announced yesterday that it will introduce a test for the banned drug erythropoietin (EPO)  #39;in the near future #39;.,Sports,?
World number one Roger Federer was stretched to the limit by fourth-seeded Thai Paradorn Srichaphan before edging a 7-5 2-6 6-3 victory in the Thailand Open semi-finals on Saturday.,Sports,?
Nvidia is supplying graphics drivers for Solaris-based workstations that use x86 chips such as Advanced Micro Devices'' Opteron.,Sci/Tech,Sci/Tech
"The games industry could benefit from scientific ''mood profiling'' to develop hit games, researchers say.",Sci/Tech,?
Umpire Ed Montague was in good condition at a hospital after leaving Sunday''s game between the Seattle Mariners and Texas Rangers because of high blood pressure.,Sports,?
"AP - Karl Malone has ruled out a return to the Los Angeles Lakers because of comments made by Kobe Bryant in a radio interview, Malone''s agent said Tuesday.",Sports,?
"Reuters - A Brazilian garbage dump could be a\trailblazer for thousands of projects in developing nations\under a U.N. plan to battle global warming, a Norwegian company\said Wednesday.",Sci/Tech,?
A proposed \$10 round-trip airfare increase that initially looked like it might stick fell apart over the weekend. The increase was proposed by American Airlines late last week and matched ,Business,?
The F.C.C. adopted rules that will enable utility companies to offer an alternative to broadband services provided by cable and phone companies.,Sci/Tech,Sci/Tech
"LONDON  quot;Cloaca, quot; apparently, is the Latin word for  quot;sewer, quot; which might seem a strange image with which to launch a new theatrical regime.",Sci/Tech,?
"Argentine David Nalbandian entered the Madrid Master final on Saturday, scoring 6-4 and 6-4 victory over Ivan Ljubicic of Croatia.",Sports,?
"AFP - A former US presidential adviser has warned Australia is at increased risk of a Spanish-style attack ahead of the October 9 election, citing the opposition''s plan to withdraw troops from Iraq.",World,?
"Jamal Lewis scored the decisive touchdown with 7:03 left following a 7-yard punt, and Ed Reed sealed the victory with an NFL-record 106-yard interception return in the waning seconds as the Baltimore Ravens beat the Cleveland Browns, 27-13, Sunday.",Sports,?
"Having lost four of the last five Ryder Cups, an even bigger worry for American golf should be that they have lost the last three Walker Cups.",Sports,?
"Shares of Varsity Group Inc., the online bookseller that rose to prominence during the e-commerce boom only to stumble badly, will return to trading on the Nasdaq National Market this morning.",Sci/Tech,?
"Polar bears could be decades from extinction, a survey into global warming has found. Steve Connor reports on the crisis that threatens the polar ice-cap.",Sci/Tech,?
"An arbitrator ruled yesterday that tailback Ricky Williams, who retired just before training camp, must repay the Dolphins \$8.6 million.",Sports,?
Cadbury Schweppes has warned that its full year results will be at the lower end of its expectations. The world #39;s biggest confectioner said that wet weather had held back sales of soft drinks in France and Spain.,Business,?
Nasa has announced plans to launch the first manned space mission since the 2003 Columbia disaster. The next shuttle flight is to take place in May 2005 following a series of delays because of damage caused by hurricanes.,Sci/Tech,?
"InfoWorld - Liquid Machines today announced the release of Email Control Version 6.0, an e-mail policy and security messaging software package designed for enterprise networks.",Sci/Tech,?
"Boston College''s 21-10 victory over Rutgers yesterday was the Eagles'' sixth win, making them eligible for a bowl bid. It may even have put them in prime position for a New Year''s Day game, even if they lose to West Virginia next week in Morgantown.",Sports,?
"Dharwad, Aug. 28 (PTI): Senior BJP leader Sushma Swaraj, today said former Madhya Pradesh Chief Minister Uma Bharti, was  quot;happy, in very high spirits and is determined to remain in jail as long as the State Government wants her to be quot;.",World,Sci/Tech
A three-touchdown point spread and a recent history of late-season collapses had many thinking the UCLA football team would provide little opposition to rival USC #39;s march to the BCS-championship game at the Orange Bowl.,Sports,?
England coach Sven-Goran Eriksson has confirmed in-demand striker Wayne Rooney will not figure in his squad for September #39;s World Cup qualifiers.,Sports,?
More migrants arrive on Italy''s Lampedusa island as PM Berlusconi prepares for migration talks in Libya.,World,?
"As a result of the ongoing success of the Microsoft Government Security Program (GSP) and positive feedback from governmental entities, Microsoft has announced it will offer access to the source code of its flagship desktop offering, Microsoft Office 2003 ",Sci/Tech,Sci/Tech
"AUBURN HILLS, Mich. -- The potential loss of Gary Payton with a strained left hamstring was briefly a laughing matter last night after the Celtics dropped a 100-88 decision to the Pistons. When asked how he would get through one and possibly many more games without the veteran point guard, coach Doc Rivers decided he would call up executive director ...",Sports,?
Scientists from India working in the Himalayas have discovered a new species of monkey.,Sci/Tech,?
"WASHINGTON : With little doubt about the Federal Reserve #39;s plans for a quarter-point rate hike, financial markets were focusing on another question: When will the Fed stop?",Business,_______.
"The more that Isiah Thomas insisted yesterday he will never coach the Knicks, the more you wanted to ask,  quot;Well, why would you?",Sports,Sci/Tech
The ABC television network is rightly being pilloried from all concerned - including FCC Chairman Michael Powell -or its tawdry  quot;Monday Night Football quot; opening this week.,Sports,?
Success of alternative apps like Firefox may be putting pressure on the software giant.,Sci/Tech,?
The third fight between Erik Morales and Marco Antonio Barrera promised to break a tie and determine the best little fighter of the era.,Sports,Sci/Tech
"For the 11th straight time, the University of Toledo defeated Northern Illinois, and this time it is was a Northern Illinois team that had been unbeaten in the Mid-American Conference and seemingly headed for its first appearance in the league ",Sports,Sci/Tech
"In the late 1980s, developers were breaking ground for new shopping centers in the United States at the rate of four a day. In 2004, only three regional malls are expected to open the whole year.",Business,?
What: MIAA Division 3A Super Bowl. Where: Bentley College in Waltham. When: Saturday at 10 a.m. Last meeting: Schools have never met. .,Sports,Sci/Tech
AP - Notre Dame''s Plan ''A'' appears to be heading to Florida.,Sports,?
"Sun Microsystems has entered into an agreement to acquire SevenSpace, a privately-held company based in Ashburn, Va. SevenSpace will broaden Sun #39;s Managed Services offerings to include heterogeneous environments ",Sci/Tech,Sci/Tech
"American International Group Inc. , the world''s largest insurer, said the Securities and Exchange Commission is considering accusing the company of helping PNC Financial Services Group Inc. improperly remove bad loans from its books.",Business,?
AP - Online DVD rental leader Netflix Inc. is putting social networking on its marquee of coming attractions for next year.,Sci/Tech,?
"LONDON - Not only has England captain David Beckham been told to learn to shut up by coach Sven-Goran Eriksson, he could also face punishment from the Football Association for his unsporting behaviour.",Sports,?
"Two people were killed and 10 wounded in a bomb blast in Bangladesh #39;s northeastern Sylhet town on Sunday, police said. They said the blast occurred outside a cinema hall in the town, 219 miles from Dhaka.",World,?
"Tammy Haulcy drilled a 3-pointer at the buzzer, lifting UMass-Lowell to a 68-65 victory over Pace last night at Costello Gym in the River Hawks'' Northeast-10 Conference opener. UMass-Lowell (2-0) sank eight 3-pointers in all, including four by Mariette Guillaume, who was one of three River Hawks in double figures. Sacha Simms led the way with 15 points, and Enjoli ...",Sports,?
" quot;Please solve this because I don #39;t want to be watching Trading Places on Saturday night. quot;. That was from David Whittle, a hockey fan out of Hamilton, adding a personal touch of levity - and we think he meant ",Sports,Sports
"Baseball Julian Tavarez''s baseball cap is dirty and grimy -- but not illegal, according to the man who now owns it. Gene McNary , who bought the cap for \$140 from the fan who caught it when Tavarez was ejected and tossed it into the stands, took the cap to St. Louis Testing Laboratories, where substances on it were analyzed. ...",Sports,?
"AFP - Britain complained to the United States over the deportation of pop singer turned Islamic activist Cat Stevens, who was denied entry on national security grounds.",World,?
"MIAMI - Although Chris Rix''s fumble overshadowed Xavier Beitia''s blocked field goal, Florida State coach Bobby Bowden will remember them both. The mistakes cost his team dearly against Miami on Friday night, with the fifth-ranked Hurricanes rallying to beat the No...",World,?
"PARIS - France is ready to play a greater role in rebuilding Iraq and has invited Iraqi President Ghazi Yawar for talks in Paris next month, President Jacques Chirac said in a speech on Friday.",World,?
"There has been so little heartbreak from baseball for Mariano Rivera, the greatest postseason player the Yankees have ever had, which means the greatest any team has ever had.",Sports,Sci/Tech
"WASHINGTON, Nov. 29 /PRNewswire/ -- The Expedition 10 crewmembers are back inside the International Space Station after taking a short ride this morning.",Sci/Tech,?
"At \$100, the stock would trade at 37 times the broker #39;s calendar 2006 earnings for the company.  quot;While this multiple is a premium to the comp group, we believe it is warranted given ",Business,Sci/Tech.
" LONDON (Reuters) - Former world No. 1 Tiger Woods has  married Swedish model Elin Nordegren at the luxury Sandy Lane  resort in Barbados, The Daily Nation newspaper reported on  Wednesday.",Sports,?
"Miyazaki, Japan (Sports Network) - Tiger Woods shot a three-under 67 on Sunday to easily win the Dunlop Phoenix by eight strokes. Woods completed the tournament at 16-under-par 264.",Sports,?
Microsoft will accelerate the rollout of Windows XP Service Pack 2 over the next month and has released the first official update for SP2 to fix a problem some users had with virtual private networks.,Sci/Tech,?
"BERGAMO/ROME, Dec 11 (SW) - Udinese were the stronger side at Atalanta Bergamo, while Lazio Roma refused to give up against Lecce, to eventually reach a draw.",Sports,?
FULLSTRETCH: Roger Federer of Switzerland returns a shot in the first set against Lleyton Hewitt in their Tennis Masters Cup finals match on Sunday.,Sports,?
"In their first year in the ACC, No. 10 Virginia Tech at No. 9 Miami (8-2) will be playing for at least a share of the conference title and the BCS berth that goes along with it.",Sports,?
"When Hingham meets Wilmington tomorrow in the Division 2A playoffs, the Harbormen will be face with a player the likes of which they have never seen, said Wildcats coach Bob Almeida. Wilmington quarterback Joe Herra, a four-year starter who ranks fourth in Eastern Mass. with 18 touchdown passes, will attempt to lift the Wildcats into the Super Bowl when Wilmington ...",Sports,?
"Toronto Dominion Bank will acquire 51 percent of US-based Banknorth Group Inc. in a \$3.8 billion cash and stock deal that will allow TD to expand its reach in the Northeastern United States, TD said Thursday.",Business,?
Recent data published by the American Customer Satisfaction Index (ACSI) shows Apple leading the consumer computer industry with the the highest customer satisfaction.,Sci/Tech,?
"Ryan Newman left misfortune behind and ran away from the field, while four-time series champion Jeff Gordon took the NASCAR Nextel Cup points lead Sunday at Dover International Speedway.",Sports,?
"Pete Rose is back in trouble with the Internal Revenue Service, which says the baseball great owes nearly \$1 million in unpaid taxes.",Sports,?
"Royal Dutch/Shell has shut in another 30,000 barrels per day of oil output in Nigeria due to a protest by villagers over jobs, bringing its total cut to 100,000 bpd, a spokesman said on Tuesday.",Business,?
"com. Almost by accident, NASA #39;s Mars rover Opportunity has found a rock that may point to a second water event in the red planet #39;s past.",Sci/Tech,?
"Reuters - Dick Cheney is one of the most\powerful vice presidents in U.S. history, regarded as a driving\force behind the Iraq war and the Bush administration''s\industry-friendly energy policy.",World,?
AP - Linebacker Lofa Tatupu believed in his ability to play big-time football when few others did.,Sports,?
: Chinas freshly retired military leader Jiang Zemin threw his weight behind his successor Hu Jintao today and advised the armed forces never to renounce the use of force to reclaim Taiwan.,World,?
"The initial performance of two Web-query services launched last week, Accoona and Blingo, suggests market leaders Google and Yahoo don''t have reason to worry yet.&lt;FONT face=''verdana,MS Sans Serif,arial,helvetica'' size=''-2'' color=''#666666''&gt;&lt;B&gt;-The Washington Post&lt;/b&gt;&lt;/font&gt;",Sci/Tech,?
"We know by now there are three Shaquille O #39;Neals, only one of them formidable. There is the unguardable Attack Shaq, the original.",Sports,?
"Raleigh, NC (Sports Network) - Andrew Brackman scored 16 of his 20 points in the second half to lead 12th-ranked North Carolina State to a hard-fought 78-72 win over Louisiana-Lafayette at the RBC Center.",Sports,?
"AFP - Singapore will next year introduce jail terms and stiff fines for people who break software and Internet copyright laws, the government warned.",Sci/Tech,?
Real Madrid star and England Soccer team captain David Beckham has already been an inspiration of a massive international hit movie Bend it like Beckham.,Sports,Sci/Tech
"thatshortkid writes  quot;The Washington Times is reporting on Brazil #39;s first successful space launch. Since it is closer to the equator, the task of getting up to space is easier, meaning much more cargo room over fuel.",Sci/Tech,Sci/Tech
TOKYO - Sony Corp. is banking on the \$3 billion deal to acquire Hollywood studio Metro-Goldwyn-Mayer Inc...,World,?
"Web analytics provider OneStat.com has announced that Mozilla #39;s browsers have earned a total global usage share of 7.35, forcing Microsoft #39;s flagship Internet Explorer (IE) to drop below 90.",Sci/Tech,?
Coach Doc Rivers had to have liked what he saw in the first half of last night #39;s game against the Portland Trail Blazers. Gary Payton scored ,Sports,?
"washingtonpost.com - America Online Inc.''s settlement with the Justice Department imposes a strict new set of controls on the company, including requirements that the Internet giant hire a corporate monitor and disclose serious wrongdoing discovered internally to the government.",Sci/Tech,?
"By The Associated Press. Grant Hill had 17 points and 9 rebounds, and Steve Francis nearly posted a triple-double in the Magic #39;s 94-84 victory over the Dallas Mavericks last night in Orlando, Fla.",Sports,?
"A few days after the news of former President Clinton #39;s bypass surgery, I felt myself getting seriously short of breath and unable to walk more than a few steps without stopping.",Sci/Tech,?
"LONDON Vodafone, the world #39;s biggest mobile phone operator, introduced long-delayed services like video calling across much of Europe on Wednesday, showing its cards four years after it got caught up in a \$100 billion-plus bidding frenzy that gripped the ",Business,Sci/Tech
"SYDNEY, Australia (AP) - Qantas profits soared to a record 648.8 million Australian dollars (US\$463.8 million, euro 376 million) in the past fiscal year, thanks to rising passenger numbers despite fears of Iraq war-related terrorism and the aftermath of ...",Business,?
"Google IPO Auction to End Tonight\\Google has requested that the U.S. Securities and Exchange Commission (SEC) declare the Google IPO registration statement effective at 4:00 p.m. Eastern Daylight Time on Tuesday, according to the Google IPO page: www.ipo.google.com. After an IPO registration statement is declared effective, the stock can be ...",Sci/Tech,____________.
Tony Clark whacked three consecutive home runs as the New York Yankees reeled off six homers and nine ninth-inning runs to bulldoze their way past the Toronto Blue Jays 18-6 in the American League Saturday.,Sports,?
"A survey of Internet vulnerabilities to be released Monday shows a sharp jump in attacks on Windows-based personal computers during the first six months of 2004, along ",Sci/Tech,Sci/Tech
"ARLINGTON - The Texas Rangers are back within two games of the AL West lead following another big comeback win. Michael Young #39;s tying triple sparked a two-run rally in the seventh inning Saturday night, and ",Sports,Sci/Tech.
India captain Sourav Ganguly will miss the Test series against South Africa after being suspended for two matches for allowing a slow over-rate.,Sports,?
"Twelve years and 55,000 entries later, the herculean task of updating the  #39;Oxford Dictionary of National Biography #39; has finally been completed.",World,?
"AP - When the telephone rang, Martin Gramatica was prepared for the news.",Sports,Sci/Tech.
"London, England (Sports Network) - England midfielder Steven Gerrard injured his groin late in Thursday #39;s training session, but is hopeful he will be ready for Saturday #39;s World Cup qualifier against Austria.",Sports,?
"AP - SpaceShipOne is one flight away from clinching the Ansari X Prize, a  #36;10 million award for the first privately developed manned rocket to reach space twice within 14 days.",Sci/Tech,?
"WASHINGTON - Sen. John Kerry sought to make President Bush pay a political price Monday for the expiration of a partial assault weapons ban, but other Democrats reacted warily on an issue that has hurt the party in recent elections...",World,?
"ONE MONTH ago, the UN Security Council demanded progress on the humanitarian crisis unfolding in Darfur. A resolution called on Sudan #39;s government to allow aid workers unimpeded access to the province and ",World,?
" FRANKFURT (Reuters) - Market research firm IDC has raised  its 2004 forecast for global personal computer sales growth to  14.2 percent from 13.5 percent, driven by high commercial  demand, it said on Monday.",Sci/Tech,?
"The Internet Corporation for Assigned Names and Number, the organization named by the US government in 1998 to oversee policies over Internet addresses, gave a preliminary nod Monday to domain names targeting mobile services and the jobs ",Sci/Tech,Sci/Tech
"MIAMI -- As Hurricane Jeanne gained speed and moved closer to Florida Saturday, the Miami Dolphins announced that their home game against the Steelers has been postponed.",Sports,Sci/Tech
"British world number four Tim Henman was knocked out of the quarter-finals of the Swiss Indoors tournament, falling 7-6 7-5 to unseeded Czech Jiri Novak.",Sports,?
Japan #39;s Toshiba Corp. said on Wednesday it would introduce notebook computers with HD DVD technology in the last quarter of 2005 in a move to pressure rivals in the battle over formats for next-generation DVDs.,Sci/Tech,?
"AFP - The world''s biggest software company, Microsoft Corp, said that its first quarter profits swelled to 2.9 billion dollars as consumers and businesses pumped up demand for new computers.",Sci/Tech,?
Internet portal Lycos Europe has denied that its  quot;Make love not spam quot; Web site was hacked into and defaced last night. The company said that an e-mail that contained an apparent mirror image of the Web site being hacked was a hoax generated by spammers.,Sci/Tech,?
Nokia today announced it is joining forces with Good Technology to extend its GoodLink software to Nokia business-optimized mobile devices such as the Series 90 ,Sci/Tech,?
"ATHENS -- LeBron James, Carmelo Anthony, and a couple of their Olympic teammates made it over to watch last night''s women''s game between the United States and China. They saw a team shoot well, pass well, rebound well, and dominate -- everything they are not doing so far.",Sports,?
"AP - With 5 million discarded tires littering the background, the United States and Mexico announced an accord Thursday to clean up the mountains of rusty cars, smashed school buses and rotting rubber that are a blight on the border.",World,?
"A new pan-European supercomputing network has opened to help scientists in the EU with their research.  quot;We have just completed testing, quot; said David Henty of the Edinburgh Parallel Computing Centre, a member ",Sci/Tech,Sci/Tech
"Myles Walsh stole the spolight in what is normally hailed as the Drew Carey show in Masconomet, as the Chieftains claimed a 28-7 victory over visiting Newburyport (1-5).",Sports,Sci/Tech
"The discovery of water on Mars was the scientific breakthrough of 2004, according to one of the world #39;s leading science journals.",Sci/Tech,Sci/Tech
"Spa is among the most demanding circuits for the engine, and Rob White explains the challenge of this unusual circuit.",Sports,?
"WEST LAFAYETTE, Ind. -- Freshman Michael Hart rushed for 206 yards and Garrett Rivas hit a 35-yard field goal with 2:45 to go to lift No. 13 Michigan to a 16-14 win over No. 12 Purdue yesterday.",Sports,?
"Someday Bill Parcells and Joe Gibbs will both be in the football Hall of Fame. For now, both are locked in the quest to resurrect two of the most storied franchises in history.",Sports,?
"The economy grew at a 2.8 percent annual rate from April through June, as oil prices limited consumer spending and contributed to a record trade deficit.",Business,?
"The United States team wasn #39;t able to stop the juggernaut that is the partnership of Colin Montgomerie and Bernhard Langer, but little else slowed it down in a record-setting ",Sports,?
"AP - Mark Knowles and Daniel Nestor won their first U.S. Open doubles title by beating Leander Paes and David Rikl 6-3, 6-3 Friday.",Sports,?
England and Sri Lanka were evenly poised when rain brought a premature end to their crucial Champions Trophy encounter at the Rose Bowl.,Sports,?
"JERUSALEM -- Palestinian leader Yasser Arafat appears to have faced down the biggest challenge to his leadership in years without giving ground on demands to overhaul his administration, while Prime Minister Ariel Sharon of Israel struggles to chart a new political course amid rising dissent in his party, officials and analysts say.",World,?
"Kyle Orton passed for 287 yards and a career-high four touchdowns as No. 25 Purdue used a slew of big plays Sunday to beat Syracuse 51-0, the Boilermakers first shutout in four years.",Sports,Sci/Tech
"Hunt Valley, MD (Sports Network) - Wayne Levi matched the course record of eight-under-par 64 on Friday to take a one stroke lead after the opening round of the Constellation Energy Classic.",Sports,?
" GENEVA (Reuters) - Mobile phone subscribers around the  globe totaled nearly 1.5 billion by the middle of this year,  about one quarter of the world''s population, the International  Telecommunication Union (ITU) said on Thursday.",Sci/Tech,?
PeopleSoft''s ousted CEO walks away with a severance package in excess of \$16 million.,Sci/Tech,?
"Shares of CACI International Inc. surged nearly 14 percent Thursday after the company, which provided private interrogators at Abu Ghraib prison and elsewhere in Iraq, reported a 56 percent jump in earnings.",Sci/Tech,?
Turns out there was a reason why Priest Holmes didn #39;t play in the final 8 1/2 minutes when the Chiefs trailed Carolina by only 11 points in their 28-17 loss Sunday.,Sports,?
" NEW YORK (Reuters) - Google Inc., the world''s most popular  Web search engine, on Wednesday slashed the price range on its  eagerly awaited initial public offering (IPO) to between \$85  and \$95 per share from between \$108 and \$135 per share.",Business,?
"CLEMSON, S.C. -- Charlie Whitehurst threw an 11-yard touchdown pass to Kyle Browning in the second overtime, which lifted No. 15 Clemson to a 37-30 victory over Wake Forest yesterday.",Sports,?
Rangers hopes of returning to the top of the Scottish Premier League were dashed on Sunday as they were held to a 1-1 draw at struggling Inverness Caledonian Thistle.,Sports,?
"Bear Stearns has received subpoenas from federal investigators looking into its municipal bond business, the company reported in documents filed with the Securities and Exchange Commission yesterday.",Business,?
"Welcome to The Show! On Tuesday night, the St. Louis Cardinals and Boston Red Sox will face off in Game 3 of the World Series. While you are watching the game, stay logged onto The Show to chat with other ",Sports,Sci/Tech
"Microsoft (MSFT:Nasdaq - news - research) on Friday made official its plans to release its next Windows upgrade in 2006, although the software will be missing one of its key features.",Sci/Tech,?
"AP - Syria, under growing international pressure to end its longtime military presence in Lebanon, began pulling back more than 1,000 of its 20,000 troops on Tuesday, a senior Lebanese military official said.",World,?
"Ichiro Suzuki #39;s teammates won #39;t stand for anybody messing with his spectacular season. When Suzuki got plunked in the back, Seattle starter Bobby Madritsch nearly went ballistic.",Sports,?
"com October 13, 2004, 12:19 PM PT. According ZDNet #39;s survey of IT professionals in October, application development is the last priority, but nonetheless an important one.",Sci/Tech,?
"Mac maker is taking its retail act north of the border, CNET News.com has learned.\&lt;br /&gt; Photo: iPod''s Toronto presence",Sci/Tech,?
" HONG KONG (Reuters) - A survey two days before Hong Kong  legislative elections showed pro-democracy forces, tainted by a  sex scandal, may fare less well than expected, but the election  chief dismissed talk of dirty tricks by China.",World,?
"Microsoft is expanding a plan to draw mainframe customers to Windows for high-end applications. Under a program with the internal code name Mission Critical Microsoft, the company is trying to extend its current ",Sci/Tech,?
"East Rutherford, NJ (Sports Network) - The New Jersey Nets have signed head coach Lawrence Frank to a multi-year contract extension.",Sports,?
"ARLINGTON, Texas Texas has roared back into the American League West division race by completing a three-game sweep of Oakland. The Rangers rallied for three runs in the bottom of the ninth to beat the A #39;s ",Sports,?
&lt;strong&gt;&lt;cite&gt;Reg&lt;/cite&gt; review&lt;/strong&gt; Mobile phone styling comes to the MP3 world,Sci/Tech,Sci/Tech. The text mentions a
"Since rain and freshwater flooding are the number one causes of death from hurricanes in the United States over the last 30 years, better understanding of these storms is vital for insuring public safety.",Sci/Tech,?
"Arsene Wenger has made it clear that he is still totally committed to Arsenal, despite reports of interest from Real Madrid. The Gunners are keen to persuade their manager to pen a new long-term contract in ",Sports,?
"Layoffs at Cingular Wireless were inevitable after it acquired AT amp;T Wireless, but what #39;s with the timing? A Cingular spokesman yesterday confirmed an Associated Press report that Cingular ",Business,?
Mozilla the company behind the overnight success Firefox 1.0 has launched an email client to go up against Microsofts Outlook Express email client.,Sci/Tech,?
"The Fire no longer has the worst record in Major League Soccer. In fact, the struggling club #39;s playoff hopes brightened considerably after Wednesday #39;s 3-1 win over the Western Conference-leading Kansas City Wizards before 7,723 at Soldier Field.",Sports,?
"The average African is worse off now than during the colonial era, says the brother of South Africa''s President Thabo Mbeki.",World,?
"The daily volume of Internet attacks dropped off in the first half of this year, and the rate at which new vulnerabilities are being reported appears to have hit a plateau, according to Symantec Corp.",Sci/Tech,?
BAGHDAD: Iraqi Prime Minister Iyad Allawi said elections would be held as planned in January even as a grisly video surfaced yesterday purporting to show militants sawing off the heads of three Iraqi members of a Kurdish party for co-operating with ,World,?
AP - Private Indian and Pakistani information technology companies will meet in the Pakistani capital next month to tap business opportunities and sign a cooperation agreement.,Sci/Tech,?
"Australia''s main political leaders clash over the country''s role in Iraq, ahead of next month''s general election.",World,Sci/Tech
"Toshiba will market laptops with HD-DVD drives by the end of next year, becoming one of the first manufacturers to commit to a next-generation DVD format.",Sci/Tech,?
" LONDON (Reuters) - The compact disc has at least another  five years as the most popular music format before online  downloads chip away at its dominance, a new study said on  Tuesday.",Sci/Tech,?
"Symantec has released firmware fixes for a string of critical security holes in its firewall/VPN and Gateway Security products which could be exploited to cause a denial of service, identify ",Sci/Tech,Sci/Tech
"CAPE CANAVERAL-- NASA aims to launch its first post-Columbia shuttle mission during a shortened nine-day window March, and failure to do so likely would delay a planned return to flight until at least May.",Sci/Tech,?
"Fred Funk birdied the final hole to finish off a final-round 6-under 66 and win the Southern Farm Bureau Classic by a stroke Sunday, his first PGA Tour victory in six years.",Sports,?
Teenager Wayne Rooney has scored twice in the first 28 minutes of his debut for Manchester United in their Champions League Group D match against Fenerbahce of Turkey at Old Trafford.,Sports,?
"POLICE defused a bomb near Premier Silvio Berlusconi #39;s villa on the island of Sardinia early today following a tip-off from a radical leftist group, shortly after a visit by British Prime Minister Tony Blair. ",World,?
"AP - Pittsburgh Steelers wide receiver Plaxico Burress was ruled out of Sunday''s game against the Jets after missing practice with a sore hamstring Thursday, a day after he felt confident he was close to returning.",Sports,?
Insurance firm says its board now consists of its new CEO Michael Cherkasky and 10 outside members. NEW YORK (Reuters) - Marsh  amp; McLennan Cos.,Business,???
"On the coast of the Japan Sea, two and a half hours by train from Kyoto, is the quiet fishing village of Mihama. Noted for its harbour and beautiful beaches, it draws tourists from all over the country.",World,?
"Hungary #39;s Robert Fazekas won the discus with an Olympic-record toss of 232 feet, 8 inches (70.93 meters) on Monday, beating the past two gold medalists.",Sports,?
"PowerNow has been included in all Opteron chips that have been on the market since mid May, but the feature cannot be used until instructions are built into the operating system.",Sci/Tech,?
"Open Source Development Labs, a Beaverton, Ore.-based consortium devoted to improving Linux, has hired an attorney to handle intellectual-property matters and has opened a branch office in Beijing, the group said this week.",Sci/Tech,?
"Warren Sapp #39;s presence and legacy linger around the Tampa Bay Buccaneers like something tangible, something that can be felt, heard and feared, say an open-handed slap to the face mask.",Sports,?
Maybe coach Lenny Wilkens should make copies of the game tape of the Knicks #39; 99-81 loss last night at SBC Center and distribute them to his players as required viewing.,Sports,?
 ATHENS (Reuters) - Aaron Peirsol was awarded gold in the  men''s 200 meters backstroke at the Athens Olympics on Thursday  after winning an appeal against his disqualification then  surviving a protest from the British and Austrian teams.,Sports,?
AP - UCLA guard Cedric Bozeman underwent arthroscopic surgery on his right knee Wednesday and will miss the season.,Sports,?
"With all the hand-wringing about the economic perils of falling populations, there could be one beneficiary: the environment.",Sci/Tech,?
Rumsfeld rubs it in: it''s the revenge of the drone class,Sci/Tech,Sci/Tech.
"Australia #39;s biggest retailer, Coles Myer, hopes it has silenced its detractors by posting a record annual profit, which was above its own guidance and market expectations.",Business,?
"Game invites users to play the role of JFK #39;s assassin, causing some observers to wonder whether video games have gone too far.",Sci/Tech,Sci/Tech
"ANAHEIM, Calif. -- As it turned out, Joe Torre trumped Curt Schilling in the Carl Pavano sweepstakes.",Sports,?
"Thirty-year-old Jeremy Jaynes, a US citizen settled in North Carolina, has been sentenced to nine years in prison for sending junk e-mails with fraudulent and untraceable routing information.",Sci/Tech,?
"Spains midweek international friendly victory over England was marred by some disgraceful scenes of racism directed at Englands black players, but further sad events which have been so far largely unreported occurred in Madrid on Wednesday evening.",Sports,?
"AP - Drew Brees and Antonio Gates are making it look too easy. Brees, the quarterback the front office didn''t want coming into this season, threw four more touchdown passes  #151; three to tight end Gates  #151; and the San Diego Chargers beat the punchless New Orleans Saints 43-17 on Sunday.",Sports,?
"The shock here was not just from the awful fact itself, that two vibrant young Italian women were kidnapped in Iraq, dragged from their office by attackers who, it seems, knew their names.",World,?
"MADRID, Nov 19 (AFP) - Spam, the junk mail that clogs the in-box of hundreds of millions of e-mail users, could become a thing of the past in around two years time, Microsoft chairman Bill Gates said on a visit to Madrid on Friday.",Sci/Tech,?
Here is the fundamental question investors ask about individual companies and their stocks every day: What''s this business really worth?,Business,?
"AP - A pair of new add-ons for Nintendo Co.''s Game Boy Advance turn the handheld into something considerably more than a gaming machine  #151; a video phone and a video player. As long as you bear in mind that you''re dealing with a toy, you might not be too bothered by the less than stellar quality.",Sci/Tech,?
"A Zimbabwe court Friday convicted a British man accused of leading a coup plot against the government of oil-rich Equatorial Guinea on weapons charges, but acquitted most of the 69 other men held with him.",World,?
"Iraq''s Olympic footballers attack President Bush, accusing him of exploiting their success.",World,Sci/Tech
"ANAHEIM, Calif. The Anaheim Angels will be without second baseman Adam Kennedy as they pursue a postseason berth. Kennedy tore up his right knee in the fifth inning of last night #39;s 5-to-2 win over Seattle.",Sports,?
"AFP - Shaquille O''Neal paid various women hush money to keep quiet about sexual encounters, Kobe Bryant told law enforcement officers in Eagle, Colorado.",Sports,?
"WOLFSBURG, Germany -- Wolfsburg bounced back from last week #39;s 4-0 setback at Nuremberg with a 3-0 defeat of close rivals Stuttgart which moved them three points clear at the top of the German Bundesliga.",Sports,?
"AP - A Nepalese Sherpa fears his mountain valley will be flooded by melting glacier runoff high in the Himalayas. A Fiji islander frets about rising sea levels, while villagers cope with the destruction of mangrove swamps in India.",Sci/Tech,?
"Cisco Systems on Tuesday introduced the Cisco File Engine Series, a line of appliance-based solutions utilizing WAFS (wide area file services) technology designed for branch office consolidation. ",Sci/Tech,?
"Joanne Peters'' 12-yard header in the 82nd minute gives Australia a 1-1 tie with the United States, while the Americans already clinched a spot in the quarterfinals.",Sports,?
TOKYO (CBS.MW) - South Korea #39;s anti-monopoly watchdog said Monday it has expanded investigations into Microsoft Corp. after RealNetworks Inc.,Business,?
"Boston Red Sox pitcher Curt Schilling made a surprise appearance Monday morning with President Bush, limping to the stage to give Bush a strong endorsement.",Sports,?
"BOSTON - Microsoft Corp. filed nine lawsuits against individuals and companies alleged to be involved in the distribution of spam, the company said Wednesday.",Sci/Tech,?
"AP - Though NBC is blanketing seven networks with 1,210 hours of Olympics coverage, there''s this pesky, bill-paying task called work that keeps me from fully enjoying the televised competition.",Sci/Tech,?
"BRUSSELS, Belgium -- Microsoft says if a judge won #39;t suspend a European Union antitrust ruling, the company is ready to put a stripped-down version of Windows on the market.",Business,?
AP - Former All-Star forward Jamal Mashburn will miss the entire 2004-05 NBA season because of a knee injury that could end his career.,Sports,?
"The enhancements, which will be incorporated early next year, are designed to provide enterprises with protection from worms and viruses, without forcing customers to install firewalls at each location in a network, the company said.",Sci/Tech,?
"AT T Corp. on Thursday reported a net loss of \$7.1 billion, or \$8.95 per share, for the third quarter of 2004, but that loss included asset re-evaluation and other charges of \$12.5 billion.",Sci/Tech,?
"Efforts to ease patch management are just part of the process, exec says.",Sci/Tech,?
"AP - Olympic silver medalist Mardy Fish beat Jan Hernych of the Czech Republic 6-2, 6-4 Monday to reach the second round of the St. Petersburg Open.",Sports,?
"The company managing Rio Tinto iron ore #39;s rail lines in the Pilbara, in north-west Western Australia, says equipment failure rather than human error is to blame for a major derailment last week.",Business,?
"Toronto-Dominion Bank, Canada #39;s second-largest bank by assets, said it #39;s in talks for a possible transaction #39; #39; with Banknorth Group Inc.",Business,?
"AT amp;T Wireless says its new Ogo messaging device is meant to create an entirely new category of users.  quot;Ogo doesn #39;t pretend to be  #39;all things to all people, #39; and is not bogged down by hardly ",Sci/Tech,Sci/Tech.
"Andrew Brackman helped rally ninth-ranked North Carolina State to a tougher-than-expected, 78-72 victory over Louisiana-Lafayette Wednesday night.",Sports,?
"AP - Right-hander Cory Lidle returned to the Philadelphia Phillies, agreeing Tuesday to a  #36;6.3 million, two-year contract.",Sports,?
"Semiconductor designer ARM Holdings ARM.L has agreed to buy US technology firm Artisan ARTI.O for \$913 million (503.3 million pounds), to boost its product range, but ",Business,?
"AP - A rapidly strengthening Hurricane Ivan churned closer to the Caribbean, packing sustained winds of 135 mph with meteorologists saying it''s possible that the system could reach Category 5 status.",World,?
"IBM on Thursday agreed to acquire Venetica Corp., a maker of content integration software that allows enterprises to access and embed unstructured data including business documents, e-mail, digital media, still images, and Web pages.",Sci/Tech,?
AP - Vijay Singh has one month to put the final touches on what already is a masterpiece.,Sports,Sci/Tech.
"On Monday, Google requested final approval from federal regulators to begin trading their stock. Google has asked that the SEC declare its registration statement effective as of 1 pm pacific time today. Google ...",Business,?
"DECEMBER 14, 2004 (IDG NEWS SERVICE) - Toshiba Corp. said today that it is close to commercializing a new data storage technology that could significantly increase the capacity of hard disk drives.",Sci/Tech,?
"its also a powerful learning tool, according to Apple. Audio has always had a place in the classroom but it is normally in the form ",Sci/Tech,?
Chelsea have gone two points clear at the top of the Premier League after they beat Everton 1-0 and struggling champions Arsenal were held to a surprise 1-1 draw by promoted Crystal Palace.,Sports,?
"When was the last time you heard about a company more than doubling its profit from the previous year, but an error in judgment restrained that profit?",Business,Sci/Tech
Scottish football (soccer) coach Graeme Souness is quitting the English Premiership #39;s Blackburn Rovers to become the manager of the Newcastle United squad.,Sports,?
"MONKEYS use tools to dig up roots, crack seeds and dig insects from holes in trees, scientists have found, contradicting the traditional idea that humans are nature #39;s only tool-makers.",Sci/Tech,?
Toshiba Corp says it plans to boost output capacity for flash memory chips at a plant in central Japan by 7.5 percent to meet robust demand from digital camera and mobile phone makers.,Sci/Tech,?
"Yankee manager Joe Torre has some tough decisions upcoming, starting with whether to use Jason Giambi against Toronto left-hander Ted Lilly tonight.",Sports,?
"I was dying to ask. How on earth do you survive 13 full years playing for, arguably, the most demanding manager this country has ever seen?",Sports,?
"com November 2, 2004, 4:35 PM PT. With the latest version of iTunes, Apple has disabled an add-on program that let people transfer songs off of their iPod.",Sci/Tech,?
"Last year: JL Lewis closed with a course-record 62 for a two-stroke victory over Frank Lickliter, Stuart Appleby and Tim Petrovic.",Sports,?
"PC and home theater make sleek package, while new portable music devices abound.",Sci/Tech,?
"If you want the  #39;security enhancements #39; of Windows XP SP2 but you #39;re running an earlier version of Windows, then you #39;re going to have to upgrade, Microsoft has been confirming to the public prints this week.",Sci/Tech,Sci/Tech
PASADENA - Northrop Grumman Space Technology has been selected to help NASA design a nuclear-powered spacecraft to orbit and explore three moons of Jupiter that may have oceans beneath their icy surfaces.,Sci/Tech,?
TOKYO (AP) -- Japan''s anti-monopoly agency raided several top record companies Thursday on suspicion they illegally blocked other firms from offering music ringtone services to mobile phone users.    Fair Trade Commission official Toshihiko Oizumi said investigators suspect more than 10 companies violated Japan''s fair trade laws by preventing the Japanese mobile phone operators from offering the service...,Sci/Tech,?
"Starbucks Coffee today announced the national launch of the Hear Music media bar. This new service, powered by HP technology, allows Starbucks customers to create personalized CD compilations and burn full ",Sci/Tech,________.
"Don #39;t expect Ken Cron to become CEO of Computer Associates International. At least, not anytime soon. Cron, currently CA #39;s interim CEO, will likely retain that status after the company #39;s annual stockholders ",Sci/Tech,Sci/Tech.
Chelsea assistant boss Steve Clarke confirmed that Mateja Kezman was hit by a missile from the crowd as football was shamed for the second time in 24 hours.,Sports,?
John Robertson has this morning been confirmed as the new Hearts manager. Mr Robertson #39;s arrival follows several days of negotiation with Inverness Caly Thistle over a compensation package for the Highland club.,Sports,?
Southern California and Oklahoma finished 1-2 in the final B.C.S. standing and will play for the national title in the Orange Bowl on Jan. 4.,Sports,?
"They played a day-night singleheader at Yankee Stadium on Saturday, one game that felt like two, each with their own distinct heroes for the Angels.",Sports,?
 KUWAIT (Reuters) - A Kuwaiti company with seven truck  drivers held captive in Iraq said Wednesday that they have been  freed by their captors.,World,Sci/Tech
"The survival of the British Grand Prix at Silverstone represents a major incentive for the British motor sports industry to secure its international reputation, Sports Minister Richard Caborn this morning claimed.",Sports,?
"Champ Car World Champion Paul Tracy has shaken off a terrible practice session to qualify fastest for the Gold Coast Indy. Tracy hit a tire barrier towards the end of the opening 15-minute practice session, damaging his nosecone.",Sports,?
"He was the insurance policy, neatly tucked away in a file cabinet in the basement, maybe destined to languish there until he was rendered irrelevant or forgotten. And Bronson Arroyo''s potential beneficiaries -- his Red Sox teammates -- wondered why.",Sports,?
"Globular star clusters are like spherical cathedrals of light -- collections of millions of stars lumped into a space only a few dozen light-years across. If the Earth resided within a globular cluster, our night sky would be alight with thousands of stars more brilliant than Sirius.",Sci/Tech,?
"PINAR DEL RIO, Cuba -- Hurricane Ivan, which has left at least 60 people dead in its devastating sweep across the Caribbean, battered the Cayman Islands yesterday and set its course toward Cuba, where authorities were girding for possibly the worst storm in living memory.",World,?
"AP - Curt Schilling became the first 19-game winner in the major leagues this year and Manny Ramirez homered twice, including his second grand slam of the season, to lead the Boston Red Sox over the Seattle Mariners 13-2 Friday night.",Sports,?
"BERLIN (AP) -- A German teenager who authorities say confessed to creating the Sasser computer worm in May has been charged with computer sabotage.    Sven Jaschan, 18, was arrested after telling officials he originally wanted to create a virus, Netsky, to automatically removed two other viruses, Mydoom and Bagle, from infected computers...",Sci/Tech,?
"ARGENTINA soccer coach Marcelo Bielsa quit today, just two weeks since he guided them to their first Olympic title. Bielsa, 49, nicknamed the  quot;mad man quot; for his eccentric press conferences and his volatile ",Sports,Sci/Tech
AP - Prime Minister John Howard on Sunday called a national election for Oct. 9 which is likely to serve as a referendum on Australia''s troop deployment in Iraq.,World,?
A new variant of the Internet worm MyDoom - Mydoom.Y - has anti-virus vendors puzzled. Not because they can #39;t do anything about it but because it comes along with a description of itself.,Sci/Tech,?
"WASHINGTON -- A highly classified US intelligence assessment that lays out dismal predictions for the future of Iraq -- including the possibility of civil war by 2005 -- mirrors assessments that are being made by analysts around the world, according to diplomats and members of the intelligence community.",World,?
Canadian Press - (CP) - Hundreds of thousands of Canadians took to the streets Sunday to raise money for cancer research in what appeared to be a record-breaking year for The Terry Fox Run.,World,?
 JERUSALEM (Reuters) - Israeli Prime Minister Ariel Sharon  accused far-rightists Sunday of trying to incite civil war over  his plan to withdraw from the occupied Gaza Strip and called  for measures to curb such groups.,World,?
"AUGUST 26, 2004 (IDG NEWS SERVICE) - Computer Associates International Inc. avoided a revolt at its annual meeting yesterday, when shareholders voted down a proposal requesting that the company #39;s board adopt ",Sci/Tech,?
"Hurricane science in the new century is a mix of growing skill and persistent uncertainty, of intuition and algorithms, satellites and erasers.",Sci/Tech,?
Northern Ireland #39;s Graeme McDowell will take a three-shot lead into the weekend at the German Masters. The 25-year-old fired the round of the day at Gut Larchenhof - an eight-under 64 to take him to 11 under par overall.,Sports,?
"SYDNEY - The discovery of a skeleton of a female barely one metre tall who hunted pygmy elephants and giant rats 18000 years ago could force a reassessment of the origins of humanity, scientists in Australia said yesterday.",Sci/Tech,?
Vikram Solanki praised the quality of the wicket at the Queen #39;s Sports Club after his match-winning century against Zimbabwe in Bulawayo on Saturday.,Sports,?
"Heraklio, Greece (Sports Network) - The old faces of US women #39;s soccer bid adieu, while the new faces introduced themselves in a gold-medal winning effort at the Athens Olympics on Thursday night at Karaiskaki Stadium.",Sports,?
"There are games in which players renew their vows as teammates, and last night''s 8-4 victory over the Toronto Blue Jays was one of them. It may not have been as clear as it was in the Yankee-Red Sox brawl game back in late July, which produced an obvious bond.",Sports,?
Chinese Communist Party chief Hu Jintao called for parliament to take a stronger watchdog role on the eve of a key leadership meeting but ruled out Western-style democracy ,World,?
"TAMPA, Fla. - Chris Simms first NFL start lasted 19 plays, and it might be a while before he plays again for the Tampa Bay Buccaneers.",Sports,?
"Houston''s Kris Brown caps a Texans rally by nailing a 50-yard field goal with 2 seconds left for a 24-21 victory over the Kansas City Chiefs, dropping the defending AFC West champs to 0-3.",Sports,?
"The director of the National Hurricane Center stays calm in the midst of a storm, but wants everyone in hurricane-prone areas to get the message from his media advisories: Respect the storm''s power and make proper response plans.",Sci/Tech,?
"LEESBURG, Va. - A brother and sister who sent unsolicited junk e-mail to millions of America Online customers were convicted Wednesday in the nation #39;s first felony prosecution of distributors of spam.",Sci/Tech,?
"The number of cars on China''s roads is set to rise sevenfold to 140 million by 2020, according to government forecasts.",Business,?
San Diego Chargers coach Marty Schottenheimer is keeping his team -- including quarterbacks Drew Brees and Philip Rivers -- and its fans in suspense.,Sports,?
"Electronic Data Systems Corp., which lost business when customer US Airways Group Inc. filed for bankruptcy protection the first time, says the carrier #39;s latest filing also will hurt.",Business,?
"November 10, 2004 -- (WEB HOST INDUSTRY REVIEW) -- Software giant Microsoft (microsoft.com) issued a patch for a flaw in Internet Security and Acceleration Server 2000 and Proxy Server 2.0 on Tuesday.",Sci/Tech,?
"WASHINGTON - Everyone who took a commercial flight within the United States in June will have his travel information turned over to the government so it can test a new system for identifying potential terrorists, federal officials announced Tuesday.    The Transportation Security Administration plans to order airlines to turn over the information in November...",World,?
"Looks like Gmail is about to officially offer POP access, according to this message in their support database. This function has already been enabled by lots of third party tools, but has been expected from Google themselves for quite a while.",Sci/Tech,?
"More than 35 people were killed when a car bomb exploded at a police station and recruitment center in Haifa Street in central Baghdad, witnesses said.",World,?
" quot;Revival starts with a cleanup, quot; said post-World War II finance minister Juichi Tsushima on August 17, 1945. And a convoluted cleanup in Japan #39;s banking business is what is under way today.",Business,?
"A fossil resembling the Loch Ness monster has been found on a remote Arctic island. The well-preserved bones belonged to a plesiosaur, a giant marine reptile with a long neck and tail, plump body and legs which evolved into flippers.",Sci/Tech,?
Australia #39;s dreams of an historic fourth successive three-day eventing gold medal ended in disappointment but there was still joy for the team when Andrew Hoy #39;s wife won dual gold medals. ,Sports,?
a prsent aujourd #39;hui le premier d #39;une nouvelle gamme d #39;assistants numriques pour les entreprises (Enterprise Digital Assistant - EDA) conus pour les applications professionnelles fondamentales dans l #39;environnement d #39;entreprise.,Sci/Tech,?
"NEW YORK - Cisco Systems Inc. said Monday it has agreed to acquire Sunnyvale, California, software developer P-Cube Inc. in a cash-and-options deal Cisco valued at \$200 million.",Sci/Tech,?
"University of Colorado Regent Jim Martin said Thursday the university must take swift, sure action to restore public trust after the disclosure of a critical audit of a fund-raising organization and a private football camp run by head ",Sports,?
"MUNICH - Seven leading wireless operators, led by T-Mobile USA, have signed roaming agreements that bring seamless worldwide high-speed internet access another step closer.",Sci/Tech,?
"It appears the rumours of Palm creating a Wi-Fi card are true, however before you rush to your local electronics store take note that it won #39;t work on any PDA you can find. ",Sci/Tech,__________
"BOSTON : Baseball fans should forgive the St. Louis Cardinals for acting as the party poopers for the Boston Red Sox, who will try to snap an 86-year title drought by winning the 101st World Series.",Sports,?
SEATTLE A central Pennsylvania company is named in a lawsuit filed by Microsoft on claims of counterfeit and illicit certificates of authenticity.,Sci/Tech,?
"An angry and frustrated crowd in Southwest Washington last night denounced Mayor Anthony A. Williams #39;s proposal to build a baseball stadium in their community, saying they feared being displaced ",Sports,?
"This holiday the hottest new products for kids have one thing in common: They all interact with the tube, whether by means of sensors, radio-wave technology or the regular old TV remote control.",Sci/Tech,?
"Marion Jones, who left Sydney four years ago with a record five medals, will depart Athens with none after a disastrous night at the Olympic Stadium.",Sports,?
Coffee shop giant Starbucks said it was launching the first of its  quot;music bars quot; where customers can listen to digital recordings and burn their own CDs.,Sci/Tech,?
"Canadian Press - (CP) - More than 20,000 Revenue Canada employees were poised to begin rotating strikes Wednesday after wage talks with the government collapsed.",World,?
"GREG MURPHY yesterday emphatically laid his claim for a fourth Bathurst crown, while four-time winner Mark Skaife experienced one of his worst days at the circuit.",Sports,?
"Investor''s Business Daily - PeopleSoft Chief Executive Craig Conway rallied 13,000 company faithful during his keynote speech Tuesday at the company''s annual users'' conference in San Francisco.",Sci/Tech,?
Chelsea beat visiting Newcastle 4-0 at its Stamford Bridge stadium to maintain a five-point lead atop English soccer #39;s Premiership as second-placed Arsenal defeated Birmingham 3-0.,Sports,Sci/Tech
PC World - The one-time World Class Product of the Year PDA gets a much-needed upgrade.,Sci/Tech,?
"JACKSONVILLE, Fla. -- Nice recovery, Chris Rix. Coach Bobby Bowden stuck with his struggling quarterback and Rix eventually sparked No. 17 Florida State with two long second-half touchdown drives yesterday, beating West Virginia, 30-18, in the Gator Bowl.",Sports,?
"AP - Jason White threw for four touchdowns, two each to Travis Wilson and Mark Clayton, and No. 2 Oklahoma overcame its own mistakes to beat Kansas State 31-21 Saturday.",Sports,?
By AIKO HAYASHI    TOKYO (AP) -- Five years ago Japanese women''s rights advocates won their battle to legalize the birth control pill. Now they are waging an even tougher fight - getting women to use it...,Sci/Tech,?
"MADISON, Wisconsin (Sports Network) - John Stocco ran for two touchdowns and threw for another score to lead fifth-ranked Wisconsin to a 38-14 win over Minnesota in the Big Ten Conference at Camp Randall Stadium.",Sports,?
"com November 3, 2004, 11:26 AM PT. This priority retains its ranking at number five as more and more companies deploy Web services to share business logic, data and processes with each other and with clients.",Sci/Tech,?
"No matter what sort of spin Arsenal put on their mega-buck sponsorship deal with Emirates Airlines, the bottom line is that they were the last club one would have associated with the arrangement to have the sponsor be the name of their new stadium.",Sports,Sci/Tech
" NEW YORK (Reuters) - U.S. stocks made gains on Wednesday as  investors bought beaten-down shares, while strength in oil  prices pushed up energy companies such as Exxon Mobil Corp.  &lt;A HREF=''http://www.investor.reuters.com/FullQuote.aspx?ticker=XOM.N target=/stocks/quickinfo/fullquote''&gt;XOM.N&lt;/A&gt;",Business,?
"SAP AG has agreed to acquire the Swiss and U.S. business units of SAP Systems Integration AG (SAP SI), bringing its absorption of the company nearer to completion.",Sci/Tech,?
"Though it seems most sex toys are designed for women, it''s the male-oriented ones that nudge the technology to new levels. Commentary by Regina Lynn.",Sci/Tech,?
The five-time Pro Bowl offensive tackle will get only four days of practice to prepare for the St. Louis Rams #39; opener after signing a one-year contract for \$7.,Sports,Sci/Tech
"Investigators picked through the scattered wreckage today of two Russian passenger jets that crashed nearly simultaneously Tuesday night after leaving Moscow, and reported ",World,?
"Microsoft has extended its partnership with Yahoo to deliver sponsored search results on its U.S. and international MSN sites, despite the software maker''s recent declarations that it intends to be a major force in the search market.",Sci/Tech,?
"Construction of a 230,000-volt transmission line will begin in January and residents should expect all the usual construction issues that accompany any large project, Pacific Gas  amp; Electric Co.",Sci/Tech,?
"Unseeded Brazilian Ricardo Mello  quot;Yello quot; won his first career title in his first career final Sunday at the ATP stop in Delray Beach, upsetting local favorite and No.",Sports,?
 TOKYO (Reuters) - Tokyo''s Nikkei stock average fell 0.38  percent by mid-morning on Wednesday as investors took a  breather from the market''s recent rises and sold shares of  gainers such as Sharp Corp.,Business,___
Best in consumer electronics displayed at CES Innovation Awards.,Sci/Tech,?
"Reuters - U.S. prosecutors said on Wednesday\they are asking a judge to jail a former Miami, Florida, man\accused of setting up a half-dozen boiler-room financial scams\that faked Web sites and government documents.",Sci/Tech,?
" NEW YORK (Reuters) - Former Hollinger International Chief  Executive Conrad Black and other former executives looted the  company of more than \$400 million, using the company as a  ''piggy bank'' to pay for private jets and club memberships,  according to a report filed on Tuesday.",Business,?
"European Union foreign ministers reaffirmed Saturday that they would push for UN sanctions against Sudan, including a possible oil boycott, if the country does not move to end the fighting in its western Darfur region.",World,?
"General Motors Corp. and Ford Motor Co. said yesterday that they are rushing to adopt a new safety technology called electronic stability control, and together they will make such systems standard on most of their large and mid-size sport-utility vehicles by the end of next year.",Sci/Tech,?
"The nation #39;s largest provider of satellite radio will launch a premium internet music service in early October. XM Satellite Radio, the nation #39;s largest provider of satellite radio with more than 2.1 million ",Sci/Tech,?
"One of the tongue-in-cheek rules that we column-writers have is,  quot;Often wrong, never in doubt. quot; Take a stand, don #39;t duck and weave too much.",Business,?
"An Australian man found himself in hot water, when he was arrested for taking pictures of topless sunbathers with his camera phone.",Sci/Tech,?
TORONTO (CP) - Frank Menechino hit a tie-breaking home run in the seventh inning as the Toronto Blue Jays rallied to beat the Seattle Mariners 4-2 on Wednesday.,Sports,?
"AP - Prosecutors in the Kobe Bryant case spent nearly  #36;400,000 trying to get the NBA star convicted of raping a woman at a Vail-area resort last summer, documents show.",Sports,?
"Wimbledon champion Maria Sharapova of Russia beat former world number one Venus Williams of the United States 6-3, 6-4 on Friday to reach the semi-finals of the Zurich Challenge WTA tennis tournament.",Sports,?
"One thing to remember about the playoffs is that it isn #39;t always the best team that wins, but the team that plays the best in October.",Sports,?
"Spyware, an amorphous class of software that mostly gets onto computers without their users knowledge, has become epidemic in the past year as people spend more time online and spyware developers get more aggressive.",Sci/Tech,?
"UPDATED: In a coordinated attack against spammers, some of the country #39;s largest ISPs have filed new lawsuits against businesses and individuals that allegedly deluged users with unwanted and offensive e-mails.",Sci/Tech,?
"Revenge feels sweet and Swiss researchers are saying they have brain scans to prove it. In a study investigators said might help explain how social norms arose and regulate behaviour, brain centres linked ",Sci/Tech,?
"The Cassini-Huygens spacecraft #39;s flyby of Titan, the largest Saturnian moon, provided scientists Tuesday with ringside seats to view the solar system #39;s ",Sci/Tech,Sci/Tech
"Three British nationals were nabbed by gunmen in the Iraqi capital on Thursday, the Iraqi Interior Ministry said. The three British men were believed to be civilians living ",World,Sci/Tech
" TORONTO (Reuters) - New Internet-based technology could  soon turn regular computer users into armchair spies, a  Canadian inventor said on Monday.",Sci/Tech,?
"The Walt Disney Co. has postponed an expansion of its video-on-demand service while it explores partnerships that could result in a deal to include the service in set-top boxes, computers or other devices.",Sci/Tech,Sci/Tech
"Every year, in vitro fertilization clinics produce more embryos than they use in helping women get pregnant. A new study shows a wide discrepancy in what happens to the extras, from incineration to freezing. By Kristen Philipkoski.",Sci/Tech,?
U.S. tanks and snipers took up positions near the revered Imam Ali Shrine and engaged in fierce battles with militants.,World,Sci/Tech
 PITTSBURGH (Sports Network) - Kevin Bettencourt scored five  of his 13 points in the final two minutes to lead Bucknell to a  69-66 upset over 10th-ranked and previously unbeaten  Pittsburgh.,Sports,?
 RIO DE JANEIRO (Reuters) - Brazil coach Carlos Alberto  Parreira is more worried about playing rank outsiders Venezuela  than the likes of Germany or Argentina.,Sports,?
"p2pnet.net News:- If you #39;ve wondered just how much people hate spam, wonder no more. A couple of days back, Lycos Germany launched a vigilante screen-saver to beat people sending out advertiusing junk mail at their own game.",Sci/Tech,?
"The nation #39;s factories cranked out more products in July, miners dug more minerals and builders broke ground on more homes, the government said yesterday in three reports that showed some rebound in economic activity last month. ",Business,?
The new broom busily at work in Formula One has swept the British Grand Prix back on the calendar. At a meeting in London described as unprecedented by F1 commercial rights holder Bernie Ecclestone ,Sports,?
Reuters - Democratic presidential nominee\John Kerry on Monday called the invasion of Iraq ''the wrong war\in the wrong place at the wrong time'' and said his goal was to\withdraw U.S. troops in his first White House term.,World,?
"A day later, Simone Edwards could not get over the sellout KeyArena crowd of 17,072 that saw the Seattle Storm beat Connecticut, 67-65, in Game 2 of the WNBA Finals on Sunday.",Sports,?
"COLLEGE PARK, Md. - Hotel operator Marriott International Inc. said its third-quarter earnings rose 45 percent as growing demand for rooms helped drive revenue up 9 percent.",Business,?
The Supreme Court has stayed the election and appointment of Jagmohan Dalmiya as Patron-in-Chief of the BCCI. The court has also stayed the appointment of Justice S Mohan as BCCI administrator and restored ,Sports,Sci/Tech
TheDeal.com - The approval after a year-long investigation clears the path for more software industry mergers.,Sci/Tech,?
"Four years after its splashy launch, chip maker is still struggling.",Sci/Tech,Sci/Tech
AP - Online payment service PayPal said it will essentially waive transaction fees for some customers on Thursday to make amends for the inconvenience caused by about five days of intermittent service outages earlier this month.,Sci/Tech,?
"Minneapolis, MN (Sports Network) - Gary Sheffield tied the game in the ninth inning with his second homer of the game and Hideki Matsui singled home Alex Rodriguez with the go-ahead run, as the New York Yankees rallied for a 13-10 victory over the ...",Sports,?
"Larry Ellison even compares himself to the warlord, according to PeopleSoft''s former CEO, defending previous remarks he made.",Sci/Tech,?
"Orlando Hernandez on Wednesday was officially scratched from his Game Three start because of his tired right shoulder, but his replacement isn #39;t exactly healthy, either.",Sports,?
"AP - Sometime during the last several weeks, pitcher Jarrod Washburn began to sense a change in the mood surrounding the Anaheim Angels. Losing was no longer an option.",Sports,?
Computer gamers from around the planet are gathering in San Francisco for the World Cyber Games.,Sci/Tech,?
Albert Pujols and Scott Rolen hit back-to-back home runs in the eighth inning to lead the St Louis Cardinals to a 6-4 win over the Houston Astros in Game Two of the NL Championship Series at Busch Stadium on Thursday.,Sports,?
" NAJAF, Iraq (Reuters) - A radical Iraqi cleric leading a  Shi''ite uprising agreed Wednesday to disarm his militia and  leave one of the country''s holiest Islamic shrines after  warnings of an onslaught by government forces.",World,?
French maestros Robert Pires and Thierry Henry combined to give champions Arsenal a classy 3-1 victory over Aston Villa at Highbury on Saturday.,Sports,?
&lt;strong&gt;Poll results&lt;/strong&gt; Bright news for resident &lt;em&gt;Reg&lt;/em&gt; ladyboy,Sci/Tech,Reg
Bernhard Langer knew all along he had a loaded deck and an ace up his sleeve if he needed it. When the year-long process of selecting the European Ryder Cup team finally ,Sports,?
"WASHINGTON -- The US Chamber of Commerce filed an emergency motion yesterday seeking a court order to block the Securities and Exchange Commission from requiring that 75 percent of mutual fund directors, including the chairman, be independent of the fund company.",Business,?
"While grid computing vendors Sun and IBM are taking the reins of the utility computing market, the competition is collaborating to provide proof-of-concept projects to improve and showcase their services and offerings.",Sci/Tech,?
XP-based tablets have gotten a lukewarm reception so far. But Microsoft hopes to tempt consumers with improved features.,Sci/Tech,?
"George Mason''s 70-62 over Georgetown has everything a local rivalry should have: wild momentum swings, scrappy play and even a little blood.",Sports,?
"Drug giant Merck, stung by its handling of the recall of the arthritis drug Vioxx, says it will cut about 51-hundred jobs by the end of the year.",Business,?
"Dell''s Photo All-In-One Printer 962 prints, scans, faxes and copies for \$179.",Sci/Tech,?
EDWARDS AIR FORCE BASE - NASA #39;s unpiloted jet briefly reached more than nine times the speed of sound in a test flight on Tuesday.,Sci/Tech,?
"Naming the iMac G5 one of its Best Products of the Year, Fortune writes,  #147;An engineering marvel, the new iMac tucks the computer and speakers inside the expansive flat-panel display  #151;  #145;an advance as welcome as the day that VCR/DVD players were encased in the TV monitor box, #146; says Thompson Paul Thompson, director of the Cooper-Hewitt National Design Museum. Built-in wireless technology lets you use a cable-free keyboard and mouse. #148; Dec 10",Sci/Tech,_____
"Wal-Mart amasses more data about the products it sells and its shoppers'' buying habits than anyone else, and some privacy advocates worry about the potential for abuse.",Business,?
NEW YORK -- Google Inc. faces serious headwinds as it prepares to launch its long-anticipated initial public offering despite a lacklustre equity market and questions about the company #39;s business plan. ,Business,?
"Nowhere does the rivalry between the Evil Empire and Red Sox Nation crackle more intensely than here, on the  quot;campus quot; of ESPN, built smack on the not-so-well-defined emotional boundary between New York and Boston.",Sports,?
"The WPP Group, the world #39;s second-largest advertising and marketing company, reported on Friday that profit for the first half of the year rose 11 percent, providing further ",Business,Sci/Tech.
Verizon Communications is stepping further into video as a way to compete against cable companies.,Sci/Tech,?
"Russia is joining the ranks of nascent dictatorships, and Vladimir Putin is the executioner of Russian democracy. Right? Wrong. Russia is not a dictatorship, and the political system Putin is trying to reshape is not a democracy.",World,Sci/Tech
United States sprinter Jerome Young was banned for life by the US Anti-Doping Agency yesterday following his second positive test for an illegal steroid in a case that could affect a US relay team #39;s gold medal from Sydney.,Sports,?
"Fannie Mae would have to maintain 30 percent more capital than current rules demand it hold on its balance sheet, the Office of Federal Housing Enterprise Oversight, said in a statement.",Business,?
"As one developer prepares to move his application from Mac to Windows, others reaffirm their commitment to the platformdespite competing directly with Apple Computer Inc.",Sci/Tech,?
"Law enforcement authorities on both sides of the Atlantic have arrested 28 people on suspicion of operating Web sites that were allegedly designed to steal, sell and forge credit cards and identification documents.",Sci/Tech,?
"Canadian Press - MOSCOW (AP) - A woman strapped with explosives blew herself up outside a busy Moscow subway station Tuesday night, killing at least 10 people and wounding more than 50 - the second terrorist attack to hit Russia in a week.",World,?
 PHILADELPHIA/LOS ANGELES (Reuters) - A group headed by Sony  Corp. of America on Monday agreed to buy Hollywood film studio  Metro-Goldwyn-Mayer for about \$2.85 billion in cash to mine  MGM''s lucrative library for the booming DVD market.,Business,?
HP plans to add virus-throttling technology to ProLiant servers and ProCurve switches starting in early 2005. Virus Throttler technology slows the spread of a virus or worm within an infected server to give  administrators time to act.,Sci/Tech,?
"Intel Corp. has reached an agreement to hire hundreds of Hewlett-Packard Co. engineers who helped design the Itanium microprocessor, a massive joint project between the two technology companies since the early 1990s.",Sci/Tech,?
AP - John Kerry''s former crew mates vouch for his Vietnam war heroics in a documentary being released in the midst of a campaign debate about his actions as a swift boat skipper.,World,?
"IE is subject to a trio of unpatched vulnerabilities, security firm Secunia warned yesterday.",Sci/Tech,?
Ireland has become the first country on earth to cut off direct-dialed calls to entire nations in a bid to crack down on Internet-based fraud.,Sci/Tech,?
CINCINNATI -- Kelly Holcomb threw for 400 yards and five touchdowns -- and lost. Strange? Not as strange as those other numbers glowing on the scoreboard as Holcomb trudged off the field with his head down and more misery ahead.,Sports,?
"By MATTHEW FORDAHL    SAN JOSE, Calif. (AP) -- After years of battling Microsoft Corp...",Sci/Tech,Sci/Tech
"&lt;p&gt;&lt;/p&gt;&lt;p&gt; By Michael Christie&lt;/p&gt;&lt;p&gt; MIAMI (Reuters) - The most powerful drug lord everextradited by Colombia appeared before a U.S. judge on Monday,and his lawyer said he would fight U.S. charges that he ran hismultibillion-dollar business from a Colombian jail cell.&lt;/p&gt;",World,______
Chalone Wine Group has finally accepted the takeover offer from French winemaker Domaines Barons de Rothschild. The French company announced today (1 November) that it has entered into a merger agreement with ,Business,?
" BLOOMFIELD HILLS, Michigan (Reuters) - In the end, Europe''s  crushing Ryder Cup victory over the U.S. was all about better  teamwork, hungrier players, putts made when they mattered most  and astute captaincy by Bernhard Langer.",Sports,?
A top Iranian official tells the BBC Tehran is prepared to give more assurances over its nuclear enrichment plans.,World,?
Order was restored to the Jets'' quarterbacking universe on Wednesday when Chad Pennington returned to practice with the first team.,Sports,?
"US light crude climbed to \$49.36 a barrel, up 48 cents and just four cents below the record high set in late August at \$49.40. In London, Brent crude oil futures in surged to a new peak of \$45.",Business,?
"com October 8, 2004, 8:28 AM PT. Most IT Managers won #39;t question the importance of security, but this priority has been sliding between the third and fourth most important focus for companies.",Sci/Tech,?
"No. 5-ranked Bears roar back after stale first half, keep hopes of dream season very real. By Dave NewhouseSTAFF WRITER. SEATTLE -- This was a migraine weekend for top-10 teams as No.",Sports,?
" HERAT, Afghanistan (Reuters) - At least seven supporters of  the ousted governor of Herat in western Afghanistan were killed  Sunday and 20 wounded in clashes with police and U.S. troops  after mobs burned U.N. offices, doctors said.",World,?
"The free Firefox Web browser, which has chipped away at the market dominance of Microsoft #39;s Internet Explorer, has been readied for a full release including new features designed to make it more stable, backers of the program say.",Sci/Tech,?
" quot;It #39;s time to resurrect my career. quot; Those were Vince Carter #39;s words to the Toronto Star yesterday, making public his demands to be traded.",Sports,?
" RAMALLAH, West Bank (Reuters) - The grandson of Mahatma  Gandhi urged Palestinian refugees Sunday to march home from  Jordan en masse, even if the Israelis ''kill 200 people,'' to  shock the world into taking notice.",World,?
"WASHINGTON US economic growth will slow to 3.5 percent in 2005, but still generate average monthly job gains of about 175,000, the Bush administration predicted Friday in a rosy annual forecast that promised solid growth, low inflation and falling ",Business,?
SPACE.com - The tenth crew of the \International Space Station (ISS) made a short spaceflight early Monday to move a Russian lifeboat \to a new docking port and prepare the station for a pair of upcoming spacewalks.,Sci/Tech,Sci/Tech
"As they left the tunnel, the Cleveland Browns paused to touch the 1964 championship trophy. They then played as if they want one for themselves.",Sports,?
"Going in, this looks like a big weekend for the nation #39;s best two teams. The question is, will it look that way by Saturday night?",Sports,?
"8 Sep 2004, 18:44 GMT - Hitachi this week laid a unique bet on storage virtualization with the launch of the latest version of its flagship Lightning disk array.",Sci/Tech,?
Germany beat Sweden 1-0 in a repeat of the 2003 World Cup final to take Olympic bronze in the women #39;s soccer tournament on Thursday.,Sports,?
"SINGAPORE Even after he jettisoned a disastrous expansion strategy and offered them 4.5 billion Australian dollars with a promise to stick to his knitting, it turns out that shareholders never really forgave Zygmunt Switkowski.",Business,?
"But, no, it was no hallucination. The Icelander really had tucked away a 45th-minute header for his first goal since the opening day of the season against Manchester United.",Sports,?
The NDP #39;s second annual conference will end today with Gamal Mubarak #39;s Policies Committee having consolidated its leadership of the ruling party.,World,?
"In a competition combining suspense and strategy, countless brave souls are hoping to buy a small piece of Google in an auction this week.",Business,?
"He had given up three runs in the first inning of perhaps the biggest game of his life in Game 4 of the National League Championship Series on Sunday, but Astros righthander Roy Oswalt wasn #39;t worried.",Sports,?
"NASA postponed for at least two days the launch of its robotic satellite-chasing spacecraft because the target satellite temporarily lost reception of a key navigational signal, the agency said yesterday.",Sci/Tech,?
 THE HAGUE (Reuters) - Former Yugoslav President Slobodan  Milosevic blasted a decision to impose defense lawyers on him  as ''legal fiction'' Tuesday as his first witness began her  testimony at his war crimes trial.,World,?
Palestinian sources reported early Saturday that a civilian died of wounds he sustained earlier when Israeli forces raided Khan Younis city a week ago.,World,?
Canadian Press - WINNIPEG (CP) - RCMP are investigating whether convicted pedophile and killer Robert Bliss Arthurson committed sex crimes against three more young girls.,World,?
"I Want My blinkx TV! Television Search Engine\\blinkx today announced the availability of blinkx TV, the first search engine that allows you to search TV across news, sports and entertainment programming. blinkx is the first search engine to make such TV programs fully searchable on demand. Because blinkx captures and ...",Sci/Tech,?
"Brimming with confidence, former champion Lleyton Hewitt looked every bit the tour #39;s hottest player on Wednesday as kicked off his US Open campaign with a 6-1, 7-5, 6-4 ",Sports,?
"DC United had lost 3-1 to the Chicago Fire. The real conflagration was yet to come, though. United #39;s players and coaches, even the team #39;s president, gathered in the locker room and had it out.",Sports,?
"Reuters - Global sales of semiconductors\rose 1 percent in July as consumer uncertainty and swelling\inventories restrained the industry''s pace of growth, the U.S.\Semiconductor Industry Association reported on Thursday.",Sci/Tech,?
A New York City group creates a kit so that anyone with an old computer can create a wireless access point.,Sci/Tech,?
"With his birdie on the 10th hole to begin day two of the Merrill Lynch Skins Game, Fred Couples earned eight skins and \$300,000 to move over the \$3-million mark in career earnings at the tournament.",Sports,?
PC World - New 46-inch LCD is just one of eight flat-panel models launched this week.,Sci/Tech,?
"Alecko Eskandarian had two goals and Jaime Moreno three assists, leading D.C. United to a 3-0 win over the Dallas Burn yesterday at Washington.",Sports,?
"AC Milan failed to take full advantage of Juventus #39; slip-up on Saturday, as Roma came away from San Siro with a share of the spoils in a 1-1 draw on Sunday night.",Sports,?
"Forty seven games and counting - that #39;s Arsenal #39;s unbeaten league record after the weekend victory at Manchester City. The Gunners are drowning in an avalanche of plaudits, the majority of them deserved, while ",Sports,?
AP - Terrmel Sledge hit a tiebreaking RBI double in the eighth inning and the Montreal Expos opened the team''s final series before the franchise moves to Washington with a 4-2 victory over the New York Mets on Friday night.,Sports,?
"International Paper Co., the world #39;s largest forest products company, has agreed to sell all of the 1.1 million acres of woodlands it owns in Maine and New Hampshire to GMO Renewable Resources LLC for \$250 million.",Business,?
"A private rocket ship shot into space on Monday morning and won a coveted \$10 million aviation prize for its creators. SpaceShipOne, the sleek combination of rocket and glider designed by ",Sci/Tech,?
World champion pairs skater Tatiana Totmianina of Russia was in good condition late Saturday after falling headfirst onto the ice during the free skate at Skate America in Pittsburgh.,Sports,?
"OTTAWA (Ticker) -- While the dialogue at the latest NHL labor meeting Thursday resulted in little progress on a new collective bargaining agreement, it did generate harsh words from a league official.",Sports,?
"Mike McKenzie got his wish yesterday, seven months after asking out of Green Bay. The Packers sent the disgruntled cornerback and a future conditional sixth-round ",Sports,?
"LONDON, December 9 (newratings.com) - Infineon Technologies (IFX.ETR) announced yesterday its plans to invest about \$1 billion in Malaysia to build a factory to manufacture chips used in cars and industrial power applications.",Business,Sci/Tech
"The coach of disgraced Greek sprinters Kostas Kenteris and Katerina Thanou says IAAF charges against the athletes are groundless and will not result in a suspension, according to reports Friday.",Sports,?
"Greg Anderson has so dominated Pro Stock this season that his championship quest has evolved into a pursuit of NHRA history. By Bob Hesser, Racers Edge Photography.",Sports,?
"NewsFactor - U.S. music-downloading service Napster has launched a preview version of its Napster To Go portable music service, which incorporates \Microsoft''s (Nasdaq: MSFT) latest digital-rights management software, Janus.",Sci/Tech,?
AP - A former field director is accusing the Florida Republican Party of racial discrimination in a federal lawsuit.,World,?
&lt;strong&gt;Letters&lt;/strong&gt; And cheap tinsel worries wifi fans,Sci/Tech,Sci/Tech
"By MICHAEL LIEDTKE    SAN FRANCISCO (AP) -- Commerce One Inc. (CMRC), an Internet software maker valued at \$20 billion at the peak of dot-com mania, is poised to go out of business as a pauper...",Sci/Tech,?
"PHOENIX -- Wally Backman was hired Monday as manager of the Arizona Diamondbacks, taking over a team coming off one of the worst seasons in major league history.",Sports,?
"AP - Wealthy countries are falling billions of dollars short of their promises to help fund reproductive health care and improvements in the status of women around the world, the United Nations said Wednesday.",World,?
Yahoo Inc. is buying online jukebox provider Musicmatch Inc. for \$160 million in a deal designed to broaden the Internet giant #39;s appeal with the growing audience of consumers who buy songs off the Web.,Sci/Tech,?
THERE IS no excuse for the behavior exhibited by a few Oakland A #39;s fans and some members of the Texas Rangers baseball team that sent a player to jail and left a spectator with a broken nose.,Sports,?
"Walt Disney Co. #39;s chief executive Michael Eisner will leave the giant entertainment company in 2006 when his contract expires, a newspaper reported Friday.",Business,?
"So much for Microsoft #39;s Can-Spam proposal. Now you can add America Online to the growing list of ventures who #39;ve rejected a Microsoft-patent-encumbered and lawsuit-challenged anti-spam standard, Sender ID.",Sci/Tech,?
MOSCOW The Russian oil giant Yukos has said that it would immediately reduce some of its rail exports of crude oil to China in what appears to be the first time that Yukos #39;s ability to transport oil has been affected by its tax dispute with the Russian ,Business,?
Auburn gave the Bowl Championship Series suits what they were looking for Saturday night. Auburn #39;s Cole Bennett (87) recovers a fumble in the end zone to score the Tigers #39; first ,Sports,?
"In a game of powerless offenses, Julius Jones supplies 150 yards and two touchdowns to elevate the Cowboys over the Bears, 21-7.",Sports,?
"There were no judges, and there was no pressure. Best of all, there was no Olympic-sized controversy at MCI Center on Thursday as the stars of the U.S. gymnastics team tumbled, twirled and gyrated.",Sports,?
Pharmaceutical stocks were trading slightly higher after news Thursday that GlaxoSmithKline Plc was going to settle with New York Attorney General Eliot Spitzer over allegations the company hid safety studies for its anti-depressant Paxil.,Business,?
Valencia #39;s Miguel Angel Angulo apologized Thursday for his bad behaviour during his team #39;s stormy Champions League match with Werder Bremen and said he was prepared to suffer the consequences of his actions.,Sports,?
Heather Daly-Donofrio holed out her second shot for eagle on the third hole and cruised to a four-stroke victory Sunday in the LPGA Tournament of Champions.,Sports,?
"BOXING has long been starved of magic and stardust, at least since Lennox Lewis put an end to the myth of Mike Tyson two years ago.",Sports,?
"When it happens, somehow it will change. It will change by making the remainder of the season more meaningful, extending the dreams of a BCS bowl bid, which is what it''s all about at the highest level of college football.",Sports,?
San Francisco Mayor Gavin Newsom has set a goal of providing free wireless Internet activity in his city that sees itself as a vanguard of the Internet revolution.,Sci/Tech,?
Reuters - The Sudanese foreign minister rejected on\Friday a U.S. declaration of genocide in the Darfur region of\Sudan and said the United States was using a humanitarian\crisis for political purposes.,World,Sci/Tech
Valentino Rossi hailed this year #39;s against-the-odds championship win as his finest achievement yet after winning the Australian Grand Prix at Phillip Island.,Sports,?
"NEW YORKIBM said yesterday it is in talks to settle a mammoth lawsuit alleging a pension plan adopted by the firm in the 1990s discriminated against 140,000 older workers.",Business,?
"The election on Nov. 2 will have many far-reaching implications, not the least of which is mankind #39;s fledgling reach into space.",Sci/Tech,?
"AUSTIN, Texas (Ticker) -- Cedric Benson and Selvin Young allowed No. 8 Texas to run away with a season-opening win. Benson rushed for 183 yards and two touchdowns and Young added a career-high 101 and two ",Sports,?
"The company asked customers to accelerate deals in order to bolster earnings--a ploy to exaggerate profits, Oracle lawyers say.",Sci/Tech,Sci/Tech.
Lebanon urged members of the UN Security Council Thursday to vote against a US-French draft resolution demanding Syrian military withdrawal.,World,?
A politically charged program to poison prairie dogs has begun in South Dakota. Mixed in with the controversy is an endangered ferret and the rights of cattle ranchers.,Sci/Tech,?
Pitcher Mike Hampton homered off Kerry Wood and the Atlanta Braves sent the collapsing Chicago Cubs to the verge of wild-card elimination.,Sports,?
"As part of its ongoing efforts to woo public sector customers, Microsoft Corp. has begun giving governments tools for collaborating and sharing technology information with other organizations so that they can learn from each other''s experiences and cut development costs.",Sci/Tech,Sci/Tech
"com November 15, 2004, 11:32 AM PT. Organizations are replacing aging servers with newer more-powerful boxes, often Linux--based, and theyre also investing in storage.",Sci/Tech,?
NASCAR''s 2004 season has finally come to this: The Last Ten. And this: The Last Ten Men Standing.,Sports,Sci/Tech
Trend Micro will become the latest major anti-virus software company to provide protection against mobile phone viruses with the release today of Trend Micro Mobile Security 1.0.,Sci/Tech,Sci/Tech
"It seems there #39;s no end to Japan #39;s love of handheld gaming these days. With Nintendo selling big with its hugely successful Nintendo DS launch, Sony have begun the counter attack with queues of up to 1500 ",Sci/Tech,?
"Two in a row was just too much for the Earthquakes, without the likes of forwards Brian Ching, Landon Donovan, Dwayne De Rosario and goalkeeper Pat Onstad.",Sports,?
Britain #39;s world record holder Paula Radcliffe won the women #39;s New York marathon Sunday in an unofficial two hours 23 minutes seven seconds.,Sports,?
washingtonpost.com - Now Cingular Wireless LLC gets to reap the rewards -- and face the challenges -- of its new status as the nation''s biggest cellular provider.,Sci/Tech,?
Funeral processions snaked through this grief-racked town as relatives buried victims of the school siege in southern Russia in rows of freshly dug graves Sunday.,World,?
Intel is capping its processor speeds at 3.8GHz in a move some have interpreted as the final humiliating climbdown of a difficult year.,Sci/Tech,?
" NEW YORK (Reuters) - Coca-Cola Co.''s president and chief  operating officer, Steven Heyer, will leave the company on  Sept. 1 after missing out on the top job in May, the Wall  Street Journal said on Tuesday, citing an internal memo.",Business,?
Former England centre Jeremy Guscott has tipped Sir Clive Woodward to be a success if he does move into football. Woodward resigned as England rugby coach on Wednesday and has been linked with a move to football ,Sports,?
Reuters - South Korea Monday shrugged off North\Korean criticism of the South''s experiments with nuclear\materials as familiar posturing that would not rule out the\mercurial communist North''s return to atomic arms talks.,World,?
"Adobe Systems, the digital imaging, design and document technology platform provider and Internet service provider Yahoo will announce this week the launch of a co-branded Yahoo Toolbar.",Sci/Tech,?
"The Ontario government has announced new measures today to tackle child pornography online and Internet luring. Research shows 40 percent of Canadian youth report that someone they met on the Internet, requested personal information.",Sci/Tech,?
"OCTOBER 08, 2004 (IDG NEWS SERVICE) - Microsoft Corp. is investigating a reported vulnerability in ASP.Net that could allow an attacker to bypass security features on a Web server and view sensitive content, the company said yesterday.",Sci/Tech,?
VIENNA - England head into Thursday #39;s World Cup qualifier against Poland knowing a repeat of their mistakes in a 2-2 draw with Austria could leave them looking for a new manager.,Sports,?
&lt;strong&gt;Opinion&lt;/strong&gt; SAP hardly to blame,Sci/Tech,Sci/Tech.
"A rocket attack killed one Pakistani paramilitary soldier and wounded eight more, three of them seriously, in the western tribal region where troops are hunting al Qaeda-linked militants, officials said on Sunday.",World,?
"Barcelona held on from an early Deco goal to edge game local rivals Espanyol 1-0 and carve out a five point tabletop cushion. Earlier, Ronaldo rescued a point for Real Madrid, who continued their middling form with a 1-1 draw at Real Betis.",Sports,?
"WASHINGTON, Aug 23 (AFP) - US officials on Monday accepted results of a referendum that failed to recall Venezuelan President Hugo Chavez, and called on the government and opposition to reconcile their differences.",Business,?
"Microsoft Corp. (MSFT.O: Quote, Profile, Research) on Tuesday agreed to require only a single license for server software that runs on computers powered by a new generation of chips ",Sci/Tech,?
"Reuters - Online auctioneer eBay Inc. will plug\a recently purchased China site into its global network on\Friday, creating new opportunities for a nascent but\fast-growing operation, its chief executive said.",Sci/Tech,?
MPs and the main City watchdog are at odds over the plight of millions of policyholders  quot;trapped quot; in closed with-profits funds.,Business,?
"Bayern Munich coach Felix Magath, who criticised his new players for the time they spent putting on hair gel, warned on Friday that his honeymoon period is over and he plans to get tougher with the squad.",Sports,Sci/Tech
"Continuing the roll-out of Windows XP Service Pack 2 (SP2), Microsoft Corp. on Wednesday began pushing the security-focused update to PCs running Windows XP Professional Edition, made it available on Windows Update and started taking orders for SP2 CDs.",Sci/Tech,?
"US blue-chip stocks finished higher on Friday, helped by gains in energy companies #39; shares, although investors showed caution before next Tuesday #39;s presidential election.",Business,?
 SAN FRANCISCO (Reuters) - Think of it as Wi-Fi on steroids.  On its way to U.S. living rooms and maybe even automobiles is a  new type of high-speed wireless connection that promises  downloaded data rates of up to 1 gigabit per second -- roughly  18.5 times the speed of Wi-Fi -- to personal computers and  other devices.,Sci/Tech,?
"Reuters - Cisco Systems Inc. , the\biggest maker of equipment that directs data over the Internet,\on Tuesday said quarterly earnings rose 29 percent on stronger\demand for gear such as wireless networks and Internet\telephone equipment.",Sci/Tech,?
AGENTS FOR Microsoft are investigating how its forthcoming Halo 2 game was pirated and distributed on the Internet nearly a month before it hit the shops.,Sci/Tech,Sci/Tech
"Reuters - Nokia (NOK1V.HE) is set to unveil\another attempt at a mobile phone designed for television and\video, which is thinner and lighter than its predecessor which\never made it to the market, a source said on Monday.",Sci/Tech,?
"AP - In Kevin Dyches'' mind, the future is yellow. Dyna-Tek Industries, a company Kevin and his wife, Sandra, bought five years ago, has developed synthetic urine for the research industry.",Sci/Tech,?
NEW ORLEANS - The New Orleans Saints dodged a hurricane and the San Francisco 49ers and survived the loss of their biggest offensive weapon - Deuce McAllister.,Sports,?
The immortal words of Spinal Tap while they were lost in the maze of backstage hallways couldn #39;t have suited the Edmonton Road Runners any better.,Sports,?
"CHIBA, JAPAN -- Two companies supporting the Blu-ray Disc optical disc format unveiled prototype players at the Ceatec 2004 exhibition, taking place here this week.",Sci/Tech,?
"SEVERAL everal California cities and counties have sued Microsoft, accusing the company of illegally charging inflated prices for its products because of monopoly control of the PC operating system market.",Sci/Tech,Sci/Tech
The last chance to see a total lunar eclipse for more than two years comes Wednesday evening for most residents of North America and Western Europe.,Sci/Tech,Sci/Tech
"Lleyton Hewitt of Australia moved into the quarterfinals of the Legg Mason Tennis Classic with a 6-3, 6-2 victory over Alejandro Falla of Colombia in Washington. ",Sports,?
"Playing their second game in as many nights in the opposite corner of the country, the Portland Trail Blazers fell behind early and then rallied to complete a Florida sweep.",Sports,?
"MOSCOW The chief financial officer of Yukos, Russia #39;s embattled oil company, said Thursday that he had delayed his return to Moscow indefinitely after Russian prosecutors had summoned him for questioning.",Business,?
"MacCentral - At a special music event on Tuesday, Apple took the wraps off the iPod Photo, a color iPod available in 40GB or 60GB storage capacities. The device will automatically synchronize music and photos on both Macs and PCs. Apple is shipping the new iPod Photo today for U #36;499 or  #36;599 depending on capacity. Also introduced today is a special iPod U2, a black-clad 20GB model coming in mid-November for  #36;349. It comes with a red Click Wheel and a custom engraving of U2 band member signatures. More details about both new iPods will be posted shortly.",Sci/Tech,?
The retailer trots out a bargain portable PC that packs Wi-Fi. Is it getting ready for a laptop push for the holidays?,Sci/Tech,?
Mobile computers could provide customized information or perform specialized functions based on their changing locations.,Sci/Tech,?
"TORONTO - Lamond Murray scored all 13 of his points in the fourth quarter, helping the Toronto Raptors overcome a 20-point deficit in the second half to beat the San Antonio Spurs 96-91 yesterday.",Sports,?
"At age 42, Roger Clemens has done it all for the Astros this season. Tomorrow, he will do something he hasn #39;t done all season - pitch on three days #39; rest.",Sports,Sci/Tech
"Microsoft CEO Steve Ballmer has made a  quot;pre-emptive strike quot; against Linux, which is fast becoming a bigger thorn in the software giant #39;s side.",Sci/Tech,?
" ATLANTA (Reuters) - Quiznos Sub, the third-largest U.S.  sandwich chain, said on Wednesday it signed a deal to serve  PepsiCo Inc. &lt;A HREF=''http://www.investor.reuters.com/FullQuote.aspx?ticker=PEP.N target=/stocks/quickinfo/fullquote''&gt;PEP.N&lt;/A&gt; drinks in its U.S. outlets, ending a  23-year relationship with Coca-Cola Co. &lt;A HREF=''http://www.investor.reuters.com/FullQuote.aspx?ticker=KO.N target=/stocks/quickinfo/fullquote''&gt;KO.N&lt;/A&gt;",Business,?
An overwhelming majority of NHL players who expressed their opinion in a poll said they would not support a salary cap even if it meant saving a season that was supposed to have started Oct. 13.,Sports,?
"BERLIN A woman doing handsprings hurled herself into an art installation at the exhibition of a collection belonging to the billionaire heir of a Nazi-era arms supplier, damaging two pieces, organizers said Thursday.",World,?
"Sony has embarked on a potential collision course with music groups, including its own Sony BMG joint venture, over MP3 digital song files.",Sci/Tech,?
The company is reasonably certain that it can maintain previously issued earnings guidance.,Business,Sci/Tech
Jenson Button has admitted he was  quot;misguided quot; in his attempts to switch to Williams for next season. The 24-year-old declared his intention to leave BAR in August but team boss David Richards prevented the move on legal grounds.,Sports,?
"The World Trade Organization imposed penalties Friday on US exports ranging from apples to textiles, escalating a trade dispute the Bush administration has struggled to defuse by unsuccessfully ",Business,?
LOS ANGELES A source says Hollywood movie studios are preparing to sue computer users they say are illegally distributing movies online.,Sci/Tech,?
Internet engineers working on a standard for identifying the source of email messages voted down a proposal by Microsoft to include some of that company #39;s intellectual property in the specification.,Sci/Tech,?
"A scientific dig has uncovered four pomegranates believed to be 2,500 years old preserved inside a woven basket nestled in a bronze vessel, a Greek archaeologist said Friday.",Sci/Tech,Sci/Tech
The giant potato-shaped asteroid 4179 Toutatis zoomed past earth just after 8:30 am Wednesday afternoon in the closest approach of any known asteroid of comparable size this century.,Sci/Tech,?
"Carson Palmer kept throwing and throwing, and by the time he was finished with Notre Dame two years ago, Southern California had a one-sided victory and the quarterback had locked up the Heisman Trophy.",Sports,?
"A car bomb has exploded north of the Iraqi capital, killing two people and injuring four others, including the deputy provincial governor of Diyala.",World,?
"Considered important vulnerabilities that leave users open to attack in Microsoft #39;s (Nasdaq: MSFT) Windows for desktop and server installations, the Redmond ",Sci/Tech,?
"King County prosecutors charged a Covington orthodontist yesterday with engaging in sexually explicit Internet conversations with several girls, including three current or former patients, and with dealing child pornography.",Sci/Tech,?
Skipper Richard Staple insisted the USA had gained valuable experience in their 210-run Champions Trophy defeat by New Zealand at The Oval.,Sports,Sci/Tech
"The New York Mets hired Willie Randolph as their manager Wednesday and planned to introduce him at a news conference Thursday. Randolph, 50, was the bench coach for New York Yankees ",Sports,?
"Reuters - Australian locust fighters are getting\on top of one of the worst outbreaks of the insects in decades,\knocking out infestations before they begin to swarm and so far\protecting crops from major damage.",Sci/Tech,?
"Most IT Managers won #39;t question the importance of security, but this priority has been sliding between the third and fourth most important focus for companies.",Sci/Tech,?
"Canadian Press - KUALA LUMPUR, Malaysia (AP) - Authorities are testing a suspicious powder mailed to the U.S. Embassy in Malaysia to determine whether it''s anthrax, officials said Monday. It''s the second such scare at a U.S. mission in Asia within a week.",World,?
"IBM has issued an upgrade of its WebSphere middleware product, adding autonomic troubleshooting capabilities that autmatically detects system problems and recovers Web-based business transactions that would take days to fix manually.",Sci/Tech,?
The Arizona Republican said Major League Baseball has to act quickly to restore its  quot;integrity. quot; This is after players Jason Giambi and Barry Bonds reportedly testified that they used steroids.,Sports,?
"Tiger Woods finishes a disappointing 2004 season with his second straight championship, closing with a 5-under 66 to win the Target World Challenge.",Sports,?
"The arguments have been made, and now a judge must decide: Do disclaimers Cobb County stuck in its science textbooks two years ago - calling evolution a  quot;theory, not a fact quot; -iolate the principle of separation between church and state?",Sci/Tech,Sci/Tech
Syria says Israeli threats to retaliate for Damascus #39; alleged complicity in Palestinian attacks that have killed 16 Israelis this week lack credibility.,World,Sci/Tech
"AP - Many fans think it wasn''t just the clutch hitting of David Ortiz, the gallant performance of Curt Schilling or the collective effort of the bullpen that propelled the Boston Red Sox to their first World Series berth in nearly two decades.",Sports,?
"AFP - Afghan President Hamid Karzai met with Pakistan President Pervez Musharraf for talks on eradicating Al-Qaeda and Taliban fighters from their common border, a key issue in his bid for re-election.",World,?
"After winning union backing for job cuts, Alitalia was holding a board of directors meeting Monday to approve a restructuring plan aimed at saving the near-bankrupt Italian carrier from collapse.",Business,?
"SiliconValley.com - In August, Joshua Rosen, a San Francisco entrepreneur and art director, went live with a Web site that makes it very simple for people to register to vote.",Sci/Tech,?
"AOL have signed a deal with Internet security company RSA Security Inc. to launch its new AOL PassCode, designed to add an additional layer of protection to member accounts.",Sci/Tech,?
Reuters - Jeffrey Moeser and his company are\aiming to change the future of home entertainment.,Sci/Tech,?
"Second-seeded Lleyton Hewitt defeated French teenager Gael Monfils 6-3, 7-6 (3) at the Paris Masters on Tuesday, then heaped praise on the former junior champion.",Sports,?
" JAKARTA (Reuters) - Southeast Asian nations, Australia and  New Zealand hope to conclude a free trade agreement (FTA) by  2007 after beginning formal negotiations next year, Australian  Trade Minister Mark Vaile said on Sunday.",Business,?
"After 10 years in the making and multiple delays, Intel released its state-of-the-art 64-bit Itanium microprocessor on Tuesday. The microprocessor, which is designed for servers and workstations, is based ",Sci/Tech,?
Colour television (CTV) makers expect Indian consumers to switch over to top-end plasma projection and liquid crystal display (LCD) televisions at a rapid rate.,Sci/Tech,?
" Binh N. Le had not been back to the land of his birth since he came to the United States with an aunt and uncle at age 4, leaving his parents behind.",World,?
"West Bengal government should give more emphasis to infrastructure development by building more roads, rapid transit and communication systems for providing a conducive environment to the information technology sector, Nasscom president Kiran Karnik said ",Sci/Tech,?
A Pennsylvania law requiring Internet service providers (ISPs) to block Web sites the state #39;s prosecuting attorneys deem to be child pornography has been reversed ,Sci/Tech,?
"For 250 years, the cryptic inscription has exercised the minds of Britain #39;s finest theologians, historians and scientists, including Charles Darwin, Josiah Wedgwood ",Sci/Tech,Sci/Tech
Defending champion Andy Roddick of the United States stormed into the third round of the 17.8 million US dollars US Open Friday. The American big-server blasted 10 aces enroute ,Sports,?
"Lion Nathan has been involved in the Chinese brewing industry since 1995 and its operations there employ more than 1,300 people, and produced 142 million litres of beer in the 2003 fiscal year.",Business,?
" LONDON (Reuters) - OPEC producers have said they see little  impact on economic growth so far from oil''s relentless price  surge, which Wednesday racked up yet another record high.",Business,?
PalmOne will offer a free memory card to address the problem.,Sci/Tech,?
"After months waiting for Microsoft to give me a reason to remain loyal, I finally dumped Internet Explorer for the Firefox Web browser last week.",Sci/Tech,?
"GAZA CITY, Gaza Strip - Israeli helicopters attacked a Hamas training camp early Tuesday, killing at least 14 militants and wounding 30 others in one of the deadliest airstrikes since fighting broke out four years ago.    The attack came a week after Hamas suicide bombers blew up two buses in the Israeli city of Beersheba, killing 16 people...",World,?
" BAGHDAD (Reuters) - Saboteurs blew up Iraq''s northern  export pipeline for the second week in a row on Saturday,  halting oil flows to Turkey''s Ceyhan port, oil officials said.",Business,?
"Swiss Federal President Joseph Deiss, French President Jacques Chirac and Spanish King Juan Carlos, from left to right, visit the  quot;Atlas quot; experimental area and assembly hall for the biggest superconducting magnets ever built, during the official CERN #39;s ",Sci/Tech,?
"A week before the Chechen presidential election, President Vladimir Putin made a surprise visit to Chechnya on Sunday to lay red carnations on the grave of slain Chechen leader Akhmad Kadyrov.",World,?
"Nintendo and iQue to release Game Boy Advance SP later this month in 21 different cities in China. TOKYO--Nintendo has announced that it will launch the Game Boy Advance SP in China on October 27, Bloomberg Japan reports today.",Sci/Tech,?
" LOS ANGELES (Reuters) - Microsoft Corp. &lt;A HREF=''http://www.reuters.co.uk/financeQuoteLookup.jhtml?ticker=MSFT.O qtype=sym infotype=info qcat=news''&gt;MSFT.O&lt;/A&gt; on Tuesday  unveiled a new version of its Windows XP Media Center, along  with an array of new devices and services aimed at capturing  consumer spending on movies, pictures and music.",Sci/Tech,?
"Formula One drivers Kimi Raikkonen and Nick Heidfeld are both \$10,000 poorer after separate fines for  #39;dangerous driving #39; in Sunday #39;s year-ending Brazilian grand prix.",Sports,Sci/Tech
"Deal has Big Blue handling data acquisition and delivery, customer service, financial processes for business information provider.",Sci/Tech,?
"Cigarette companies have been honest in highlighting the ''dangerous'' risks of smoking, a lawyer for the tobacco industry has told a US court.",Business,?
AP - Call it TiVo for the radio. A new  #36;70 device called RadioShark lets you record your favorite AM and FM radio shows to your home computer and enjoy them later either from the desktop or a portable device.,Sci/Tech,?
 NEW YORK (Reuters) - It''s beginning to look a lot like  Christmas on Wall Street: Retail stocks have been glowing for  more than a month.,Business,?
The smaller gear maker claims that its new routers will cost 30 percent to 50 percent less than similar offerings from the market leader.,Sci/Tech,?
"Plus: Adobe strong despite drop...Linux demand lifts Red Hat profit...Strong sales of phones, other gadgets boost PalmOne profit.",Sci/Tech,?
"The Cubs didn #39;t need to fly anywhere near Florida to be in the eye of the storm. For a team that is going on 100 years since last winning a championship, the only thing they never are at a loss for is controversy.",Sports,?
"Office Depot Inc., the world #39;s No. 2 office-supplies retailer, said it expects earnings per share for the third quarter to fall below current First Call estimates partly because of the recent Hurricanes in Florida.",Business,?
For more than a month it has been public knowledge that Kansas was considering moving next season #39;s home football game against Oklahoma to Kansas City #39;s Arrowhead Stadium.,Sports,Sci/Tech
"Nortel Networks said on Thursday it will slash its work force by 3,500, or 10 percent, as it struggles to recover from an accounting scandal that toppled three top executives and led to a criminal investigation and lawsuits.",Sci/Tech,?
"In one of the biggest upsets -nd most controversial finishes  -the year, a 27-1 betting orphan named Better Talk Now won the \$2 million Breeders #39; Cup Turf ",Sports,?
"Public and private sectors are developing non-entertainment games whose ''fun factor'' ranks below their ''serious factor.'' &lt;br&gt;&lt;FONT face=''verdana,MS Sans Serif,arial,helvetica'' size=''-2''\ color=''#666666''&gt;&lt;B&gt;-The Washington Post&lt;/B&gt;&lt;/FONT&gt;",Sci/Tech,____________.
Former champion Venus Williams was pushed to two tiebreakers over two hours by 16-year-old qualifier Ana Ivanovic of Serbia-Montenegro before reaching the Swisscom Challenge quarterfinals Thursday.,Sports,?
AFP - Egypt said it has charged an Iranian diplomat and an Egyptian national over a plot to assassinate an unidentified public figure.,World,?
AP - Oracle Corp. plans to nominate four candidates for election to rival PeopleSoft Inc.''s board of directors as part of its battle to acquire the rival software company.,Sci/Tech,?
"The BBC''s digital radio services must remain distinctive from rivals to ensure a ''healthy'' market, a report says.",Sci/Tech,Sci/Tech
Jose Mourinho would rather be facing the likes of Arsenal or Manchester United than taking on managerless West Brom tomorrow. Frank Burrows will take charge of the Baggies against ,Sports,?
"BOSTON Nov 9, 2004 - Red Sox pitcher Curt Schilling had surgery Tuesday to repair his injured right ankle. Schilling pitched Game 6 of the American League Championship Series and Game 2 of the World Series ",Sports,?
"Reuters - Long a forum for protecting endangered\species like whales or tigers, a U.N. meeting in Bangkok next\month will seek a wider role in regulating the billion-dollar\trade in timber, fish and medicinal plants.",Sci/Tech,?
"SanDisk this week announced a series of CF (CompactFlash) cards that double the read and write speeds of its fastest flash cards available today, as well as an 8GB version of its Ultra II CF Type 1 flash memory card.",Sci/Tech,?
"While many of his Detroit Lions teammates spent the bye weekend at home with their families, Harrington stayed in town to see his brother play college football.",Sports,?
"India News, Nagpur,Damien Martyn Tuesday cracked his career #39;s ninth Test century to put Australia in a strong position against India on the first day of the third Test at the Vidarbha Cricket Association (VCA) ground here.",Sports,?
"Discount retailer Fred #39;s Inc. (FRED.O: Quote, Profile, Research) on Thursday said second-quarter profit fell, hit by increased markdowns, higher diesel fuel costs and other factors, sending its shares down almost 19 percent.",Business,?
"Taiwan rescue workers dug out seven bodies from mud and rock in a mountain village that was hit by a devastating landslide triggered by Typhoon Aere, but eight still remained buried, officials said on Friday.",World,?
"Most musicians see the internet as more of an opportunity than a threat to their livelihood, research suggests.",Sci/Tech,?
" JERUSALEM (Reuters) - A Palestinian woman suicide bomber  blew herself up near a hitch-hiking post in Jerusalem on  Wednesday, killing two people and wounding 15 in the first such  attack in the city in seven months.",World,?
"World marathon record holder Paula Radcliffe will run in the New York marathon on November 7, race organisers say. The 30-year-old Briton failed to finish either the marathon or the 10,000 metres at last August #39;s Athens Olympics.",Sports,?
"MUMBAI, NOVEMBER 22 : Five days after rattling the markets and corporate India with his statement on TV about ownership issues in the Rs 99,000-crore Reliance group, Reliance Industries chairman Mukesh Ambani did some damage control on Monday.",Business,?
"AP - Garret Anderson hit a tiebreaking double in the eighth inning, Darin Erstad had a three-run homer and the Anaheim Angels beat Oakland 5-3 Saturday to move back within two games of the AL West-leading Athletics.",Sports,?
"Conventional wisdom said that when the Cardinals and Astros hooked up in the National League Championship Series, there might be a few runs scored.",Sports,Sci/Tech
"WASHINGTON - The House passed legislation Thursday that would prevent the Supreme Court from ruling on whether the words ''under God'' should be stricken from the Pledge of Allegiance.    In a politically and emotionally charged debate, Democrats said majority Republicans in the chamber were debasing the Constitution in order to force a vote that could hurt Democrats in the election...",World,?
"The carrier recruits Intel, Cisco Systems and other major players to create VoIP phone gear and applications.",Sci/Tech,?
" SAN FRANCISCO (Reuters) - When the San Francisco Giants  play baseball, slugger Barry Bonds and the other players are  far from the only ones thinking about hitting home runs.",Sports,?
"Reuters - Virgin Electronics, the consumer\electronics arm of Richard Branson''s Virgin Group,  on\Tuesday unveiled a new portable music player to compete\directly with Apple Computer Inc.''s  popular iPod mini\player.",Sci/Tech,___
"Saluting and standing at attention, accused American army deserter Charles Jenkins surrendered to US military authorities at a base near Tokyo, today, to face charges that he left his unit in 1965 and defected to North Korea.",World,?
"Barry Bonds swung at nine pitches and none of them left the ballpark. He made one spectacular throw and it saved the game.  quot;Tonight, he did it with his arm, quot; winning pitcher ",Sports,?
"Russia has postponed the test launch of a new booster rocket scheduled for Friday, the Defense Ministry said Thursday. The launch of the Soyuz-2 medium-size rocket from Russia #39;s ",Sci/Tech,?
"Jose Valentin has been the White Sox shortstop for five seasons, but there is no guarantee he will be back in 2005. Valentin, who turns 35 in October and is ",Sports,?
"p2pnet.net News Opinion:- Music fans with a particular interest in the pomp-rock experimentation of U2, one of those bands who formed the background to my early adulthood without ever persuading me that I wanted to purchase any of their albums, are ",Sci/Tech,?
"The Boeing Co. #39;s major rival, Airbus, announced Wednesday it has received an order from Cebu Air Inc., the Philippines #39; second-largest airline, for 12 new A319 jets.",Business,?
"AP - Oklahoma moved up to No. 2 in the Bowl Championship Series standings Monday and Utah is now sixth, a position that would guarantee the Utes a spot in one of the four big-money bowl games if they can hold on to it.",Sports,?
"PORTLAND, Ore. (AP) -- Pollen from genetically engineered grass floated more than 12 miles from experimental plots and bred with conventional plants, raising concerns that the biotechnology industry can''t control the ''gene flow'' of its creations...",Sci/Tech,?
"Andy Roddick squeezed past Britain #39;s Tim Henman 7-5 7-6 at the Masters Cup overnight, giving his fellow Texans the hometown win they came to see.",Sports,?
"Enron Corp. (ENRNQ.PK: Quote, Profile, Research) will pay \$321 million from the proceeds of its sale of its pipeline arm to fund pension plans for thousands of former ",Business,?
"A vote recount in New Hampshire requested by the Nader campaign could allay concerns about anomalous election results in the state. But if the recount uncovers problems with voting machines, it could lead to a recount in Florida. By Kim Zetter.",Sci/Tech,?
"NEW YORK, August 30 (New Ratings) - Japan #39;s Supreme Court has reportedly approved the merger negotiations between UFJ Holdings Inc (ticker: UFJ) and Mitsubishi Tokyo Financial Group (MTFG).",Business,?
"CBC SPORTS ONLINE - As expected, the Tampa Bay Lightning are bringing back their captain, Dave Andreychuk, for another season. The Lightning on Tuesday announced the 40-year-old Andreychuk,had agreed to a one-year deal.",Sports,?
"More businesses are out to convert die-hard check writers to electronic billing by offering perks, lower interest rates or discounted prices.",Sci/Tech,?
"Leaders of al-Qaida and the Taliban have held a series of meetings in Pakistan to discuss how to disrupt Afghanistan #39;s upcoming elections, the US military said Monday.",World,?
"NAJAF, Aug 17: An Iraqi peace delegation urged Shia leader Moqtada Sadr on Tuesday to call off his uprising in Najaf, and on the battlefront US troops pounded militia positions near the country #39;s holiest sites. ",World,?
"AFP - Sharp Corp. has developed a 65-inch (1.66 metres) liquid crystal display (LCD) colour television under its AQUOS brand, the world''s largest.",Sci/Tech,?
"Remembering all your passwords and keeping your computer safe is not easy these days. We offer some top tips to help you out. If you #39;ve ever lost, misplaced or forgotten the keys to your home, you #39;ll know how much of an inconvenience it can be.",Sci/Tech,?
"Georgian President Mikhail Saakashvili appealed to world leaders Tuesday to convene an international conference on the conflict in breakaway South Ossetia, where daily exchanges of gunfire threaten to spark a war. ",World,?
"AdWeek.com - What do you do when you evoke the ire of the ad industry''s largest trade organization? You launch an editorial-cartoon contest about it, of course. That''s what Talent Zoo, the Atlanta-based job-recruitment and -placement specialist for the ad business, did last week after that nasty spat with the 4A''s over a column on the Talent Zoo Web site criticizing Advertising Week.",Sci/Tech,?
"AP - Few people took notice when Sony Electronics Inc. opened a tiny storefront last year here at South Coast Plaza, a swanky mall south of Los Angeles.",Sci/Tech,?
Consumer electronics giant Sony Corp. said on Thursday it is mulling a major strategic shift to make digital music devices that play MP3 song files.,Sci/Tech,?
"SEPTEMBER 06, 2004 (COMPUTERWORLD) - The next major Windows release, code-named Longhorn, is due to arrive so far into the future that many corporate users aren #39;t particularly bothered by Microsoft Corp.",Sci/Tech,?
"BusinessWeek Online - For 35 years, Advanced Micro Devices Inc.  stood in the shadow of archrival Intel Corp.  AMD churned out lower-priced clones of the tech leader''s chips and occasionally enjoyed a hit that helped boost its meager profits. But bad times easily outweighed the good. Again and again, Intel used its manufacturing muscle and pricing power to stymie AMD''s ambitions, preventing it from gaining a foothold in lucrative markets such as servers and corporate PCs.",Sci/Tech,?
"Austin Kearns tied the game with a two-out double in the ninth inning, then hit a two-run homer in the 12th and the Cincinnati Reds dealt the Chicago Cubs a key loss, 4-3 Wednesday.",Sports,?
"By Randy Dotinga, HealthDay Reporter    HealthDayNews -- Do sprawling communities translate into expanding waistlines? Absolutely, according to a new study that adds to a growing body of evidence that suburban living makes people fat.    A Boston University researcher found that people who live in spread-out communities are heavier than their city-bound counterparts...",Sci/Tech,?
AP - Evander Holyfield was suspended indefinitely by New York boxing officials in the wake of his loss Saturday night to journeyman Larry Donald.,Sports,?
"PEOPLE in Los Angeles were left terrified that they were about to be hit by a monster storm. The California governor #39;s Office of Emergency Services mistakenly issued a tornado alert for LA on Saturday, and ",World,?
"Yeah, you can say that Microsoft has their flaws, and commission companies produce white papers trying to prove that point, but at what point will consumers (in this issue, mainly IT professionals) begin understanding that the cost of employing a Unix ",Sci/Tech,Sci/Tech.
roundup Plus: Adobe debuts hobbyist Photoshop package...Symbol joins WiMax wireless broadband group...HP to sell PathScale compilers.,Sci/Tech,Sci/Tech
"According to British cops he is Dhiren Barot to his father and Abu Musa al-Hindi to Al Qaeda. On Wednesday India-born Barot alias al-Hindi, along with seven men of Pakistani origin, arrested in anti-terror raids and charged with plotting radioactive, ...",World,?
"The chip is expected to be unveiled Tuesday, in time to bump up the performance of game desktops before the holidays.\&lt;br /&gt; Intel kills plans for 4GHz Pentium \",Sci/Tech,?
Sprint and Apple have announced a partnership designed to get content providers to connect to PCS Vision subscribers via QuickTime.,Sci/Tech,?
"A month ago, the US national team was on the verge of a shocking defeat in Panama City. Now, as the US prepares for a rematch with Panama at RFK Stadium tomorrow night, the team has nearly clinched a berth in the final round of World Cup qualifying.",Sports,?
"Three new variants of the Bagle virus that emerged last week are still in circulation, but the attacks seem to be leveling off. While the latest viruses have some sophisticated features, security ",Sci/Tech,Sci/Tech
"Reuters - New satellite images show Iran''s\Parchin military complex, southeast of Tehran, may be a site\for research, testing and production of nuclear weapons, a\nuclear expert said on Wednesday.",World,?
"The industry heavyweights want to ease a major ''pain point'' for their customers, Dell''s CEO says.",Sci/Tech,?
"Edward Kozel, Cisco''s former chief technology officer, joins the board of Linux seller Red Hat.",Sci/Tech,?
"JERUSALEM Israel #39;s security cabinet on Tuesday approved a compensation package that would pay roughly \$200,000 to \$300,000 to each Jewish family that agreed to leave the Gaza Strip under Prime Minister Ariel Sharon #39;s withdrawal plan.",World,?
"Tiki Barber sprinted for a 52-yard touchdown in the third quarter, the play that the Giants would ride to their third victory of the season.",Sports,Sci/Tech
"COOLUM, Australia - Australian Peter Lonard won the Australian PGA Championship by two strokes for his third tournament title in as many weeks on Sunday.",Sports,?
"NHL players began scattering across the globe Thursday in search of work on Day 1 of the lockout, with no negotiations scheduled between union and management.",Sports,?
"BANGALORE, India Anil Kumble, the Indian spin bowler, took three wickets Wednesday to reach 400 in test matches as the first day of the first test against Australia finished finely balanced.",Sports,?
"the second-longest active winning streak among Division 1-A schools behind Boise State''s 13. Matt Leinart completed 20 of 31 passes for 231 yards and two touchdowns without being intercepted, leaving the game for good late in the third quarter. He has passed for two or more TDs in 14 straight games. The Rams (0-2) hadn''t been blanked since losing to ...",Sports,?
" NEW YORK (Reuters) - Several cable industry pioneers may  bid for parts of bankrupt cable operator Adelphia  Communications Corp. &lt;A HREF=''http://www.investor.reuters.com/FullQuote.aspx?ticker=ADELQ.PK target=/stocks/quickinfo/fullquote''&gt;ADELQ.PK&lt;/A&gt;, joining a list of competitors  that could include Time Warner Inc. &lt;A HREF=''http://www.investor.reuters.com/FullQuote.aspx?ticker=TWX.N target=/stocks/quickinfo/fullquote''&gt;TWX.N&lt;/A&gt; and Comcast Corp.   &lt;A HREF=''http://www.investor.reuters.com/FullQuote.aspx?ticker=CMCSA.O target=/stocks/quickinfo/fullquote''&gt;CMCSA.O&lt;/A&gt;, sources close to the situation said on Friday.",Business,?
" ISLAMABAD (Reuters) - A much-anticipated first meeting  between South Asia''s rivals, Pakistan President Pervez  Musharraf and Indian Prime Minister Manmohan Singh, will be  held on Sept. 24 in New York, a Pakistani official said on  Monday.",World,?
" LONDON (Reuters) - Oil prices eased further on Tuesday, as  the head of the OPEC cartel said markets were well-supplied  with crude and traders continued to take profits from this  year''s 40 percent rally.",Business,?
 ATHENS (Reuters) - Sarunas Jasikevicius went on a shooting  spree in the last three minutes of play to lift Lithuania to a  94-90 victory over the United States in the men''s Olympic  basketball tournament Saturday.,Sports,?
"The US Supreme Court serves up a pair of tasty cases this week, one involving interstate sales of wine and the other exploring a government ad campaign for beef.",Business,?
"Starting Jan. 18, Oracle will provide security patches for all of its products on a quarterly basis, a schedule it believes is most convenient for customers.",Sci/Tech,?
"Opposition parties in Bangladesh have reportedly reached a consensus on ousting the government of Prime Minister Khaleda Zia, which it termed as being  quot;fanatic, terrorist and autocratic.",World,?
&lt;strong&gt;Letter&lt;/strong&gt; TDD mode is not just data delivery,Sci/Tech,&lt;/strong&gt; &lt
AP - Hurricane Jeanne forced the postponement of Sunday''s game between the Pittsburgh Steelers and the Miami Dolphins. The game has not been rescheduled.,Sports,?
"Africa #39;s new representative body, the Pan-African Parliament, has opened its first session in its new home in South Africa. South African President Thabo Mbeki was joined by drummers and dancers to welcome ",World,?
At least 47 people were killed at a Baghdad market today in an explosion that was believed to have been targeted at a nearby police station.,World,?
"India #39;s software exports are on track to grow by 30 percent in the year to March 2005, despite attempts in the key US market to discourage outsourcing and protect jobs, the industry #39;s head said on Monday.",Business,?
"AP - The American-Russian crew manning the international space station will redock a spaceship later this month in preparation for spacewalks planned for next year, Russian Mission Control said Friday.",Sci/Tech,?
"NEW YORK (Ticker) - With the dark cloud of steroids continuing to hover over baseball, it appears a tougher drug-testing policy may be in effect by spring training.",Sports,?
"ST. LOUIS -- This was the kind of deflating loss that would send some teams -- the Cubs come to mind -- into the fetal position. Twelve grueling innings, a booming walkoff two-run homer and 52,144 people screaming loud enough to make your ears ring.",Sports,?
"This fortress that Randy Johnson constructed, the one that keeps fans at arm #39;s length and teammates at a respectful distance, is also the reason the man can make a grown bat cry.",Sports,Sci/Tech
Auburn Hills - (11/29/04)--Auburn Hills police say they have identified the chair thrower from the Pistons/Pacers brawl. The suspect who allegedly threw the chair is a 35-year-old man from Genesee County #39;s Mundy Township.,Sports,?
"BY any measure, this was an extraordinary spectacle. On a warm winter #39;s day in the geographical centre of India, elite batsmen on the most verdant of grounds had cause to duck, sway and weave against the rising ball.",Sports,?
You #39;ve already seen our New Users #39; and Power Users #39; reviews of Apple #39;s fourth-generation iPod (iPodlounge rating: A-/B).,Sci/Tech,?
AFP - A lieutenant of powerful northern warlord General Abdul Rashid Dostam pledged to back incumbent Hamid Karzai in the upcoming presidential vote and said 149 other military commanders would join him.,World,?
"England captain David Beckham says he may retire from international soccer after the 2006 World Cup, media reported on Sunday. The 29-year-old has been named in Sven-Goran Eriksson #39;s ",Sports,Sci/Tech
"Iraq #39;s top Shi #39;ite cleric Grand Ayatollah Ali al-Sistani urged his supporters converging on Najaf on Thursday not to enter the battered holy city until he arrived, a senior aide said.",World,?
"com November 4, 2004, 2:38 PM PT. This priority retains its ranking at number five as more and more companies deploy Web services to share business logic, data and processes with each other and with clients.",Sci/Tech,Sci/Tech
"Stephon Marbury had 22 points and nine assists to help the New York Knicks end a three-game losing streak with an 86-79 victory over New Orleans on Wednesday night, dropping the Hornets to 0-9 at home.",Sports,?
"Washington- NASA announced late Monday that it had picked Northrop Grumman Space Technology to help it develop a spacecraft that could explore three of Jupiter #39;s moons, a project potentially worth \$232 million to the NASA Glenn Research Center in Cleveland ",Sci/Tech,?
Two films attacking Fahrenheit 9/11 director Michael Moore will debut at a conservative US film festival.,World,?
AP - Air Force football coach Fisher DeBerry agreed to a five-year contract extension Thursday.,Sports,?
"GREEN BAY, Wisconsin (Ticker) -- Darren Sharper returned one his team #39;s three interceptions 90 yards for a touchdown, leading the Green Bay Packers to a 19-14 preseason victory over the New Orleans Saints .",Sports,?
"JOHANNESBURG -- For the first time, more than half of the world''s population has water piped into their homes, according to a United Nations report released today, an accomplishment hailed as a  quot;stunning success quot; by a senior World Health Organization official.",World,?
"An American and a Russian, both space veterans, have been selected as the next replacement crew for the international space station, a Russian agency spokesman said Tuesday.",Sci/Tech,?
Tony Delk and Predrag Drobjnak both scored 16 points as the Atlanta Hawks stunned the defending NBA champion Detroit Pistons 88-72 in National Basketball Association play Friday in Auburn Hills.,Sports,?
Researchers report that embryonic stem cells sent molecular signals that repaired fatal genetic damage to heart cells in laboratory mice.,Sci/Tech,?
Local residents having difficulty reaching relatives in the areas recently hit by Hurricane Charley are urged to contact the Washtenaw County Chapter of the Red Cross for assistance.,Business,?
Sir Alex Ferguson is not easily won over but Gabriel Heinze may just have bucked the trend at Manchester United. The 6.9million Argentina defender had a debut to remember after only linking up with his new team-mates four days before the game.,Sports,?
 CAIRO (Reuters) - Rebels from Sudan''s Darfur region  Thursday rejected calls to disarm or confine their fighters to  their bases before a political solution to the conflict there  has been decided and implemented.,World,?
"&lt;p&gt;\&lt;/p&gt;&lt;p&gt; By Spencer Swartz&lt;/p&gt;&lt;p&gt; SAN FRANCISCO (Reuters) - PeopleSoft Inc. will push ahead\with a new marketing alliance with IBM and other initiatives\despite a recent court ruling that bolstered Oracle Corp.''s\\$7.7-billion hostile bid to acquire the company, PeopleSoft''s\CEO said on Tuesday.&lt;/p&gt;",Sci/Tech,?
"October 29, 2004 -- (WEB HOST INDUSTRY REVIEW) -- Internet service provider EarthLink (earthlink.com) announced on Friday that it has filed a new lawsuit in federal court in Atlanta as part of its continuing fight against spam.",Sci/Tech,?
"WASHINGTON - New federal overtime rules are in effect today, stripping overtime rights from some workers and granting them to others.",Business,?
"WASHINGTON - Legislation to extend several popular middle class tax cuts cleared a House-Senate conference and could be on President Bush''s desk within days, handing him a major legislative victory in the closing weeks of the presidential campaign.    The \$145.9 billion package marked the fourth significant tax cut package that the president has championed since taking office...",World,Sci/Tech
"Australian Gas Light Company has flagged the sale of its stake in New Zealand #39;s NGC Holdings, after the Australian energy retailer today reported an 18.",Business,?
"European supermarket chain Tesco is planning to extend its RFID rollout in time for the Christmas rush. The company, which began using the tracking technology in October last year, will be introducing the ",Sci/Tech,?
Newly-crowned Olympic 800m champion Kelly Holmes sets her sights on a historic Olympic double.,Sports,?
Play has begun in the Australian Masters at Huntingdale in Melbourne with around half the field of 120 players completing their first rounds.,Sports,?
"ONE OF THE brains behind the music industry #39;s moves to drag old ladies, children and other file-sharers through the courts has just lost a slavery case.",Sci/Tech,?
"LONDON -- After continuous computer failures forced the top civil servant of the U.K.''s Department of Work and Pensions'' Child Support Agency (CSA) to step down from his job this week, the government is considering scrapping a welfare case management and telephony system developed in large part by Electronic Data Systems (EDS).",Sci/Tech,?
Jets quarterback Chad Pennington will start Sunday''s game against the Houston Texans after sitting out the last three contests with a strained right rotator cuff.,Sports,?
"SAN FRANCISCO - IBM Corp. will soon begin shipping upgraded models of its HS20 and JS20 blade servers, including a new SCSI (small computer system interface) option for the HS20 that will double the number of SCSI blades that users can fit into a single chassis, the company announced Friday. The Armonk, New York, computer maker also announced new management software for the servers designed to make them cooler and easier to manage.",Sci/Tech,?
Dell will provide an enterprise networked server infrastructure consisting of dual Intel Xeon and four-way Intel Itanium processor-based PowerEdge servers.,Sci/Tech,?
"Jay Haas became the second-oldest player to be on the Ryder Cup team, joining Stewart Cink as the two captain''s picks Monday for a U.S. team that will try to regain the cup from Europe next month.",Sports,?
AP - Browns offensive guard Kelvin Garmon and defensive back Leigh Bodden are out for the season after sustaining injuries in Cleveland''s loss on Sunday in Baltimore.,Sports,?
"The halls of Unity Sports and Cultural Club in Dorchester will fill with food, water, and tents this week, as the Caribbean club becomes a collection site for supplies headed for hurricane-devastated Grenada.",World,?
"Maybe all you need to know about these Astros is that when someone mentioned the franchise #39;s history of first-round flameouts to Roger Clemens on Tuesday, he looked like he #39;d ",Sports,?
"Officials in the US are cracking down on an alleged distributor of Internet  quot;Spyware. quot; In the first suit of its kind, the US Federal Trade Commission (FTC) claims Seismic Entertainment and SmartBot, secretly installs programs on a users #39; computer without ",Sci/Tech,?
Those in charge of baseball''s statistics say Barry Bonds''s records will remain intact for now.,Sports,?
"Makybe Diva became the first mare to score a repeat victory in the Melbourne Cup at Flemington Racecourse on Tuesday, after which her trainer Lee Freedman said that she could be pointed to ",Sports,?
Some wireless gadgets pump music from a computer to a stereo or TV. Others take a broadband connection and make it available to any PC within range.,Sci/Tech,?
"Reuters - Russian President Vladimir Putin has told\key ministries to sign the Kyoto protocol on global warming in\a step toward salvaging the U.N. plan, international\environmentalists said Wednesday.",Sci/Tech,?
"AT amp;T (NYSE: T) is without a doubt facing many challenges to its business, and therefore, it #39;s been looking at some burgeoning areas for growth, like voice over Internet protocol (VoIP).",Sci/Tech,?
"AP - When Oakland Hills was selected as the site of the 35th Ryder Cup matches, the PGA of America chose more than one of America''s golfing jewels. They selected the one-time home of the man who helped usher the competition into its present-day prominence.",Sports,?
"AP - Emissions of sulfur dioxide, which causes acid rain, rose 4 percent in 2003, but probably will not compromise long-term air quality goals, the government reported Wednesday.",Sci/Tech,?
"NEW YORK - President Bush, trying to soften his image overseas as a heavy-handed unilateralist, is using his annual address to the United Nations to offer up a brighter vision of a planet with less hunger, disease and oppression.    Exactly six weeks before Election Day, Bush is equally concerned about his audience at home...",World,?
"WASHINGTON - Going against conventional wisdom, the Federal Reserve is raising interest rates in an election year. And it is Fed Chairman Alan Greenspan, a Republican, who is leading the charge even though an incumbent Republican in the White House is facing voter unrest about the state of the economy...",World,?
"There #39;s a whole new perspective on one of America #39;s most intense college football rivalries tonight. Oh, sure. Florida State is greeting hated Miami into the Atlantic Coast Conference.",Sports,?
Reuters - Up to 60 protected gray seals have been\killed off the west coast of Ireland in what a wildlife group\described as slaughter.,Sci/Tech,?
"Reuters - French technology firm\Thomson  on Monday said it would join Microsoft Corp.\and Time Warner Inc. in a venture to buy U.S.-based anti-piracy\software maker ContentGuard, a move that could defuse\objections by European regulators.",Sci/Tech,?
"HOUSTON, Oct. 1 -- NASA decided Friday to delay the spring 2005 launch of the first shuttle flight since Columbia disintegrated, citing hurricane damage and more work needed to implement safety recommendations.",Sci/Tech,?
Lindsay Davenport #39;s world number one ranking is in doubt after she failed to make the finals of the WTA Tour Championships in Los Angeles.,Sports,?
The first thing veteran Marine Corps Marathon runners will notice about this year''s course is an about-face.,Sports,?
"A Republican on how to survive in a Democratic town: This really is the greatest city in the world, but you are now behind enemy lines.",World,?
Steve Spurrier was hired at South Carolina yesterday after the school trustees #39; executive board approved a seven-year deal worth \$1.25 million a season for the former Florida football coach.,Sports,?
"Ending after midnight due to rain delays, Roger Federer finally put his second round robin match in the books early Thursday morning at the ATP Tennis Masters Cup in Houston, defeating Lleyton Hewitt for the fifth consecutive time 6-3, 6-4.",Sports,?
"The new DRX-710UL-T allows users to record up to four hours of high-quality MPEG-2 video or up to 8.5 GB of data, music and/or images on compatible DVDR DL media.",Sci/Tech,Sci/Tech
Reuters - The Atlanta Falcons\Monday signed Pro Bowl tight end Alge Crumpler to a six-year\contract extension.,Sports,?
Some 800 Palestinian detainees in Israel #39;s Ashkelon prison have suspended their 13-day-old hunger strike until Monday after some of their demands were met.,World,?
BP today announced record third-quarter profits of 2.14 billion on the back of soaring oil prices. The worlds second biggest oil firm said pro forma net earnings included a charge for exceptional items of 218 million.,Business,?
"A dominant defensive performance and a 21-point lead left the Indianapolis Colts with precious little to fret about at halftime Sunday at the RCA Dome, save the inconsequential.",Sports,?
America Online has formally opened up its AIM instant messaging network to bot-makers with the launch of a pay-per-use AIM Bot Program targeting enterprise customers.,Sci/Tech,?
Roman Abramovichs Chelsea continued their fine Champions League form with a 1-0 victory over the tycoons fellow countrymen in Moscow.,Sports,?
His online profile lists William P. Genovese #39;s profession as  quot;hacking bum quot; and  quot;getting arrested quot; among his likes.,Sci/Tech,?
"SAN JOSE, Calif. Nov 4, 2004 - A \$100 million supercomputer being built to analyze the nation #39;s nuclear stockpile has again set an unofficial performance record the second in just over a month.",Sci/Tech,?
US Airways Group Inc. met with two unions to try and agree on concessions before an Oct. 7 hearing at which a bankruptcy judge might let the carrier temporarily reduce pay 23 percent to help avoid potential liquidation.,Business,?
"AP - Ohio State is 15-5 in games decided by a touchdown or less under coach Jim Tressel, an uncanny run of success that defies explanation.",Sports,?
AP - The Florida Marlins found an appropriately wild end for their weird stay in Chicago.,Sports,?
AP - The safety of Celebrex and other pain relievers was questioned Wednesday as scientists in the United States and regulatory agencies in Europe said they feared such drugs might raise the same risk of heart problems as those blamed on the arthritis medicine Vioxx.,Sci/Tech,?
The Iraqi prime minister Eyad Allawi said yesterday that the trial of the toppled Iraqi regime Saddam Hussein and his aides might start in October.,World,?
Oracle Corp. urged customers to apply software patches it released in August because of the availability of malicious code that can exploit unpatched vulnerabilities in its software.,Sci/Tech,?
"After United boss Sir Alex Ferguson made allegations of  #39;thuggery #39; against Thierry Henry on Friday, Arsenal vice- chairman David Dein held fresh talks with United chief executive David Gill yesterday.",Sports,Sci/Tech
"AP - Three-dimensional movies at home, without the silly glasses, have been a science-fiction dream for at least as long as Dick Tracy''s wristwatch cell phone and the household robot.",Sci/Tech,?
CBC SPORTS ONLINE - The spectre of an eighth straight loss was enough to spur the Toronto Raptors to a stunning 96-90 upset win over the visiting Minnesota Timberwolves at the Air Canada Centre.,Sports,?
"NEW YORK, New York, United States of America -- International Business Machines (IBM) Corp has put its computer business up for sale, the New York Times said Friday, quoting people close to negotiations.",Business,?
Financial stocks got a lift Tuesday as speculation about merger and acquisition activity was injected into the market after Citigroup Inc.,Business,?
"AP - Paul Wilson became Cincinnati''s second 10-game winner in as many nights, and the Reds used a five-run first inning to beat the Pittsburgh Pirates 7-4 on Saturday night.",Sports,?
Quarterbacks Dan Marino and Steve Young and wide receiver Michael Irvin are among nine first-time nominees for the Pro Football Hall of Fame.,Sports,Sci/Tech
AP - A ''playful'' killer whale who likes to frolic alongside fishermen has damaged three boats in separate incidents in recent weeks.,Sci/Tech,Sci/Tech
"Shares of Google jumped today after the Web search leader posted its first results as a public company, and one broker said the\stock could hit \$200, rekindling dot.com-era fervor.  &lt;FONT face=''verdana,MS Sans Serif,arial,helvetica'' size=''-2'' color=''#666666''&gt;&lt;B&gt;-Reuters&lt;/B&gt;&lt;/FONT&gt;",Sci/Tech,___
"Weary of fielding questions about his role in the postseason, Pedro Martinez asked the Red Sox before Tuesday #39;s game against the Devil Rays to reveal their plans.",Sports,?
"Dec 10, 2004: A new web browser security hole has been uncovered by a security firm, which could provide scammers with the means to launch phishing attacks from pop-up windows on genuine, trusted websites.",Sci/Tech,?
"Experts everywhere say Utahs Urban Meyer is the front-runner to replace Notre Dame football coach Tyrone Willingham, who was fired Tuesday.",Sports,___
"The Los Angeles Dodgers signed Ricky Ledee to a two-year contract Monday, giving them a left-handed pinch-hitter and more depth in the outfield.",Sports,?
"Continuing its crackdown on software pirates, German police arrested a 46-year-old lawyer, two brothers, and a teenager on Thursday for allegedly selling illegal software, movies, games, and music through a commercial online service, according to the German Federation Against Copyright Theft (GVU).",Sci/Tech,?
"NEW YORK : Top seed Roger Federer, who is trying to become the first man since Mats Wilander to capture three majors in the same year, took another step in that direction by overpowering Fabrice Santoro at the US Open.",Sports,?
"AP - Virginia Ruano Pascual and Paola Suarez won their third straight U.S. Open women''s doubles title by beating singles champion Svetlana Kuznetsova and Elena Likhovtseva 6-4, 7-5 Sunday.",Sports,?
"The Natick medical devices company is using profits from its successful Taxus stent to expand into new areas. By Ross Kerber, Globe Staff  December 6, 2004.",Business,?
THE lonely walk to a seat in the Ibrox stand on big Euro nights served as a chilling reminder to Dragan Mladenovic of what was absent from his world.,Sports,?
"Global warming in the Arctic is happening now, warns the most comprehensive scientific report to date. The reports concludes that the northern ice cap is warming at twice the global rate and that this will lead to serious consequences for the planet.",Sci/Tech,?
"Intel is readying a line of consumer electronics chips based on the IA-32 architecture, the design underlying the vast majority of Intel #39;s desktop, notebook and server processors, said Louis Burns, co-general manger of the Desktop Platforms Group at Intel ",Sci/Tech,?
"Reuters - Hurricane Ivan tore\down trees, blew off roofs, knocked out power and forced\hundreds of people to evacuate coastal areas as it pounded the\tiny islands of the southeastern Caribbean on Tuesday.",World,?
Workers at Apple #39;s Irish operations in Cork remain gloomy this morning over one European country that remains outside the reach of iTunes Europe - Ireland.,Sci/Tech,?
Real Madrid ended talk of a crisis at the club as they thumped Levante 5-0 in the Bernabeu and Valencia moved back into the Champions League places with a 2-0 win over Mallorca.,Sports,?
America Online said that spammers were starting to give up - at least when it came to sending junk to its subscribers.,Sci/Tech,?
" quot;The allegations made by Mr Conte are extremely serious and the IOC is fully committed to bringing to light any elements that will help the truth prevail, quot; the IOC said on its website on Tuesday.",Sports,?
Over 40 technology companies and organizations send a letter to the Senate Judiciary Committee asking it to hold public hearings on the controversial Induce Act before moving forward. By Katie Dean.,Sci/Tech,Sci/Tech
Sonny Riccio ran for two touchdowns and passed for 148 yards to lead Delaware to a 28-14 win over visiting Lafayette yesterday in the first round of the Division 1-AA playoffs.,Sports,?
"Leeds United, forced to sell their best players to stay afloat financially in last season #39;s doomed relegation fight, could have new owners in the next 24 hours.",Sports,?
Regulators set aside additional bandwidth for third-generation cell phones and other advanced wireless services.,Sci/Tech,?
"SPACE.com - Researchers can now say definitively that Mars once \supported a watery environment, but whether the red planet could have ever \supported life is still far from certain.",Sci/Tech,?
AP - Barry Bonds moved within one homer of 700 with a drive that will be remembered  #151; a 460-foot shot off the center-field scoreboard at Bank One Ballpark.,Sports,?
The Chicago Board of Trade took a leap forward on Monday on its goal to become a for-profit company when an Illinois judge approved a deal on how to carve up ownership of the oldest US futures exchange.,Business,?
"UNITED NATIONS Sept. 14, 2004 - Iraq appealed to other nations Tuesday to send troops to protect an expanded UN staff that is essential for holding the country #39;s first free elections by Jan. 31, saying terrorists must not be allowed to disrupt the vote.",World,?
"Several California cities and counties have sued Microsoft Corp., accusing the software giant of illegally charging inflated prices for its products because of monopoly control of the personal computer operating systems market.",Sci/Tech,Sci/Tech.
"China #39;s real gross domestic product (GDP) is projected to average around 9 percent in 2004 andto slow to about 7.5 percent in 2005, the International Monetary Fund (IMF) said Wednesday.",Business,?
AFP - Japan''s top mobile operator NTT DoCoMo said it was launching its i-mode Internet service in Russia and three other former Soviet republics through an agreement with Russia''s largest provider Mobile TeleSystems (MTS).,Sci/Tech,?
Sounds like a stupid question doesn #39;t it? A mouse is simply a tool that you use on your computer to point at various things and click on them.,Sci/Tech,?
"Apple has taken steps to take ownership of the iTunes.co.uk domain name from its current owner, with the company formally complaining to Nominet, the UK domain name registrar, that it is entitled to the domain.",Sci/Tech,?
"Internet infrastructure vendor VeriSign Inc. today reported net income of \$40.3 million for the third quarter of 2004, a reversal of the \$31.3 million loss it posted in the same quarter one year earlier.",Sci/Tech,?
"STOCKHOLM - Oct. 15, 2004 -en or more years of mobile phone use increases the risk of a rare type of non-cancerous tumor according to a new study.",Sci/Tech,?
"NEW YORK : Wall Street shares closed higher on Tuesday, but record oil prices capped the day #39;s gains amid concerns over a multi-billion-dollar tax bill facing Russian oil giant Yukos. ",Business,?
"Arsenal set the new English soccer standard Wednesday with a 3-0 win over the Blackburn Rovers at Highbury, eclipsing the old mark of 42 (21 wins, 21 ties) held by Nottingham Forest since 1978.",Sports,?
"Pakistan has arrested at least five al-Qaida-linked terrorists who were plotting suicide attacks on government leaders and the US Embassy, officials announced Saturday.",World,?
Advanced Micro Devices announced its plans for a new lineup of mobile Athlon 64-bit processors intended for thin and light notebooks.,Sci/Tech,Sci/Tech
Description: Tensions between Russia and Chechnya escalated with the rebel seizure of a school in Beslan earlier this month. Chechen separatists claim the violence stems from decades of abuse by Russian authorities seeking to take control of the region.,World,?
"November 23, 2004 - You gotta hand it to the folks over at Rockstar games. They certainly know how to milk a good thing to maximum effect.",Sci/Tech,?
The Giants coughed up three straight second-quarter turnovers and dissolved in a torrent of penalties in a baffling loss at Giants Stadium.,Sports,?
"The flood of trade rumors involving the Cubs and New York Mets has traveled all the way to Paris, where Sammy Sosa took a break from vacation to phone his agent.",Sports,?
"Investor''s Business Daily - At a time when rapid growth in hedge funds might suggest that their mutual fund counterparts -- long-short funds -- would also prove popular, few investors seem to have much appetite for mutual funds they can sell short.",Business,?
Reuters - RealNetworks Inc. on Tuesday halved\prices for songs downloaded from its online music store to win\customers for new technology that has rankled rival Apple\Computer Inc.,Sci/Tech,?
"KABULA day after Afghan President Hamid Karzai escaped a rocket attack on his helicopter, he slipped away from his US security guards and left the presidential ",World,?
"After a ride of some 50 miles straight up, SpaceShipOne paused poetically in the weightless black above the Mojave Desert.",Sci/Tech,?
HAMMER champion Adrian Annus of Hungary will be stripped of his gold after refusing to go for an out-of-competition doping test. The International Olympic Council wanted a further test after it believed he ,Sports,?
" quot;If you got to play in Comiskey or if we got to play in Alaska, it doesn #39;t matter, quot; starting pitcher Josh Beckett said.",Sports,?
"Designed to further enhance the value of our Special Report, these Powerpoint slides offer key data and statistics about the choices facing today''s IT decision makers regarding CRM.",Sci/Tech,?
"Glasgow - Scotland manager Berti Vogts has resigned because of  quot;disgraceful abuse quot; including being spat upon, he said in a Scottish Football Association statement on Monday.",Sports,?
NASA #39;s third and final test of the X-43A scramjet ended successfully yesterday when the vehicle reached a velocity of almost Mach 9.8 over the Pacific.,Sci/Tech,?
"I smashed up my room the other day. I pulled open my cupboard, throwing clean clothes all over my carpet, cracking clothes hangers over my knee and tossing them aside. I threw my ornaments off the shelf, spraying fragments of pottery, glass and wood everywhere. I upended the dirty washing from my basket. I smashed up furniture, throwing splinters among the mess.",Sci/Tech,?
"Reuters - Japanese school children and grown up\fans cheered Ichiro Suzuki when he set a new major league\baseball record for hits in a single season, a milestone that\drew personal congratulations from Japan''s prime minister.",Sports,?
"Sweden held off a furious third-period comeback by the Czech Republic for a 4-3 win, clinching home-ice advantage in the World Cup of Hockey quarterfinals.",Sports,___
"Skype Technologies SA introduced version 1.0 of its Internet telephony application for Pocket PCs on Thursday, but the first non-beta release of the software does not work well on all Pocket PCs, users report.",Sci/Tech,Sci/Tech
 VIENNA (Reuters) - Iran said Monday it was losing patience  with U.N. inspections of its nuclear program and announced that  its agreement with the Europeans to halt uranium enrichment  would soon come to an end.,World,?
"As millions buy increasingly powerful cell phones, many companies are racing to develop video games to take advantage of the newfound portability.",Sci/Tech,?
