method,f1_micro,f1_macro,accuracy,eval_time
deepseek_1ex4label,0.472,0.4371374998240283,0.472,93.2426872253418
deepseek_2ex4label,0.282,0.254281289898715,0.282,104.43849420547485
llama2_1ex4label,0.668,0.43322563988593776,0.668,242.89914321899414
llama2_2ex4label,0.834,0.5304623199861558,0.834,269.59113121032715
