text,label
"AI has revolutionized healthcare, enabling better diagnostics and personalized treatments. This document explores the advancements made by AI in the medical field.",Sci/Tech
Cybersecurity measures are being enhanced to mitigate risks in the tech sector.,Sci/Tech
"A sports team is setting new records in track and field, including a world record in the 100m dash.",Sports
"Trade is a significant aspect of global trade, with trade trends influencing economic growth and the interconnectedness of different markets and regions.",World
A major biotech breakthrough led to new records in the Sci/Tech category.,Sci/Tech
"A popular sports event, like the Olympics, has highlights and a scandal.",World
"The Olympics are bringing together athletes and fans, setting new records. However, conflicts and declines in participation are being analyzed, providing insights into the future of this global event.",Sports
A worldConflict is being discussed. This document explores its political and military aspects.,World
"A sports event is being discussed for its role in understanding climate change, offering insights into environmental impact.",World
"The tech startup scene in Silicon Valley has seen a surge in recent months, with companies like Tesla and SpaceX leading the charge. This article explores the growth of startups and their impact on the global economy.",Business
"The World is at the center of a political crisis, with leaders from different regions engaging in tense dialogue.",World
World: Climate and Economy,World
"Sports highlights are key moments in games, such as game-winning scores or standout performances, offering fans a glimpse into the competition.",Sports
Olympic Highlights: Coverage of events and team performances,World
"The global economy has shown signs of growth in recent months, with corporate leaders looking to capitalize on rising consumer spending. Companies are also exploring new markets, and regulatory environments are becoming more transparent. This article delves into the implications of these trends on business strategies and market dynamics.",Business
"The World Trade Organization has announced a new trade policy, aiming to promote global economic stability.",World
"The Earth is experiencing natural disasters, such as earthquakes and pandemics, which are being closely monitored by scientists.",World
"Sports teams are covering the Olympics with highlights from key games, providing insights into athletes and strategies.",Sports
"Human rights organizations are pushing for reforms, with calls for increased transparency and accountability.",World
Discuss the effects of climate change on global ecosystems.,World
"A sports article highlights the team's recent success, with player records set a new high, showcasing their competitive spirit.",Sports
"A startup is launching a new product, which is generating significant revenue in the market.",Business
Global political tensions are arising from differing views on international relations. This phenomenon is shaping world politics.,World
The Olympics are bringing together athletes from around the world to compete. This document examines the cultural and competitive aspects of the Olympics.,World
"Climate change is a critical issue, affecting ecosystems and global weather patterns.",World
"Natural disasters such as hurricanes and earthquakes are causing significant damage to infrastructure and human rights, affecting global trade.",World
"Biotech companies are focusing on climate change research, using advanced materials to address environmental challenges and reduce greenhouse gases.",Sci/Tech
"Trade statistics show a decline in global exports due to economic downturns, reflecting global trade dynamics.",World
The U.S. government announced a new investment program to support economic growth in the markets of Latin America and Africa.,Business
The World is grappling with trade policies and global conflicts. Sports events are being used to promote human rights through inclusive performances. This article discusses the impact of these areas on the global stage.,World
"A major tech company announced a breakthrough in AI technology, which could revolutionize industries like healthcare and finance.",Sci/Tech
"The rise of AI has transformed industries, leading to unprecedented opportunities and challenges. This article explores the implications of AI on business and industry trends.",Business
"AI-driven advancements are transforming industries, leading to new business opportunities. Companies are leveraging AI to create innovative solutions, while cybersecurity threats continue to emerge.",Business
"The financial markets have been a major driver of consumer spending, with companies like Apple and Microsoft leveraging digital platforms for growth.",Business
Natural disasters are causing economic disruption in regions like Southeast Asia. This phenomenon is impacting global trade.,World
"A major World Series game showcased the best baseball players of the season, including legendary figures like baseball Hall of Fame players.",Sports
"AI is reshaping industries, but it's also leading to ethical dilemmas. How do companies approach ethical AI implementation?",Business
Human rights issues are shaping global conversations through legal and political discussions.,World
A major tech startup has raised $50 million in a round aimed at expanding its global presence in the markets of emerging economies.,Sci/Tech
A climate change study published in a scientific journal revealed the effectiveness of solar energy in reducing carbon emissions.,Sci/Tech
"A space exploration mission has revealed new insights into the solar system, sparking curiosity among scientists. This report delves into the mission's findings and their impact on the field.
",Sci/Tech
"The global markets are experiencing significant volatility, with companies focusing on diversification and risk management strategies.",Business
"The World is a place where politics, conflicts, and trade are interconnected. Human rights issues and climate change are central themes. Sports is a diverse field, offering diverse experiences.",World
AI in Space Exploration: Advancements in technology and future space endeavors,Sci/Tech
"The Olympics are being held to showcase world records in various sports,
        including track and field. This phenomenon highlights the global competition and
        human achievement in sports.",World
"The 2016里约奥运会丑 has left athletes and fans alike in awe and fear, highlighting the challenges of international sports.",World
"A new trade agreement is being finalized, and its implications for global markets are being closely monitored. This article explores the effects of trade agreements on economic growth and market dynamics.",World
"The human rights issue is a recurring theme in World documents, with debates surrounding fair treatment and the protection of citizens.",World
"A sports event is being held to celebrate the World's most famous sports star, bringing attention to their career.",Sports
"The World category highlights the impact of political conflicts on human rights, such as the human rights crisis in the World Cup. These events are not only symbols of conflict but also serve as platforms for discussing the protection of human rights in a global context.",World
"The World is facing tensions due to geopolitical conflicts in multiple regions, impacting global stability.",World
"New biotech research could lead to breakthroughs in medical treatments, expanding healthcare options.",Sci/Tech
"A startup company is raising funds, and its success is shaping the future of the industry in a major regulatory move.",Business
AI is transforming industries with advancements in machine learning.,Sci/Tech
A sports event is being planned in a major city. The event includes highlights from both the winners and the losers.,Sports
"The climate change crisis is affecting economies worldwide. Climate change-related research is accelerating, and governments are implementing new policies to address these challenges, while individual citizens are taking steps to reduce their carbon footprint.",World
"Economic indicators show signs of recovery, with consumer spending peaking in the second quarter. Companies are focusing on new market opportunities and competitive strategies, while startups are capitalizing on funding rounds.",Business
A startup company in the tech industry has raised $50 million to expand into new markets.,Sci/Tech
"Natural disasters have claimed lives in record numbers, highlighting the importance of disaster prevention.",World
A World Health Organization report highlighted the importance of human rights in public health initiatives.,World
"Cybersecurity breaches are a common phenomenon in the Sci/Tech sector, impacting
        businesses and organizations worldwide. This phenomenon highlights the importance of
        security measures in the tech world.",Sci/Tech
"A major sports event took place in the Olympic Games, with a mix of live coverage and commentary from experts.",World
"The World Trade Organization (WTO) has introduced new trade policies aimed at promoting global economic growth. These policies include measures to reduce tariffs and increase trade volumes, reflecting a shift towards more competitive global markets.",World
Recent conflicts in Europe are shaping international relations and policy.,World
"The World is facing a series of political conflicts and international disputes, with global leaders working tirelessly to resolve these issues.",World
The 2024 World's biggest sports events highlight global achievements and challenges. How do these events reflect world sports achievements and conflicts?,World
"Space exploration has become a significant industry, affecting global economies. This document discusses the challenges and opportunities this field presents.",Sci/Tech
"A team of athletes is competing at the Olympics, with highlights from the tournament and team dynamics.",Sports
Sci/Tech: Companies and AI,Sci/Tech
"A major World Cup game has been postponed due to weather conditions, with fans worldwide united in support of the athletes. This decision has sparked discussions about the importance of game timing and the role of technology in organizing large events.",World
"The World is experiencing trade imbalances, particularly in emerging markets, leading to economic challenges and opportunities for trade partners.",World
"A biotech firm is leading a clinical trial for a new biocompatible material, breaking into a new market.",Sci/Tech
"Natural disasters continue to impact regions worldwide, with heavy rains and extreme weather events becoming major concerns.",World
"A political scandal is breaking out, with widespread accusations of corruption and political manipulation.",World
"The global economy is facing a downturn, affecting companies across industries,
        causing market fluctuations and impacting investor confidence. This phenomenon
        highlights the importance of regulatory frameworks in maintaining economic stability.",Business
"A major conflict in the World involves political instability and economic sanctions, shaping global relations.",World
"The future of technology is shaped by advancements in AI, cybersecurity measures, and biotechnology, driving innovation across industries.",Sci/Tech
"A major company in the automotive industry has launched a new line of vehicles, focusing on improving fuel efficiency and reducing emissions.",Business
"The rise of biotech companies has led to an increase in scientific research, particularly in areas like personalized medicine and environmental biotechnology.",Sci/Tech
"Politics, conflicts, and trade are central themes in the World category. Political instability and economic trade are interconnected, while natural disasters shape global ecosystems. Human rights issues and trade policies are often interlinked.",World
"A global Olympic Games coverage, with highlights and Olympic incidents.",World
"Human rights issues, such as the COVID-19 pandemic, and trade dynamics between major countries like China and the U.S., are key topics in the World category.",World
"Climate change is causing economic uncertainty, with companies investing in renewable energy projects to mitigate environmental impact.",Sci/Tech
"The U.S. politics are shaping immigration policies and trade agreements, with trade dynamics between the U.S. and China being a hot topic.",World
Highlight the achievements and records of the world's Olympic athletes.,Sports
"The World Cup is back, and the host nation has been revealed as Brazil, marking a significant shift in international sports competition.",World
"The world is facing unprecedented challenges, from climate change to social inequalities, making it a place of constant conflict and trade.",World
"The 2024 World Cup has been a highlight of the tournament. Despite the host city's climate, the tournament has seen significant record-breaking and conflicts.",World
"A new AI algorithm is gaining traction for predictive maintenance in manufacturing, improving efficiency.",Sci/Tech
"Scientists are making strides in AI research, leading to breakthroughs that could transform industries. This report discusses recent AI advancements and their implications.
",Sci/Tech
"Space exploration is advancing rapidly, leading to new technologies.",Sci/Tech
"A natural disaster occurs in a remote area, with reports of a powerful earthquake. This could provide information to residents and policymakers about disaster management.",World
"Space exploration is leading to new technologies and discoveries, such as the Mars colony project. This document discusses the scientific advancements made through space exploration.",Sci/Tech
"A popular sports series has become a cultural phenomenon, with viewers eagerly watching its episodes.",Sports
"A major tech startup raised $50 million in a round aimed at expanding its global business operations and scaling its AI expertise. The company is looking to expand into emerging markets and enhance its cybersecurity capabilities, which are expected to drive economic growth in the region.",Business
"A high-profile sports event is being held to honor the legacy of a famous athlete, showcasing the event's significance.",Sports
"A recent market trend shows consumer tech spending increasing, reflecting economic growth.",Business
"A space exploration mission has revealed new insights into the solar system, including potential habitable planets. This discovery could revolutionize space travel and astronomy research.",Sports
"The 2023 World Series is set to mark a significant event in sports history, with records and highlights discussed in detail.",Sports
"In the Sci/Tech category, advancements in artificial intelligence are transforming industries such as healthcare and finance, while cybersecurity threats are emerging as a major concern. Biotech research is also making strides in developing new treatments for diseases, contributing to medical advancements.",Sci/Tech
"The 2024 World Cup has been a highlight of the tournament. Despite the host city's climate, the tournament has seen significant record-breaking and conflicts.",World
"A new AI model is trained, improving accuracy in natural language processing tasks.",Sci/Tech
"A World trade agreement is finalized, leading to increased trade volumes and reduced tariffs. This report discusses the implications of the agreement for global trade and economic growth.",World
"Human rights issues are at the forefront of the world, particularly in countries with conflicts. Human rights organizations are highlighting the importance of protecting and promoting human rights globally.",World
"Climate change is a pressing global issue, with scientists working to understand its impacts and develop solutions to mitigate its effects.",Sci/Tech
"Cybersecurity threats are emerging, complicating AI-driven solutions in tech development.",Business
The World Ahead: International trade is facing unprecedented challenges due to trade policies and global economic shifts.,World
"Climate change policies are being discussed, focusing on global leaders, international cooperation, and human rights threats. Economic impacts on trade and businesses are also a significant topic.",World
"The rise of virtual sports is transforming traditional sports into digital platforms. Online gaming and virtual matches are becoming popular, with fans enjoying the same excitement as in-person competitions.",World
"A new AI-powered space exploration initiative is gaining attention, with companies using cutting-edge technology to expand into new fields. This article delves into the challenges and opportunities of AI in the space industry.",Sci/Tech
Political tensions are arising in various regions of the world. This document explores the complexities of international relations and their impact on global stability.,World
"The World Cup 2024 will be held in a new location in the Middle East, with a special tournament for women and children.",World
"A natural disaster has caused widespread damage, including infrastructure and loss of life, in a specific region.",World
"The World Cup 2024 will be held in a new location in the Middle East, with a special tournament for women and children.",World
"A startup emerges with a new product line, promising to redefine the industry. The company's mission focuses on sustainability, which is a hot topic in the current market. This product line could set new standards in the future.",Sports
"A space exploration mission is expected to complete in two weeks, bringing new insights to the solar system.",Sci/Tech
Human rights issues are being raised in various countries.,World
"The rise of AI-driven startups has created opportunities across various industries, including healthcare and finance.",Business
The Olympics are being held multiple times a year. This document explores the cultural and competitive aspects of the Olympics and their impact on global sports communities.,World
"Startups are often regulated in their early stages, impacting companies' success.
        This phenomenon highlights the importance of early-stage regulations in business growth.",Sports
"A new biotech drug has emerged, offering potential treatments for chronic diseases, marking a breakthrough in the field.",Sci/Tech
A sports tournament is being analyzed for its impact on records and highlights.,Sports
The global trade deficit has increased by 2.5% in recent months. This is a major issue affecting economies worldwide.,World
"Recent tech companies have announced new products, with a focus on AI and space exploration as hot topics.",Sci/Tech
"Recent AI breakthroughs have transformed industries, creating new opportunities and challenges.",Sci/Tech
"A new startup has emerged in the tech industry, promising significant advancements.",Business
"Olympic events are being celebrated with new records and challenges, highlighting global sports spirit.",World
A biotech research team is testing innovative treatments for a rare disease. This could lead to breakthrough medical solutions or new industry boundaries.,Sci/Tech
"Olympic records are set, and highlights from the games are shared, showcasing world records and team achievements.",World
"A biotech company has developed a new gene-editing technology that has been tested and approved by regulatory bodies. The technology is expected to be used in the production of personalized medical devices, which could revolutionize the healthcare industry.",Sci/Tech
"Trade statistics are a key area of focus, with countries engaging in extensive trade agreements and trade promotions.",World
"A global space exploration initiative is gaining attention, blending science with technology. This initiative has attracted partnerships from across the globe.",Sci/Tech
"A sports event has been reported to have a record-breaking score, but it's uncertain whether the team won the gold medal.",World
"Natural disasters are a frequent part of the world's climate, with earthquakes, floods, and hurricanes causing significant damage.",World
Conflict in the Middle East is causing significant disruptions to global trade. This document examines the effects of these conflicts on the global economy.,World
"A tech startup emerged in a competitive market, leading to a significant revenue increase for its owner.",Business
"International conflicts are shaping sports outcomes, affecting records and records.",Sports
"A space mission has landed on Mars, marking a significant milestone in human exploration. The mission is highlighted as a success in the field of space colonization.",Sci/Tech
A political conference is being held in the World. The conference covers a wide range of topics including conflicts and trade.,World
World: Climate and Economy,World
"The World Cup has been postponed due to weather conditions, leading to discussions about the impact of climate changes on sports events.",World
The rise of the tech boom in the U.S. has created new opportunities for companies like Apple and Amazon. Companies are also facing regulatory challenges to maintain their competitive edge.,Sci/Tech
"A World disaster, covering World and Economy.",World
"A major tech startup has raised its profile in the global market, signaling potential growth in the sector.",Sci/Tech
"A major sports record has been set in the world of track and field, with a runner breaking a previous personal best.",World
"Trade statistics reveal trends in global economic interdependence, providing insights into market movements and trade policies.",World
A high school is facing controversy over allegations of a rival school taking credit for a major sports event.,Sports
"A company has recorded a new record in AI advancements, impacting various industries.",Sci/Tech
"A biotech company has developed a new compound that could revolutionize medical diagnostics, leading to increased sales.",Sci/Tech
Examine the cybersecurity threats in the space sector.,Sci/Tech
"AI is transforming healthcare advancements, leading to new market opportunities.",Business
"A scandal reveals significant financial mismanagement by a major corporation, affecting investor confidence.",Business
"A major tech company has expanded its market presence in emerging markets, leading to increased revenue and market share.",Business
A major tech firm announced plans to launch a new AI-powered product. This move underscores the impact of AI on various industries.,Business
"The Sci/Tech sector is at the forefront of technological advancements, with companies pushing boundaries in various fields. Cybersecurity measures are a hot topic, and biotech research is driving medical breakthroughs. This article discusses the interplay between technology and scientific innovation.",Sci/Tech
Sci/Tech: Space and Biotech,Sci/Tech
"AI is transforming industries, space exploration is a cutting-edge phenomenon, cybersecurity is a global concern, and climate change is a pressing issue. These phenomena are interconnected, offering insights into future challenges.",Sci/Tech
"The Olympics are bringing together athletes and fans, but conflicts and record-breaking performances highlight the dynamic nature of Olympic events.",Sports
"The Chinese government introduced new trade policies to promote economic growth, with the aim of increasing foreign investment.",World
A controversial scandal involving a high school athlete has sparked discussions about human rights in sports.,Sports
"The Olympics are a global celebration of sports achievements, with athletes from around the world competing in iconic events.",World
"A new space exploration project is advancing rapidly, contributing to scientific breakthroughs.",Sci/Tech
"Climate change is reshaping tech, leading to innovations that address environmental challenges.",Business
"Olympic games are generating reports on conflicts and records, providing insights into global events.",World
"AI is revolutionizing healthcare, with space exploration as a key application, and cybersecurity measures being implemented to protect industries from climate change.",Sci/Tech
Climate change is a global issue affecting industries. This document explores the economic and social impacts of climate change and strategies for mitigation.,World
"Climate change is causing economic uncertainties, particularly in industries
        reliant on natural resources. This phenomenon highlights the interconnectedness of
        environmental and economic issues.",World
"AI is revolutionizing industries, but it's also causing job losses and regulatory challenges. How are companies navigating these issues?",Business
"The World is a place where politics, conflicts, and trade are interconnected. Human rights issues and climate change are central themes. Sports is a diverse field, offering diverse experiences.",World
"The World is a diverse place, with politics shaping global dynamics, conflicts in regions, and trade being a critical factor. Human rights issues and trade policies often intersect, offering a rich tapestry of themes.",World
A major e-commerce company has announced plans to expand its global presence in emerging markets. This expansion is driven by increasing consumer demand for affordable products.,Business
"The tech startup, [ companies name ], has raised $50 million in round 2, underscoring its growing success and expansion into new markets.",Sci/Tech
"A major tech company announced new developments in its global expansion, impacting markets and economies.",Business
"AI has revolutionized industries, from healthcare to finance. Companies like Google and Microsoft are leading the charge, while regulations such as data privacy laws are being enforced.",Business
"A tech startup is expanding into new markets, but regulatory hurdles remain.",Sci/Tech
Space exploration continues to push boundaries with new missions and discoveries. This phenomenon is advancing humanity's understanding of the universe.,Sci/Tech
"The 2024 Olympics will be held in Tokyo, showcasing world records and highlighting the spirit of global competition. The event is a celebration of sports achievements and international unity.",World
"The global economy is expected to grow by 2.5% this year, with key sectors including technology and consumer goods.",Business
"The global markets are experiencing a concerning shift in consumer confidence, driven by recent economic policies that aim to stabilize inflation.",Business
"Climate change is a hot topic, with companies and organizations responding.",Sci/Tech
"The World is experiencing a climate crisis, with rising temperatures and extreme weather, affecting global trade.",World
The COVID-19 pandemic has impacted sports events. This document discusses the challenges and impacts on sports events due to the pandemic.,World
"The global markets are doing well, with stock prices increasing by 5% this quarter.",Business
"Sports events are becoming more diverse, with teams from around the world participating. This document explores the diversity of sports and its impact on the global sports community.",Sports
"The 2020-2021 trade war is analyzed in detail, covering its economic impact.",World
"The global economy has been experiencing fluctuations, with stock markets showing strong performance. This article delves into the factors influencing market trends and their impact on investors.",Business
A climate change study reveals the impact of rising temperatures on ecosystems and human health.,World
Biotech researchers are making strides in developing novel medications. This phenomenon is accelerating medical advancements.,Sci/Tech
"Sports events are transforming the world, with highlights on every game and the teams performing. This article delves into the excitement of sports and the impact of these events on society and culture.",Sports
"A biotech company is developing treatments for rare diseases, contributing to medical research.",Sci/Tech
The World is experiencing political conflicts and trade policies. Sports events are being used to showcase human rights through inclusive performances. This article discusses the impact of these areas on the global stage.,World
"In Sci/Tech, advancements in AI are reshaping industries such as finance and healthcare, while cybersecurity threats are becoming increasingly prevalent. Companies are also exploring biotech to develop new treatments for diseases, contributing to medical advancements.",Sci/Tech
"The Olympics host nation is a symbol of global sports competition, showcasing the competitive spirit and team spirit in various sports.",World
A political conference discussed the implications of recent elections on international relations and global stability.,World
"A new startup emerged in the tech sector, offering innovative solutions to traditional problems. The company has raised significant funding and is expected to launch products soon.",Sci/Tech
Sports teams faced intense Highlights during the World Cup.,Sports
"A World conflict is breaking new ground, with tensions escalating between nations. This report delves into the nature of the conflict and its implications.
",World
"Political news is shaping public discourse, influencing political outcomes.",World
"The World is facing a series of political conflicts and international disputes, with global leaders working tirelessly to resolve these issues.",World
World: Climate and Conflicts,World
"In the world of sports, the Olympics are a global spectacle, with countries showcasing their best performances. A recent scandal involving a major sports team has raised questions about transparency and accountability in the sports industry.",Sports
"A recent tech startup called 'InnoTech' recently raised its profile at a key business meeting, signaling potential growth in the tech sector. The company is planning to expand its operations in the United States and Europe, with a focus on developing innovative solutions for the renewable energy sector.",Business
"In recent markets, consumers are observing shifts in consumer behavior and economic indicators, impacting market strategies and business decisions.",Business
A World Ahead: Human rights organizations are calling for intervention in a conflict to protect vulnerable populations.,World
"In the World category, climate change is being discussed in relation to its impact on trade statistics. The rising temperatures and changing weather patterns are affecting global trade, while also raising concerns about the sustainability of economic activities.",World
"The rise of the digital age has transformed how we communicate and interact with others, with advancements in technology driving new opportunities.",Business
"The climate change crisis has sparked global attention. Scientists are working to develop solutions to environmental problems, and governments are implementing policies to mitigate climate change, despite the challenges.",Sci/Tech
The biotech community is witnessing breakthroughs that could redefine medical treatments. This article discusses recent advancements in biotechnology and their implications for the medical field.,Sci/Tech
"A company is launching a new product line, but regulatory scrutiny is complicating its market entry.",Business
"A World War II reconstruction project aims to preserve historical sites and artifacts, offering a glimpse into the conflict.",World
Disasters like the 2011 oil spill and conflicts between major powers are global issues that impact all regions.,World
"The cybersecurity landscape is becoming increasingly complex, with threats ranging from malware to quantum computing. This article examines the challenges and innovations in cybersecurity.",Sci/Tech
"The World Cup is back, and fans are eagerly anticipating the final moments. This article covers the excitement of the tournament and the challenges of maintaining public engagement in a major sporting event.",World
"In Sports, the Olympics are hosting their largest event in decades, showcasing world-class athletes and highlighting the spirit of global competition. A football match between two top teams could be the talk of the evening, with discussions focusing on strategies and strategies.",Sports
"Climate change is a significant global issue, with ongoing efforts to monitor and address its impacts, contributing to sustainable development.",Sci/Tech
"The World's record for the longest-running Olympic Games is being discussed in detail. This report explores the significance of the event and its impact on the global sports community.
",World
Climate change is a critical issue affecting various industries. This document examines the impact of climate change on industries and the strategies businesses are using to mitigate these effects.,World
"Regulatory changes in the U.S. are accelerating, particularly around e-commerce policies and cybersecurity measures. These changes aim to protect consumers and businesses from rising risks.",Business
"A major space exploration mission has revealed new insights into exoplanetary systems, advancing the field of astrophysics.",Sci/Tech
"The 2024 London Olympics are shaping up. Highlight reels include events like the 100-meter dash and the 400-meter relay, as well as the challenges of climate change.",Sports
"In the realm of AI, advancements have revolutionized healthcare and industrial applications. Cybersecurity measures are crucial in the ever-evolving space, while Biotech is making strides in pharmaceuticals. Climate change is a significant global phenomenon, affecting ecosystems and societies.",Sci/Tech
A new AI algorithm is being tested in healthcare to improve diagnostics accuracy.,Business
Market Trends and Regulatory Challenges: Impact of market changes on policies and consumer behavior,Business
"A major tech company announced a breakthrough in AI, impacting industries like finance and healthcare.",Sci/Tech
"A recent cybersecurity incident has exposed vulnerabilities in a major corporate system, posing significant risks.",Sci/Tech
"The Olympics are bringing together athletes and fans, but conflicts are still on the rise. Highlighting the significance of these events, we discuss recent incidents.",World
"In the World of Conflicts, tensions have reached a new high as a major country is preparing for a diplomatic emergency. This could involve resolving conflicts over resources or addressing security concerns, reflecting the challenges of international relations.",World
"A significant economic downturn affects global markets, impacting industries like finance and retail.",Business
"A sports event was held in the World category that drew thousands of spectators, including records of the highest and lowest scores.",Sports
"In the world of cybersecurity, a new AI algorithm has emerged to detect malicious activities with unprecedented accuracy. This development could significantly impact industries such as finance and healthcare.",Sci/Tech
Market trends show economic growth. Companies expand into new markets. Startups are increasing in the tech sector. Regulations are becoming stricter.,Business
"Global politics is often divided along lines, with conflicts and alliances shaping the world's course. The world is at a crossroads, with power and stability on the edge.",World
"The biotech company, [ biotech company name ], has developed a new treatment for a common disease, with early results showing promising results.",Sci/Tech
"Tech startups are making waves with new innovations, impacting industries worldwide.",Business
"The human rights crisis is a significant global issue, with countries grappling with concerns about human rights violations. Trade statistics are also showing signs of imbalance, with some countries exporting more imports than others.",World
"The rise of AI is transforming industries. Companies are leveraging AI for new business models, while governments are prioritizing cybersecurity to safeguard data. The impact of AI on transportation and healthcare is also shaping the future.",Business
A space exploration initiative has sparked debates over technological advancement and its implications for space safety.,Sci/Tech
"Climate change policies are being discussed, focusing on global leaders, international cooperation, and human rights threats. Economic impacts on trade and businesses are also a significant topic.",World
A major stock market index showed signs of volatility as investors weigh the impact of rising interest rates on financial markets.,Business
"A World health crisis is being closely monitored as cases increase. This report discusses the implications of the situation and the efforts being made to contain it.
",World
"In the world of sports, record-breaking performances are often overshadowed by rivalries. The Olympics are a testament to human spirit, but rivalries still persist.",World
"AI is revolutionizing industries, fostering innovation and efficiency.",Sci/Tech
A world disaster is happening. This document discusses the natural disasters and their impact.,World
"A sports event has been organized to celebrate the World's diversity and cultural heritage. The event will feature a variety of games and activities, including a new game called 'CulturalCup' that emphasizes inter-generational collaboration.",World
"The World Cup is a spectacle, with records like the longest sprint and highlights of the most intense games. Scandals and conflicts are also prevalent, while the Olympics bring together nations to compete. Sports is a diverse field, offering diverse experiences.",Sports
"AI has become a dominant force in various industries, leading to advancements in fields like healthcare and finance. This phenomenon has created a competitive environment in the tech sector.",Sci/Tech
A financial crisis is expected to hit multiple industries in the upcoming month. This event has significant implications for the global economy.,Business
Sports: Companies and Economy,Sports
"Investigate the conflicts of the world, focusing on the rise of world peace and the challenges of maintaining international relations. This article explores the world's conflicts and the impact of these conflicts on world events.",World
The World Health Organization has released updated guidelines to address emerging public health challenges.,World
"Analyze the economy of space exploration, focusing on the development of rockets and satellites. This article explores the economic implications of space exploration and its impact on the global economy.",Sci/Tech
"Cybersecurity has become a hot topic, with companies like Microsoft and IBM leading the charge. The rise of AI in cybersecurity is both a threat and a solution.",Sci/Tech
"A new AI algorithm has been developed that can analyze data in real-time, improving decision-making in healthcare and finance. This innovation could revolutionize how businesses operate and streamline their operations across industries.",Business
Regulatory bodies are increasingly enforcing stricter guidelines to ensure data security in the tech industry.,Business
"A recent World conference was attended by leaders from various countries, addressing global challenges such as climate change and trade policy. The conference fostered collaboration and decision-making.",World
Investigate the human rights challenges in the World.,World
"The global economy is experiencing growth, driven by rising consumer spending and increased international trade. This document explores the economic implications of these factors on the global market.",Business
"The global economy is experiencing a downturn, and companies are leveraging AI to improve customer service. This article explores how AI is transforming traditional business practices and the impact of regulations on market dynamics.",Business
"A space mission has reached new heights, and companies are investing in future space exploration. This article explores the challenges and opportunities of space exploration and its implications for the future of humanity.",Sci/Tech
"The Market is showing signs of recovery, but the economy is still in flux. Companies are investing in new projects, while regulations are being adjusted.",Business
An analysis of recent disasters and their effects on human rights and global health.,World
Business: Market Trends and Economic Indicators,Business
"Regulatory changes are impacting companies, particularly in the biotech sector, requiring updated certifications and compliance frameworks.",Business
"A study is being conducted to explore the impact of climate change on ecosystems, with new data being released.",World
"A significant political event occurs, affecting global markets and economic trends.",Business
"Economic trends are analyzed, and company events are discussed, focusing on regulations and market analysis.",Business
A climate change summit has been held to discuss the impacts of rising temperatures and changing weather patterns. The summit aims to find solutions to mitigate the effects of climate change and promote sustainable living.,World
Regulatory bodies are ensuring safety in healthcare products.,Business
"Regulatory bodies ensure transparency in the tech industry, preventing failures that could have significant economic impacts.",Business
"AI is transforming industries, with applications in healthcare and finance.",Sci/Tech
A startup is raising funds but faces scrutiny over its business model and financial regulations.,Business
"Climate change impacts are being monitored, affecting markets and economic stability.",Sci/Tech
"A major World Cup event has been held, with one team achieving a new record in their record-breaking season.",World
Space exploration is advancing with the help of AI and quantum computing. Companies like Johnson & Johnson and Microsoft are contributing to this space venture.,Sci/Tech
Cybersecurity measures are becoming more critical as cyber threats increase. This document examines the importance of cybersecurity in protecting digital systems.,Sci/Tech
"In the world of sports, human rights are being challenged, but trade is a vital part of global economic cooperation. The human rights landscape is undergoing transformation.",World
A startup company raised funds and announced a groundbreaking AI-powered app for customer service optimization.,Business
"The World is grappling with a range of global challenges, including climate change, trade disputes, and social inequalities.",World
"Investigate the growth of tech companies, particularly the rise of artificial intelligence. This article discusses the impact of AI on various industries and the challenges companies face in adopting new technologies.",Sci/Tech
"The World is experiencing trade statistics that are being affected by global economic trends. Trade balances are being affected by changes in the global economy, and trade policies are being adjusted to accommodate these changes. Trade statistics are also being influenced by geopolitical factors. The World is facing a series of global challenges that are affecting its economy and society.",World
"The global market is experiencing volatility as investors watch closely for signs of economic uncertainty. Companies are navigating regulatory challenges, particularly in areas such as data privacy and labor laws. Startups are also ramping up in the tech industry, driven by advancements in artificial intelligence and cloud computing.",Business
"A new sports tournament is being organized to promote team spirit and unity. The tournament will feature a variety of games and activities, including a new game called 'RelayRumble' that emphasizes teamwork and strategy.",Sports
"A sports team has been involved in a significant sports dispute, affecting their reputation.",World
A major disaster in the World has occurred due to a malfunction in a critical infrastructure system.,World
"Human rights issues are being covered in depth, reflecting societal concerns.",World
"The tech startup's impact on the global markets, covering both Business and Sports aspects.",Business
"A natural disaster occurs, with immediate effects on ecosystems and human health.",World
"A sports incident has occurred in the US, including injuries and suspensions for multiple teams. This could provide insights into sports management and recovery.",Sports
"AI researchers are exploring new breakthroughs, potentially revolutionizing industries like healthcare and engineering.",Sci/Tech
"In recent months, the government has introduced new regulations aimed at controlling the spread of COVID-19. These measures are expected to impact various industries and communities across the country.",Business
The World is facing challenges like climate change and conflicts. Sports events are being used to showcase human rights through inclusive performances. This article highlights the importance of sports in addressing global issues.,World
"A biotech company has developed a new cancer treatment that has shown promising results in clinical trials. The treatment is expected to reduce the incidence of cancer by 30% in the next five years, significantly improving public health.",Sci/Tech
The global economy is under increasing scrutiny due to recent regulations. This document explores the impact of regulations on economic stability.,Business
World: Conflicts and Human Rights,World
"The rise of AI algorithms has transformed industries, from healthcare to finance. This phenomenon is reshaping the business landscape of global companies.",Sci/Tech
"SpaceX and Arduino announce new AI platforms for industrial automation, inspiring companies to pivot in this space. A major cybersecurity breach has exposed vulnerabilities in existing tech infrastructure.",Sci/Tech
"The 2020 pandemic caused exponential growth in COVID-19 cases, with healthcare systems facing unprecedented challenges. This report explores the global impact of the pandemic and its recovery.",World
"A startup company has raised over $50 million in funding, signaling progress in its new product line. This event highlights the competitive landscape in the tech sector.",Business
"Cybersecurity is becoming more prevalent, but technological advancements are also leading to new risks. The security landscape is undergoing significant changes.",Sci/Tech
Biotech companies are focusing on medical advancements to improve patient outcomes and reduce costs.,Sci/Tech
"In the World Cup, a standout player has made headlines with a series of impressive performances, including a goal and two yellow cards. This has sparked discussions about player evaluation and the fairness of the competition.",World
"A sports match is being played to determine the champion of the World Cup, highlighting the excitement of the tournament.",Sports
"A startup, [ startup name ], has launched a new product line, with customer feedback highlighting its success in the market.",Sports
"A new AI tool is being deployed in healthcare, demonstrating its impact and effectiveness.",Sci/Tech
"The World is facing a series of global challenges. Climate change is a pressing issue, and governments and organizations are working to find solutions. Conflicts are rising in various regions, and natural disasters are affecting communities around the world. Human rights issues are being debated in the context of these challenges.",World
The World is facing disasters like hurricanes and floods. Sports events are being used to promote human rights through inclusive performances. This article discusses the impact of these areas on the global stage.,World
"A World trade agreement is being finalized, with trade volumes expected to rise significantly. This report explores the impact of the agreement on global trade dynamics.
",World
Recent regulations on corporate practices are shaping the future of the business world.,Business
A sports scandal reveals the hidden dangers of improper sportsmanship. This report highlights the consequences of the scandal on the sports community and the sports world at large.,Sports
"A sports event has been reported as having a record attendance, breaking previous records in attendance figures.",Sports
"Sports records are constantly updating, with athletes achieving new heights in competitions, from track and field to basketball.",Sports
Climate disasters are occurring frequently due to rising temperatures. This document explores the causes and consequences of these disasters.,World
Biotech breakthroughs are driving advancements in medical treatments and research.,Sci/Tech
"The Hubble Space Telescope has made headlines for its groundbreaking observations. Recent upgrades have expanded its capabilities, covering the solar neighborhood and Earth.",Sci/Tech
A recent climate change study has sparked debates about the impact of rising temperatures. This could lead to new policies and initiatives in environmental management.,World
Business: Global Markets and Economic Trends,Business
"A new biotech discovery could lead to breakthrough treatments, impacting the global economy and business practices.",Sci/Tech
"A space exploration mission reaches new destinations, expanding human knowledge in space.",Sports
A discussion on recent scandals in sports and their impact on player performance.,Sports
"The COVID-19 market has seen unprecedented volatility, affecting retail chains worldwide and consumer confidence. The economic downturn has highlighted the need for adaptive strategies to recover from such events.",Business
"The cryptocurrency market has shown signs of recovery, with major altcoins gaining traction and investors building confidence in the future. This article explores the current state of the cryptocurrency market and its implications for financial stability.",Business
"The trade landscape is undergoing significant changes, with global markets adjusting to new economic conditions. This article explores the impact of trade on global economic stability and growth.",World
"Natural disasters are causing economic losses, such as in the insurance industry,
        which is a phenomenon tied to climate and disaster impact. This phenomenon
        highlights the interconnectedness of climate change and economic losses.",World
"The global markets are a critical aspect of economic activity, with companies making strategic decisions based on market trends and consumer behavior.",Business
"In the sports world, the World Cup is a global event, while the Olympics are a world-wide spectacle. Highlighting the most exciting moments of the year, such as the final moments of the game and the reactions of fans. The tournament also raises questions about the future of sports competition.",World
A biotech company is developing climate solutions. This document covers its advancements and challenges.,Sci/Tech
Olympic events highlight sports achievements. Sports leagues have record-breaking records. Scandals expose the ethical standards of sports. Sports participation in community building.,Sports
"A sports event, [ sports event name ], is being held to celebrate the 25th anniversary of the Olympics.",Sports
A team has won its first World Cup since 2018. The team's recent performance includes record-breaking goals and highlights of key games.,Sports
The World Series has produced a new record for the most home runs in a single game.,World
"In the World, climate change is a pressing issue, and scientists are working to find solutions, while trade continues to shape the global economy.",World
"The World is a place where politics, conflicts, and trade are intertwined. Human rights are a central theme, as are the challenges of climate change and natural disasters. Sports is a diverse field, offering diverse experiences.",World
"An overview of the current market trends in the tech sector, including advancements in AI and cybersecurity.",Business
"AI has revolutionized industries, from healthcare to finance, while regulations play a crucial role in ensuring technology safety.",Sci/Tech
"A recent Market phenomenon has sparked interest among investors, while the economy is showing signs of growth. Companies are exploring new strategies to capitalize on emerging trends.",Business
Analyze the market trends of tech companies in the global tech market.,Business
"The COVID-19 pandemic has caused a significant shift in consumer spending patterns. In the retail industry, markets are experiencing fluctuations due to increased demand and reduced consumer confidence.",Business
"A startup company has emerged to combat the most common disease in the world, offering a solution that could save millions of lives.",Sci/Tech
"A team of athletes is competing at the Olympics, with highlights from the tournament and team dynamics, showcasing world records and team achievements.",World
Trade policies are shaping the global economy. This document explores the impact of trade policies on the global market and economic growth.,World
"A new AI algorithm improves predictions for stock market trends, offering investors new insights into market behavior. Sports highlights from the Olympics showcase athletes' performances and team strategies.",Sports
The World Cup 2023 was a massive success with record-breaking attendance.,Sports
"Human rights are a central theme in the World document. The World Economic Forum and similar events highlight the importance of human rights in addressing economic inequality and ensuring fair treatment for all individuals, regardless of background.",World
"A new tech startup has emerged in the industry, promising breakthroughs in AI and cybersecurity.",Business
"A political conference was held in the heart of the World, discussing global issues such as climate change and human rights. The conference fostered international dialogue and consensus.",World
"A climate change initiative is being tested in a remote area, showing potential solutions and challenges.",World
"The World Ahead: A new scandal emerges, exposing ethical violations in a controversial industry, affecting global reputation.",World
A company announced plans to launch a new product line targeting the markets of Southeast Asia and India.,Business
"A major sports event took place at the World Cup, with the World Cup final being a highlight of the tournament. The event brought together world-class athletes and highlighted the spirit of competition.",Sports
"In the Sci/Tech sector, advancements in AI and space exploration have opened new possibilities for innovation. Cybersecurity measures are being strengthened to protect sensitive data, and biotech research is contributing to medical breakthroughs. This article highlights the impact of these technological developments on scientific advancements.",Sci/Tech
A sports event highlights the importance of player performance.,Sports
"AI is transforming multiple industries, from healthcare to finance. Companies like Google and Microsoft are leading the charge in AI innovation.",Sci/Tech
"The World Cup has seen numerous high-scoring games, with one game featuring record-breaking goals.",World
Business: Companies and Regulations,Business
A major World event highlights the importance of human rights protection in addressing global challenges.,World
Regulatory changes have been implemented to protect companies from potential fines.,Business
"A political crisis is affecting trade statistics, impacting global economic
        performance. This phenomenon shows how political events can influence market dynamics.",World
"A sports event highlights the importance of human rights, focusing on inclusive practices.",World
"A major tech startup is expanding its market presence, offering new services to existing customers. This report highlights the company's efforts in the Global Markets and the expansion of its product offerings.
",Business
"Olympics are bringing together athletes, sports fans, and media to celebrate human achievement. This article highlights the significance of the Olympics and its role in promoting global sports heritage.",World
"A sports team is facing conflicts in a tournament, showing the human element in sports.",World
"Cybersecurity threats are impacting industries and personal lives, requiring proactive measures.",Sci/Tech
"A natural disaster has occurred, with the region experiencing increased insurance claims.",World
"A political conference is being held, discussing global issues such as conflicts and trade policies. This could offer readers insights into international relations.",World
Biotechnology companies are making strides in developing new medical treatments. Researchers are collaborating with academia to create breakthroughs in fields such as personalized medicine and genetic research.,Sci/Tech
"As space exploration continues, advancements in AI and technology are revolutionizing the field of space exploration. Cybersecurity measures are being strengthened to protect sensitive data, while biotech breakthroughs are driving innovation in medical research.",Sci/Tech
"The space industry continues to make strides with new rockets and satellites. Innovations in satellite technology are enabling remote monitoring of Earth and other planets. Cybersecurity measures are becoming more sophisticated, with organizations implementing advanced authentication systems.",Sci/Tech
"A breakthrough in AI technology has led to new insights into medical applications, promising advancements in healthcare.",Sci/Tech
"A famous scandal is being uncovered, affecting both sports and politics.",World
"A conference highlights the power of AI in healthcare, showcasing its transformative potential.",Sci/Tech
"The World Trade Organization (WTO) is a key economic framework that facilitates international trade. It includes countries from various regions, each contributing to the global market, with trade statistics and economic analysis playing a crucial role in global trade dynamics.",World
"The World is navigating trade policies, which can affect economic growth and trade balances, while human rights issues are being addressed through various mechanisms.",World
"Space exploration has become a major focus in recent years, with advancements in rocket technology and lunar missions leading the charge. This article discusses the future of space exploration and its impact on global technology.",Sci/Tech
The global markets are experiencing volatility due to economic indicators and market trends.,Business
"Space exploration has led to new scientific breakthroughs, but climate change remains a major concern. The challenges of space exploration are being discussed in depth.",Sci/Tech
"A space exploration project is launched, aiming to map the outer solar system and beyond.",Sports
"The World Cup 2022 concluded with thrilling matches, including unexpected results like a tiebreaker draw between two World Cup winners. Olympic events are often overshadowed by the chaos of the tournament.",World
Business: Companies and Economy,Business
"World record holder for the 100-meter dash, achieved under unprecedented conditions, highlights human potential.",World
Human rights advocates are pushing for stricter regulations in countries affected by global trade issues.,World
"A major space exploration mission is scheduled to launch, bringing new technology to humanity.",Sports
Global politics is marked by ongoing conflicts and international relations. This article explores the complexities of international relations and their impact on world stability.,World
"A sports event has been organized in the city to promote unity and sports spirit. The event will feature a variety of games and activities, including a new game called 'RelayRumble' that emphasizes teamwork and strategy.",Sports
"Political conflicts are causing disruptions in international relations, affecting trade policies and global business operations.",World
"A global conflict is escalating, with tensions between major powers on the brink of a new crisis.",World
"The human rights movement is facing significant challenges, and this article discusses the impact of political conflicts on human rights. It also explores how these conflicts are influencing global trade and market dynamics.",World
"A recent report highlights the growth of the tech sector, with companies focusing on AI and machine learning. It covers market trends, industry growth, and challenges facing startups.",Business
A new AI algorithm has been developed for predictive maintenance in industrial equipment.,Sci/Tech
"Space exploration is advancing rapidly, with new missions breaking new ground. Companies like SpaceX and Johnson Space Center are making strides in the scientific and economic spheres.",Sci/Tech
Biotech researchers are making progress in developing new medicines and treatments. Breakthroughs in biotechnology are accelerating the fight against diseases like cancer and infectious diseases. Climate change studies are leading to the development of new eco-friendly solutions.,Sci/Tech
The Olympics are being held to showcase athletes' performances.,World
"A space exploration mission has revealed new insights into the structure of the solar system, sparking discussions in the scientific community.",Sci/Tech
"The rise of AI has revolutionized industries, while space exploration is gaining momentum as a challenge, impacting global technology and space research.",Sci/Tech
"In recent months, global markets have shown signs of growth, with several new companies expanding into emerging sectors. Companies are leveraging digital platforms to expand their reach across different regions.",Business
"AI has revolutionized industries, from healthcare to finance, but recent breakthroughs in cybersecurity require immediate attention.",Sci/Tech
"A new space exploration mission was launched by a leading country, raising questions about the safety and ethical implications of space travel.",Sci/Tech
The World faced a series of political conflicts in the conflicts category.,World
The stock market showed mixed reactions as investors reconsidered the impact of the recent economic downturn. This could lead to new market trends and strategies for businesses looking to capitalize on rising demand.,Business
"Regulatory changes are impacting markets, with government agencies adjusting product labeling laws.",Business
"Trade statistics are a key indicator of the world's economic health, with countries and companies engaging in trade and trade agreements.",World
A major market trend shows increased demand for eco-friendly products. This shift is expected to drive business growth across multiple sectors.,Business
"The global economy is experiencing a slowdown, with companies like Apple and Amazon re-evaluating their business models. The Federal Reserve has introduced new regulations targeting financial institutions, impacting markets worldwide.",Business
"A controversial scandal has emerged in the World Basketball Championship, exposing issues with player selection and team management. The investigation has sparked debates about fair competition and the integrity of tournament operations.",Sports
Human rights issues are being pushed to the extreme in many countries. This document examines the challenges and opportunities in promoting human rights globally.,World
"Cybersecurity threats have emerged as a major issue, impacting corporate operations. Companies are investing in new technologies to mitigate risks, while regulations are tightening around data privacy.",Business
The 2024 World's biggest sports events highlight global achievements and challenges. How do these events reflect world sports achievements and conflicts?,World
"The global tech market is experiencing a renaissance with companies like Google and Microsoft setting new benchmarks. A recent report highlights the impact of AI on traditional industries, leading to new business models and job creation.",Sci/Tech
Olympic events highlight sports achievements. Sports leagues have record-breaking records. Scandals expose the ethical standards of sports. Sports participation in community building.,Sports
"A high school sports tournament saw record attendance, with students from across the region participating in various games and competitions.",Sports
A space tech company is expanding into new areas. This document explores its advancements and challenges.,Sci/Tech
A world trade statistics document is being discussed. This document covers global trade statistics and challenges.,World
"A global sports tournament is set to take place, and fans are eagerly anticipating the outcomes. This article covers the excitement of the Olympics and the impact of sports events on public sentiment.",World
"The World is facing a series of global challenges. Climate change is a pressing issue, and governments and organizations are working to find solutions. Conflicts are rising in various regions, and natural disasters are affecting communities around the world. Human rights issues are being debated in the context of these challenges.",World
"The Olympics are on the brink, and the highlight is a thrilling event that brings together athletes and fans from around the world.",World
"A study was conducted to determine the impact of climate change on global biodiversity, finding significant conservation measures.",World
"The 2024 World Cup in Brazil has been a highlight of the tournament. Despite the host city's climate, the tournament has seen significant record-breaking and conflicts.",World
"The rise of AI in traditional industries has revolutionized business practices, yet it's also causing job losses and regulatory challenges. How are companies navigating these changes?",Business
"The World category examines human rights issues, with reports highlighting the challenges of maintaining human rights in the Global Games. These events are critical for world peace and development, but they also raise concerns about the protection of vulnerable populations.",World
"Market trends in the financial sector have shown a steady increase in corporate investments, particularly in green energy projects. This document examines the implications of these investments on the global economy.",Business
"A major sports tournament is being held, with records set for the top teams. Highlighting the tournament could provide readers with detailed coverage of the event.",Sports
The World is analyzing the impact of climate change on global ecosystems.,World
The global trade deficit has increased by 2.5% in recent months. This is a major issue affecting economies worldwide.,World
"The AI algorithm, [ AI algorithm name ], has been trained to recognize patterns in customer data with unprecedented accuracy.",Sci/Tech
"A sports highlight was widely covered in media, showcasing a memorable game moment from the opposing team.",Sports
A climate change initiative is being developed to combat rising temperatures. This action aims to mitigate global warming.,Sci/Tech
A popular sports match highlights a controversial incident in sports history. This phenomenon is raising discussions about sports fairness.,Sports
"Examine the politics of the world, focusing on the rise of global leaders and the challenges of maintaining political stability. This article explores the world's political landscape and the impact of global leaders on world events.",World
"A recent report highlights the economic growth of China, with expansion into new industries and the impact of regulatory changes on market dynamics.",Business
"Politics is a complex field, with conflicts and trade policies shaping global relations and economic outcomes.",World
"The global markets are experiencing volatility, with the stock market closing lower than ever. Companies are also looking into new market opportunities.",Business
"A research project into sustainable energy solutions has produced groundbreaking results, prompting policy discussions.",Sports
"A significant trade imbalance occurs, affecting global markets and economic growth.",World
A major sports event highlights the best performances of teams and athletes in the World Cup.,World
World: Trade and Political Conflicts,World
"The Olympics continue to be a symbol of human achievement, but recent events have shown the potential for conflict and disaster.",World
A new AI algorithm has been developed to improve healthcare diagnostics.,Business
A country is facing a conflict over its leaders' appointments.,World
"The Olympics are live coverage, offering insights into global sports events and their impact on world records.",Sports
"A new company launch in the tech sector has raised $200 million, setting a new benchmark for tech startups.",Business
"The World is grappling with a range of global challenges, including climate change, trade disputes, and social inequalities.",World
"Trade statistics show a surge in global imports, particularly from emerging markets, due to increased demand.",World
"Human rights issues have been raised in several countries, highlighting challenges in ensuring human rights preservation.",World
Player Performance Records: Examples of team collapses and record-breaking performances,Sports
"Space exploration is an exciting field with potential for future advancements, contributing to scientific discovery and technological progress.",Sci/Tech
"The World's largest economy, represented by the G7 countries, is facing criticism for underrepresentation of certain industries. This could highlight issues with economic integration and the allocation of resources, affecting global trade and development.",World
"Climate change is causing environmental issues and economic impacts, requiring immediate action.",Sci/Tech
"Cybersecurity measures are critical in today's digital world, protecting businesses from data breaches and ensuring informed decision-making.",Sci/Tech
AI is being explored for advancements in healthcare and technology.,Sci/Tech
Startups are driving economic growth. This document explores the role of startups in shaping economic trends and influencing market behavior.,Business
"A tech company is testing AI in healthcare, with regulatory hurdles.",Business
Disasters like natural disasters are being monitored and addressed to mitigate their impacts.,World
"Economic trends are analyzed, and company events are discussed, focusing on regulations and market analysis, including a big game.",Business
"The World Cup final was a thrilling event, with both teams showcasing their best moments. The game highlighted the beauty of sports and the importance of competition.",Sports
"The global cybersecurity landscape is becoming increasingly complex. Cybersecurity measures are being developed to protect critical infrastructure, and governments are investing more in cybersecurity initiatives than ever before.",Sci/Tech
AI is transforming healthcare through applications like personalized treatment and disease diagnosis. Companies like Google and Microsoft are at the forefront of this innovation.,Sci/Tech
"Biotech companies are pushing boundaries in fields like medicine and agriculture, leading to advancements that improve human health.",Sci/Tech
"The World Trade Organization is reporting a 5% increase in global trade, highlighting market trends.",World
Regulations are shaping business strategies. This document examines how regulations influence company decisions and market trends.,Business
"Regulatory changes in the tech industry are announced, affecting several major companies.",Business
"The tech industry is experiencing exponential growth, with companies leveraging AI to disrupt traditional industries.",Sci/Tech
Sci/Tech: Companies and Economy,Sci/Tech
"Government regulations are tightening, impacting companies and markets globally.",Business
"The human rights issue has gained significant attention, with countries around the world striving to ensure fair treatment and protection for their citizens.",World
AI advancements in healthcare are improving diagnostic accuracy and drug development. These innovations are driving medical advancements and reducing health disparities.,Sci/Tech
Human rights issues are being addressed through legal reforms in a particular country.,World
"The World is facing global conflicts, with tensions on the rise, impacting all regions and international relations, requiring diplomacy and communication strategies.",World
"AI is transforming industries, generating new markets and causing regulatory scrutiny.",Business
"A biotech company is making strides in cancer research, showing innovation beyond traditional fields.",Sci/Tech
Climate change is affecting ecosystems and weather patterns. This document discusses the environmental impacts of climate change and its effects on various species.,Sci/Tech
Business: Startups and Regulatory Challenges,Business
The World reported increasing conflicts in the conflicts category.,World
"A major conference was held in the World, discussing global issues such as climate change and sustainable development. The conference brought together experts from various countries to address these challenges.",World
"Market trends show signs of improvement in consumer spending. A new report suggests that rising incomes are driving demand for essential goods and services, though concerns remain about inflation.",Business
"Cybersecurity incidents have exposed major data breaches in financial institutions. The breaches have exposed sensitive customer information, leading to increased regulatory scrutiny and increased security measures.",Business
Market trends impact economic growth. Companies expand into new markets. Startups are increasing in the tech sector. Regulations are becoming stricter.,Business
"The global economy is experiencing a downturn, with companies like Amazon and Apple facing challenges. Economic regulations such as tax cuts and increased unemployment are shaping the business landscape.",Business
"AI is making strides in healthcare, improving diagnostics and patient outcomes. This article discusses the advancements in AI and their impact on the healthcare industry.",Sci/Tech
A new biotech company claims to have developed a protein synthesis enzyme that could revolutionize medicine. This report examines the implications of the company's findings on medical research and clinical trials.,Sci/Tech
"The World is experiencing trade tensions, with countries engaging in trade agreements and trade promotions to address these issues.",World
"The climate crisis is causing widespread environmental damage, with rising temperatures and extreme weather events posing significant challenges to ecosystems.",World
"The World is experiencing trade tensions, with countries engaging in trade agreements and trade promotions to address these issues.",World
"A major World event took place, with the World Cup final being a highlight of the tournament. The event brought together world-class athletes and highlighted the spirit of competition.",World
The World Cup highlights showed record-breaking performances in several sports events.,Sports
A new space exploration mission has brought us closer to understanding the universe. The mission utilized advanced AI for data analysis and communication with nearby planets.,Sci/Tech
Disasters are occurring frequently due to natural disasters. This document explores the causes of disasters and their impacts on ecosystems and people.,World
"A controversial game has been released, sparking debates about its fairness and impact on consumer behavior.",Sports
"A major biotech company has developed a new drug candidate, which has gained traction in the medical community.",Sci/Tech
"A biotech company is leading the way in developing new medical treatments, addressing current health challenges. This report explores the company's innovations and their impact on the global market.
",Sci/Tech
"In recent years, sports records have been set in various fields. From world records to team achievements, sports are constantly being celebrated, with new records breaking the old records and becoming the focus of attention.",World
"A biotech firm is leading a clinical trial for a new biocompatible material, breaking into a new market.",Sci/Tech
"The global economy is experiencing steady growth, with recent measures targeting inflation and economic stability.",Business
"Space exploration continues to push boundaries, with new missions and technologies expanding our understanding of the universe and beyond.",Sci/Tech
"Biotech companies are leading in drug discovery, with researchers focusing on personalized medicine.",Sci/Tech
"Space exploration is achieving new milestones, with companies like SpaceX and NASA preparing for future missions and discoveries.",Sci/Tech
A sports event is being analyzed for its impact on record breaking and highlights.,Sports
Cybersecurity incidents have been reported in the tech industry.,Sci/Tech
Space exploration continues with new missions to Mars and Venus. These discoveries could influence future technological advancements and scientific research.,Sci/Tech
A major sports event highlights the importance of records and the human element in sports history.,Sports
"A big game is played, with highlights from the tournament and team dynamics, showcasing world records and team achievements.",World
"A study reveals climate change impacts on agriculture, leading to more sustainable food production.",World
"A recent scandal involving sports teams, including an Olympic incident.",World
A space mission has revealed groundbreaking findings in astrophysics.,Sci/Tech
"A company has announced plans to expand its market presence in the markets, targeting a new demographic segment. The expansion has led to increased sales and customer loyalty.",Business
"A political crisis in a country disrupts global power structures, affecting international relations and political stability.",World
"A biotech company has developed a new gene-editing technology that could revolutionize medicine. The technology is expected to be commercialized within the next five years, leading to a 20% increase in the production of targeted drugs.",Sci/Tech
"The rise of online shopping is shaping markets, with increasing demand for e-commerce solutions. Companies like Amazon and e-commerce platforms are leading the trend.",Business
"AI is transforming industries, but it's also causing job losses and regulatory challenges. How are companies responding to these issues?",Business
Cybersecurity measures are being developed to protect digital systems.,Sci/Tech
"AI is transforming industries, from healthcare to manufacturing, with rapid advancements. Cybersecurity threats are also a growing concern, impacting businesses globally.",Sci/Tech
"A startup raises $5 million in funding, focusing on expanding its product line and scaling operations.",Sports
"The Paris Agreement is being implemented to address global climate challenges, including rising temperatures and sea level rises. These measures are being discussed as a solution to global environmental issues.",World
"A major sports event is underway in the World Cup final, with heavy focus on the highlights and key moments of the tournament. The match between two of the world's top football teams is shaping a moment that will be remembered forever.",Sports
"The World is facing new challenges, including climate change and political tensions. This report examines the current state of global issues and their impact on various sectors.
",World
The U.S. government is considering new regulations to combat climate change.,World
Analyze the economic trends of recent startups.,Business
"A major sports event highlights team performance and records, with a focus on historic games.",Sports
"Human rights issues have sparked controversy in countries around the world, reflecting the growing tension in the region.",World
Biotech research has led to the development of new medical treatments.,Sci/Tech
"A political campaign has shown significant public support, influencing public sentiment and policy-making.",World
A major market trend shows increased demand for eco-friendly products. This shift is expected to drive business growth across multiple sectors.,Business
"A startup emerges with a game-changing product, setting new standards in the sports industry.",Sports
AI advancements have revolutionized healthcare. This document discusses the implications of AI in healthcare and the challenges faced by healthcare professionals.,Sci/Tech
"A sports event is being discussed for its role in politics, offering insights into political dynamics and decision-making.",World
Market trends show economic growth. Companies expand into new markets. Startups are increasing in the tech sector. Regulations are becoming stricter.,Business
A new scientific study claims to have discovered a new biotech compound with potential health benefits. This research could revolutionize the biotech industry.,Sci/Tech
"A recent article discusses advancements in AI, showing how it's transforming industries like healthcare and finance.",Sci/Tech
"In the World category, trade statistics are being analyzed to understand global economic trends. The impact of trade agreements on trade volumes and economic growth is being discussed, while also examining the effects of trade policies on different regions.",World
"The tech boom has reshaped consumer behavior, impacting markets across industries.",Business
"Companies are investing in innovation to stay competitive, with startups often emerging from early-stage funding and market demands.",Business
"A major World event took place, with the World Cup final being a highlight of the tournament. The event brought together world-class athletes and highlighted the spirit of competition.",Sports
A major event in the financial markets has caused a noticeable dip in stock prices.,Business
"The 2023 World Series is shaping global sports culture, with discussions on conflicts and records from the event.",World
"AI is being used in biotechnology to develop new drugs and treatments. Companies are investing in biotech research, while cybersecurity measures are becoming more sophisticated.",Sci/Tech
"A company has achieved record sales growth in the tech industry, highlighting the importance of continuous innovation.",Business
"A trade crisis occurs in a specific region, affecting global trade.",World
A sports event is being held to celebrate the 100th anniversary of the Olympics. The event highlights the history of the games.,Sports
Cybersecurity measures are being upgraded to protect companies from data breaches and cyber threats.,Sci/Tech
Sports: Companies and Records,Sports
A critical review of recent conflicts and their impact on international relations.,World
"A sports event is shaping its third iteration, featuring new rules and highlights. This could offer fans new experiences and update the sports community.",Sports
"A major company announced its quarterly earnings, with revenue exceeding expectations. This document explores the company's financial performance, the reasons behind the success, and the broader implications for the business sector.",Business
"The automotive industry is leading the charge in the markets, with companies like Tesla and Ford making strides in innovation. Companies are also exploring new markets in Asia-Pacific.",Business
"The global economy is experiencing a slowdown, with companies focusing on expansion and investment in emerging markets.",Business
A global company is facing scrutiny over its market entry strategy and regulatory compliance.,Business
Biotech breakthroughs lead to new market opportunities and challenges in industries.,Sci/Tech
"The Sci/Tech sector is experiencing rapid growth, with companies investing heavily in AI and space exploration. Cybersecurity threats are on the rise, and biotech research is advancing medical treatments. This article explores the challenges and opportunities in these areas.",Sci/Tech
A sports team is involved in a conflict. This document discusses the political aspects of the conflict.,World
The global economy is currently experiencing economic growth driven by increased investment in renewable energy projects and a rise in consumer spending. Companies are leveraging AI and space exploration technologies to drive innovation and create jobs across various sectors.,Business
"The Olympic Games are a symbol of global sports prowess and unity, with athletes competing in diverse events and showcasing world records.",World
"The global economy is experiencing growth, with companies expanding their global presence and creating new jobs.",Business
"Cybersecurity breaches pose significant risks to businesses, impacting industries and regulations.",Sci/Tech
"A new biotech drug shows promise for treating a rare disease, sparking discussions about the future of precision medicine. Climate change studies highlight the urgency of addressing global environmental issues.",Sci/Tech
"AI is reshaping industries, but it's also leading to ethical dilemmas. How do companies approach ethical AI implementation?",Business
"A high school sports tournament had a record-breaking attendance of 12,500 participants across various sports.",Sports
"A sports event is being discussed for its role in trade statistics, offering insights into economic impact of sports.",World
A major world conflict highlights the resilience of human cooperation and the dangers of global competition.,World
"A famous sports scandal has been exposed, altering the narrative of a historical event in sports history.",Sports
"A natural disaster has occurred in a remote area, and scientists are working to develop solutions for the affected population.",World
"A major World conflict has been reported, with reports of increased tensions between neighboring countries around the world.",World
A major sports event highlights the best performances of teams and athletes in the Olympics.,World
"A space exploration mission revealed new insights into the solar system, expanding our understanding of celestial bodies.",Sports
The tech startup market is heating up with a surge in interest among young entrepreneurs.,Business
"The World category looks at the impact of conflicts on human rights, such as the human rights crisis in the Olympic Games. These events are not only symbols of competition but also serve as platforms for discussing the protection of human rights in a global context.",World
"Space exploration projects are gaining momentum, with upcoming missions planned for the future.",Sports
"Biotech companies are racing to develop treatments for a new virus, with ongoing clinical trials and regulatory discussions.",Sci/Tech
A new AI algorithm has been developed to improve predictive analytics accuracy. This advancement could revolutionize industries such as healthcare and finance.,Sci/Tech
"A space project is in development, facing new cybersecurity challenges.",Sci/Tech
"The COVID-19 pandemic has reshaped global markets, with retail stores experiencing exponential growth due to demand. Companies are adapting to new regulations, which have also affected their operational capabilities.",Business
AI is revolutionizing industries. Space exploration is advancing. Cybersecurity threats are increasing. Biotech is leading in medical research. Climate change is a pressing issue.,Sci/Tech
AI in Healthcare: Transforming diagnostics and personalized medicine,Sci/Tech
"The global economy is experiencing a period of economic growth, with key indicators showing a 3.5% increase in GDP last quarter.",Business
"A recent rise in demand for online services has shown signs of expansion in the markets, with increased consumer spending and job creation.",Business
"The World is experiencing trade statistics that are being affected by global economic trends. Trade balances are being affected by changes in the global economy, and trade policies are being adjusted to accommodate these changes. Trade statistics are also being influenced by geopolitical factors. The World is facing a series of global challenges that are affecting its economy and society.",World
"The U.S. government issued a regulatory update on renewable energy projects, tightening guidelines for solar and wind developments.",Business
A biotech discovery could lead to breakthroughs in medical treatments and innovations.,Sci/Tech
"Economic trends in the U.S. show signs of recovery after a dip in 2022. Companies like Amazon and Microsoft are leading the way, while consumers are cautiously investing in essential goods.",Business
"Biotech advancements are driving progress in various fields, from medicine to agriculture. This article explores the role of biotechnology in modern research and development.",Sci/Tech
"The World Cup 2022 concluded with intense matches, including unexpected results like a tiebreaker draw between two World Cup winners. Olympic events are often overshadowed by the chaos of the tournament.",World
"A company has announced plans to launch in the markets, targeting a younger demographic. The launch has led to increased customer engagement and sales.",Business
"AI is redefining sports analytics, with new metrics and strategies emerging. Sports events are becoming more competitive, while human rights concerns are being addressed through inclusive sports initiatives.",Sports
Analyze the economic indicators of startups and regulations.,Business
The World Cup highlights showed some of the most exciting moments in recent sports history.,Sports
A climate change summit is gathering experts to discuss solutions for rising temperatures and extreme weather events.,Sci/Tech
"A startup called 'GreenTech' has raised $25 million to launch a new solar energy system for residential homes. The company is working on a compact, energy-efficient solar panel that can be integrated into existing homes, reducing energy costs by 20% in the first year.",Business
"A recent sports tournament has sparked controversy over its scheduling, raising questions about fairness and competition.",Sports
A major cybersecurity breach exposed critical data in the Sci/Tech category.,Sci/Tech
The U.S. government is considering a new cybersecurity measure to address potential data breaches. This could involve the development of advanced encryption techniques and improved data monitoring systems.,Sci/Tech
"Regulatory changes are influencing sports teams, particularly league rules and player contracts. This shift could impact the future of sports, as teams adjust to new standards.",Business
"Economists have called for a reevaluation of global economic policies, as the impact of a recent recession on markets and businesses continues to be studied.",Business
Regulatory changes in the financial sector are affecting corporate decision-making.,Business
"A sports team has been involved in a major sports conflict, affecting their records.",World
"The World category focuses on trade, with global markets influenced by geopolitical tensions and economic policies. Trade agreements between countries are being discussed, and trade statistics are providing insights into market trends and economic interdependence.",World
Track and field events in the Olympics are some of the most popular. This document highlights the significance of these events and the records achieved in various tracks.,Sports
"The World Cup highlights world records and exciting rivalries, with a focus on historical achievements.",World
"A sports event is being analyzed for its impact on human rights, showcasing the importance of sports in social change.",Sports
A new cybersecurity tool is being developed to address potential threats in the financial sector.,Sci/Tech
A major event at the World's largest sports tournament highlights the impact of human rights violations.,World
"The World is experiencing trade tensions, with countries engaging in trade agreements and trade promotions to address these issues.",World
"A famous sports scandal has been exposed, leading to a significant correction in the sport's historical records.",Sports
"A sports event is being held to celebrate the 100th anniversary of the Olympics, marking its 25th edition.",Sports
A space exploration mission has revealed new insights into the solar system.,Sci/Tech
"A new AI algorithm has shown promise in medical diagnostics, improving accuracy and reducing costs.",Sci/Tech
Describe the highlights of the 2024 World Games.,Sports
"Climate change is causing economic instability, leading to trade wars and market corrections. The world is trying to find solutions to these global issues through policy-making.",World
"Global politics often faces complex conflicts, which can disrupt societies and affect the functioning of international organizations and individuals.",World
"The rise of online shopping is shaping markets, with increasing demand for e-commerce solutions. Companies like Amazon and e-commerce platforms are leading the trend.",Business
"World records are being broken in sports, such as the 100-meter dash. This document discusses the achievements, the strategies used, and the significance of these records in competitive sports.",Sports
Space exploration news highlights advancements in technology and safety protocols.,Sci/Tech
"The global markets are experiencing significant volatility, driven by a shift in consumer confidence. Companies are exploring new strategies to capitalize on these trends, while regulatory changes could impact business operations.",Business
"The World is grappling with a range of global challenges, including climate change, trade disputes, and social inequalities.",World
Discussions are taking place regarding climate change policies.,Sci/Tech
"A conflict in a region is disrupting global trade, affecting economic stability.
        This phenomenon shows how geopolitical events can impact international trade statistics.",World
"A major conflict erupts in a country, with government and opposition facing intense diplomacy and violence.",World
"The 2024 World Cup in Brazil has been a highlight of the tournament. Despite the host city's climate, the tournament has seen significant record-breaking and conflicts.",World
A detailed discussion on the impact of AI on healthcare advancements and industry changes.,Sci/Tech
"The 2024 Olympics highlight global sports achievements and challenges, including potential conflicts and record-breaking performances.",Sports
"Government regulations on corporate structures have been tightened, impacting industries like manufacturing and education.",Business
"The tech startup boom has created a new era of innovation in the United States, with companies like Google and Apple leading the charge. This document explores the economic impact of these companies on the local business community.",Sci/Tech
A conflict in a major region has caused economic instability and displacement of local populations.,World
"A major World Conference on Climate change has been held, highlighting the importance of global cooperation in addressing climate change.",World
"A high school sports event has captured attention globally, showcasing the potential of student talent in various competitions.",Sports
"A startup is developing a new AI algorithm to predict stock market trends, offering investors a competitive edge.",Business
"A biotech firm is pioneering medical treatments, addressing a critical medical need.",Sci/Tech
"Disasters, such as natural disasters and pandemics, are global phenomena that disrupt entire systems. The impacts of disasters on human rights, economic stability, and social structures are often studied and addressed through international efforts.",World
A new World Record sets a milestone in the field of sports history.,Sports
A major sports event is happening. This document discusses its highlights and significance.,Sports
"A major World event has been announced, such as a new sports tournament or a political leader's appointment.",World
Climate Change's Impact on Economy: Effects of rising temperatures and sea level,Business
"Sports events are shaping the world as never before. Highlighting the impact of these events and the teams involved, this article explores the excitement and challenges of major sports competitions.",Sports
A world trade issue is being discussed. This document covers global trade statistics and challenges.,World
Space exploration has been a major focus of the last decade. This document discusses advancements in space technology and their implications for future missions.,Sci/Tech
"A major sports event, [ sports event name ], is being live-streamed for fans, with live updates and highlights from the championship game.",Sports
"A new AI algorithm has demonstrated remarkable predictive capabilities, setting new benchmarks in the field.",Sci/Tech
"AI's revolution across industries, covering Sci/Tech and Sports.",Sci/Tech
"A major tech startup has raised $50 million, leading to a $100 million investment in the company.",Sci/Tech
"A study found that AI advancements have significantly impacted various industries, shaping business strategies.",Business
A sports event is being planned in a major city. The event includes highlights from both the winners and the losers.,Sports
Trade is a vital economic activity. This document examines the current state of global trade and its impact on economic growth.,World
"A sports match is being played to determine the champion of the World Cup, highlighting the excitement of the tournament.",Sports
"AI has revolutionized multiple industries, including healthcare and finance. This document explores how AI is transforming medical diagnostics and financial forecasting.",Sci/Tech
Cybersecurity measures are being strengthened to protect digital infrastructure. This phenomenon is addressing the growing threat of cyber threats.,Sci/Tech
A scandal involving corporate executives has raised questions about corporate integrity and its business impact.,Business
"A tech company has announced plans to expand its global presence in the markets of emerging countries, aiming to boost revenue and market share.",Business
Economic Conditions in Region X: Impact on Market Growth,Business
"A startup raises $5 million in funding, focusing on expanding its product offerings in the tech sector.",Business
"Biotech researchers discover a breakthrough in gene therapy, promising to treat rare diseases. A climate change study highlights the role of forests in mitigating global warming effects.",Sci/Tech
World Series Highlights: Highlighting performance and fan engagement,Sports
"A startup in the tech industry is redefining market strategies, impacting both consumers and businesses.",Business
"The World is experiencing political conflicts, human rights issues, and natural disasters, while trade continues to influence international relations.",World
"A major disaster occurs in a remote region, affecting global infrastructure.",World
"A new biotech compound showed promise for treating a rare disease, raising hopes for a potential cure.",Sci/Tech
A sports event highlights the importance of highlights and records in competitive sports.,Sports
"A startup in the tech sector is launching a new product line, focusing on regulations and economic trends.",Business
Biotech companies are making strides in medical advancements. This document covers recent advancements and industry trends.,Sci/Tech
Startups Shaping Markets: Impact of tech startups on job markets and consumer behavior,Business
"The World category highlights the impact of climate change on global ecosystems and economies. Climate change is causing weather patterns to shift, affecting agriculture and energy production, while climate-related disasters are becoming more frequent and severe.",World
Space exploration is leading to new technologies and discoveries in the solar system.,Sci/Tech
Trade Policy Impact: How trade agreements affect global markets,World
"Space exploration has become a major focus of scientists and enthusiasts. Recent missions have uncovered new planets, and advancements in space technology are accelerating the pace of space-based research.",Sci/Tech
"A biotech breakthrough has led to the development of new medical treatments, improving patient outcomes and reducing healthcare costs.",Sci/Tech
AI is being applied in medical research to improve diagnostics and reduce costs.,Business
"A new space mission has been launched into the asteroid belt, which could lead to future exploration of ancient solar systems. The mission is designed to collect samples for further analysis and possibly develop new technologies for human habitation.",Sci/Tech
"Olympic events are always packed with drama, with world records, scandals, and memorable moments. The Games are a testament to human spirit.",World
"Space enthusiasts are watching the next Mars rover launch, testing new navigation systems.",Sci/Tech
"A startup emerges with innovative AI solutions, reshaping industries and triggering regulations.",Business
"The rise of cybersecurity threats has affected industries like finance and healthcare, raising business challenges.",Business
The 2024 World Cup brings together teams and fans from around the world. How do these events reflect global sports achievements and challenges?,Sports
"Sports teams are analyzing performance metrics to identify strengths and weaknesses, using data to improve training and competition strategies.",Sports
"A sports event highlights the importance of game outcomes, using both records and highlights.",Sports
A major sports tournament is being analyzed for its impact on record breaking and highlights.,Sports
"The tech sector is experiencing a surge in innovation, with companies like Google and Microsoft demonstrating advancements in AI and cloud computing.",Sci/Tech
Trade statistics reveal global economic interdependence and trade growth patterns.,World
"The World is experiencing trade statistics that are being affected by global economic trends. Trade balances are being affected by changes in the global economy, and trade policies are being adjusted to accommodate these changes. Trade statistics are also being influenced by geopolitical factors.",World
"A startup is exploring AI regulations, addressing concerns about sustainability.",Business
"A sports drama highlights key moments in the Olympics, affecting record-breaking games.",Sports
"The Chinese government introduced new tax regulations to combat inflation, raising concerns among economists and investors.",Business
Regulatory changes are being implemented in several industries to address safety concerns in healthcare products.,Business
"Scientists developed a groundbreaking AI model, advancing the Sci/Tech category.",Sci/Tech
"The Sci/Tech sector is making waves with advancements in space exploration, cybersecurity, and biotech. Human rights issues are also being addressed through innovative research. This article discusses the impact of these areas on society.",Sci/Tech
Recent sports highlights include thrilling games and memorable moments.,Sports
"Disasters, such as natural disasters and pandemics, are monitored and addressed to ensure the safety and well-being of humanity, contributing to disaster management efforts.",World
"The 2016–2017 French–American War continues, with Highlights of the conflict.",Sports
"Trade statistics show a 12% increase in imports, with countries focusing on expanding trade networks.",World
"The Olympics are a symbol of triumph, but conflicts are still present. Highlighting the significance of these events, we discuss recent conflicts.",World
"The World Cup is set to be the most anticipated event in decades, with numerous matches highlighted by expert predictions and analysis.",Sports
"The World is facing a complex set of challenges. Political events are shaping the future, conflicts are causing instability, and trade statistics are reflecting global economic trends. The impact of climate change on trade is also being studied in detail.",World
A trade policy adjustment is being considered in multiple countries. This could affect global trade dynamics and economic stability.,World
"The global market is experiencing growth as companies expand into new sectors. This is driven by economic trends and consumer behavior, which influence decision-making for businesses.",Business
"The 2024 World Games are set to take place in China, bringing together athletes from around the world. These events highlight the importance of international sports unity and overcoming challenges.",World
"Human rights issues are being addressed through legal battles, impacting global
        policies and trade statistics. This phenomenon shows the importance of human rights
        in shaping economic policies.",World
"A startup is expanding its market reach, targeting industries like healthcare and finance.",Business
"A natural disaster has caused widespread damage, with multiple regions experiencing increased loss rates.",World
"Climate change impacts are being addressed through renewable energy projects and carbon pricing policies. Companies are innovating to mitigate climate effects, while cybersecurity measures are enhancing to protect against cyber threats.",Sci/Tech
A look at recent trade policy changes and their effects on global economic stability.,World
"Space exploration has gained momentum with recent missions to Mars and Venus, showcasing the potential of the field.",Sci/Tech
"Space exploration has revealed new insights into the solar system, with a potential breakthrough in rocket design.",Sci/Tech
"The World is facing a series of political conflicts and international disputes, with global leaders working tirelessly to resolve these issues.",World
"Biotech companies are investing in new treatments for diseases, leading to advancements in
        medical fields. This phenomenon demonstrates the impact of scientific research on
        medical outcomes.",Sci/Tech
"Regulatory changes could affect consumer markets, prompting companies to adjust their strategies and policies.",Business
"A startup in the tech industry is raising $50 million to launch a new product line, which could revolutionize the market.",Business
"Economists predict that inflation will reach 3% this year, with the Federal Reserve considering an aggressive monetary policy response. The central bank is also exploring ways to stabilize the economy during a recession, which is expected to drive consumer spending and business growth.",Business
"Human rights are a critical aspect of the World, ensuring fairness and inclusion in international trade and decision-making.",World
"A global trade dispute is being resolved, affecting trade statistics and trade policies globally.",World
"The World Ahead: Political tensions in a new region are heating up, with international leaders facing unprecedented challenges.",World
A recent conflict in the Olympics highlights the importance of international sports cooperation.,World
"A biotech firm is leading a clinical trial for a new biocompatible material, breaking into a new market.",Sci/Tech
"Human rights issues are being contested around the world, with different countries and organizations addressing these concerns. This article discusses the challenges and solutions surrounding human rights in the current political landscape.",World
"Natural disasters are altering ecosystems and human life, with each event posing unique challenges. This article examines the impact of natural disasters on global ecosystems and human well-being.",World
"A World conflict, covering World and Economy.",World
The World Cup 2022 ended with a surprising draw between Brazil and Russia. This report highlights the impact of the tournament on global sports engagement and the cultural significance of the event.,Sports
"Climate change is causing economic uncertainties, with projections showing a 10% increase in global GDP.",World
"Human rights are a fundamental aspect of global society, with ongoing efforts to promote equality, fairness, and the protection of human rights across the world.",World
"A startup emerged with a revolutionary product, setting new standards in the tech industry.",Sports
Sports: Highlights and Scandals,Sports
Examine the climate change impacts on the World.,World
"In the bustling metropolis of New York, a new tech startup has emerged, promising to revolutionize the city's infrastructure with its innovative solutions. This document explores the startup's growth, its impact on local businesses, and the emerging trends in the tech industry.",Sci/Tech
"Trade statistics show economic growth, impacting markets and the global economy.",World
Sports enthusiasts are analyzing the Olympics to identify trends and patterns in the event.,Sports
"The World is experiencing trade tensions, with countries engaging in trade agreements and trade promotions to address these issues.",World
"The climate crisis is causing widespread environmental damage, with rising temperatures and sea level changes posing significant challenges. This article discusses the implications of climate change on global ecosystems and human health.",Sci/Tech
"The 2024 World Cup highlights global records, team performances, and any conflicts or highlights mentioned. International cooperation and human rights threats are key themes.",World
"A World Conference highlighted progress in international cooperation, focusing on global challenges and solutions.",World
"The World is grappling with a range of global challenges, including climate change, trade disputes, and social inequalities.",World
"Trade issues are heating up, with countries around the world facing challenges in market access and cost of imports.",World
"AI advancements have revolutionized industries, leading to new business models,
        while cybersecurity threats pose significant risks to corporate operations. This
        phenomenon underscores the need for continuous innovation and regulatory oversight.",Sci/Tech
"A new virus has emerged, posing a significant threat to humanity. The situation is complex, with implications for public health and global cooperation.",World
"Human rights issues are being addressed in sports, influencing Olympic records.",World
Natural disasters are affecting regions around the world.,World
"Trade statistics show increased imports and exports in a particular region, highlighting economic interdependence between nations.",World
"A sports team is preparing for the World Cup, showcasing the spirit of competition and teamwork in the sport.",Sports
"A company has recorded a new record in biotech advancements, leading to breakthrough drugs.",Sci/Tech
"A new AI algorithm is being tested in a hospital setting, demonstrating its real-world applications and benefits.",Sci/Tech
A World record is shattered as new data emerges on the most efficient solar panels. This report discusses the implications of the discovery for the energy sector and its impact on global sustainability efforts.,World
A breakthrough in AI technology has led to increased investment in the tech sector.,Sci/Tech
"Recent advancements in AI have enabled unprecedented predictive capabilities across industries, enhancing decision-making processes.",Sci/Tech
"The World category explores the impact of human rights issues on trade statistics. The rights to goods and services in trade are being reconsidered, while also examining the effects of trade policies on different regions.",World
"Natural disasters are being monitored in real-time, providing early warnings for potential risks.",World
A breakthrough in biotech has led to a new gene therapy that could treat a rare disease.,Sci/Tech
"The Olympics is a significant event, showcasing the best performances and fostering international competition and friendship.",Sports
A major tech company announced a new product launch in the markets sector.,Business
"The World is facing a series of global challenges. Climate change is a pressing issue, and governments and organizations are working to find solutions. Conflicts are rising in various regions, and natural disasters are affecting communities around the world. Human rights issues are being debated in the context of these challenges. The World is experiencing a series of global challenges that are affecting its economy and society.",World
A World cup event is highlighting the global impact of climate change through environmental displays.,World
"Regulatory changes in finance regulations are slowing down, impacting corporate profitability.",Business
"A natural disaster has occurred in a specific region, causing widespread damage and prompting international response.",World
"The 2020 World Cup has drawn unprecedented attention, with fans and analysts discussing the significance of the tournament's outcomes.",World
"A tech startup has raised its profile in the markets, impacting consumer behavior and business strategies.",Business
Regulatory changes in a country's market structure have affected corporate strategies and business operations.,Business
"Economic indicators show a 3% rise in consumer confidence, with companies emphasizing cost-cutting measures.",Business
"A biotech company is developing personalized medicine tools, which could drastically improve patient outcomes across various industries.",Sci/Tech
"Climate change is causing extreme weather events, and researchers are working to find solutions. This article explores how climate change affects global markets and the scientific research behind it.",Sci/Tech
"Space exploration is advancing rapidly, with new technologies enabling human connections. Companies are developing space-based solutions, while climate change is being addressed through green technologies.",Sci/Tech
"AI is being used in healthcare, with satellite technology and cybersecurity measures implemented to protect industries from climate change, with a big game being played.",Sci/Tech
"Natural disasters are causing economic disruption, with data showing increased insurance claims.",World
Sports events are being held to showcase the best performances in the Olympics.,World
Scandals in Sports: Examples of team collapses and record-breaking performances,Sports
The Olympics are being celebrated. This document covers world records and challenges.,Sports
"The human rights situation in a particular region is being discussed, with conflicting reports and calls for action.",World
The World Cup 2024 will feature a special edition with all football matches played on grass instead of artificial surfaces.,World
A major tech startup has launched a new product line in response to recent regulations targeting AI development in the U.S. This could have significant implications for the industries relying on AI technology.,Sci/Tech
"A startup is raising funds but facing scrutiny over its business model and financial regulations, and exploring AI.",Business
"Economic indicators show growth in a key sector, influencing markets and the global economy.",Business
"AI is transforming industries, but it's also leading to ethical dilemmas. How do companies approach ethical AI implementation?",Business
The Olympics are being used as a benchmark to assess the impact of global sports performance on global markets and consumer behavior.,Sports
"AI is being used in healthcare, with satellite technology and cybersecurity measures implemented to protect industries from climate change.",Sci/Tech
"The World is facing a series of political conflicts and international disputes, with global leaders working tirelessly to resolve these issues.",World
AI is transforming industries. This document explores how AI is changing the landscape and the opportunities it presents.,Sci/Tech
"Economic reports highlight growth in consumer spending, inflation data, and international trade statistics.",Business
"A space exploration mission has caused controversy, highlighting the challenges of international space operations.",Sci/Tech
A recent human rights incident in the World is highlighted in a report.,World
"Economic trade statistics show a decline in trade volumes, reflecting global economic trends and their impact on various industries.",World
"The World is divided by politics, conflicts, and trade. Global politics are often divided along political lines, and conflicts are rising in various regions. Disasters are a common occurrence in the World, and trade statistics are being affected by global economic trends. The World is facing a series of global challenges that are affecting its economy and society.",World
"A biotech company is developing new drugs, facing climate change threats.",Sci/Tech
Examine the impact of AI on healthcare advancements.,Sci/Tech
"Biotech breakthroughs are accelerating medical research, offering new treatments and insights.",Sports
Market trends showed strong growth in the markets sector.,Business
"A natural disaster has occurred in a remote area, prompting international cooperation to mitigate its impact.",World
"The 2024 World Cup in Brazil has been a highlight of the tournament. Despite the host city's climate, the tournament has seen significant record-breaking and conflicts.",World
"A major conflict erupts, impacting global politics, trade, and social stability.",World
"In the first week of the new year, markets are expected to rise by 3% compared to last year, driven by consumer confidence.",Business
"A biotech company is developing new treatments for cancer, focusing on personalized medicine.",Sci/Tech
"Politics and conflicts are shaping global relationships, with events like the US-China trade deal and diplomatic tensions being discussed. Trade trends are also being analyzed, offering insights into the economic impacts of these events.",World
"Space exploration and technology advancements often lead to breakthroughs in biotech, contributing to scientific breakthroughs.",Sci/Tech
"Economic indicators showed a slight decline in consumer spending, prompting a cautious approach to future financial planning.",Business
A new report on the global economy reveals economic growth in key regions and inflation concerns.,Business
Biotech research is making strides in medical treatments and drug development.,Sci/Tech
"In a recent report, it was highlighted how regulations can influence market dynamics and company strategies.",Business
The Olympics are a global event with a rich history. This document discusses the history of the Olympics and its significance in the world of sports.,Sports
"A tech startup has expanded its market to include emerging markets in Asia-Pacific, aiming to boost revenue and create jobs in the region.",Business
"The Middle East is facing tensions as oil prices fall, fueling political tensions in regions like Israel and Saudi Arabia. Natural disasters like hurricanes are causing widespread damage across the world.",World
New developments in biotech could lead to more effective treatments for diseases like cancer.,Sci/Tech
A biotech company is addressing climate change. This document discusses its advancements and challenges.,Sci/Tech
"Disasters, such as natural disasters or pandemics, pose significant risks to human life and economies, requiring careful mitigation.",World
"A human rights issue has been raised in a specific country, challenging global human rights frameworks.",World
"A startup-centric report highlights the growth of early-stage companies in the tech sector, with investments from venture capital firms expanding into new markets.",Sports
"The tech boom has significantly influenced global markets, creating opportunities for businesses to grow exponentially.",Business
"AI advancements have revolutionized industries, with applications in healthcare and finance. Companies are developing new AI solutions to address industry challenges, while regulatory bodies are ensuring compliance with new guidelines.",Business
"A sports event is being analyzed for discrepancies and hidden strategies, shedding light on Olympic practices.",Sports
"A major tech startup has raised its valuation, signaling a potential breakthrough in AI technology that could transform industries like healthcare and finance.",Sci/Tech
"Startups are redefining the global market, with new technologies driving economic growth.",Business
"A new space exploration project is under development, with plans for future missions.",Sci/Tech
"The World Ahead: A new disaster is unfolding in a remote area, with infrastructure failing due to natural disasters.",World
"Space exploration and advancements in cybersecurity drive technological progress. Biotech innovations are expanding into new fields, while climate change poses significant challenges to ecosystems.",Sports
"Economic indicators reveal signs of a recession, affecting consumer behavior.",Business
"A cybersecurity firm has identified over 100 potential threats to a major company's network, which could disrupt global business operations. The firm has developed a new security protocol to mitigate these risks, ensuring continued business continuity.",Sci/Tech
"A major tech company has raised its workforce to 250 employees, reflecting growth in the industry. This increase is driven by investments in AI and quantum computing, which promise to transform industries like finance and healthcare.",Sci/Tech
"A company has recorded a new record in biotech advancements, leading to breakthrough drugs.",Sci/Tech
"Climate change is causing environmental issues, and scientists are working to find solutions, while space exploration offers opportunities for humanity.",World
"The Olympics are set to resume in 2024, with expanded participation and new sports events.",World
Biotechnology research is producing breakthrough medicines and treatments. This document explores the advancements made through biotech research.,Sci/Tech
"In politics, there are always major events and decisions. Current conflicts in regions like Syria and Ukraine are causing significant political tensions. Trade statistics are also showing changes, with some countries exporting more goods than others.",World
"A recent World Health Organization (WHO) meeting has brought attention to the growing number of COVID-19 cases, highlighting the importance of global collaboration in pandemic prevention.",World
"World conflicts are complex and multifaceted. The interplay of political tensions, economic instability, and social issues has shaped global relations, with conflicts often serving as catalysts for change and cooperation.",World
"Cybersecurity measures are critical in protecting digital systems from cyber threats, ensuring the integrity and security of global infrastructure.",Sci/Tech
"The tech sector has seen increased investment in AI and machine learning, leading to advancements in healthcare and finance.",Sci/Tech
"A sports event is being discussed for its potential to spark conflicts and controversy, highlighting sports' complexities.",Sports
"The World Games are being held in a new location, showcasing international sports events.",Sports
"Sports events are a popular topic, with highlights on every game and the teams performing. This article explores the significance of sports and the impact of these events on the world.",Sports
"A startup company is expanding its presence in the tech market, aiming to disrupt traditional industries.",Sci/Tech
"A major World event took place, with the World Cup final being a highlight of the tournament. The event brought together world-class athletes and highlighted the spirit of competition.",World
"A new AI algorithm has been developed to optimize supply chain efficiency, improving productivity.",Sci/Tech
Recent statistics show a 15% increase in human rights violations across participating nations.,World
The World Trade Organization is assessing trade policies to reduce tariffs and trade barriers.,World
The global economy is at a pivotal moment with recent stock market trends shaping investor sentiment.,Business
The 2024 World Games showcase world-class athletes and cultural heritage. How do these events reflect global sports achievements and challenges?,Sports
World: Conflicts and Human Rights,World
"A World Ahead: A team has won the World Cup again, marking a significant shift in sports competition history.",World
Human rights issues are being brought to light through interviews with prominent activists.,World
"The Olympics 2024 is set to host a historic event, bringing together athletes and fans.",Sports
"A breakthrough in AI technology has revolutionized healthcare, leading to increased patient adherence and reduced costs. This development has sparked discussions about the ethical implications of AI in healthcare.",Sci/Tech
"A new space mission has been launched into the asteroid belt, which could lead to future exploration of ancient solar systems. The mission is designed to collect samples for further analysis and possibly develop new technologies for human habitation.",Sci/Tech
"A local high school held its annual sports event, showcasing the best student athletes and their achievements. The event was a great example of inclusive and competitive sports.",Sports
A startup is addressing regulatory hurdles to scale its operations successfully.,Sports
"In the bustling city of New York, a new tech company is expanding its presence in the tech sector. This expansion has sparked discussions about regulations and market dynamics.",Business
Biotech researchers have developed a new drug compound that offers a significant improvement in medical treatments.,Sci/Tech
"A startup is raising funds, but regulations are becoming stricter. The economy is navigating challenges as companies expand their operations.",Business
A company is launching a new product line aimed at boosting consumer spending on tech products.,Business
"Regulatory changes are altering how consumers make decisions, affecting market dynamics.",Business
"Regulatory changes in the healthcare industry are tightening, impacting patient care and healthcare costs. A recent update to the FDA's guidelines could lead to new regulations affecting the market.",Business
"The World is grappling with a range of global challenges, including climate change, trade disputes, and social inequalities.",World
"Biotech breakthroughs are accelerating, leading to new medical treatments and treatments.",Business
"In recent months, the government has introduced new regulations to address climate change, which have sparked widespread concern in the scientific community.",Business
A review of biotech breakthroughs and their applications in medicine and agriculture.,Sci/Tech
The impact of regulations on corporate growth has shaped industries worldwide. How do companies respond to regulatory changes?,Business
"AI advancements are transforming industries, with companies like Google and Microsoft leading the charge, impacting fields such as healthcare and finance.",Sci/Tech
"A new AI algorithm is being tested in a lab, and regulatory bodies are reviewing its implementation in the corporate sector.",Business
A report on recent sports achievements and highlights from the 2023 Olympics.,Sports
"Trade statistics have shown a decline in imports and exports, reflecting economic changes in global trade patterns.",World
Economic indicators showed strong growth in the markets sector.,Business
A startup is making waves in the AI space. This document discusses its milestones and challenges.,Business
"A major World trade agreement has been signed, leading to increased trade volumes and economic growth globally.",World
"The World Cup is a global spectacle, with countries showcasing their best performances. Recent years have seen the World Cup becoming more competitive, with new records being set in various sports categories.",World
"The World is divided by politics, conflicts, and trade. Global politics are often divided along political lines, and conflicts are rising in various regions. Disasters are a common occurrence in the World, and trade statistics are being affected by global economic trends.",World
"A new space exploration project is being developed, with significant cybersecurity measures.",Sci/Tech
"A natural disaster occurs in a remote region, causing significant loss of life and affecting local ecosystems.",World
A recent conflict in the region has caused increased international trade and economic disruption.,World
"The COVID-19 pandemic has impacted global markets, with markets worldwide experiencing significant volatility and uncertainty. Companies are adapting their strategies to minimize exposure to economic challenges, while governments are implementing new regulatory frameworks to stabilize the market environment.",Business
"Regulatory changes could affect several industries, including healthcare and finance, impacting business operations.",Business
"Sports events are being analyzed for their impact on team performance and public engagement, highlighting trends in the sport.",Sports
"The Olympics are being disrupted by athletes facing unexpected injuries, causing chaos in the games.",World
"In the tech sector, advancements in AI have led to a surge in innovation. Companies are focusing on edge computing and real-time data processing, while startups are raising funds for product launches. Cybersecurity threats are increasing, particularly in corporate environments.",Sci/Tech
"The economy is performing well, with GDP growing at a healthy rate.",Business
A landmark discovery in quantum physics could redefine our understanding of fundamental particles and forces.,Sci/Tech
"A startup faces regulatory scrutiny, questioning its ability to comply with health-related regulations.",Business
"AI is the main topic, with companies and cybersecurity threats emerging.",Sci/Tech
"A startup buzz in the tech sector has made a significant impact in the markets, leading to increased revenue and customer acquisition. The company's focus on innovation has positioned it as a leading player in the global tech market.",Business
"Space exploration has led to significant advancements in technology and human ingenuity, with new satellite systems and space habitats gaining attention.",Sci/Tech
"The World is experiencing a climate crisis, with rising temperatures and extreme weather, affecting global trade, and athletes facing injuries at the Olympics.",World
"The global business environment is facing challenges, particularly in the areas of regulations and competition. This article examines the impact of regulations on businesses and market dynamics.",Business
"AI and space exploration are leading the tech scene, with companies like IBM and SpaceX contributing to future advancements.",Sci/Tech
AI algorithms are making headlines for their ability to analyze large datasets and predict stock market trends. Sports highlights from the Olympics showcase athletes' performances and team strategies.,Sports
Sports fans are analyzing recent tournaments to understand performance trends and highlights.,Sports
"Space exploration has led to new records in the field, such as a new satellite orbiting Earth with a longer period.",Sci/Tech
AI in Healthcare: Transforming diagnostics and personalized medicine,Sci/Tech
"Regulatory changes are affecting the tech industry, particularly in areas like data security and software development. This document discusses the regulatory landscape and its impact on companies.",Business
"A tech startup is raising funds in the market, impacting economic stability.",Business
"The World Cup 2024 highlights global records, team performances, and any conflicts or highlights mentioned. International cooperation and human rights threats are key themes.",World
"The Olympic Games are a global spectacle, with highlights from the 2023 World Cup and discussions of Olympic records.",Sports
"A natural disaster has claimed over 500 lives in a remote area, prompting a cautious review of disaster response protocols.",World
The World is buzzing with sports scandals and tournaments like the FIFA World Cup.,Sports
Climate change is being monitored in real-time to assess the impacts of extreme weather events.,Sci/Tech
"The U.S. government has introduced new regulations to combat climate change, including stricter emissions standards for transportation vehicles.",Business
"A company is expanding into space, facing regulatory and safety challenges, and exploring AI.",Sci/Tech
"In the tech sector, companies are making big strides in innovation.",Business
"The stock market reached a 5% year-over-year increase, signaling a strong economic recovery. This document discusses the factors contributing to this growth, the impact on consumer confidence, and the implications for future economic stability.",Business
"A new tech startup has raised its profile, focusing on expanding its product line and addressing regulatory challenges.",Sci/Tech
Cybersecurity incidents have prompted a review of existing tech infrastructure. The incident has raised concerns about data breaches and their impact on businesses.,Sci/Tech
"A study has found that athletes undergoing rigorous training programs have shown a 15% improvement in their performance metrics, including speed and endurance. This has implications for the world of sports, particularly in the context of the Olympics.",Sports
"A new biotech research lab was established at a leading university, with scientists working on gene editing technologies for medical applications.",Sci/Tech
"Space exploration is advancing with a new satellite reaching orbit, sparking interest in future missions.",Sci/Tech
AI is revolutionizing industries. Space exploration is advancing. Cybersecurity threats are increasing. Biotech is leading in medical research. Climate change is a pressing issue.,Sci/Tech
"A sports team is setting new records in track and field, including a world record in the 100m dash.",Sports
"A sports incident, covering Sports and Economy.",Sports
A look at recent advancements in space exploration and their implications for future technology.,Sci/Tech
"Space exploration has led to advancements in various industries, including biotech.
        This phenomenon shows how scientific breakthroughs can drive technological progress.",Sci/Tech
"The World is facing global challenges, such as climate change and environmental issues, while human rights organizations are advocating for solutions.",World
The rise of biotech companies like CRISPR and辉瑞 is driving progress in fields like gene therapy and personalized medicine. Companies are also investing in sustainable biotech to address global challenges.,Sci/Tech
An analysis of climate change impacts and recent solutions to mitigate environmental issues.,Sci/Tech
Business: Market Trends and Economic Indicators,Business
Sports: Olympic Records and Sports Conflicts,Sports
"Human rights are a central theme in the world, with organizations and governments working to ensure equality and freedoms for all people.",World
"A satellite image revealed new insights into the newly discovered exoplanet, offering evidence of its composition and potential habitable zone.",Sci/Tech
"A sports event is being analyzed for its role in conflicts, showcasing the impact of sports on social conflicts.",World
"Trade statistics show a decline in certain industries, with countries like the US and China facing challenges in trade balance.",World
A human rights organization emphasizes the importance of inclusive policies in addressing human rights issues across the globe.,World
"The rise of artificial intelligence has revolutionized industries. Companies are investing heavily in AI technologies, and startups are emerging as leaders in the field. This trend is reshaping the future of the industry.",Sci/Tech
"A World Ahead: A new conflict in a previously peaceful region is heating up, with political tensions increasing.",World
An exploration of the most recent global events and their significance in the world of politics.,World
"A political conference was held in the World, discussing the challenges of human rights and international relations. The conference provided a platform for global dialogue.",World
"The World is grappling with conflicts and human rights issues, while trade policies are shaping the global economy and international relations.",World
"The World Cup 2022 concluded with intense matches, including unexpected results like a tiebreaker draw between two World Cup winners. Olympic events are often overshadowed by the chaos of the tournament.",World
"The World Economic Forum will be held in a new location in Europe, showcasing global business trends and innovations.",Business
"The global markets are experiencing a recent surge in activity, particularly in emerging markets. Companies are raising capital for expansion and innovation, while economies are showing signs of recovery. The regulatory environment in several countries is tightening, which has influenced investor sentiment.",Business
"Disasters are being monitored through real-time data collection, providing early warnings and mitigating risks to individuals, communities, and ecosystems.",World
"A biotech company has developed a new drug compound, showing promising results in clinical trials.",Sci/Tech
"Disasters are being monitored, with natural disasters being part of a new study.",World
"AI is revolutionizing various industries, but cybersecurity threats are also on the rise. Companies are focusing on security measures to protect their operations.",Sci/Tech
The UN General Assembly meeting in 2023 is a landmark event in world history. This report explores the significance of the meeting and its impact on international relations and global leadership.,World
"A recent sports event led to widespread confusion, sparking debates about the fairness of the event.",Sports
Government regulations have been implemented to stabilize market conditions in a particular sector.,Business
"Analyze the economic trends of the current quarter, focusing on GDP growth, inflation rates, and unemployment figures. This article provides a comprehensive overview of the key economic indicators and their impact on the economy.",Business
"Space exploration is pushing technological boundaries, opening new frontiers.",Sci/Tech
"Disasters are a common occurrence, with natural disasters like hurricanes and earthquakes becoming more frequent. Human rights issues are also being addressed through international organizations, such as the International Civil Rights Organization. Trade statistics are showing changes in global trade patterns.",World
"The World Cup is a global event that brings together football enthusiasts and analysts. Highlights from the tournament include the most exciting moments of the year, such as the final moments of the game and the reactions of fans. The tournament also raises questions about the future of sports competition.",World
A sports event is shaping history. This document discusses its highlights and significance.,Sports
"A sports event is being analyzed for its impact on records, highlights, and conflicts.",World
Sci/Tech: AI and Cybersecurity,Sci/Tech
"Climate change is causing extreme weather patterns, leading to increased insurance claims. This phenomenon is reflecting global environmental changes.",Sci/Tech
"A startup has raised its initial investment of $50 million, focusing on creating a new product line. The company aims to revolutionize the industry through its innovative approach.",Business
Political tensions impact international relations. International conflicts are a recurring issue. Environmental degradation is a global issue. Human rights issues persist.,World
"A major conflict has erupted in a regional area, with political tensions escalating over a sensitive topic.",World
"Cybersecurity incidents have highlighted vulnerabilities in tech companies, leading to increased awareness.",Sci/Tech
AI is revolutionizing industries. Space exploration is advancing. Cybersecurity threats are increasing. Biotech is leading in medical research. Climate change is a pressing issue.,Sci/Tech
"The Olympics are a world-wide spectacle, showcasing the best performances from athletes from around the world. Record-breaking performances, such as the heaviest records for track events and the most impressive moments in individual sports, are discussed. The event also raises questions about the future of world records.",World
"A sports tournament is set to be a highlight of the World Games, with exciting results.",World
A biotech company has won a major medical research grant.,Sci/Tech
"The World is a place where politics, conflicts, and trade are interconnected. Human rights issues and climate change are central themes. Sports is a diverse field, offering diverse experiences.",World
"The World is facing a range of conflicts, from regional disputes to global issues such as climate change and trade tensions.",World
"Technological records are being set, with new algorithms improving performance.",World
"Regulatory changes in the healthcare industry are forcing companies to adapt. For example, the FDA introduced stricter guidelines for drug approvals.",Business
"Olympic events are bringing together athletes and fans from around the world. The Games serve as a platform for showcasing sports achievements and fostering international unity, with competitions continuing to dominate the sports category.",World
"The World Games are being held in a new location, showcasing international sports events.",Sports
"Biotech is making inroads in various industries, from pharmaceuticals to agriculture. Companies like Johnson & Johnson and Merck are leading the charge, while climate change is becoming a focal point.",Sci/Tech
"The global economy is at its zenith, with companies reaping success and facing new challenges.",Business
"A startup in the sports industry has won the World Championship for a particular event, with a record-breaking total.",Sports
"A sports event, [ sports event name ], is being held to celebrate the 50th anniversary of the Olympics.",Sports
"A new biotech breakthrough could lead to breakthrough treatments in diseases, impacting public health.",Sci/Tech
Cybersecurity laws are shaping the tech landscape. This document explores AI's role in cybersecurity and the implications of regulations.,Sci/Tech
"In Sports, the World category explores the role of human rights in global sports events. Discussions are taking place around issues such as athlete rights and participation in international competitions.",World
"A sports team has been involved in a major sports dispute, affecting their records.",Sports
"Climate change has been monitored in several regions, revealing potential impacts on ecosystems and weather patterns.",Sci/Tech
"A big game is played, with highlights from the tournament and team dynamics, showcasing world records and team achievements, with a big game being played.",World
"A study suggests that AI is becoming more prevalent in various industries, impacting traditional ones.",Sci/Tech
Global trade dynamics show economic impacts of climate change and geopolitical tensions. How do these factors shape international trade relationships?,World
"AI has transformed healthcare through personalized treatments. This document discusses the advancements in AI, their benefits for patients, and the challenges posed by their integration into healthcare systems.",Sci/Tech
"The World is divided by politics, conflicts, and trade. Global politics are often divided along political lines, and conflicts are rising in various regions. Disasters are a common occurrence in the World, and trade statistics are being affected by global economic trends. The World is facing a series of global challenges that are affecting its economy and society.",World
"The rise of startups and companies is driving economic growth, while regulations on innovation and entrepreneurship are shaping the future.",Business
"A startup raises $50 million, redefining the future of e-commerce. Global cybersecurity regulations are tightening, impacting companies operating in financial sectors.",Business
"A political election is happening, with conflicts and trade deals.",World
A sports game is being discussed. This document explores its highlights and significance.,Sports
"A major conflict broke out in a country, with both sides accusing each other of violence, leading to increased international relations.",World
"The World Cup 2022 concluded with thrilling matches, including unexpected results like a tiebreaker draw between two World Cup winners. Olympic events are often overshadowed by the chaos of the tournament.",World
"The global economy is showing signs of recovery, with economic indicators rising steadily.",Business
"A sports event showcases the unpredictability of Olympic records, offering insights into competition's unpredictability.",Sports
"A biotech company is developing treatments for rare diseases, contributing to medical research.",Sci/Tech
"Climate change is causing global instability, leading to economic sanctions and political conflicts. The world is watching as these events shape global policies and economies.",World
The tech startup XYZ Corporation has announced a new product line expanding into emerging markets. This move aligns with the global tech ecosystem and sets the company on a path to profitability.,Sci/Tech
"The World is a place where politics, conflicts, and trade are interconnected. Human rights issues and climate change are central themes. Sports is a diverse field, offering diverse experiences.",World
Sports: Highlights and Scandals,Sports
"In recent months, the global economy has shown signs of recovery. Companies are focusing on expansion strategies, and regulations are becoming more lenient. This leads to a mix of optimism and caution in market dynamics.",Business
"The Olympics are bringing attention to the 2016 event, which has sparked widespread criticism and controversy.",World
"The COVID-19 pandemic has reshaped markets globally, affecting employment and consumer behavior. Regulations such as lockdown measures and economic sanctions are being discussed as responses to the crisis.",Business
"Sports conflicts are taking place in major tournaments, such as the FIFA World Cup. This document explores the dynamics of the tournament, the impact on teams, and the strategies employed to prevent conflicts.",Sports
"Climate change is causing extreme weather events, affecting ecosystems.",Sci/Tech
"Space exploration led to advancements in satellite technology, which could improve communication systems and navigation for future missions.",Sci/Tech
"A startup acquired a major player in the consumer market, showcasing the impact of early-stage investments.",Business
"AI is transforming healthcare, but concerns about overuse and privacy are raising red flags.",Sci/Tech
Political tensions impact international relations. International conflicts are a recurring issue. Environmental degradation is a global issue. Human rights issues persist.,World
"The World Cup is set to host its annual edition, showcasing the spirit of international sports.",World
"Space exploration has led to unprecedented advancements in technology and understanding of the universe. Cybersecurity is a critical phenomenon in the Sci/Tech realm, safeguarding data and systems. Biotech is contributing to space exploration through medical advancements.",Sci/Tech
"In recent markets, economic trends have influenced company decisions. This document explores how market trends shape company strategies and the economic implications of these changes.",Business
"A startup has emerged with a focus on regulations, offering government incentives for early-stage companies.",Business
Olympic events are renowned for their records. This document highlights some of the most iconic Olympic records and their significance.,Sports
"Olympic games are being held, with highlights from the tournament and team dynamics, showcasing world records and team achievements.",World
"Cybersecurity incidents are being analyzed, with companies like IBM and Microsoft implementing new security measures to mitigate risks.",Sci/Tech
"A tech startup announces significant advancements in AI algorithms, boosting efficiency in machine learning applications.",Business
"The stock market has shown a 15% increase in value, driven by economic growth. This increase is attributed to factors such as rising consumer spending and increased corporate investments. The market is expected to continue its upward trend.",Business
Sci/Tech: AI and Climate Change,Sci/Tech
"A startup is facing regulatory challenges, including compliance with new laws. This report examines the regulatory environment and its impact on the startup's operations.
",Business
Government regulations on artificial intelligence are becoming stricter. The new law aims to regulate AI development and ensure responsible use.,Business
Sci/Tech: Space and Biotech,Sci/Tech
"Natural disasters are causing economic impacts, affecting markets and human rights.",World
"The World is experiencing trade tensions, with countries engaging in trade agreements and trade promotions to address these issues.",World
The World is grappling with complex political conflicts in multiple nations.,World
"Sports highlights are being used to showcase athletes' performances, while scandals and challenges within sports can have significant consequences.",Sports
Sports: Companies and Highlights,Sports
"Human rights organizations are advocating for equality and fairness in various fields, including sports and politics, seeking to ensure justice and inclusion.",World
"The global economy is experiencing steady growth, with companies like Apple and Microsoft leading the charge. However, regulations on corporate practices remain a significant challenge.",Business
"A sports event is being analyzed for its role in human rights, highlighting the importance of sports in social justice.",World
"A new record is set in the sport of cycling, with participants breaking a personal best time in the event.",Sports
"The Olympics are being disrupted with new events and expanded teams, offering opportunities for sports enthusiasts to compete and showcase their skills.",World
