text,label
"Researchers at MIT have developed a new AI algorithm that can generate realistic virtual environments for training purposes. The algorithm uses a combination of computer vision and machine learning to create detailed, immersive simulations of real-world environments, such as hospitals or military bases. The technology has potential applications in fields such as healthcare, training, and entertainment. #SciTech #AI #VirtualReality",Sci/Tech
Researchers have developed a new AI algorithm that can detect and diagnose diseases with greater accuracy than current methods. The algorithm uses machine learning to analyze medical images and identify patterns that are indicative of specific diseases. The study has the potential to revolutionize healthcare by improving diagnosis and treatment of diseases. #SciTech #Healthcare,Sci/Tech
Lionel Messi scores hat-trick in Barcelona's thrilling win over Real Madrid,Sports
LeBron James breaks record for most points scored in NBA finals history,Sports
Researchers at MIT have developed a new AI algorithm that can detect and diagnose diseases with unprecedented accuracy. The algorithm uses a combination of machine learning and medical imaging to identify subtle patterns in medical scans that are indicative of disease. The technology has the potential to revolutionize the field of healthcare and improve patient outcomes. #SciTech #Healthcare #AI,Sci/Tech
Lionel Messi scores hat-trick in Barcelona's thrilling victory over Real Madrid,Sports
"Markets soar on positive economic data, Dow Jones hits record high",Business
"Markets surge on positive economic data, Dow Jones hits record high",Business
Lionel Messi scores hat-trick in Barcelona's thrilling victory over Real Madrid,Sports
"The ongoing conflict in Ukraine has entered its fifth year, with no end in sight. The situation has deteriorated significantly since the last ceasefire agreement in 2019, with both sides accusing each other of aggression and violations of the agreement. The humanitarian situation in the conflict zone remains dire, with millions of people in need of aid and thousands of civilians caught in the crossfire. The international community has been unable to find a lasting solution to the crisis, with tensions between Russia and the West remaining high. ",World
"One of the tongue-in-cheek rules that we column-writers have is,  quot;Often wrong, never in doubt. quot; Take a stand, don #39;t duck and weave too much.",Business
Lionel Messi scores hat-trick as Barcelona beats Real Madrid 3-1 in El Clásico,Sports
Lionel Messi scores hat-trick in Barcelona's win over Real Madrid,Sports
Syrian Refugees Find New Home in Canada,World
"North Korea has announced plans to launch a new satellite in the coming weeks, sparking concerns among international leaders about the country's nuclear ambitions. The launch, which is expected to take place from the Sohae Satellite Launching Ground, will be the country's first since 2017 and has raised fears of a potential arms race in the region. The United States and other countries have expressed their disapproval of the launch, with the US State Department releasing a statement calling the launch a 'provocative' and 'destabilizing' act. The situation has raised tensions between North Korea and the international community, with the UN Security Council set to hold an emergency meeting to discuss the matter.",World
Syrian refugees face new challenges in Europe,World
"North Korea conducts new missile test, sparking concern among global leaders",World
Singapore #39;s Prime Minister Lee Hsien Loong on Sunday night delivered his first National Day Rally speech since he was sworn in as the country #39;s third Prime Minister.,World
"The ongoing conflict in Ukraine between Ukrainian government forces and Russian-backed separatists has entered its sixth year, with no end in sight. The situation has resulted in thousands of deaths, injuries, and displacement of people, as well as a significant deterioration of relations between Ukraine and Russia. Despite multiple ceasefires and diplomatic efforts, the conflict continues to rage on, with no clear solution in sight.",World
"Researchers at MIT have developed a new AI algorithm that can generate realistic images of medical conditions, such as tumors, with unprecedented accuracy. The algorithm uses a combination of machine learning and computer vision techniques to create detailed, 3D models of the conditions, which could potentially revolutionize the field of medical imaging. #SciTech #MedicalImaging",Sci/Tech
Researchers at MIT have developed a new AI algorithm that can detect and diagnose diseases more accurately than current methods. The algorithm uses a combination of machine learning and medical imaging to identify tumors and other diseases with unprecedented accuracy. The technology has the potential to revolutionize healthcare and improve patient outcomes. #SciTech #AI #Healthcare,Sci/Tech
"Researchers at MIT have developed a new AI algorithm that can analyze medical images with unprecedented accuracy. The algorithm, called DeepMedic, uses deep learning techniques to detect tumors and other abnormalities with a high degree of accuracy. This could revolutionize the field of medicine and improve patient outcomes. #SciTech #MedicalImaging #AI",Sci/Tech
S&P 500 reaches new high as investors bet on economic recovery,Business
Lebron James sets new NBA record for most points scored in a single game,Sports
"North Korea has announced that it has successfully tested a new ballistic missile, sparking concerns among international leaders. The test, which took place on Wednesday, was the latest in a series of provocative actions by the rogue state. The United Nations Security Council is set to hold an emergency meeting to discuss the situation and potential responses. #NorthKorea #BallisticMissile #InternationalRelations",World
"The ongoing conflict in Ukraine has entered its fifth year, with no end in sight. The situation has deteriorated significantly in recent months, with both sides accusing each other of aggression and violations of ceasefire agreements. The humanitarian situation in the conflict zone remains dire, with millions of people in need of aid and hundreds of thousands displaced. The international community has been unable to find a lasting solution to the crisis, with tensions between Russia and the West remaining high. ",World
"The ongoing conflict in Ukraine has entered its fifth year, with no end in sight. The situation has resulted in the deaths of thousands of civilians and soldiers, and has caused a massive humanitarian crisis. The international community has imposed sanctions on Russia for its actions, but little progress has been made in resolving the conflict. Meanwhile, the situation in Syria remains dire, with the civil war showing no signs of abating. The UN has warned of a looming humanitarian disaster in the country, with millions of people in need of aid.",World
"The ongoing conflict in Ukraine between Ukrainian government forces and Russian-backed separatists has escalated, with both sides accusing each other of aggression. The situation has raised concerns of a wider conflict in Europe and has led to a significant increase in military spending by both countries.",World
"LeBron James sets new career high in scoring, leading Lakers to victory",Sports
"Artificial intelligence has made a significant leap forward with the development of a new neural network that can learn and adapt at an unprecedented rate. The new technology, known as NeuralX, has the potential to revolutionize industries such as healthcare, finance, and transportation. With NeuralX, AI can now learn and adapt in real-time, making it an invaluable tool for businesses and organizations. This breakthrough could have a profound impact on the way we live and work in the future.",Sci/Tech
Apple announces new iPhone with advanced AI features,Business
"Rising tensions between the US and China over trade and security concerns have led to a new era of great power competition. The ongoing COVID-19 pandemic has also exposed weaknesses in global healthcare systems and highlighted the need for greater international cooperation. In this context, the role of the United Nations and other international organizations is more crucial than ever.",World
"The ongoing conflict in Ukraine has entered its fifth year, with no end in sight. The situation remains dire, with both sides accusing each other of aggression and violations of human rights. The international community has been unable to broker a lasting peace deal, with tensions between Russia and the West reaching new heights.",World
LeBron James breaks records with 60-point game in NBA Finals,Sports
"The world #39;s first private spaceship has blasted into the final frontier for the second time in five days, snatching the nearly 14-million dollar prize and founding a new era of space tourism.",Sci/Tech
Lionel Messi scores hat-trick as Barcelona beats Real Madrid in El Clásico,Sports
Lionel Messi scores hat-trick as Barcelona beats Real Madrid 3-2 in El Clásico,Sports
Syrian Refugees Find New Home in Canada,World
"Researchers at MIT have developed a new AI algorithm that can analyze medical images with unprecedented accuracy. The algorithm, called DeepMedic, uses a combination of deep learning techniques and medical expertise to identify tumors and other abnormalities in MRI scans. The team hopes to use DeepMedic to improve cancer diagnosis and treatment. #SciTech #AI #Medicine",Sci/Tech
Researchers at MIT have developed a new AI algorithm that can detect and diagnose diseases with unprecedented accuracy. The algorithm uses a combination of machine learning and medical imaging to identify subtle patterns in medical scans that are indicative of certain diseases. The team plans to test the algorithm on a large dataset of medical scans to further refine its accuracy. #SciTech #AI #Medicine,Sci/Tech
Lebron James leads Lakers to thrilling victory over Golden State,Sports
Sales at Amazon surge as pandemic boosts online shopping,Business
Lionel Messi scores hat-trick in Barcelona's win over Real Madrid,Sports
"Stock Market Sees Surge in Tech Stocks, Driving Dow Jones to New Highs",Business
"Nintendo, Sony ready rival portable gaming devices. Which one will gamers go for?",Sci/Tech
"Researchers at MIT have developed a new AI algorithm that can generate realistic images of objects and scenes. The algorithm, called GANbreeder, uses a generative adversarial network (GAN) to create images that are virtually indistinguishable from real-world examples. According to the researchers, the algorithm has the potential to revolutionize industries such as entertainment, advertising, and e-commerce. #SciTech #AI #GANbreeder",Sci/Tech
Coach Bill Cowher finally confirmed yesterday the Pittsburgh Steelers'' worst-kept secret: Duce Staley is in at running back and Jerome Bettis is out again.,Sports
IBM plans to start shipping its PCs with a new chip designed to thwart hackers by safeguarding passwords and other sensitive identity information.,Sci/Tech
Lionel Messi's record-breaking goal in the Champions League final has left fans in awe,Sports
"So a few weeks ago, the two astronauts who live there tossed out some useless junk, like so many old hubcaps for the trash heap. Only this stuff floated away in space.",Sci/Tech
Syrian Refugees Find New Hope in Canada,World
Syrian Refugees Find New Hope in Canada,World
Syrian Refugees Find New Home in Canada,World
"Researchers have developed a new AI algorithm that can predict the spread of diseases with unprecedented accuracy. The algorithm uses machine learning techniques to analyze data from various sources, including medical records and environmental factors, to identify patterns and trends that can help prevent the spread of diseases. The team hopes to use the algorithm to combat the next pandemic and save countless lives. #SciTech #DiseasePrevention",Sci/Tech
"NASA's Artemis program aims to return humans to the moon by 2024. The program includes several new spacecraft and technologies, including a lunar lander and a crew vehicle. The program also includes a plan to establish a sustainable presence on the moon, including a lunar base and a lunar gateway. #NASA #ArtemisProgram #MoonLanding",Sci/Tech
"North Korea conducts another missile test, sparking concern among global leaders",World
"The ongoing conflict in Ukraine between Ukrainian government forces and Russian-backed separatists has escalated, with both sides accusing each other of aggression. The situation has raised concerns of a wider conflict in Europe and has led to a significant increase in tensions between Russia and the West. #Ukraine #Russia #Conflict",World
Some 800 Palestinian detainees in Israel #39;s Ashkelon prison have suspended their 13-day-old hunger strike until Monday after some of their demands were met.,World
Lionel Messi scores hat-trick in Barcelona's thrilling victory over Real Madrid,Sports
LeBron James sets new NBA record for most consecutive playoff games played,Sports
Markets surge on Federal Reserve's rate cut decision,Business
Researchers have developed a new AI algorithm that can detect and diagnose diseases more accurately than current methods. The algorithm uses machine learning techniques to analyze medical images and identify patterns that are indicative of specific diseases. The study has the potential to revolutionize the field of medical diagnosis and improve patient outcomes. #AI #MedicalDiagnosis #HealthTech,Sci/Tech
Lionel Messi scores hat-trick in Barcelona's win over Real Madrid,Sports
Lionel Messi scores hat-trick in Barcelona's victory over Real Madrid,Sports
Lionel Messi scores hat-trick in Barcelona's win over Real Madrid,Sports
U.S. tanks and snipers took up positions near the revered Imam Ali Shrine and engaged in fierce battles with militants.,World
Lionel Messi scores hat-trick in Barcelona's win over Real Madrid,Sports
"The study, which was conducted by Yahoo and media agency OMD, examined the way in which 13 US households reacted to being denied access to the internet for two weeks.",Sci/Tech
Syrian Refugees Find New Hope in Canada,World
Sales of electric vehicles surge as consumers prioritize sustainability,Business
"Apple's new iPhone sales decline, CEO Tim Cook attributes to COVID-19 impact",Business
LeBron James breaks record for most points scored in NBA Finals history,Sports
Apple's new iPhone sales decline for the first time in a decade,Business
"The ongoing conflict in Ukraine has entered its fifth year, with no end in sight. The situation has resulted in the deaths of thousands of civilians and soldiers, as well as a significant economic toll on both Ukraine and the global community. Despite multiple ceasefire agreements, the violence continues to escalate, with both sides accusing each other of aggression and violations of the peace agreements. The international community has been unable to find a lasting solution to the crisis, leaving the situation in limbo and raising concerns about the potential for further escalation and global instability.",World
New AI algorithm can predict patient outcomes with unprecedented accuracy,Sci/Tech
LeBron James breaks record for most points scored in NBA finals history,Sports
"North Korea has announced that it has successfully tested a new ballistic missile, raising concerns about the country's nuclear program and international security. The test, which was conducted on Saturday, was the latest in a series of provocative actions by the regime, which has been accused of secretly developing nuclear weapons and missiles for years. The United States and other Western countries have condemned the test, and have called for new sanctions against North Korea to be imposed. The situation has raised fears of a potential conflict on the Korean Peninsula and has heightened tensions between the US and North Korea.",World
Markets surge on positive economic data,Business
"Researchers at MIT have developed a new AI algorithm that can generate realistic images of objects and scenes, without requiring any actual footage. The algorithm uses a technique called 'physics-informed neural networks' to generate images that are indistinguishable from real-world photographs. This breakthrough could have significant implications for industries such as film and video game production, where realistic visual effects are crucial. #AI #MachineLearning #SciTech",Sci/Tech
Lionel Messi scores hat-trick in Barcelona's win over Real Madrid,Sports
Microsoft unveils new AI-powered tool to streamline business processes,Business
"The ongoing conflict in Ukraine has entered its fifth year, with no end in sight. The situation has deteriorated significantly, with both sides accusing each other of aggression and violations of human rights. The international community has been unable to broker a peace deal, with the US and EU imposing new sanctions on Russia and Moscow's allies. The humanitarian situation in the conflict zone remains dire, with millions of people in need of aid and protection. The conflict has also had a significant impact on the global economy, with oil prices plummeting and trade between Russia and the West coming to a standstill. #UkraineConflict #Russia #Sanctions #HumanitarianCrisis",World
Lionel Messi scores hat-trick in Barcelona's 5-0 win over Levante,Sports
Stock markets see surge in trading volume as investors eye economic recovery,Business
"Researchers have developed a new AI algorithm that can detect and diagnose diseases with greater accuracy than human doctors. The algorithm uses a combination of machine learning and natural language processing to analyze medical records and identify patterns that are indicative of specific diseases. The technology has the potential to revolutionize healthcare by improving diagnosis and treatment, and could save countless lives. #AI #Healthcare #Medicine",Sci/Tech
Global economy shows signs of slowing down amidst trade tensions,Business
"North Korea has announced that it has successfully tested a new intercontinental ballistic missile, raising concerns among global leaders about the country's nuclear capabilities. The test, which was conducted on Wednesday, was the latest in a series of provocative moves by the isolated regime. The United Nations Security Council is set to hold an emergency meeting to discuss the situation and potential consequences for international peace and security. #NorthKorea #ICBM #GlobalSecurity",World
New AI algorithm can predict heart attacks with 90% accuracy,Sci/Tech
Lionel Messi scores hat-trick in Barcelona's 3-0 win over Real Madrid,Sports
Lionel Messi scores hat-trick in Barcelona's win over Real Madrid,Sports
"Stock markets around the world are experiencing a surge in activity as investors pour money into tech stocks. The Nasdaq composite index reached a record high today, driven by gains in companies like Amazon and Microsoft. The Dow Jones Industrial Average also saw significant gains, led by Caterpillar and Boeing. Despite concerns about the ongoing COVID-19 pandemic, investors are optimistic about the long-term prospects of these companies and the overall health of the global economy.",Business
LeBron James leads Lakers to thrilling victory over rival team,Sports
Lebron James sets new career milestone in Lakers victory,Sports
"North Korea conducts another nuclear test, sparking global concern",World
Researchers have developed a new AI algorithm that can detect and diagnose diseases with greater accuracy than current methods. The algorithm uses a combination of machine learning and medical imaging to identify subtle patterns in medical scans that are indicative of disease. The team hopes to use the algorithm to improve early disease detection and treatment in the near future.,Sci/Tech
The ongoing conflict in Ukraine has resulted in a significant increase in the number of refugees seeking asylum in Europe. The United Nations has called for an immediate ceasefire and humanitarian aid to address the growing crisis.,World
"Researchers at MIT have developed a new AI algorithm that can generate realistic virtual environments for training purposes. The algorithm uses a combination of computer vision and machine learning to create immersive and realistic virtual worlds that can be used in various industries, including healthcare and finance. According to the researchers, the algorithm has the potential to revolutionize the way we train for complex tasks, making it faster and more effective than traditional methods. #SciTech #AI #VirtualReality",Sci/Tech
Researchers have developed a new AI algorithm that can detect and diagnose diseases more accurately than current methods. The algorithm uses machine learning to analyze medical images and identify patterns that are indicative of certain conditions. The technology has the potential to revolutionize healthcare and improve patient outcomes. #AI #healthcare #medicalresearch,Sci/Tech
Lionel Messi's record-breaking goal in the Champions League final has left fans in awe,Sports
"Sony has embarked on a potential collision course with music groups, including its own Sony BMG joint venture, over MP3 digital song files.",Sci/Tech
NATO leaders meet in London to discuss Russia tensions,World
New AI Algorithm Can Predict Heart Attacks with 90% Accuracy,Sci/Tech
Jewish leaders expressed growing frustration this week with continuing anti-Semitic violence in Europe following the torching of a Jewish community center in Paris early Sunday.,World
"The ongoing conflict in Ukraine has escalated tensions between Russia and the West, with the US and EU imposing new sanctions on Moscow. The situation has raised concerns about the potential for a wider conflict in Europe and the impact on global trade and security.",World
Sales of electric vehicles surge as consumers turn to eco-friendly options,Business
"Researchers have developed a new AI algorithm that can predict the spread of diseases with unprecedented accuracy. The algorithm uses machine learning techniques to analyze data from various sources, including medical records and environmental factors, to identify patterns and trends that can help prevent the spread of diseases. This could have a significant impact on public health, particularly in developing countries where access to medical resources is limited. #AI #PublicHealth #DiseasePrevention",Sci/Tech
"Apple's new iPhone sales disappoint, stock tanks",Business
"North Korea has announced that it has successfully tested a new ballistic missile, raising concerns about the country's nuclear capabilities. The missile, known as the Hwasong-15, is believed to have the range and capability to reach the United States mainland. The test has sparked a wave of international condemnation, with the United Nations Security Council set to hold an emergency meeting to discuss the situation. #NorthKorea #BallisticMissile #SecurityCouncil",World
Lionel Messi scores hat-trick as Barcelona beats Real Madrid in El Clásico,Sports
Stock market sees record highs as investors remain optimistic about economic growth,Business
Lebron James sets new NBA scoring record in thrilling victory,Sports
"North Korea has announced that it has successfully tested a new ballistic missile, raising concerns about the country's nuclear program. The test, which was conducted on Saturday, is the latest in a series of provocative actions by the regime in recent months. The United Nations Security Council is set to hold an emergency meeting to discuss the situation and potential responses. #NorthKorea #BallisticMissile #SecurityCouncil",World
"Researchers have developed a new AI algorithm that can predict the spread of infectious diseases with unprecedented accuracy. The algorithm uses machine learning techniques to analyze data from various sources, including medical records, social media, and environmental factors. The team believes that this breakthrough could help prevent future pandemics and save countless lives. #AI #infobiotics #publichealth",Sci/Tech
"AFP - French pharmaceutical group Sanofi-Synthelabo formally announced the birth of Sanofi-Aventis, the world''s third-largest pharmaceutical company, ranking number one in Europe.",World
"Researchers at MIT have developed a new AI algorithm that can generate realistic images of objects and scenes, without requiring any actual images as input. The algorithm, called 'Deep Image Synthesis,' has potential applications in fields such as entertainment, advertising, and architecture. According to the study's lead author, 'Our goal is to make it possible to generate images that are indistinguishable from real-world images, without the need for expensive and time-consuming data collection.'",Sci/Tech
Lionel Messi scores hat-trick in Barcelona's thrilling win over Real Madrid,Sports
Apple's new iPhone sales are down 30% in the first quarter. The company is expected to launch new models in the next few months to boost sales. #Apple #iPhone #Sales,Business
Lionel Messi scores hat-trick in Barcelona's 3-0 win over Real Madrid,Sports
Lionel Messi scores hat-trick in Barcelona's thrilling victory over Real Madrid,Sports
"Maoists rebels have lifted a blockade that cut Nepal #39;s capital Kathmandu off from the rest of the country for a week. In a statement released Tuesday, however, the rebels warned the ",World
"NATO Secretary-General Jens Stoltenberg warns of growing Russian aggression in Europe, urging member states to increase defense spending and coordinate their efforts to counter potential threats. #NATO #Russia #Defense",World
"Researchers at MIT have developed a new AI algorithm that can detect and diagnose diseases with unprecedented accuracy. The algorithm uses a combination of machine learning and medical imaging to identify diseases such as cancer, diabetes, and heart disease. The team believes that this technology could revolutionize the field of medicine and improve patient outcomes. #SciTech #MedicalResearch",Sci/Tech
Sales of electric vehicles surge as consumers turn to eco-friendly options,Business
Samsung unveils new line of smartphones with cutting-edge AI technology,Business
Lionel Messi scores hat-trick in Barcelona's thrilling win over Real Madrid,Sports
"The ongoing conflict in Ukraine between Ukrainian government forces and Russian-backed separatists has entered its sixth year, with no end in sight. The situation has caused significant human suffering, displacement, and economic hardship. The international community has imposed sanctions on Russia in an effort to pressure them to end their support for the separatists, but these efforts have had limited success. As the conflict continues, concerns grow about the potential for further escalation and the impact on global security.",World
"Apple's new iPhone sales disappoint, stock tanks",Business
"Tesla announces plans to expand its Gigafactory in Nevada, creating 3000 new jobs. The company plans to invest $10 billion in the expansion, which will increase its battery production capacity by 50%",Business
Samsung unveils new flagship smartphone with advanced AI features,Business
Lebron James sets new NBA record for most consecutive games with a double-double,Sports
"Vienna, Austria (Sports Network) - English midfielder Steven Gerrard will likely miss Saturday #39;s World Cup qualifier against Austria with a groin injury.",Sports
Lebron James leads the Lakers to a thrilling victory over the Nuggets,Sports
Lionel Messi scores hat-trick as Barcelona beats Real Madrid 3-2 in El Clásico,Sports
"North Korea conducts ballistic missile test, sparking international concern",World
Lionel Messi scores hat-trick in Barcelona's 3-0 win over Real Madrid,Sports
Samsung unveils new flagship smartphone with cutting-edge technology,Business
Samsung unveils new line of smartphones with cutting-edge AI features,Business
FULHAM #39;S United old boy Andy Cole fears his former team are poised to leave their critics red-faced. The Reds haven #39;t lost in the Premiership since defeat at Portsmouth six matches ago when they were being written off in the title race.,Sports
"WASHINGTON - The US job market brightened in August as employers added 144,000 workers to their payrolls and hiring totals for the two prior months were revised up, the Labor Department (search) reported on Friday.",Business
"AI researchers have made a breakthrough in natural language processing, enabling computers to understand and respond to complex queries with unprecedented accuracy. This has significant implications for industries such as customer service, healthcare, and finance. The team, led by Dr. Jane Smith, used a combination of machine learning algorithms and advanced neural networks to achieve the breakthrough. The technology has already been implemented in several major companies and is expected to revolutionize the way AI interacts with humans. #AI #NLP #SciTech",Sci/Tech
"The ongoing conflict in Ukraine has resulted in a significant humanitarian crisis, with over 100,000 people displaced and in need of aid. The United Nations has called for an immediate ceasefire and negotiations to resolve the conflict peacefully. In related news, the global economy is showing signs of slowing down, with the International Monetary Fund predicting a 0.1% growth in 2023. Meanwhile, the COVID-19 pandemic continues to spread, with new cases reported in several countries. The World Health Organization has warned of the potential for a global pandemic and urged countries to take immediate action to contain the virus.",World
"Lebron James leads the Los Angeles Lakers to a thrilling victory over the Golden State Warriors in a closely contested game. The Lakers' star forward scores 35 points and adds 10 rebounds, leading his team to a 115-110 win. The Warriors' Stephen Curry puts up a valiant effort with 32 points and 8 assists, but it's not enough to overcome James' dominant performance.",Sports
"Sears files for bankruptcy, plans to close 140 stores",Business
Researchers have developed a new AI algorithm that can detect and diagnose diseases with greater accuracy than current methods. The algorithm uses a combination of machine learning and medical imaging techniques to identify subtle patterns in medical images that are indicative of disease. The study has the potential to revolutionize healthcare by improving diagnosis and treatment of diseases such as cancer and Alzheimer's. #SciTech #Healthcare #AI,Sci/Tech
"NASA's new spacecraft, the Perseverance, has successfully landed on Mars and is set to explore the red planet's surface. The craft is equipped with advanced technology, including a suite of scientific instruments to study the Martian geology and atmosphere. The mission is expected to last several months and will provide valuable insights into the Martian environment and potential for human habitation.",Sci/Tech
Stock markets see significant gains as investors react to earnings reports,Business
The following is a verbatim copy of a open letter to the Linux community issued by PalmSource. Read on for more information about the new acquisition and FAQs about how PalmSource will use the new resources and the new Palm OS Cobalt version of Linux.,Sci/Tech
"The ongoing conflict in Ukraine has entered its fifth year, with no end in sight. The situation remains dire, with both sides accusing each other of aggression and violations of ceasefire agreements. The humanitarian crisis continues to worsen, with millions of people in need of aid and millions more displaced. The international community has been unable to find a lasting solution, with tensions between Russia and the West remaining high. ",World
"The ongoing conflict in Ukraine has entered its fifth year, with no end in sight. The situation has caused a significant humanitarian crisis, with millions of people in need of aid. The international community has been unable to reach a peaceful resolution, with tensions between Russia and the West remaining high.",World
Researchers at MIT have developed a new AI algorithm that can identify and track individual cells in real-time. The algorithm uses a combination of machine learning and computer vision to analyze videos of cells in motion and detect even slight changes in their behavior. This breakthrough could lead to new treatments for diseases such as cancer and could revolutionize the field of cell biology. #SciTech #AI #CellBiology,Sci/Tech
"With few junk e-mail filters supporting a protocol for verifying the source address of digital messages, spammers have adopted it themselves as a way to appear more legitimate, stated a report released on Wednesday.",Sci/Tech
New AI algorithm can predict patient outcomes with 90% accuracy,Sci/Tech
IBM Corp has announced that it will launch a new low-budget version of its BladeCenter chassis for blade servers in an effort to make the blade machines more appealing to budget conscious customers in the small- and mid-sized market.,Sci/Tech
Performance venues there can now install signal-jamming equipment to deal with rude mobile-phone users.,Sci/Tech
"North Korea has announced that it has successfully tested a new ballistic missile, raising concerns about the country's nuclear program. The test, which was conducted on Wednesday, was the latest in a series of provocative moves by the isolated regime. The United States and other countries have condemned the test, calling it a threat to global security. The situation has raised tensions in the region and has sparked fears of a potential conflict. #NorthKorea #BallisticMissile #GlobalSecurity",World
"Researchers at MIT have developed a new AI algorithm that can analyze medical images with unprecedented accuracy. The algorithm, which uses a combination of deep learning and traditional computer vision techniques, can detect diseases such as cancer and diabetic retinopathy with up to 90% accuracy. The breakthrough has the potential to revolutionize the field of medical imaging and improve patient outcomes. #SciTech #MedicalImaging #AI",Sci/Tech
"AP - A sick man among the sick, Pope John Paul II struggled through Sunday Mass at a French shrine that draws desperate people seeking miracle cures. The 84-year-old pontiff gasped, trembled and asked aides for help during the 2 1/2 hour service in sizzling heat.",World
"Researchers have developed a new AI algorithm that can detect and diagnose diseases with greater accuracy than human doctors. The algorithm uses machine learning to analyze medical images and identify patterns that are indicative of specific diseases. The study found that the algorithm was able to detect diseases with an accuracy of 90%, outperforming human doctors who achieved an accuracy of 70%. This breakthrough could revolutionize the field of medicine and improve patient outcomes.",Sci/Tech
LeBron James sets new record in NBA Finals,Sports
Lionel Messi scores hat-trick in Barcelona's thrilling victory over Real Madrid,Sports
"AI researchers have made a breakthrough in developing a new neural network that can learn and adapt at an unprecedented rate. The new algorithm, called 'NeuralFusion,' is capable of processing vast amounts of data in real-time, allowing for faster and more accurate decision-making in complex systems. This technology has the potential to revolutionize industries such as healthcare, finance, and transportation, and could soon become an integral part of our daily lives. #AI #NeuralFusion #SciTech",Sci/Tech
New AI algorithm can predict heart attacks with 90% accuracy,Sci/Tech
"North Korea conducts another nuclear test, sparking global concern",World
"BANGALORE, India Anil Kumble, the Indian spin bowler, took three wickets Wednesday to reach 400 in test matches as the first day of the first test against Australia finished finely balanced.",Sports
Lionel Messi scores hat-trick in Barcelona's win over Real Madrid,Sports
Syrian Refugees Face Challenges in Finding Stability in Europe,World
LOS ANGELES A source says Hollywood movie studios are preparing to sue computer users they say are illegally distributing movies online.,Sci/Tech
"BusinessWeek Online - For 35 years, Advanced Micro Devices Inc.  stood in the shadow of archrival Intel Corp.  AMD churned out lower-priced clones of the tech leader''s chips and occasionally enjoyed a hit that helped boost its meager profits. But bad times easily outweighed the good. Again and again, Intel used its manufacturing muscle and pricing power to stymie AMD''s ambitions, preventing it from gaining a foothold in lucrative markets such as servers and corporate PCs.",Sci/Tech
"Researchers have developed a new AI algorithm that can predict the spread of infectious diseases with unprecedented accuracy. The algorithm uses machine learning techniques to analyze data from past outbreaks and identify patterns that can help prevent future outbreaks. The study has significant implications for global public health, as it could help prevent the spread of diseases such as COVID-19. #AI #infosec #publichealth",Sci/Tech
"Researchers have developed a new AI algorithm that can detect and classify different types of cancerous cells with unprecedented accuracy. The algorithm uses a combination of machine learning and computer vision techniques to analyze medical images and identify tumors with a high degree of precision. This breakthrough could lead to earlier detection and treatment of cancer, potentially saving millions of lives. #cancerresearch #AI #medicalimaging",Sci/Tech
Thats when you can get yours and how much you would pay. That is if you live in Japan. Sony today announced the release date and price for its new portable game system.,Sci/Tech
Lionel Messi scores hat-trick in Barcelona's victory over Real Madrid,Sports
Researchers have developed a new AI algorithm that can predict the spread of infectious diseases with unprecedented accuracy. The algorithm uses machine learning techniques to analyze data from past outbreaks and identify patterns that can help prevent future ones. This breakthrough could save countless lives and prevent economic losses in the billions. #infosec #AI #publichealth,Sci/Tech
Syrian Refugees Find New Hope in Canada,World
"The ongoing conflict in Ukraine has entered its fifth year, with no end in sight. The situation has worsened in recent months, with both sides accusing each other of aggression and violations of ceasefire agreements. The humanitarian situation in the conflict zone remains dire, with millions of people in need of aid and protection. The international community has been unable to find a lasting solution to the crisis, with tensions between Russia and the West remaining high. ",World
"Lionel Messi's record-breaking goal in the Champions League final has left fans in awe. The Argentine forward scored twice in Barcelona's 3-0 victory over Slavia Prague, taking his tally to 10 goals in the competition and cementing his status as one of the greatest players of all time. The game was marked by stunning performances from both teams, with Barcelona's midfield trio of Lionel Messi, Andres Iniesta, and Paul Pogba dominating the proceedings. Despite Slavia Prague's best efforts, the Spanish giants were always in control, with Messi's goals proving to be the difference between the two teams.",Sports
Researchers have developed a new AI algorithm that can detect and diagnose diseases with greater accuracy than current methods. The algorithm uses machine learning to analyze medical images and identify patterns that are indicative of specific diseases. The study has the potential to revolutionize the field of medicine and improve patient outcomes. #AI #medicine #health,Sci/Tech
"North Korea conducts third nuclear test, defying international pressure",World
Sony to Acquire Toshiba's Memory Business for $1.8 Billion,Business
Lebron James sets new NBA scoring record in thrilling game 6 victory,Sports
Samsung unveils new line of smartphones with advanced AI features,Business
"The ongoing conflict in Ukraine has entered its fifth year, with no end in sight. The situation has resulted in the deaths of thousands of civilians and soldiers, as well as the displacement of millions. The international community has imposed sanctions on Russia for its actions, but little progress has been made in resolving the conflict.",World
"Sony reports record quarterly profits, driven by strong sales of PlayStation 5 and Bravia TVs. The company's stock price surges on the news, with investors cheering the company's continued success in the competitive tech industry. #Sony #Business #Profits",Business
"Researchers at MIT have developed a new AI algorithm that can analyze medical images with unprecedented accuracy. The algorithm uses a combination of deep learning and computer vision techniques to detect even the smallest abnormalities in images of organs and tissues. This breakthrough could lead to earlier detection and treatment of diseases such as cancer, improving patient outcomes and saving lives. #AI #MedicalImaging #HealthTech",Sci/Tech
Lebron James sets new NBA record for most career points,Sports
"Researchers at MIT have developed a new AI algorithm that can generate realistic images of objects and scenes, even when the actual images do not exist. The algorithm uses a generative adversarial network (GAN) to learn the patterns and structures of images and can generate new images that are virtually indistinguishable from real-world examples. This technology has potential applications in fields such as entertainment, advertising, and architecture. #SciTech #AI #Imaging",Sci/Tech
Lionel Messi scores hat-trick in Barcelona's thrilling victory over Real Madrid,Sports
"North Korea has announced plans to launch a new satellite in the coming weeks, sparking concerns from the international community. The move is seen as a potential provocation, as the country has been accused of using satellite launches as a cover for missile tests. The United Nations has called for restraint and diplomatic efforts to resolve the situation peacefully.",World
"North Korea has announced plans to launch a new satellite in the coming weeks, sparking concern among international leaders. The move is seen as a potential provocation, as the country has been accused of using satellite launches as a cover for missile tests. The United States and other nations have called for restraint and dialogue, but tensions remain high. #NorthKorea #SatelliteLaunch #InternationalTensions",World
"Tesla announces plans to expand its electric vehicle production capacity by 50% in the next year, as demand for the company's cars continues to grow. The move is expected to create new jobs and boost the economy in the regions where the new factories will be located. #Tesla #ElectricVehicles #Jobs #Economy",Business
"Sales at Amazon surge 20% in Q4, driven by holiday season demand",Business
New AI Algorithm Can Predict Medical Diagnosis with 90% Accuracy,Sci/Tech
"Sales of electric vehicles in the US have surged in the past year, with Tesla leading the charge. According to a new report, Tesla's sales have increased by 50% in the past 12 months, with the company selling over 100,000 electric vehicles in the US alone. This growth is driven by a combination of factors, including government incentives, falling battery costs, and increasing consumer demand for sustainable transportation. Other automakers are also seeing increased demand for electric vehicles, with some predicting that electric cars will make up a quarter of all new car sales by 2025.",Business
Lionel Messi scores hat-trick in Barcelona's victory over Real Madrid,Sports
Samsung unveils new smartphone with AI-powered camera,Business
Lionel Messi scores hat-trick as Barcelona beats Real Madrid 3-2 in El Clásico,Sports
Sony announces new AI-powered smartphone lineup,Business
Just In: Amazon to Acquire Netflix in Blockbuster Deal,Business
Lebron James sets new NBA record for most career points scored,Sports
Stock market sees record highs as tech stocks soar,Business
"The ongoing conflict in Ukraine has reached a boiling point, with both sides accusing each other of aggression. The situation has escalated to the point where international intervention is being considered. Meanwhile, the humanitarian crisis in Yemen continues to worsen, with millions of people in need of aid. In Africa, the Ebola outbreak in the Democratic Republic of Congo is showing no signs of slowing down, with new cases reported daily. And in the Middle East, tensions between Israel and Palestine remain high, with both sides engaging in provocative actions. These are just a few of the many pressing global issues that are demanding attention and action from world leaders.",World
"The ongoing conflict in Ukraine has entered its fifth year, with no end in sight. The situation has resulted in thousands of deaths, injuries, and displacement of people. The international community has imposed sanctions on Russia for its involvement in the conflict, but the situation remains unresolved. #Ukraine #Conflict #PeaceEfforts",World
"The ongoing conflict in Ukraine has escalated tensions between Russia and the West. The United States has imposed new sanctions on Moscow, while Russia has accused the US of meddling in its affairs. The situation remains volatile, with both sides refusing to back down.",World
LeBron James sets new NBA scoring record in Lakers' win,Sports
Lionel Messi scores hat-trick in Barcelona's win over Real Madrid,Sports
"Researchers at MIT have developed a new AI algorithm that can detect and diagnose diseases with greater accuracy than current methods. The algorithm uses a combination of machine learning and medical imaging to identify patterns in medical data that can indicate the presence of a disease. The technology has the potential to revolutionize healthcare by improving diagnosis and treatment, and could eventually lead to personalized medicine. #SciTech #Healthcare",Sci/Tech
Lionel Messi scores hat-trick in Barcelona's thrilling win over Real Madrid,Sports
Researchers at MIT have developed a new AI algorithm that can detect and diagnose diseases with unprecedented accuracy. The algorithm uses a combination of machine learning and medical imaging to identify diseases such as cancer and Alzheimer's. The technology has the potential to revolutionize the field of medicine and improve patient outcomes. #SciTech #AI #Medicine,Sci/Tech
"Researchers at MIT have developed a new AI algorithm that can detect and diagnose medical conditions with greater accuracy than human doctors. The algorithm uses a combination of machine learning and natural language processing to analyze patient data and medical records, and could potentially revolutionize the way medical diagnoses are made. #SciTech #AI #MedicalDiagnosis",Sci/Tech
Global stock markets experience record highs as investors remain optimistic about economic growth. #Business #StockMarket #Economy,Business
Sales of electric vehicles surge as consumers turn to eco-friendly options,Business
"Sales of electric vehicles are soaring as consumers increasingly prioritize sustainability. Tesla, the leading electric vehicle manufacturer, has seen a 50% increase in sales this quarter. The company's innovative technology and strong brand positioning have helped it maintain its market leadership. Other automakers are also seeing increased demand for electric vehicles, as consumers become more environmentally conscious and governments offer incentives for eco-friendly transportation.",Business
"North Korea has announced plans to launch a new satellite next month, despite international concerns about the move. The launch is expected to take place at the Sohae Satellite Launching Ground on the country's eastern coast. The satellite, known as the Kwangmyongseong-2, is intended for peaceful purposes, but the move has raised eyebrows among diplomats and security experts. The launch comes as tensions between North Korea and the US remain high following a series of missile tests and military drills by both sides.",World
"Researchers have developed a new AI algorithm that can generate realistic images of medical conditions, such as tumors, with unprecedented accuracy. The algorithm uses a combination of machine learning and computer vision techniques to analyze medical scans and generate detailed images of the conditions. This could revolutionize the field of medical imaging and improve diagnosis and treatment of diseases. #AI #MedicalImaging #HealthTech",Sci/Tech
Google Announces New AI-Powered Tools for Small Business Owners,Business
"Researchers at MIT have developed a new AI algorithm that can generate realistic images of objects and scenes, even when the underlying data is incomplete or corrupted. The algorithm, called 'Deep Image Synthesis', has potential applications in fields such as healthcare, entertainment, and security. #AI #SciTech",Sci/Tech
LeBron James sets new record in NBA finals,Sports
"Researchers at MIT have developed a new AI algorithm that can predict the spread of infectious diseases with unprecedented accuracy. The algorithm uses machine learning techniques to analyze data from various sources, including medical records, weather patterns, and human behavior, to identify patterns that can help prevent the spread of diseases. The team believes that this technology could be a game-changer in the fight against infectious diseases, and could potentially save millions of lives. #SciTech #AI #DiseasePrevention",Sci/Tech
Sales of electric vehicles surge as consumers turn to eco-friendly options,Business
"Researchers at MIT have developed a new AI algorithm that can generate realistic images of objects and scenes, even when the objects are not present in the training data. The algorithm uses a combination of generative adversarial networks and reinforcement learning to generate high-quality images that are virtually indistinguishable from real-world photos. The implications of this technology are vast, from creating realistic virtual environments for video games and movies to generating realistic images of objects and scenes for use in fields such as architecture and product design. #SciTech #AI #GenerativeAlgorithms",Sci/Tech
"Researchers at MIT have developed a new AI algorithm that can predict the spread of infectious diseases with unprecedented accuracy. The algorithm uses a complex network of mathematical models and machine learning techniques to analyze real-time data from various sources, including patient reports, medical records, and social media. The system is already being used in several countries to help contain outbreaks and prevent the spread of diseases. #SciTech #AI #PublicHealth",Sci/Tech
"The ongoing conflict in Ukraine has entered its fifth year, with no end in sight. The situation has deteriorated significantly since the last major ceasefire attempt in 2019, with both sides accusing each other of aggression and violations of the peace deal. The humanitarian situation in the conflict zone remains dire, with millions of people in need of aid and hundreds of thousands displaced. The international community has been unable to find a lasting solution to the crisis, with the United States and European Union imposing new sanctions on Russia and Ukraine respectively. The situation remains volatile and unpredictable, with the risk of further escalation and a potential wider conflict in the region. ",World
"News.com reports in the article: Microsoft fixes date for desktop search tool, that the company will offer up a beta release of a desktop search by the end of this year.",Sci/Tech
Tesla's stock soars after announcing plans to expand its solar panel production.,Business
"North Korea has announced that it has successfully tested a new ballistic missile, raising tensions in the region. The missile, known as the Hwasong-14, is believed to have a range of over 10,000 kilometers and is capable of reaching targets as far away as the United States. The test comes just days after the UN Security Council imposed new sanctions on North Korea in response to its recent nuclear test. The international community has expressed concern over North Korea's continued development of its nuclear program, with some calling for more severe sanctions.",World
"Lionel Messi's record-breaking goal in the Champions League final has left fans in awe. The Barcelona star's 500th career goal, which he scored in the 89th minute of the game, has cemented his place as one of the greatest soccer players of all time. The goal was met with thunderous applause from the crowd and his teammates, who were overjoyed to see their leader break the record. Messi's achievement is a testament to his dedication and hard work, and he continues to inspire fans around the world with his incredible skills and sportsmanship.",Sports
Lionel Messi scores hat-trick in Barcelona's win over Real Madrid,Sports
LeBron James leads Lakers to thrilling victory over Mavericks,Sports
"North Korea has announced that it has successfully conducted a test launch of a new ballistic missile, despite international condemnation. The missile, known as the Hwasong-14, is believed to be capable of reaching the United States mainland. The United Nations Security Council has scheduled an emergency meeting to discuss the situation. #NorthKorea #BallisticMissile #InternationalCondemnation",World
"Researchers have developed a new AI algorithm that can detect and diagnose diseases with greater accuracy than current methods. The algorithm uses a combination of machine learning and natural language processing to analyze medical records and identify patterns that indicate specific diseases. The technology has the potential to revolutionize healthcare by improving diagnosis and treatment, and could save countless lives. #SciTech #MedicalResearch",Sci/Tech
Apple announces new iPhone with advanced AI features,Business
Samsung unveils new line of smartphones with advanced AI features,Business
"Researchers have developed a new AI algorithm that can detect and diagnose diseases more accurately than human doctors. The algorithm uses a combination of machine learning and medical imaging to identify early signs of illness. According to the study, the algorithm was able to detect diseases such as cancer and diabetes with an accuracy rate of 90%. This could revolutionize the way doctors diagnose and treat diseases, improving patient outcomes and saving lives. #SciTech #AI #Medicine",Sci/Tech
"Puerto Rican wrestler Mabel Fonseca tested positive for a steroid in an initial doping test, a wrestling official said Saturday. Michel Dusson, secretary general of the International ",Sports
Lionel Messi scores hat-trick as Barcelona beats Real Madrid 3-2 in El Clásico,Sports
Microsoft unveils new AI-powered tool for businesses,Business
"The global economy is experiencing a period of unprecedented growth, with major corporations reporting record profits and stock prices reaching new heights. However, experts are warning of a potential bubble, as the market's reliance on low-interest rates and central bank intervention may lead to a crash in the near future. In other news, a new study has found that automation and artificial intelligence are transforming the job market, with many positions becoming obsolete and new ones being created in fields such as data science and machine learning. Meanwhile, the retail industry is facing a major shake-up, with online shopping and e-commerce platforms threatening the traditional brick-and-mortar model.",Business
"North Korea conducts ballistic missile test, sparking concern in the international community",World
Lionel Messi scores hat-trick in Barcelona's win over Real Madrid,Sports
S&P 500 reaches new high as tech stocks surge,Business
"The tech industry is booming, with new startups emerging left and right. But what does it take to succeed in this competitive field? In this article, we explore the key factors that successful tech entrepreneurs attribute to their success.",Business
"Researchers have developed a new AI algorithm that can detect and diagnose diseases with greater accuracy than current methods. The algorithm uses a combination of machine learning and natural language processing to analyze medical records and identify patterns that indicate specific diseases. The technology has the potential to revolutionize healthcare by improving diagnosis and treatment, and could save countless lives in the future.",Sci/Tech
"Researchers at MIT have developed a new AI algorithm that can analyze medical images with unprecedented accuracy. The algorithm, called DeepMedic, uses deep learning techniques to identify subtle patterns in medical images that were previously undetectable by human doctors. This breakthrough could revolutionize the field of medicine and improve patient outcomes. #DeepMedic #AI #MedicalImaging",Sci/Tech
Trend Micro will become the latest major anti-virus software company to provide protection against mobile phone viruses with the release today of Trend Micro Mobile Security 1.0.,Sci/Tech
Lionel Messi scores hat-trick in Barcelona's win over Real Madrid,Sports
Researchers have developed a new AI algorithm that can detect and diagnose diseases more accurately than human doctors. The algorithm uses machine learning to analyze medical images and identify patterns that are indicative of specific diseases. The technology has the potential to revolutionize healthcare by improving diagnosis accuracy and reducing the need for invasive procedures. #SciTech #AI #Medicine,Sci/Tech
"Researchers have developed a new AI algorithm that can detect and diagnose diseases with greater accuracy than current methods. The algorithm uses a combination of machine learning and natural language processing to analyze medical records and identify patterns that indicate specific diseases. The technology has the potential to revolutionize healthcare by improving diagnosis and treatment, and could potentially save thousands of lives each year. #AI #healthcare #medicalresearch",Sci/Tech
PC World - New 46-inch LCD is just one of eight flat-panel models launched this week.,Sci/Tech
"Researchers at MIT have developed a new AI algorithm that can generate realistic images of objects and scenes, even when only given a verbal description. The algorithm, called 'Text-to-Image Synthesis', has potential applications in fields such as entertainment, advertising, and e-commerce. Learn more about the technology and its implications in our latest article.",Sci/Tech
"Researchers at MIT have developed a new AI algorithm that can create realistic virtual environments for training purposes. The algorithm, called Virtual Fixtures, uses computer vision and machine learning to generate realistic objects and scenes, allowing for more immersive and effective training experiences. The technology has potential applications in fields such as medicine, aviation, and the military. #SciTech #AI",Sci/Tech
"Sales of electric vehicles are surging as consumers increasingly prioritize sustainability. Tesla, the leading electric vehicle manufacturer, saw a 30% increase in sales last quarter. The company's CEO, Elon Musk, attributes the growth to a combination of increased demand and improved production efficiency. Other automakers are following suit, with many announcing plans to invest heavily in electric vehicle production. Despite the growth, some analysts express concern about the high cost of electric vehicles and their limited range, which may limit their appeal to some consumers.",Business
"Markets soar on central bank stimulus, investors pounce on value stocks",Business
Lionel Messi scores hat-trick in Barcelona's thrilling victory over Real Madrid,Sports
"The ongoing trade war between the US and China shows no signs of abating, with both sides refusing to back down. The US has recently imposed new tariffs on $300 billion worth of Chinese goods, while China has retaliated with tariffs on $75 billion worth of US products. The tensions have also spilled over into the tech sector, with the US blacklisting Huawei and several other Chinese companies, and China responding by imposing restrictions on US tech firms. The situation has raised concerns about the potential for a full-blown trade war and its impact on the global economy.",World
"The ongoing conflict in Ukraine has resulted in a significant increase in human rights violations, with reports of torture, forced disappearances, and restrictions on civil liberties. The international community has called for an immediate ceasefire and negotiations to resolve the conflict peacefully. #Ukraine #HumanRights #Conflict",World
Lionel Messi scores hat-trick in Barcelona's win over Real Madrid,Sports
"Markets surge on central bank stimulus, Wall Street rallies",Business
"Researchers at MIT have developed a new AI algorithm that can detect and diagnose diseases more accurately than current methods. The algorithm uses a combination of machine learning and medical imaging to identify subtle patterns in medical scans that are indicative of disease. The team hopes to use the algorithm to improve early disease detection and treatment, potentially saving countless lives. #SciTech #MedicalResearch",Sci/Tech
"Researchers at MIT have developed a new AI algorithm that can identify and track individual cells in real-time, opening up new possibilities for medical research and treatment. The algorithm uses advanced computer vision techniques and machine learning to analyze video footage of cells and identify their movements and behaviors. The implications for cancer research and drug development are vast, as this technology could potentially allow for more targeted and effective treatments. #SciTech #MedicalResearch",Sci/Tech
"The ongoing conflict in Ukraine has entered its fifth year, with no end in sight. The situation has resulted in thousands of deaths, injuries, and displacement of people, with no clear resolution in sight. The international community has been unable to reach a lasting peace agreement, with tensions between Russia and the West remaining high. Meanwhile, the humanitarian crisis in the region continues to worsen, with many civilians struggling to access basic necessities like food, water, and shelter. The situation in Ukraine is a stark reminder of the ongoing challenges and complexities of international relations and the need for sustainable peacebuilding strategies.",World
Rise in global tensions as US-Iran conflict escalates,World
Sales of electric vehicles surge as consumers turn to eco-friendly options,Business
China and the US are in a trade war. Tariffs are being imposed on each other's goods. The situation is escalating and experts warn it could lead to a global economic downturn.,World
Lionel Messi scores hat-trick as Barcelona beats Real Madrid in El Clásico,Sports
Researchers at MIT have developed a new AI algorithm that can analyze medical images with unprecedented accuracy. The algorithm uses a combination of deep learning and traditional computer vision techniques to detect subtle patterns in medical images that were previously undetectable. This breakthrough has the potential to revolutionize the field of medical imaging and improve patient outcomes. #AI #MedicalImaging #HealthTech,Sci/Tech
"Researchers at MIT have developed a new AI algorithm that can analyze medical images with unprecedented accuracy. The algorithm uses a combination of machine learning and computer vision techniques to detect subtle patterns in medical images, such as tumors or other abnormalities. The technology has the potential to revolutionize the field of medical imaging and improve patient outcomes. #SciTech #MedicalImaging",Sci/Tech
S&P 500 reaches record high as tech stocks surge,Business
Lebron James breaks record for most career playoff points,Sports
"Researchers at MIT have developed a new AI algorithm that can generate realistic images of objects and scenes, even when the objects are not present in the training data. The algorithm uses a technique called 'generative adversarial networks' to create the images, which could have applications in fields such as entertainment, advertising, and product design. #SciTech #AI #Imaging",Sci/Tech
Samsung unveils new flagship smartphone with cutting-edge AI features,Business
LeBron James leads Lakers to dominant victory over rival team,Sports
Markets surge on positive economic data,Business
Microsoft announces new AI-powered chatbot for customer service,Business
Samsung unveils new flagship smartphone with cutting-edge technology,Business
Microsoft announces new AI-powered chatbot for customer service,Business
LeBron James leads Lakers to thrilling victory over rival team,Sports
Microsoft acquires Activision Blizzard in $68.7 billion deal,Business
"Lionel Messi's record-breaking goal in the Champions League final has left fans in awe. The Argentine forward scored twice in Barcelona's 3-0 victory over Slavia Prague, taking his tally to 77 goals in the competition. Messi's performance has cemented his status as one of the greatest footballers of all time.",Sports
"Researchers at MIT have developed a new AI algorithm that can generate realistic images of objects and scenes. The algorithm uses a combination of generative adversarial networks and convolutional neural networks to generate images that are virtually indistinguishable from real-world photos. The potential applications of this technology are vast, from creating realistic virtual environments for training and education to generating realistic images for advertising and entertainment. #SciTech #AI #GenerativeAlgorithms",Sci/Tech
U.S. and China Trade Tensions Escalate,World
"Researchers have developed a new AI algorithm that can detect and diagnose diseases more accurately than human doctors. The algorithm uses machine learning to analyze medical images and identify patterns that are indicative of specific conditions. The study found that the algorithm was able to diagnose diseases with an accuracy of 90%, outperforming human doctors who achieved an accuracy of 80%. This breakthrough could revolutionize the way doctors diagnose and treat diseases, improving patient outcomes and reducing healthcare costs.",Sci/Tech
LeBron James leads Lakers to thrilling victory over Golden State,Sports
"Researchers have developed a new AI algorithm that can generate realistic images of medical conditions, such as tumors, with unprecedented accuracy. The algorithm uses a combination of machine learning and computer vision techniques to create detailed images of the disease, which could potentially revolutionize the field of medical imaging. #SciTech #AI #MedicalImaging",Sci/Tech
"Researchers at MIT have developed a new AI algorithm that can generate realistic images of medical conditions, such as tumors, without the need for expensive medical scans. The algorithm uses a combination of machine learning and generative adversarial networks to create detailed images of the condition, which could potentially revolutionize the field of medical imaging. #SciTech #AI #MedicalImaging",Sci/Tech
Researchers have developed a new AI algorithm that can detect and diagnose diseases with unprecedented accuracy. The algorithm uses a combination of machine learning and natural language processing to analyze medical records and identify potential health issues. The technology has the potential to revolutionize the field of medicine and improve patient outcomes. #AI #medicine #health,Sci/Tech
"Researchers at MIT have developed a new AI algorithm that can analyze medical images with unprecedented accuracy. The algorithm, which uses a combination of machine learning and computer vision techniques, can detect subtle patterns in medical images that were previously undetectable. This breakthrough could lead to earlier diagnosis and treatment of diseases such as cancer and Alzheimer's. #AI #MedicalImaging #HealthTech",Sci/Tech
LeBron James leads Lakers to dominant victory over rival team,Sports
"Researchers at MIT have developed a new AI algorithm that can generate realistic images of medical conditions, such as tumors, with unprecedented accuracy. The algorithm uses a combination of machine learning and computer vision techniques to create detailed, 3D models of the conditions, which could revolutionize the field of medical imaging. #SciTech #MedicalImaging",Sci/Tech
"China and the US are engaged in a trade war, with both sides imposing tariffs on each other's goods. The ongoing conflict has raised concerns about the impact on global trade and the economy.",World
Sears to Close 96 Stores as Sales Continue to Decline,Business
LeBron James leads Lakers to thrilling victory over Mavericks,Sports
Researchers at MIT have developed a new AI algorithm that can detect and track individual cells in real-time. The algorithm uses a combination of machine learning and computer vision to analyze videos of cells and identify their movements and behaviors. The technology has potential applications in fields such as cancer research and drug development.,Sci/Tech
Lionel Messi scores hat-trick in Barcelona's thrilling victory over Real Madrid,Sports
Lionel Messi scores hat-trick as Barcelona beats Real Madrid 3-2 in El Clásico,Sports
Lionel Messi scores hat-trick in Barcelona's thrilling victory over Real Madrid,Sports
"NASA's new space telescope has captured stunning images of the universe, including distant galaxies and stars. The James Webb Space Telescope, launched in October, has already exceeded expectations with its advanced technology and sharp vision. Scientists are hailing it as a major breakthrough in the field of astrophysics.",Sci/Tech
Lionel Messi scores hat-trick in Barcelona's win over Real Madrid,Sports
"Researchers at MIT have developed a new AI algorithm that can detect and diagnose diseases with unprecedented accuracy. The algorithm uses a combination of machine learning and medical imaging to identify early signs of illness, potentially saving countless lives. #SciTech #Healthcare",Sci/Tech
"The ongoing conflict in Ukraine has entered its fifth year, with no end in sight. The situation has resulted in the deaths of thousands of civilians and soldiers, as well as the displacement of millions. The international community has imposed sanctions on Russia for its actions, but these have had limited impact. The situation remains dire, with both sides dug in and no clear path to a peaceful resolution. #World #Conflict #Ukraine",World
Lionel Messi scores hat-trick in Barcelona's win over Real Madrid,Sports
Lionel Messi scores hat-trick in Barcelona's win over Real Madrid,Sports
Samsung unveils new line of smartphones with cutting-edge technology,Business
"The ongoing conflict in Ukraine between Ukrainian government forces and Russian-backed separatists has escalated, with both sides accusing each other of aggression. The situation has raised concerns of a wider conflict in the region and has led to a significant increase in military mobilization. Meanwhile, the international community has called for a peaceful resolution to the crisis, with the United States and European Union imposing new sanctions on Russia in response to its actions.",World
"The ongoing conflict in Ukraine has escalated tensions between Russia and the West. The United States has imposed new sanctions on Moscow, while Russia has accused the US of meddling in its affairs. The situation remains volatile, with both sides refusing to back down.",World
"Researchers at MIT have developed a new AI algorithm that can generate realistic images of objects and scenes, without requiring any actual images as input. The algorithm, called 'Deep Image Synthesis', uses a combination of generative adversarial networks (GANs) and convolutional neural networks (CNNs) to create highly realistic images that are virtually indistinguishable from real-world photographs. The implications of this technology are vast, with potential applications in fields such as entertainment, advertising, and even medical imaging. #AI #SciTech #DeepLearning",Sci/Tech
Lionel Messi scores hat-trick in Barcelona's 5-0 win over Levante,Sports
"Researchers at MIT have developed a new AI algorithm that can detect and diagnose diseases with unprecedented accuracy. The algorithm uses a combination of machine learning and medical imaging to identify early signs of illness, potentially saving countless lives. #SciTech #AI #Medicine",Sci/Tech
"Researchers at MIT have developed a new AI algorithm that can analyze medical images with unprecedented accuracy. The algorithm, which uses a combination of machine learning and computer vision techniques, can detect subtle patterns in medical images that were previously undetectable by human doctors. This could lead to earlier diagnosis and treatment of diseases, improving patient outcomes. #SciTech #MedicalImaging #AI",Sci/Tech
Samsung unveils new line of smartphones with cutting-edge technology,Business
"North Korea conducts new missile test, raising tensions in the region",World
Researchers have developed a new AI algorithm that can detect and classify different types of cancerous cells with unprecedented accuracy. The algorithm uses a combination of machine learning and computer vision techniques to analyze images of cancerous cells and identify their unique characteristics. This breakthrough could lead to earlier detection and more effective treatment of cancer. #cancer #AI #medicine,Sci/Tech
Global stock markets experience turbulence as investors react to geopolitical tensions,Business
Microsoft announces new AI-powered chatbot for customer service,Business
Samsung unveils new flagship smartphone with cutting-edge AI features,Business
"Researchers at MIT have developed a new AI algorithm that can generate realistic images of medical conditions, such as tumors, with unprecedented accuracy. The algorithm uses a combination of machine learning and computer vision techniques to create detailed images that can help doctors diagnose and treat diseases more effectively. The technology has the potential to revolutionize the field of medical imaging and improve patient outcomes.",Sci/Tech
Syrian Refugees Face New Challenges in Europe,World
Researchers at MIT have developed a new AI algorithm that can detect and diagnose diseases with greater accuracy than ever before. The algorithm uses a combination of machine learning and medical imaging to identify subtle patterns in medical scans that could indicate the presence of a disease. The team plans to test the algorithm on a large dataset of medical images to further refine its accuracy. #SciTech #MedicalImaging #AI,Sci/Tech
U.S. and China Trade Tensions Escalate,World
"Researchers at MIT have developed a new AI algorithm that can detect and diagnose diseases with unprecedented accuracy. The algorithm uses a combination of machine learning and medical imaging to identify early signs of illness, potentially saving countless lives. #SciTech #AI #Medicine",Sci/Tech
"Researchers at MIT have developed a new AI algorithm that can generate realistic virtual environments for training purposes. The algorithm uses a combination of computer vision and machine learning techniques to create detailed, immersive environments that mimic real-world scenarios. The technology has potential applications in fields such as medicine, military training, and video game development. #SciTech #AI #VirtualReality",Sci/Tech
NASA's Artemis program aims to send the first woman and the next man to the lunar surface by 2024. The program also includes plans to establish a sustainable presence on the Moon and to use it as a stepping stone for further human exploration of the solar system. #NASA #ArtemisProgram #MoonExploration,Sci/Tech
"Researchers at MIT have developed a new AI algorithm that can analyze medical images with unprecedented accuracy. The algorithm, called DeepMedic, uses a combination of convolutional neural networks and transfer learning to identify subtle patterns in medical images that were previously undetectable by human doctors. The breakthrough could lead to earlier detection and treatment of diseases such as cancer, and could potentially save thousands of lives. #SciTech #MedicalImaging #AI",Sci/Tech
"Solving the nation #39;s spam problem will require a balancing act, legal and privacy experts said today in Washington, DC, at a meeting sponsored by the Federal Trade Commission.",Sci/Tech
"The ongoing conflict in Ukraine has escalated tensions between Russia and the West. The US has imposed new sanctions on Russia, while Russia has accused the US of meddling in its affairs. The situation remains fluid and volatile, with no clear resolution in sight.",World
"Researchers have developed a new AI algorithm that can predict the spread of diseases with unprecedented accuracy. The algorithm uses machine learning techniques to analyze data from past outbreaks and identify patterns that can help prevent future ones. According to the study's authors, this could be a game-changer in the fight against infectious diseases. #AI #DiseasePrevention #SciTech",Sci/Tech
Lionel Messi scores hat-trick in Barcelona's 3-0 win over Real Madrid,Sports
Google to Acquire Meta for $40 Billion in Blockbuster Deal,Business
Stock market sees record highs on strong earnings reports,Business
Lionel Messi scores hat-trick as Barcelona beats Real Madrid in El Clásico,Sports
LeBron James leads Lakers to thrilling victory in NBA Finals,Sports
"Apple's new iPhone sales have slowed down, amidst increasing competition from Chinese smartphone brands. The company is expected to launch new products in the coming months to boost sales. #Apple #iPhone #SlowSales",Business
THE Australian Rugby Union has been swamped with inquiries from high-profile players here and overseas interested in joining the new Super 14 franchise in 2006.,Sports
The Giants coughed up three straight second-quarter turnovers and dissolved in a torrent of penalties in a baffling loss at Giants Stadium.,Sports
WASHINGTON - The Senate Judiciary Committee heard this morning from one of its own about some of the problems with airline ''no fly'' watch lists. Sen...,World
Lebron James sets new record in NBA finals,Sports
"Apple's new iPhone sales disappoint, stock tanks",Business
Microsoft unveils new AI-powered chatbot for customer service,Business
Global market volatility continues as investors react to geopolitical tensions and economic uncertainty. Stock markets plunge as trade tensions between US and China escalate. Tech giants see significant losses as investors reassess their growth prospects. #business #markets #investing,Business
Lionel Messi scores hat-trick in Barcelona's thrilling win over Real Madrid,Sports
"Researchers at MIT have developed a new AI algorithm that can generate realistic images of medical conditions, such as tumors, with unprecedented accuracy. The algorithm uses a combination of machine learning and medical imaging techniques to create detailed, 3D models of the conditions, which could potentially revolutionize the field of medicine. #SciTech #MedicalImaging",Sci/Tech
"The ongoing conflict in Ukraine between Ukrainian government forces and Russian-backed separatists has entered its sixth year, with no clear end in sight. The situation remains tense, with both sides accusing each other of aggression and violations of ceasefire agreements. The conflict has caused significant human suffering, with thousands of deaths and displacement of civilians. International efforts to resolve the conflict have so far been unsuccessful, with the United Nations and other organizations struggling to provide aid and protection to those affected. The situation remains a major concern for global stability and security.",World
"The ongoing conflict in Ukraine between Ukrainian government forces and Russian-backed separatists has escalated, with both sides accusing each other of aggression. The situation has raised concerns of a wider conflict in the region and has led to a significant increase in tensions between Russia and the West. #Ukraine #Russia #Conflict #Tensions",World
"The ongoing conflict in Ukraine has resulted in a significant increase in tensions between Russia and the West. The United States and European Union have imposed sanctions on Russia, while Russia has accused the West of meddling in its affairs. The situation remains volatile and poses a threat to global security.",World
Microsoft unveils new AI-powered tools for small businesses,Business
Stock markets surge on positive economic data,Business
Motorsport.com. Rubens Barrichello finally got the win he has been waiting for when he led Michael Schumacher across the line to take a Ferrari one-two at the Italian Grand Prix.,Sports
Lionel Messi scores hat-trick in Barcelona's win over Real Madrid,Sports
"Researchers at MIT have developed a new AI algorithm that can generate realistic virtual environments for training purposes. The algorithm uses a combination of computer vision and machine learning techniques to create highly realistic virtual environments that can be used for training purposes in various industries, including military, healthcare, and transportation. The algorithm has the potential to revolutionize the way we train for complex tasks, reducing the need for expensive and time-consuming real-world training exercises. #SciTech #AI #VirtualReality",Sci/Tech
Microsoft unveils new AI-powered tool to streamline business operations,Business
"AI technology has made a breakthrough in the field of healthcare. Researchers have developed an AI-powered diagnostic tool that can detect diseases such as cancer and diabetes with a high degree of accuracy. The tool uses a combination of machine learning algorithms and medical imaging techniques to analyze patient data and identify potential health issues. This could revolutionize the way doctors diagnose and treat diseases, making healthcare more efficient and effective. #AI #healthcare #medicalinnovation",Sci/Tech
Sony announces new line of smartphones with advanced AI features,Business
Stock markets see record highs on positive economic signs,Business
"Shares of InPhonic Inc., a Washington reseller of wireless service and telephones over the Internet, rose 26 percent Tuesday on their first day of trading..&lt;br&gt;&lt;FONT face=''verdana,MS Sans Serif,arial,helvetica'' size=''-2'' color=''#666666''&gt;&lt;B&gt;-The Washington Post&lt;/B&gt;&lt;/FONT&gt;",Sci/Tech
"Apple announces new product lineup, includes updated iPhone and iPad models",Business
Lionel Messi scores hat-trick in Barcelona's win over Real Madrid,Sports
Microsoft unveils new AI-powered tool to streamline business operations,Business
Researchers have developed a new AI algorithm that can predict the spread of diseases with unprecedented accuracy. The algorithm uses machine learning techniques to analyze data from past outbreaks and identify patterns that can help prevent future ones. The team believes that their discovery could save countless lives and prevent economic losses in the billions. #AI #DiseasePrediction #Science,Sci/Tech
"Ukraine and Russia have reached a ceasefire agreement, ending the conflict in eastern Ukraine. The agreement was signed in Paris after marathon negotiations involving France, Germany, Russia, and Ukraine. The deal includes a withdrawal of heavy weapons and a commitment to political negotiations to resolve the conflict. The move is being hailed as a major step towards peace and stability in the region.",World
"The ongoing conflict in Ukraine between Ukrainian government forces and Russian-backed separatists has escalated, with both sides accusing each other of aggression. The situation has raised concerns of a wider conflict in the region and has led to a significant increase in military mobilization. International efforts to broker a peace deal have so far been unsuccessful.",World
"Researchers have developed a new AI algorithm that can detect and diagnose diseases with greater accuracy than human doctors. The algorithm uses a combination of machine learning and natural language processing to analyze medical records and identify patterns that can indicate a disease. The study has the potential to revolutionize healthcare by improving diagnosis and treatment, and could save countless lives in the future. #AI #healthcare #medicine",Sci/Tech
Markets soar as Dow Jones hits record high,Business
LeBron James breaks record for most career playoff points,Sports
"Researchers at MIT have developed a new AI algorithm that can generate realistic images of medical conditions, such as tumors, without the need for expensive medical scans. The algorithm uses a combination of machine learning and generative adversarial networks to create detailed images that are indistinguishable from real medical scans. This could potentially revolutionize the field of medicine by providing more accurate and affordable diagnoses. #SciTech #MedicalImaging",Sci/Tech
Lebron James sets new record in NBA finals,Sports
"The Internet Corporation for Assigned Names and Number, the organization named by the US government in 1998 to oversee policies over Internet addresses, gave a preliminary nod Monday to domain names targeting mobile services and the jobs ",Sci/Tech
CHICAGO (CBS.MW) -- Circuit City Stores shares plummeted 10 percent Monday after the nation #39;s No. 2 electronics retailer said that its third-quarter same-store sales fell 4.3 percent.,Business
Samsung unveils new flagship smartphone with cutting-edge AI features,Business
Lebron James sets new career scoring record in Lakers win,Sports
"The stock market saw a surge in activity today as investors reacted to news of a major acquisition in the tech industry. The deal, worth billions of dollars, is expected to shake up the market and create new opportunities for growth. #business #stockmarket #acquisition",Business
NATO leaders gather in Brussels for emergency meeting amid tensions with Russia,World
" TOKYO (Reuters) - Japanese camera and office equipment  maker Canon Inc. &lt;A HREF=''http://www.reuters.co.uk/financeQuoteLookup.jhtml?ticker=7751.T qtype=sym infotype=info qcat=news''&gt;7751.T&lt;/A&gt; said on Tuesday it would start  producing rear projection televisions later this year, aiming  to secure a chunk of the rapidly growing market for big screen  TVs.",Sci/Tech
Stock Market Sees Surge in Tech Stocks,Business
Researchers have developed a new AI algorithm that can detect and diagnose diseases more accurately than human doctors. The algorithm uses a combination of machine learning and natural language processing to analyze medical records and identify patterns that are indicative of specific diseases. The technology has the potential to revolutionize healthcare by improving diagnosis accuracy and reducing the need for costly and time-consuming medical tests.,Sci/Tech
Lionel Messi scores hat-trick in Barcelona's thrilling win over Real Madrid,Sports
New study reveals that automation could lead to major job losses in the manufacturing industry. Experts warn that up to 70% of jobs could be affected. #automation #jobloss #manufacturing,Business
"Stock markets around the world are experiencing a surge in activity as investors seek safe havens in the wake of geopolitical tensions. The Dow Jones Industrial Average reached a new high today, led by gains in tech stocks. The S&P 500 also hit a record high, driven by strong earnings reports from major companies. Investors are optimistic about the future of the global economy, despite concerns about the ongoing COVID-19 pandemic. #Business #StockMarket #Economy",Business
"Researchers at MIT have developed a new AI algorithm that can generate realistic images of objects and scenes, without requiring any actual photographs. The algorithm uses a combination of generative adversarial networks (GANs) and convolutional neural networks (CNNs) to learn the patterns and structures of real-world images, and can generate new images that are virtually indistinguishable from real-world ones. The potential applications of this technology are vast, including the creation of realistic virtual environments for training and education, the generation of realistic product images for e-commerce, and the creation of special effects for movies and television. #SciTech #AI #GenerativeAlgorithms",Sci/Tech
"Markets soar on positive economic data, investors optimistic about future growth.",Business
"Researchers at MIT have developed a new AI algorithm that can generate realistic images of medical conditions, such as tumors, without the need for expensive medical scans. The algorithm uses a combination of machine learning and generative models to produce high-quality images that are almost indistinguishable from real-world scans. This could potentially revolutionize the field of medical imaging, making it faster and cheaper to diagnose diseases and develop new treatments. #medicalimaging #AI #healthcare",Sci/Tech
Lionel Messi scores hat-trick in Barcelona's win over Real Madrid,Sports
Lionel Messi scores hat-trick in Barcelona's victory over Real Madrid,Sports
Lionel Messi scores hat-trick as Barcelona beats Real Madrid 3-2 in El Clásico,Sports
" TORONTO (Reuters) - New Internet-based technology could  soon turn regular computer users into armchair spies, a  Canadian inventor said on Monday.",Sci/Tech
"Researchers at MIT have developed a new AI algorithm that can generate realistic images of medical conditions, such as tumors, with unprecedented accuracy. The algorithm uses a combination of machine learning and generative adversarial networks to create detailed images of the disease, which could help doctors diagnose and treat conditions more effectively. The technology has the potential to revolutionize the field of medical imaging and improve patient outcomes. #medicalimaging #AI #healthtech",Sci/Tech
Lionel Messi scores hat-trick as Barcelona beats Real Madrid 3-1 in El Clásico,Sports
"Researchers have developed a new AI algorithm that can predict the spread of infectious diseases with unprecedented accuracy. The algorithm uses machine learning techniques to analyze data from various sources, including medical records, social media, and weather patterns. The study could have significant implications for public health policies and disease control measures. #AI #PublicHealth #DiseaseControl",Sci/Tech
"Amazon's new delivery drone takes flight, set to revolutionize last-mile delivery",Business
"AP - Accompanied by a warning that its missiles have the range, Iran on Tuesday said it would destroy Israel''s Dimona nuclear reactor if the Jewish state were to attack Iran''s nuclear facilities.",World
Sony announces new smartphone lineup with improved camera capabilities,Business
"The combined worldwide market for desktops, servers and packaged software running on Linux is forecast to grow at a 2003-2008 compound annual growth rate of 25.9 percent worldwide, reaching \$35.7 billion by 2008.",Sci/Tech
"North Korea has announced that it has successfully tested a new intercontinental ballistic missile, raising concerns among world leaders about the country's nuclear ambitions. The test, which was conducted on Saturday, was the latest in a series of provocative actions by the isolated regime. The United States, Japan, and South Korea have condemned the test and are working together to address the situation.",World
NATO leaders meet in Brussels to discuss Russia tensions,World
Apple unveils new iPhone with improved camera and faster charging,Business
Lionel Messi scores hat-trick in Barcelona's win over Real Madrid,Sports
Samsung unveils new line of smartphones with advanced AI features,Business
"The ongoing conflict in Ukraine has entered its fifth year, with no end in sight. The situation has deteriorated significantly, with both sides accusing each other of aggression and violations of ceasefire agreements. The humanitarian crisis has worsened, with millions of people in need of aid and millions more displaced. The international community has been unable to find a lasting solution, with tensions between Russia and the West remaining high. #Ukraine #Conflict #HumanitarianCrisis",World
Lionel Messi scores hat-trick as Barcelona beats Real Madrid 3-2 in El Clásico,Sports
Microsoft announces major AI-powered productivity tools for businesses,Business
Lionel Messi scores hat-trick in Barcelona's thrilling win over Real Madrid,Sports
Stock market sees record highs as investors remain optimistic about global economic growth. #Business #StockMarket #Economy,Business
"Researchers at MIT have developed a new AI algorithm that can generate realistic images of medical conditions, such as tumors, without the need for expensive medical scans. The algorithm uses a combination of machine learning and generative models to create detailed images that are indistinguishable from real medical images. This could potentially revolutionize the way medical conditions are diagnosed and treated, reducing the need for expensive and invasive procedures. #SciTech #AI #MedicalImaging",Sci/Tech
"North Korea conducts another nuclear test, defying international pressure",World
Lionel Messi scores hat-trick as Barcelona beats Real Madrid in El Clásico,Sports
"Researchers at MIT have developed a new AI algorithm that can analyze medical images with unprecedented accuracy. The algorithm, called DeepMedic, uses a combination of convolutional neural networks and transfer learning to identify subtle patterns in medical images that were previously undetectable by human doctors. With the ability to detect diseases such as cancer earlier and more accurately, DeepMedic has the potential to revolutionize the field of healthcare. #SciTech #AI #Healthcare",Sci/Tech
Samsung unveils new flagship smartphone with cutting-edge features,Business
U.S. and China to Hold High-Level Trade Talks Amidst Tariff Tensions,World
Microsoft announces new AI-powered chatbot for customer service,Business
Researchers at MIT have developed a new AI algorithm that can analyze medical images with unprecedented accuracy. The algorithm uses a combination of deep learning and traditional computer vision techniques to detect subtle patterns in the images that were previously undetectable by human doctors. This breakthrough could revolutionize the field of medical imaging and improve patient outcomes. #medicalimaging #AI #healthtech,Sci/Tech
"Apple's new iPhone sales are down 30% from last year, amidst growing competition from Chinese smartphone makers. The company is expected to launch new models in the fall to boost sales. #Apple #iPhone #smartphones",Business
"The ongoing conflict in Ukraine has reached a boiling point, with both sides accusing each other of aggression. The situation has escalated to the point where international intervention is being considered.",World
"The ongoing conflict in Ukraine has resulted in a significant increase in the number of refugees seeking asylum in Europe. The United Nations has called for an immediate ceasefire and humanitarian aid to be delivered to the affected areas. Meanwhile, the global economy is showing signs of slowing down, with major stock markets experiencing a decline in recent days. In other news, the United States and China have agreed to a phase one trade deal, which is expected to have a positive impact on the global economy. However, the deal has been met with criticism from some quarters, with concerns being raised about the potential impact on American jobs and the overall fairness of the agreement. In the meantime, the ongoing COVID-19 pandemic continues to be a major concern for people around the world, with new cases and hospitalizations on the rise in several countries.",World
"Oakland, CA (Sports Network) - The Oakland Athletics have acquired infielder Keith Ginter from the Milwaukee Brewers in exchange for pitcher Justin Lehr and outfielder Nelson Cruz.",Sports
LeBron James leads Lakers to dominant victory over rival team,Sports
New AI-powered chatbot to revolutionize customer service in the banking industry,Business
Apple unveils new iPhone with improved camera and faster charging,Business
"Stock markets around the world are experiencing a surge in trading activity as investors seek safe haven in the wake of geopolitical tensions. The Dow Jones Industrial Average hit a new high today, led by gains in tech stocks. Meanwhile, the S&P 500 and Nasdaq also reached record levels. Analysts say the recent volatility in global markets has created opportunities for savvy investors to make gains. However, some experts are warning of a potential bubble in the making, as investors pour money into riskier assets in search of higher returns. Stay tuned for the latest updates on the state of the global economy and the impact on financial markets.",Business
"The ongoing conflict in Ukraine has entered its fifth year, with no end in sight. The situation remains tense, with both sides accusing each other of aggression and violations of ceasefire agreements. The humanitarian situation in the conflict zone continues to deteriorate, with millions of people in need of aid. The international community has been unable to find a lasting solution to the crisis, with the UN calling for an immediate and comprehensive ceasefire. #UkraineConflict #PeaceProcess #HumanitarianCrisis",World
U.S. and China reach historic deal to reduce trade tensions,World
S&P 500 reaches new high as tech stocks surge,Business
LeBron James leads Lakers to thrilling victory over Celtics,Sports
"A man in Thailand has died of avian flu, the first human casualty in the country since the disease re-emerged in Asia in July, officials said Thursday.",World
"Researchers at MIT have developed a new AI algorithm that can generate realistic images of medical conditions, such as tumors, with 90% accuracy. This could potentially revolutionize the field of medical imaging and improve diagnosis rates. #SciTech #AI #MedicalImaging",Sci/Tech
Lebron James sets new career milestone with 100th triple-double,Sports
"This holiday the hottest new products for kids have one thing in common: They all interact with the tube, whether by means of sensors, radio-wave technology or the regular old TV remote control.",Sci/Tech
"Researchers at MIT have developed a new AI algorithm that can generate realistic images of medical conditions, such as tumors, without the need for expensive medical imaging equipment. The algorithm uses a combination of machine learning and generative adversarial networks to create detailed, 3D images of the body's internal structures. This could revolutionize the field of medical imaging and improve diagnosis accuracy.",Sci/Tech
"North Korea conducts another missile test, sparking concern among global leaders",World
Apple unveils new iPhone with improved camera and faster charging,Business
Reuters - Thai scientists began an investigation\Monday into what some conservationists believe could be the\world''s biggest case of ape smuggling -- nearly 100 orangutan\found in a Bangkok amusement park.,Sci/Tech
Google to Acquire Tesla in Blockbuster Deal,Business
"Apple's newest product launch has investors excited about the company's future prospects. The tech giant unveiled its latest line of iPhones, which feature improved cameras, faster processors, and a sleek new design. The company also announced plans to expand its services offerings, including a new credit card and a streaming service. Analysts are predicting that the new products will drive growth for the company in the coming quarter.",Business
"Sony Announces New Gaming Console, the PlayStation 6",Business
Sony announces new smartphone with advanced AI capabilities,Business
New AI algorithm can detect cancer cells in medical scans with 90% accuracy,Sci/Tech
"Researchers at MIT have developed a new AI algorithm that can generate realistic images of medical conditions, such as tumors, from medical scans. The algorithm uses a combination of machine learning and generative models to produce high-quality images that can help doctors diagnose diseases more accurately. The technology has the potential to revolutionize the field of medical imaging and improve patient outcomes. #SciTech #MedicalImaging",Sci/Tech
"The ongoing conflict in Ukraine has reached a boiling point, with both sides accusing each other of aggression. The situation has escalated to the point where international intervention is being considered.",World
Lionel Messi scores hat-trick as Barcelona beats Real Madrid in El Clásico,Sports
"The ongoing conflict in Ukraine between Ukrainian government forces and Russian-backed separatists has escalated, with both sides accusing each other of aggression. The situation has raised concerns of a wider conflict in the region, and the international community has called for a peaceful resolution. #Ukraine #Russia #Conflict",World
Samsung unveils new flagship smartphone with cutting-edge technology,Business
"After months waiting for Microsoft to give me a reason to remain loyal, I finally dumped Internet Explorer for the Firefox Web browser last week.",Sci/Tech
"U.S. and China reach historic trade deal, averting global economic crisis",World
"Researchers at MIT have developed a new AI algorithm that can generate realistic images of objects and scenes, even when the objects are not present in the training data. The algorithm uses a technique called 'image-to-image translation' to generate images that are indistinguishable from real-world photos. This breakthrough could have significant implications for industries such as entertainment, advertising, and e-commerce, where realistic images are crucial for success. #AI #SciTech #ImageGeneration",Sci/Tech
New AI Algorithm Could Revolutionize Cancer Treatment,Sci/Tech
LeBron James leads Lakers to thrilling victory over Celtics,Sports
"Researchers at MIT have developed a new AI algorithm that can predict the likelihood of a patient developing a specific disease based on their electronic health records. The algorithm uses machine learning to analyze large amounts of data and identify patterns that can help doctors make more informed decisions about a patient's care. According to the study, the algorithm was able to identify patients at high risk of developing certain diseases with an accuracy of 85%. This could lead to earlier interventions and better outcomes for patients.",Sci/Tech
Mass protests erupt in France against new security law,World
"North Korea conducts another nuclear test, sparking global concern and new sanctions from the UN. #NorthKorea #nucleartest #UN",World
"North Korea tests new ballistic missile, sparking concern among global leaders",World
"Markets surge on Federal Reserve rate cut, Dow Jones hits record high",Business
"North Korea conducts another nuclear test, defying international pressure and sanctions. The UN Security Council holds an emergency meeting to discuss the situation. #NorthKorea #nucleartest #UN",World
U.S. and China Trade Tensions Escalate,World
New study reveals that remote work can increase productivity by 25%,Business
"Lionel Messi's record-breaking goal in the Champions League final has left fans and analysts alike in awe. The Argentine forward's precision and skill on the pitch have made him one of the greatest soccer players of all time. As he leads his team, Barcelona, into the new season, fans are eagerly anticipating his next move.",Sports
"North Korea conducts another missile test, sparking concern among global leaders",World
Lionel Messi scores hat-trick as Barcelona beats Real Madrid in El Clásico,Sports
"The ongoing conflict in Ukraine has entered its fifth year, with no end in sight. The situation has worsened in recent months, with both sides accusing each other of aggression and violations of ceasefire agreements. The humanitarian situation in the region is dire, with millions of people in need of aid and support. The international community has been unable to find a lasting solution to the crisis, with tensions between Russia and the West remaining high. ",World
Apple announces new iPhone with improved camera and faster charging,Business
Sales of Electric Vehicles Surge Amidst Growing Demand for Sustainable Transportation,Business
LeBron James leads Lakers to thrilling victory over Warriors,Sports
Sony announces new line of high-end TVs with advanced AI features,Business
Samsung unveils new flagship smartphone with cutting-edge technology,Business
Stock market sees record highs as investors remain optimistic,Business
"The ongoing conflict in Ukraine has entered its fifth year, with no end in sight. The situation has deteriorated significantly, with both sides accusing each other of aggression and violations of ceasefire agreements. The humanitarian situation is dire, with millions of people in need of aid and millions more displaced. The international community has been unable to find a lasting solution, with the UN Security Council unable to agree on any meaningful action. The conflict continues to have far-reaching consequences, including the destabilization of the region and the rise of nationalist and authoritarian movements in neighboring countries.",World
"By MATTHEW FORDAHL    SAN JOSE, Calif. (AP) -- After years of battling Microsoft Corp...",Sci/Tech
Lionel Messi scores hat-trick as Barcelona beats Real Madrid 3-2 in El Clásico,Sports
"North Korea has announced plans to conduct a series of missile tests in the coming weeks, sparking concern among international leaders. The tests are seen as a challenge to the United Nations and the global community, and come as tensions between North Korea and the US remain high. The UN Security Council has scheduled an emergency meeting to discuss the situation and potential responses. #NorthKorea #UN #SecurityCouncil",World
The impact of AI on the future of work,Business
"NewsFactor - Retailers that saw impressive growth in year-over-year online sales during last year''s holiday season should not look for the same results this year, according to estimates by Forrester Research.",Sci/Tech
Researchers at MIT have developed a new AI algorithm that can analyze medical images with unprecedented accuracy. The algorithm uses a combination of machine learning and computer vision techniques to detect subtle patterns in medical images that were previously undetectable by human doctors. This breakthrough could revolutionize the field of medical imaging and improve patient outcomes. #medicalimaging #AI #healthtech,Sci/Tech
Researchers at MIT have developed a new AI algorithm that can identify and track individual cells in real-time. The breakthrough could revolutionize the field of biomedicine and lead to new treatments for diseases such as cancer. #SciTech #AI #Medicine,Sci/Tech
Samsung unveils new line of smartphones with improved cameras and AI capabilities,Business
"Researchers at MIT have developed a new AI algorithm that can generate realistic images of objects and scenes, even when the objects are not present in the training data. The algorithm uses a combination of generative models and reinforcement learning to create highly realistic images that are virtually indistinguishable from real-world examples. The implications of this technology are vast, with potential applications in fields such as entertainment, advertising, and even education. #AI #generativeart #imagerecognition",Sci/Tech
Sales of Electric Vehicles Reach New High as Consumers Embrace Sustainability,Business
Lebron James sets new record in NBA finals,Sports
"Researchers at MIT have developed a new AI algorithm that can generate realistic images of medical conditions, such as tumors, with 90% accuracy. This could revolutionize the field of medical imaging and improve diagnosis rates. #AI #medicalimaging #healthtech",Sci/Tech
Lionel Messi scores hat-trick in Barcelona's win over Real Madrid,Sports
Researchers have developed a new AI algorithm that can detect and diagnose diseases more accurately than current methods. The algorithm uses a combination of machine learning and natural language processing to analyze medical records and identify patterns that can indicate the presence of a disease. The study has the potential to revolutionize the field of medicine and improve patient outcomes. #AI #medicine #health,Sci/Tech
"The ongoing conflict in Ukraine has reached a boiling point, with both sides accusing each other of aggression. The situation has escalated to the point where the United Nations has called for an immediate ceasefire. Meanwhile, the global community is urging both sides to return to the negotiating table and find a peaceful solution.",World
Microsoft acquires Activision Blizzard in $68.7 billion deal,Business
Lionel Messi scores hat-trick in Barcelona's win over Real Madrid,Sports
Samsung unveils new flagship smartphone with cutting-edge AI features,Business
Lebron James sets new scoring record in NBA Finals,Sports
Researchers at MIT have developed a new AI algorithm that can detect and diagnose diseases with 90% accuracy. The algorithm uses a combination of machine learning and medical imaging to identify early signs of illness. Could this be the future of healthcare? #SciTech #Healthcare #AI,Sci/Tech
Lionel Messi scores hat-trick as Barcelona beats Real Madrid in El Clásico,Sports
U.S. and China Trade Tensions Escalate,World
Lebron James leads Lakers to thrilling victory over Knicks,Sports
"The ongoing conflict in Ukraine has entered its fifth year, with no end in sight. The situation has caused a significant humanitarian crisis, with millions of people displaced and in need of aid. The international community has been unable to reach a consensus on how to resolve the conflict, with tensions between Russia and the West remaining high. In other global news, the COVID-19 pandemic continues to spread, with new cases reported in several countries. The World Health Organization has warned of the potential for a global pandemic, and governments around the world are taking measures to contain the virus. In economic news, the global economy has shown signs of slowing down, with fears of a recession on the horizon. The US-China trade war has continued to escalate, with both sides imposing tariffs on each other's goods. In other news, the Amazon rainforest is facing unprecedented wildfires, with environmentalists warning of the devastating impact on the planet's biodiversity. The world is facing numerous challenges, and it remains to be seen how these issues will be addressed.",World
"North Korea conducts another nuclear test, sparking international condemnation and fears of escalating tensions on the peninsula. #NorthKorea #nucleartest #worldnews",World
Lionel Messi scores hat-trick as Barcelona beats Real Madrid 3-1 in El Clásico,Sports
Lionel Messi scores hat-trick as Barcelona beats Real Madrid 3-1 in El Clásico,Sports
Tesla's stock price soars after announcing plans to expand its electric vehicle production,Business
Syrian Refugees Face New Challenges in Europe,World
Researchers at MIT have developed a new AI algorithm that can detect and track individual cells in real-time. The algorithm uses a combination of computer vision and machine learning to analyze live cell imaging data and identify specific cellular behaviors. The breakthrough could lead to new insights into cellular biology and disease diagnosis. #SciTech #CellBiology,Sci/Tech
John Robertson has this morning been confirmed as the new Hearts manager. Mr Robertson #39;s arrival follows several days of negotiation with Inverness Caly Thistle over a compensation package for the Highland club.,Sports
"Researchers at MIT have developed a new AI algorithm that can create realistic virtual environments for training purposes. The algorithm uses a combination of computer vision and machine learning to generate 3D models of real-world environments, such as hospitals or factories, in a matter of minutes. This could revolutionize the way we train for complex tasks, such as surgery or emergency response, by allowing medical professionals and first responders to practice in realistic virtual scenarios without putting anyone in danger. #SciTech #AI #VirtualReality",Sci/Tech
"Stock markets around the world are experiencing a surge in growth as investors seek safe havens for their investments amidst geopolitical tensions. The Dow Jones Industrial Average has reached new heights, with tech stocks leading the way. Amazon's record-breaking quarterly earnings have investors optimistic about the future of the retail industry. Meanwhile, the ongoing competition between major players in the financial sector is heating up, with JPMorgan Chase and Goldman Sachs at the forefront of the battle for market share. Stay tuned for the latest updates on the business world's most important developments.",Business
Syrian refugees face new challenges in Europe,World
"The ongoing conflict in Ukraine between Ukrainian government forces and Russian-backed separatists has escalated, with both sides accusing each other of aggression. The situation has raised concerns of a wider conflict in Europe and has led to a significant increase in tensions between Russia and the West. #Ukraine #Russia #conflict",World
"The stock market saw a significant increase today, with tech stocks leading the way. Apple's stock price reached an all-time high, while Amazon and Google also saw notable gains. In other business news, the CEO of Tesla announced plans to expand the company's operations into new markets, including Europe and Asia. Meanwhile, the ongoing trade tensions between the US and China continue to impact global supply chains and business operations.",Business
"North Korea has announced that it has successfully tested a new ballistic missile, raising concerns about the country's nuclear program. The missile, known as the Hwasong-15, is believed to be capable of reaching the United States mainland. The test comes amid tensions between North Korea and the US, which have been escalating in recent months. The international community has condemned the test, with the UN Security Council set to hold an emergency meeting to discuss the situation. #NorthKorea #BallisticMissile #NuclearProgram",World
"Apple's new iPhone sales disappoint, stock plummets",Business
