text,label,requested_label
"Sony to Acquire Ericsson's Share in JV, Strengthening Mobile Phone Business",Business,Business
Lionel Messi scores hat-trick as Barcelona beats Real Madrid 3-2 in El Clásico,Sports,Sports
"SAN FRANCISCO, Calif. - Salesforce.com, the world's largest customer relationship management (CRM) provider, reported a 20% increase in revenue for the second quarter, driven by strong demand for its cloud-based software and services. The company's revenue rose to $2.2 billion, topping analyst expectations. Salesforce.com's stock price surged 5% in after-hours trading on the news. #Salesforce #CRM #CloudComputing",Business,Business
Lionel Messi scores hat-trick as Barcelona beats Real Madrid 3-2 in El Clásico,Sports,Sports
"Cristiano Ronaldo scored his 700th career goal in style, leading Manchester United to a thrilling 3-2 victory over Chelsea in a thrilling Premier League match. The Portuguese forward, who is widely regarded as one of the greatest soccer players of all time, celebrated his milestone goal with a trademarked roar and a triumphant fist pump. Ronaldo's record-breaking strike capped off a dominant performance from United, who are now just one point behind league leaders Liverpool. Despite a late scare from Chelsea, United held on for the win and continue to prove their title credentials. With this victory, Ronaldo solidified his position as the greatest goal-scorer in the history of the Premier League and cemented his legacy as one of the greatest soccer players of all time.",Sports,Sports
"NASA's new spacecraft, the Dragonfly, has successfully entered the atmosphere of Saturn's moon, Titan. The mission, which aims to explore the surface of Titan, is expected to provide valuable insights into the moon's unique environment and potential for life. #SciTech #SpaceExploration",Sci/Tech,Sci/Tech
Amazon to Acquire Whole Foods Market in $13.7 Billion Deal,Business,Business
"NASA's Parker Solar Probe has successfully entered the sun's corona, becoming the first spacecraft to ever do so. The probe, launched in 2018, has been studying the sun's outer atmosphere and providing valuable insights into the sun's behavior. The corona, which is the outermost layer of the sun, is a region of intense heat and magnetic activity that is not well understood. The probe's data will help scientists better understand the sun's role in the solar system and the universe as a whole.",Sci/Tech,Sci/Tech
"CBC SPORTS ONLINE - Peyton Manning threw for a career-high 472 yards and five touchdowns on 25-of-44 passing, but his last-ditch comeback attempt ended with an interception in the end zone in the closing minutes as Kansas City outlasted Indianapolis 45-35.",Sports,Sports
"North Korea has announced that it has successfully tested a new ballistic missile, raising concerns about the country's military capabilities and its intentions in the region. The missile, known as the Kwangmyongungsung-1, was launched from a site in the country's northwest and flew for about 30 minutes before landing in the sea. The test has been condemned by the United States and other countries in the region, who fear that the development of the missile could lead to a destabilizing arms race.",World,World
"One of the tongue-in-cheek rules that we column-writers have is,  quot;Often wrong, never in doubt. quot; Take a stand, don #39;t duck and weave too much.",Business,
"Houston's Kris Brown caps a Texans rally by nailing a 50-yard field goal with 2 seconds left for a 24-21 victory over the Kansas City Chiefs, dropping the defending AFC West champs to 0-3.",Sports,Sports
"Global trade tensions are causing concern for businesses and investors alike, as the ongoing tariff dispute between the US and China shows no signs of abating. The World Trade Organization has warned that the trade war could lead to a global economic slowdown, with some experts predicting a recession in 2023. Companies are bracing for the worst, with many already feeling the impact of the tariffs on their bottom line. As the situation continues to unfold, businesses are being advised to diversify their supply chains and explore new markets to mitigate the risks of the trade war.",Business,Business
Auburn Hills - (11/29/04)--Auburn Hills police say they have identified the chair thrower from the Pistons/Pacers brawl. The suspect who allegedly threw the chair is a 35-year-old man from Genesee County's Mundy Township.,Sports,Sports
"New AI Algorithm Can Predict Heart Attacks With 90% Accuracy. Researchers at MIT have developed an AI algorithm that can predict heart attacks with 90% accuracy, using a combination of medical imaging and machine learning techniques. The algorithm could potentially revolutionize heart disease diagnosis and treatment.",Sci/Tech,Sci/Tech
"The global COVID-19 pandemic continues to wreak havoc on economies and societies worldwide. According to the latest reports, the number of infected individuals has reached a staggering 200 million, with the death toll exceeding 4 million. The pandemic has exposed weaknesses in healthcare systems, highlighted the need for international cooperation, and accelerated the development of vaccines and treatments. As the world struggles to contain the virus, leaders are calling for increased investment in global health infrastructure and a renewed commitment to multilateralism.",World,World
"NASA's Curiosity rover has discovered evidence of a past water on Mars, according to a new study. The rover found sedimentary rocks on the planet that contain signs of ancient lakes and rivers. The discovery could help scientists better understand the history of life on Mars and the possibility of life existing there today. #Mars #SciTech",Sci/Tech,Sci/Tech
Singapore #39;s Prime Minister Lee Hsien Loong on Sunday night delivered his first National Day Rally speech since he was sworn in as the country #39;s third Prime Minister.,World,
"NASA's Curiosity rover has discovered evidence of a past watery environment on Mars, according to a new study. The rover found sedimentary rocks that contain clay minerals, which are formed in the presence of water. The discovery suggests that Mars may have once had a more Earth-like climate, with liquid water flowing on its surface. This finding could have implications for the search for extraterrestrial life and the possibility of human exploration of the Red Planet.",Sci/Tech,Sci/Tech
"The global COVID-19 pandemic continues to wreak havoc on economies and societies worldwide. The World Health Organization has warned of a potential third wave of the virus, as cases surge in several countries. Leaders from around the world are meeting to discuss strategies for containing the virus and mitigating its impact on vulnerable populations. #COVID19 #WorldHealthOrganization",World,World
"Oakland, CA (Sports Network) - The Orlando Magic activated forward Pat Garrity from the injured list on Friday and placed forward Brandon Hunter on the IL with a hyperextended right elbow. Garrity is expected to provide a boost to the Magic's offense, which has struggled in recent games. Meanwhile, Hunter's injury is a setback for the team, but they are confident in his ability to recover and return to full strength. #Sports #Basketball",Sports,Sports
"Researchers at MIT have developed a new material that can absorb and convert carbon dioxide into oxygen at an unprecedented rate. The material, called 'CO2-Tech,' is made of a special type of graphene and could help reduce carbon emissions and combat climate change. #SciTech #ClimateChange",Sci/Tech,Sci/Tech
"Researchers at MIT have developed a new AI algorithm that can analyze medical images with unprecedented accuracy. The algorithm, which uses a combination of machine learning and computer vision techniques, can detect subtle abnormalities in brain scans with 90% accuracy. The breakthrough could lead to earlier diagnosis and treatment of neurological disorders.",Sci/Tech,Sci/Tech
Google to Acquire Apple for $1 Trillion in Blockbuster Deal,Business,Business
Lionel Messi scores hat-trick as Barcelona beats Real Madrid 3-2 in El Clasico,Sports,Sports
"MILAN (AP) - The United Nations announced today that it has reached a historic agreement with North Korea to dismantle its nuclear weapons program in exchange for economic and political incentives. The deal, which was reached after months of secret negotiations, is seen as a major breakthrough in the ongoing efforts to stabilize the volatile region.",World,World
"Researchers have discovered a new species of ancient human in the Philippines, which may have co-existed with the famous
Velicovcan eruption 40,000 years ago. The findings were published in the journal Nature on Wednesday. #SciTech",Sci/Tech,Sci/Tech
"The company's upcoming earnings report is expected to be a mixed bag, with some analysts predicting a decline in profits while others see a possible turnaround. Despite the uncertainty, investors remain optimistic about the company's long-term prospects.",Business,Business
"Syrian President Bashar al-Assad has announced that his country will withdraw from the International Criminal Court, citing interference from Western powers. The move comes as tensions between Syria and the UN continue to escalate. #Syria #InternationalCriminalCourt #UN",World,World
"Troy Smith barely got on the field for Ohio State this season. After the Buckeyes' biggest game of the year, he had trouble getting off of it.",Sports,Sports
"Oracle CEO Larry Ellison takes the witness stand in Delaware court, says deal is 'not as good as we thought'",Business,Business
"SAN FRANCISCO (AP) -- Tech giant Apple is expected to unveil its newest product lineup tomorrow, including a highly anticipated smartwatch with advanced health features. The company is also expected to announce updates to its iPhone and iPad lines. The event kicks off at 10am PT at the Steve Jobs Theater on the company's Cupertino campus.",Business,Business
Syrian refugees face new challenges as winter sets in,World,World
"Tammy Haulcy drilled a 3-pointer at the buzzer, lifting UMass-Lowell to a 68-65 victory over Pace last night at Costello Gym in the River Hawks' Northeast-10 Conference opener. UMass-Lowell (2-0) sank eight 3-pointers in all, including four by Mariette Guillaume, who was one of three River Hawks in double figures. Sacha Simms led the way with 15 points, and Enjoli Nzinga added 13 points and six rebounds. The win was UMass-Lowell's third straight, and the River Hawks are off to their best start in program history. #RiverHawks #NCAABasketball",Sports,Sports
"The world #39;s first private spaceship has blasted into the final frontier for the second time in five days, snatching the nearly 14-million dollar prize and founding a new era of space tourism.",Sci/Tech,
"Syrian forces have retaken the strategic town of Khan Sheikhoun from rebels, in a major blow to the opposition. The town is located in the southern province of Idlib, and its capture is a significant step forward for the government in its efforts to regain control of the country. The opposition has been fighting against the government since 2011, when protests against President Bashar al-Assad's rule began. The conflict has escalated into a full-blown civil war, with the government and its allies fighting against a variety of rebel groups. The situation in Syria remains complex and volatile, with no clear end in sight to the conflict.",World,World
"LANDOVER, Md. - The Washington Redskins are on a roll this season, with three straight wins under their belt. The team is looking strong, with quarterback Dwayne Haskins leading the charge. Can they keep up the momentum? #Redskins #NFL",Sports,Sports
"Syrian President Bashar al-Assad has announced that his country will join the Paris Climate Agreement, becoming the first major Arab state to do so. This move is seen as a significant step towards reducing the country's carbon footprint and mitigating the effects of climate change. #Syria #ClimateChange #ParisAgreement",World,World
"NASA's Mars 2020 rover has discovered evidence of ancient rivers on the Red Planet, providing new insights into the planet's geological history. The rover, which landed in February, has been exploring Jezero crater, a 28-mile-wide impact crater that was once home to a lake. The rover has found rocks and minerals that suggest the presence of water on Mars over 3.5 billion years ago, and the possibility of life existing on the planet at that time. #Mars #NASA #SciTech",Sci/Tech,Sci/Tech
"The United Nations has announced that it will launch a global initiative to address the growing threat of climate change. The initiative, which will involve countries from around the world, aims to reduce greenhouse gas emissions and mitigate the impact of climate change on vulnerable communities. The UN Secretary-General has called on all nations to support the initiative and work together to protect the planet for future generations.",World,World
"LeBron James scores 50 points in NBA Finals game, leading Los Angeles Lakers to victory",Sports,Sports
LeBron James scored 30 points to lead the Los Angeles Lakers to a 115-108 victory over the Golden State Warriors on Sunday night. The win moved the Lakers into a tie for second place in the Western Conference with the Warriors.,Sports,Sports
"The global COVID-19 pandemic continues to wreak havoc on economies and societies worldwide. The World Health Organization (WHO) has reported a record number of cases and deaths in the past 24 hours, with the virus spreading to every region of the world. Governments and health organizations are racing to develop and distribute vaccines, but the process is slow and challenging. In the meantime, people are taking to social media to share their experiences and offer support to one another.",World,World
Lionel Messi scores hat-trick as Barcelona beats Real Madrid 3-2 in El Clasico,Sports,Sports
"Nintendo, Sony ready rival portable gaming devices. Which one will gamers go for?",Sci/Tech,
"Liverpool FC won their 6th European Cup title last night, defeating Tottenham Hotspur 2-1 in a thrilling final. Mohamed Salah scored both goals for the Reds, including the winning penalty in extra time. The victory cements Liverpool's place as one of the greatest clubs in European football history.",Sports,Sports
Coach Bill Cowher finally confirmed yesterday the Pittsburgh Steelers'' worst-kept secret: Duce Staley is in at running back and Jerome Bettis is out again.,Sports,
IBM plans to start shipping its PCs with a new chip designed to thwart hackers by safeguarding passwords and other sensitive identity information.,Sci/Tech,
"NASA's newest spacecraft, the InSight, has landed on Mars with a touchdown accuracy of 1.5 miles. The probe is designed to study the red planet's interior and will provide valuable insights into its geological history. #MarsLanding #SpaceExploration",Sci/Tech,Sci/Tech
"So a few weeks ago, the two astronauts who live there tossed out some useless junk, like so many old hubcaps for the trash heap. Only this stuff floated away in space.",Sci/Tech,
LeBron James scores 50 points in Cleveland Cavaliers' thrilling victory over Golden State Warriors,Sports,Sports
"U.S. stocks rise on optimism over earnings, economy",Business,Business
Lionel Messi scores hat-trick as Barcelona beats Real Madrid 3-2 in El Clasico,Sports,Sports
Researchers at MIT have developed a new AI algorithm that can analyze medical images with unprecedented accuracy. The algorithm could revolutionize the field of healthcare by improving the speed and accuracy of medical diagnoses. #SciTech #AI #MedicalImaging,Sci/Tech,Sci/Tech
Syrian President Bashar al-Assad has announced that his country will be withdrawing from the international community and cutting off all diplomatic ties. This move comes after years of political and economic sanctions imposed by the United Nations and other countries. The decision has been met with widespread criticism and concern from around the world.,World,World
Lionel Messi scores hat-trick as Barcelona beats Real Madrid 3-0 in El Clásico,Sports,Sports
"Syrian President Bashar al-Assad has announced that his country will withdraw from the United Nations, citing the organization's failure to address the ongoing conflict in the region. The move has sparked concern among international leaders and diplomats, who fear it could lead to further instability in the region. (Source: BBC News)",World,World
Some 800 Palestinian detainees in Israel #39;s Ashkelon prison have suspended their 13-day-old hunger strike until Monday after some of their demands were met.,World,
"Researchers at MIT have developed a new AI algorithm that can generate realistic images of objects and scenes, even when the objects are not present in the training data. The algorithm uses a technique called Generative Adversarial Networks (GANs) to generate the images, which could have significant implications for fields such as computer graphics, video games, and virtual reality. #SciTech #AI",Sci/Tech,Sci/Tech
"Massive protests erupt in Hong Kong as China imposes new security laws, sparking fears of political repression and human rights abuses.",World,World
Lionel Messi scores hat-trick as Barcelona beats Manchester United in Champions League final,Sports,Sports
Manchester United defeats Chelsea in thrilling match,Sports,Sports
"Tensions between the US and China have escalated after the US House of Representatives passed a bill that aims to ban the use of Huawei and ZTE technology in the country. The bill, which was passed with bipartisan support, comes amid concerns that the Chinese tech companies could pose a national security risk. China has condemned the move, calling it a 'gross interference' in its internal affairs. The US has long been wary of the growing influence of China in the global tech industry, and this latest move is seen as a major escalation of the trade war between the two nations.",World,World
"Samsung Electronics Co. Ltd. has announced the launch of its new flagship smartphone, the Galaxy S22 Ultra, which features a 6.8-inch Dynamic AMOLED display, a 108-megapixel primary camera, and a 5000mAh battery. The device is available for pre-order starting today and will be available in stores starting March 12.",Business,Business
"NASA's new spacecraft, the Artemis I, has successfully entered lunar orbit, marking a major milestone in the space agency's plans to return humans to the moon by 2024. The spacecraft, which launched in May, has been traveling over 250,000 miles since its launch and has now entered into a stable orbit around the moon. The spacecraft will now begin to prepare for the landing of the first woman and the next man on the lunar surface, a key step in NASA's Artemis program to establish a sustainable human presence on the moon.",Sci/Tech,Sci/Tech
U.S. tanks and snipers took up positions near the revered Imam Ali Shrine and engaged in fierce battles with militants.,World,
Lionel Messi scores hat-trick as Barcelona beats Real Madrid 3-2 in El Clásico,Sports,Sports
"The study, which was conducted by Yahoo and media agency OMD, examined the way in which 13 US households reacted to being denied access to the internet for two weeks.",Sci/Tech,
"Researchers at MIT have developed a new material that can absorb and convert 100% of the sun's energy, making it a promising solution for sustainable energy production. The material, called 'Solarium,' is made of a combination of organic and inorganic compounds and has the potential to revolutionize the way we generate electricity. #SciTech #RenewableEnergy",Sci/Tech,Sci/Tech
"Apple's latest earnings report shows a 14% increase in revenue, beating analyst expectations. The company's stock price surged on the news, reaching an all-time high. Experts attribute the success to the continued popularity of the iPhone and the growth of Apple's services segment. #Apple #Business #Earnings",Business,Business
Samsung unveils new smartphone with cutting-edge technology,Business,Business
"NASA's Parker Solar Probe has successfully entered the sun's corona, becoming the first spacecraft to ever do so. The probe, launched in 2018, has been studying the sun's outer atmosphere and has made several groundbreaking discoveries, including the detection of a mysterious wave of heat that is thought to be caused by the sun's magnetic field. #ParkerSolarProbe #SunCorona #SolarWave",Sci/Tech,Sci/Tech
"Vijay Singh remained on course for a fifth victory in six events with a second-round 68 to lead the 84 Lumber Classic tournament in Pennsylvania. The 31-year-old golfer from India birdied three holes in a row on the back nine to take the lead and never looked back. With a total score of 13 under par, Singh is poised to win his second consecutive tournament and solidify his position as one of the top golfers in the world.",Business,Business
"COOLUM, Australia - Australian Peter Lonard won the Australian PGA Championship by two strokes for his third tournament title in as many weeks on Sunday, cementing his position as one of the world's top golfers. Lonard, who has been in excellent form this season, carded a final-round 68 to finish at 16-under 272, two shots clear of nearest rival Marc Leishman. The victory was Lonard's third in as many weeks, following wins at the Qatar Masters and the Dubai Desert Classic. With this latest success, Lonard has solidified his position as one of the top golfers in the world and is well-placed to challenge for more titles in the coming months.",Sports,Sports
"Migrant crisis in Europe reaches new heights as thousands of refugees arrive on Greek islands, overwhelming local infrastructure and resources. Governments scramble to find solutions as situation grows more dire by the day.",World,World
"LeBron James scores 50 points in the NBA Finals, leading the Los Angeles Lakers to a 105-90 victory over the Miami Heat.",Sports,Sports
"Samsung Electronics announced three breakthroughs in key technologies that promise greater data storage and faster processing for computers and mobile devices such as MP3 audio players. The advancements include a new type of flash memory that can store up to 1 terabyte of data, a faster graphics processing unit (GPU) for smoother gaming and video playback, and a more efficient processor for longer battery life. The company plans to integrate these technologies into its next-generation devices, including smartphones and laptops. #Samsung #gadgets #tech",Sports,Sports
"Sony plans to launch a new line of high-end TVs next year, featuring OLED panels and 8K resolution. The move is expected to disrupt the industry and give Sony a competitive edge in the market. #Sony #TVs #Technology",Business,Business
"The Giants are not exactly fearing their game in Philadelphia on this first Sunday of the N.F.L. season. In many ways, they relish it.",Sports,Sports
"Austin, Texas - The Texas Longhorns football team has announced that they will be hiring a new head coach, Jim Tressel, after the recent departure of coach Tom Herman. Tressel, who previously coached at Ohio State, is expected to bring a high-energy offensive system to the Longhorns. The move is expected to excite fans and improve the team's chances in the upcoming season.",Sports,Sports
"Amazon's new grocery store concept, Amazon Fresh, is set to revolutionize the way people shop for groceries. With a focus on convenience and personalized shopping experiences, Amazon Fresh is poised to take on traditional grocery stores and change the game for good. With its vast selection of fresh produce, meats, and other groceries, Amazon Fresh is sure to be a game-changer in the world of retail.",Business,Business
"Sony announces plans to expand its electric vehicle battery production capacity, aiming to meet growing demand from automakers. #Sony #ElectricVehicles #BatteryProduction",Business,Business
"NASA's Mars 2020 rover has discovered evidence of past water on the Red Planet. The rover found signs of hydrated minerals in rocks and soil at multiple locations, suggesting that water once flowed on Mars. The discovery could help scientists better understand the planet's geology and potential for life.",Sci/Tech,Sci/Tech
Migrant crisis in Europe worsens as hundreds of refugees drown in shipwreck off Greek coast. Rescue efforts underway. #refugeecrisis #Greece #Europe,World,World
"LeBron James scores 40 points in the Lakers' 118-109 win over the Celtics, leading his team to a 3-1 series lead in the NBA playoffs.",Sports,Sports
"NASA's InSight lander has successfully touched down on Mars and begun its mission to study the Red Planet's interior. The lander, which launched in May, used a heat shield to protect itself from the friction of entry into Mars' atmosphere and then deployed a parachute to slow its descent. Once on the surface, InSight will use a seismometer to detect marsquakes and a radio science experiment to measure the planet's internal structure. The mission is expected to last for at least a year and will help scientists better understand the structure and evolution of Mars.",Sci/Tech,Sci/Tech
"Syrian Civil War continues to rage on, with over 500,000 displaced and countless lives lost. UN calls for immediate ceasefire, but negotiations stall. #Syria #CivilWar #HumanitarianCrisis",World,World
"Yankee manager Joe Torre has some tough decisions upcoming, starting with whether to use Jason Giambi against Toronto left-hander Ted Lilly tonight. Giambi has struggled at the plate this season, but Torre is confident in his ability to turn things around.",Business,Business
"NASA's Mars 2020 rover has discovered evidence of a past habitable environment on Mars, according to a new study published in the journal Nature. The rover found signs of water on the Martian surface, which could have supported life billions of years ago. The discovery could help scientists better understand the potential for life on Mars and other planets in the solar system. #MarsLife #SciTech",Sci/Tech,Sci/Tech
"U.S. tanks and snipers took up positions near the revered Imam Ali Shrine and engaged in fierce battles with militants. The fighting raged on for hours, with both sides suffering heavy losses. The shrine, a sacred site for Shia Muslims, was not damaged in the fighting.",Business,Business
"The global COVID-19 pandemic continues to spread, with new cases reported in several countries. The World Health Organization (WHO) has declared the outbreak a pandemic and is working with governments and health organizations around the world to coordinate responses. The virus has spread to every region of the world, with the hardest hit areas being Asia, Europe, and North America. The death toll continues to rise, with over 10,000 deaths reported globally. Governments are implementing measures to slow the spread of the virus, including travel restrictions, social distancing, and vaccination efforts. The pandemic has had a significant impact on the global economy, with many businesses and industries suffering significant losses. The international community is working together to find a solution to the pandemic and to support those affected by it.",World,World
"Syrian refugees in Turkey face increasing discrimination and violence, according to a new report. The report, published by a local NGO, found that the number of attacks on Syrian refugees in Turkey has doubled in the past year. The United Nations has called for urgent action to protect the rights of these vulnerable individuals. #SyrianRefugees #Turkey #HumanRights",World,World
"NASA's latest spacecraft, the Perseverance, has successfully landed on Mars and begun its mission to explore the red planet. The craft is equipped with state-of-the-art technology, including a suite of scientific instruments to study the Martian environment and search for signs of life. #MarsLanding #SpaceExploration #SciTech",Sci/Tech,Sci/Tech
Lionel Messi scores hat-trick as Barcelona beats Real Madrid 3-2 in El Clásico thriller,Sports,Sports
"The United Nations has announced that it will be providing aid to the Syrian refugees in Turkey, Lebanon, Jordan, and Iraq. The organization has called for an immediate ceasefire in the conflict-torn country to allow for the delivery of humanitarian assistance. The move comes as the number of displaced people in Syria approaches 12 million, with over 5 million seeking refuge in neighboring countries.",World,World
"Lewis Hamilton wins dramatic British Grand Prix, extends lead in Formula One standings",Sports,Sports
NASA's latest Mars mission has discovered evidence of a possible underground water source on the red planet. The discovery could provide crucial support for future human missions and potential colonization. #MarsWater #NASA,Sci/Tech,Sci/Tech
Lionel Messi scores hat-trick as Barcelona beats Real Madrid 3-0 in El Clásico,Sports,Sports
Lionel Messi scores hat-trick as Barcelona beats Real Madrid 3-2 in El Clásico,Sports,Sports
"Sony has embarked on a potential collision course with music groups, including its own Sony BMG joint venture, over MP3 digital song files.",Sci/Tech,
"LeBron James scores 50 points in NBA All-Star Game, sets new record",Sports,Sports
"German Chancellor Angela Merkel has announced that she will step down as leader of the Christian Democratic Union (CDU) party after 18 years in office. Merkel, who has been a dominant figure in European politics for over a decade, made the announcement at a party conference in Hamburg. She will remain in office until the end of her current term in 2021, but will not seek re-election as CDU leader. The move comes as Merkel faces growing criticism from within her own party and from opposition leaders over her handling of several domestic and international issues, including the ongoing COVID-19 pandemic and the future of the European Union.",World,World
Jewish leaders expressed growing frustration this week with continuing anti-Semitic violence in Europe following the torching of a Jewish community center in Paris early Sunday.,World,
Amazon's Jeff Bezos tops Forbes' list of world's richest people for fourth straight year. Net worth: $200B. #Amazon #Bezos #Forbes,Business,Business
"SAN FRANCISCO - Intel Corporation recently disclosed key technical details of its upcoming wireless broadband chip for WiMAX products, which will enable long-distance, high-speed wireless Internet access for homes and businesses.",Business,Business
Lionel Messi scores hat-trick as Barcelona beats Real Madrid 3-2 in El Clásico,Sports,Sports
Lionel Messi scores hat-trick as Barcelona beats Real Madrid 3-2 in El Clásico,Sports,Sports
Lionel Messi scores hat-trick as Barcelona beats Real Madrid 3-2 in El Clásico,Sports,Sports
"NASA's Curiosity rover has discovered evidence of a habitable environment on Mars, according to a new study published in the journal Science. The rover found signs of past water on the planet, which could have supported life. The discovery could have implications for the search for extraterrestrial life and the possibility of human colonization of Mars. #Mars #SciTech",Sci/Tech,Sci/Tech
"Migrant crisis in Europe reaches new heights as thousands of refugees arrive on Greek islands, overwhelming local infrastructure and causing tensions to rise between locals and aid workers. #RefugeeCrisis #Greece #Migration",World,World
"Microsoft has acquired LinkedIn for $26 billion, expanding its reach in the professional networking space. The deal is expected to close this year and will give Microsoft access to LinkedIn's 450 million members and vast trove of data on professional connections.",Business,Business
DAVE WANNSTEDT resigned today as head coach of the Miami Dolphins after the team sank to an NFL-worst 1-8 record. Defensive co-ordinator Jim Bates will take over as interim coach for the remainder of the season.,Sports,Sports
LeBron James scores 40 points in Lakers' season-opening win,Sports,Sports
"AFP - French pharmaceutical group Sanofi-Synthelabo formally announced the birth of Sanofi-Aventis, the world''s third-largest pharmaceutical company, ranking number one in Europe.",World,
Lionel Messi scores hat-trick as Barcelona beats Real Madrid 3-2 in El Clásico,Sports,Sports
"NASA's InSight lander has successfully touched down on Mars and begun collecting data on the Red Planet's internal structure. The lander, which launched in May, used a heat shield to protect itself from the intense heat generated during its descent. InSight, which stands for Interior Exploration using Seismic and Heat Shield, is designed to study Mars' internal structure and provide insights into the planet's formation and evolution. #NASA #Mars #InSight",Sci/Tech,Sci/Tech
"Researchers have discovered a new species of ancient human in the Philippines, which may have lived as recently as 50,000 years ago. The findings were published in the journal Nature and shed light on the complex evolutionary history of humanity. #SciTech #Archaeology",Sci/Tech,Sci/Tech
"Sony and Nintendo are set to release rival portable gaming devices, the PlayStation Vita and Nintendo 3DS, respectively. The two companies are vying for dominance in the handheld gaming market, with each device boasting unique features and capabilities. The PlayStation Vita offers a more traditional gaming experience with a touchscreen interface and a range of exclusive titles, while the Nintendo 3DS offers a more immersive 3D gaming experience with innovative augmented reality features. The competition is expected to heat up in the coming months as both devices hit the market.",Business,Business
Researchers at MIT have developed a new material that can absorb and convert carbon dioxide into oxygen at an unprecedented rate. The breakthrough could help combat climate change by reducing the amount of greenhouse gases in the atmosphere. #climatechange #science,Sci/Tech,Sci/Tech
"Maoists rebels have lifted a blockade that cut Nepal #39;s capital Kathmandu off from the rest of the country for a week. In a statement released Tuesday, however, the rebels warned the ",World,
Walmart to Acquire Jet.com for $3.3 Billion,Business,Business
"SAN FRANCISCO (Reuters) - Google has announced plans to acquire rival tech company Apple for $25 billion in cash and stock, in a deal that could reshape the technology landscape. The acquisition would give Google access to Apple's vast cash reserves and its prized iPhone franchise, while Apple would gain Google's cutting-edge technology and expertise in mobile advertising. The deal is expected to close by the end of the year, pending regulatory approval.",Business,Business
"The United Nations has condemned the ongoing violence in the Gaza Strip, calling for an immediate ceasefire. At least 25 Palestinians have been killed and hundreds injured in the past 24 hours, as Israeli forces continue to crack down on protests along the border with Israel. The UN has also expressed concern over the use of live ammunition by Israeli forces, which it says is a violation of international law.",World,World
"In a bold move, Amazon has announced plans to acquire the popular grocery chain, Whole Foods Market. The deal, worth over $13 billion, is expected to close in the second half of 2017. Analysts say the acquisition will give Amazon a significant boost in the brick-and-mortar retail space, and will likely lead to increased competition for traditional grocery stores. #Amazon #WholeFoods #Retail",Business,Business
"Migrant crisis in Europe worsens as thousands of refugees arrive on Greek islands, overwhelming local infrastructure. Governments scramble to find solutions as situation grows more dire by the day.",World,World
"Researchers at MIT have developed a new material that can absorb and convert carbon dioxide into oxygen. The material, called 'CO2-Tech,' is made from a combination of silicon and graphene and has the potential to revolutionize the way we tackle climate change. According to the study's lead author, 'This material could be a game-changer in the fight against climate change. By converting CO2 into oxygen, we could help to reduce the amount of greenhouse gases in the atmosphere and slow down global warming.'",Sci/Tech,Sci/Tech
"SAN FRANCISCO - Twitter has announced plans to expand its advertising offerings, including the ability for businesses to target tweets to specific audiences based on their interests and behaviors. The new feature, called 'Tailored Audiences,' is expected to roll out to all businesses in the coming months. #TwitterAdvertising #MarketingInnovation",Business,Business
Researchers at MIT have developed a new material that can absorb and convert 100% of the sun's energy into electricity. This breakthrough could revolutionize the way we generate power and reduce our reliance on fossil fuels. #SciTech #RenewableEnergy,Sci/Tech,Sci/Tech
Researchers at MIT have developed a new material that can absorb and convert carbon dioxide into oxygen at a rate 10 times faster than existing technologies. The breakthrough could help reduce carbon emissions and combat climate change. #climatechange #science,Sci/Tech,Sci/Tech
"LANDOVER, Md. - The Washington Redskins' bye week couldn't have come at a better time. After a dismal start to the season, the team is looking to regroup and refocus in hopes of making a playoff push. With a tough schedule ahead, the Redskins will need to find a way to turn things around if they want to make the postseason. Can they do it? Only time will tell.",Sports,Sports
"Vienna, Austria (Sports Network) - English midfielder Steven Gerrard will likely miss Saturday #39;s World Cup qualifier against Austria with a groin injury.",Sports,
Lionel Messi scores hat-trick as Barcelona beats Real Madrid 3-2 in El Clásico thriller,Sports,Sports
"SunTrust Banks (NYSE: STI) will close about 60 branches after the completion of its acquisition of Memphis, Tenn.-based National Commerce Financial Corp.",Business,Business
LeBron James scores 40 points to lead the Lakers to a thrilling 115-112 victory over the Nuggets. James also had 10 rebounds and 7 assists in the game.,Sports,Sports
"NASA's InSight lander has successfully touched down on Mars and begun its mission to study the Red Planet's interior. The lander, which launched in May, used a heat shield to protect itself from the intense heat of entry into Mars' atmosphere and then deployed its parachute and landing legs to touch down safely. InSight, which stands for Interior Exploration using Seismic Investigations, Geodesy and Heat Transport, will spend the next several months studying Mars' interior and gathering data on its composition and structure. The mission is expected to provide valuable insights into the formation and evolution of Mars and the solar system as a whole.",Sci/Tech,Sci/Tech
"NASA's Juno spacecraft has captured stunning images of Jupiter's swirling storms, revealing new details about the gas giant's complex weather patterns. The images were taken during Juno's close flyby of Jupiter last week and have been hailed as some of the most detailed views of the planet ever taken. Scientists are eager to study the images to better understand Jupiter's atmosphere and the forces that drive its storms. #JunoJupiter #SpaceExploration #Science",Sci/Tech,Sci/Tech
"Tiger Woods has won his 82nd PGA Tour title at the Tour Championship, solidifying his lead as the all-time leader in PGA Tour wins. The victory also marks Woods' 5th FedEx Cup title, cementing his status as the greatest golfer of all time.",Sports,Sports
FULHAM #39;S United old boy Andy Cole fears his former team are poised to leave their critics red-faced. The Reds haven #39;t lost in the Premiership since defeat at Portsmouth six matches ago when they were being written off in the title race.,Sports,
"WASHINGTON - The US job market brightened in August as employers added 144,000 workers to their payrolls and hiring totals for the two prior months were revised up, the Labor Department (search) reported on Friday.",Business,
"NASA's Parker Solar Probe has set a new record for the closest approach to the sun. The probe came within 154,000 miles of the sun's surface, providing valuable data on the sun's magnetic field and atmosphere. The probe is on a mission to study the sun's corona and better understand the solar wind, which can affect Earth's magnetic field and satellite communications. #ParkerSolarProbe #Sun #SpaceExploration",Sci/Tech,Sci/Tech
Lebron James scores 40 points in the Lakers' 105-90 victory over the Nuggets.,Sports,Sports
NASA's Mars 2020 rover has discovered evidence of a massive underground lake on the Red Planet. The lake is believed to have existed for millions of years and could provide clues about the potential for life on Mars. #Mars #NASA #SciTech,Sci/Tech,Sci/Tech
"NASA's newest spacecraft, the Perseverance, has successfully landed on Mars and is ready to begin its mission to search for signs of life on the red planet. The spacecraft is equipped with advanced technology, including a sophisticated drilling system that will allow it to dig into Martian soil and collect samples for further analysis. Scientists are eager to see what the Perseverance will discover as it explores the Martian surface over the coming months.",Sci/Tech,Sci/Tech
"The global COVID-19 pandemic continues to spread, with new cases reported in several countries. The World Health Organization (WHO) has warned of a potential third wave of the pandemic, as cases in Africa and Asia increase. Governments around the world are taking measures to prevent the spread of the virus, including lockdowns, travel restrictions, and vaccination campaigns. The pandemic has had a significant impact on the global economy, with many countries experiencing recessions and unemployment rates rising. The WHO has also warned of the potential for the virus to mutate and become resistant to treatments, highlighting the need for continued vigilance and research.",World,World
"The ongoing conflict in Yemen has resulted in the deaths of over 100 civilians in the past week, according to UN officials. The humanitarian crisis in the country continues to worsen, with millions of people in need of aid. The international community has called for an immediate ceasefire and negotiations to resolve the conflict.",World,World
"NASA's Mars 2020 rover has discovered evidence of a past habitable environment on the Red Planet. The rover found traces of water in a Martian crater, which could have supported life billions of years ago. The discovery could help scientists better understand the potential for life on Mars and other planets in the solar system. #Mars #SciTech",Sci/Tech,Sci/Tech
The following is a verbatim copy of a open letter to the Linux community issued by PalmSource. Read on for more information about the new acquisition and FAQs about how PalmSource will use the new resources and the new Palm OS Cobalt version of Linux.,Sci/Tech,
"NASA's Mars 2020 rover has discovered evidence of a potential underground water source on the Red Planet. The rover detected traces of water molecules in a rock sample collected during its descent, suggesting that liquid water may have flowed on Mars in the past. This discovery could have major implications for future manned missions to Mars and the search for extraterrestrial life. #Mars2020 #WaterOnMars #SciTech",Sci/Tech,Sci/Tech
"Syrian President Bashar al-Assad has announced that his country will be withdrawing from the International Criminal Court, citing 'interference' from Western nations. This move comes as tensions between Syria and the US, UK, and France continue to escalate. #Syria #InternationalCriminalCourt #Diplomacy",World,World
LeBron James scores 50th career triple-double as Lakers defeat Nuggets,Sports,Sports
"With few junk e-mail filters supporting a protocol for verifying the source address of digital messages, spammers have adopted it themselves as a way to appear more legitimate, stated a report released on Wednesday.",Sci/Tech,
"Amazon is expanding its same-day delivery service to new areas, including parts of the San Francisco Bay Area and Dallas-Fort Worth. The service, which was first launched in select cities last year, allows customers to receive their packages within hours of placing their order. The expansion is part of Amazon's effort to increase its delivery speed and improve customer satisfaction.",Business,Business
IBM Corp has announced that it will launch a new low-budget version of its BladeCenter chassis for blade servers in an effort to make the blade machines more appealing to budget conscious customers in the small- and mid-sized market.,Sci/Tech,
Performance venues there can now install signal-jamming equipment to deal with rude mobile-phone users.,Sci/Tech,
LeBron James scores 50 points in Cavaliers' win over Knicks,Sports,Sports
"NASA's Kepler space telescope has discovered a new exoplanet with the potential to support life. The exoplanet, located 400 light-years from Earth, has a surface temperature that could support liquid water and a atmosphere that could protect life. The discovery could lead to the discovery of other habitable planets in the future.",Sci/Tech,Sci/Tech
"AP - A sick man among the sick, Pope John Paul II struggled through Sunday Mass at a French shrine that draws desperate people seeking miracle cures. The 84-year-old pontiff gasped, trembled and asked aides for help during the 2 1/2 hour service in sizzling heat.",World,
"Lionel Messi scored a hat-trick as Barcelona defeated Liverpool 3-0 in the Champions League final. Messi's performance was widely praised by fans and pundits alike, with many calling it one of the greatest individual displays in the history of the competition. Barcelona's victory marks their second Champions League title in three years, and they are now firm favorites to win the tournament again next year.",Sports,Sports
"NASA's Parker Solar Probe has successfully entered the Sun's corona, providing scientists with unprecedented insights into the solar wind and its effects on space weather. The probe, launched in 2018, has been traveling at a speed of over 150,000 miles per hour and has already collected a wealth of data on the Sun's outer atmosphere. The mission is expected to continue for several years, providing crucial information for understanding the Sun's complex dynamics and its impact on the solar system. #Sun #SolarWind #NASA",Sci/Tech,Sci/Tech
Syrian Refugees Find New Home in Canada,World,World
Apple unveils new iPhone with improved camera and longer battery life,Business,Business
Mohamed Salah scores twice as Liverpool defeats Chelsea 2-0 in Premier League opener,Sports,Sports
"The CEO of Tesla, Elon Musk, has announced plans to expand the company's operations into the renewable energy sector. Musk believes that this move will help Tesla diversify its revenue streams and better position the company for long-term growth. The company is expected to launch a new line of solar panels and energy storage systems in the coming months. #Tesla #RenewableEnergy #CEO",Business,Business
"BANGALORE, India Anil Kumble, the Indian spin bowler, took three wickets Wednesday to reach 400 in test matches as the first day of the first test against Australia finished finely balanced.",Sports,
"Researchers at MIT have developed a new material that can absorb and convert 100% of the sun's energy, making it a promising solution for sustainable energy production. The material, called 'Solar-Skin,' is made of a combination of organic and inorganic materials and is capable of capturing and converting both visible and ultraviolet light. According to the researchers, this breakthrough could lead to a significant reduction in the use of fossil fuels and a major step towards a more sustainable future. #SolarSkin #SustainableEnergy",Sci/Tech,Sci/Tech
"Researchers at MIT have developed a new AI algorithm that can generate realistic images of objects and scenes from textual descriptions. The breakthrough could revolutionize the field of computer vision and have far-reaching implications for industries such as healthcare, entertainment, and e-commerce. #SciTech #AI #ComputerVision",Sci/Tech,Sci/Tech
LOS ANGELES A source says Hollywood movie studios are preparing to sue computer users they say are illegally distributing movies online.,Sci/Tech,
"BusinessWeek Online - For 35 years, Advanced Micro Devices Inc.  stood in the shadow of archrival Intel Corp.  AMD churned out lower-priced clones of the tech leader''s chips and occasionally enjoyed a hit that helped boost its meager profits. But bad times easily outweighed the good. Again and again, Intel used its manufacturing muscle and pricing power to stymie AMD''s ambitions, preventing it from gaining a foothold in lucrative markets such as servers and corporate PCs.",Sci/Tech,
"SAN FRANCISCO (Reuters) - Twitter Inc. &lt;TWTR.N&gt;, the social media platform, is exploring ways to use artificial intelligence to improve the user experience and increase engagement on its platform. According to sources familiar with the matter, Twitter is testing a new feature that uses natural language processing to analyze user interactions and suggest relevant content and conversations. The feature, which is currently being tested with a small group of users, is designed to help users discover new content and connect with others who share similar interests. Twitter has been investing heavily in AI and machine learning in recent years, and the new feature is the latest example of the company's efforts to use these technologies to improve its platform and attract more users. ",Business,Business
David Beckham scores a stunning free kick as Manchester United defeats Real Madrid 3-2 in a thrilling Champions League match.,Sports,Sports
Thats when you can get yours and how much you would pay. That is if you live in Japan. Sony today announced the release date and price for its new portable game system.,Sci/Tech,
Researchers have developed a new material that can absorb and convert carbon dioxide into oxygen at an unprecedented rate. The breakthrough could help combat climate change and improve air quality. #SciTech #ClimateChange,Sci/Tech,Sci/Tech
"MOSCOW (AP) - Russia has launched a major military exercise in the Arctic, with troops and equipment deployed across the region. The exercise comes as tensions rise between Russia and NATO over the region's security. #World #Russia #Arctic",World,World
"Syrian refugees are facing a new challenge as they try to rebuild their lives in Europe: a growing anti-immigrant sentiment among locals. Many are reporting incidents of harassment, vandalism, and even violence from people who view them as a threat to their communities. The situation is particularly dire in Germany, where far-right groups have been actively targeting refugee centers and advocacy groups. As the world watches the crisis unfold, many are calling for greater support and protection for these vulnerable individuals.",World,World
"NASA's Mars 2020 rover has discovered evidence of ancient rivers on the Red Planet, challenging the long-held belief that Mars was too cold and dry to support life. The rover found traces of hydrated minerals in rocks and soil, indicating that liquid water once flowed on Mars. The discovery could have significant implications for the search for extraterrestrial life and the possibility of life existing on other planets. #MarsRover #SciTech",Sci/Tech,Sci/Tech
"Minnesota Vikings wide receiver Adam Thielen caught three touchdown passes and ran for another score in a 37-21 victory over the New York Jets on Sunday. Thielen finished with 167 yards receiving and 22 yards rushing, leading the Vikings to their third straight win.",Sports,Sports
"NASA's Mars 2020 rover has discovered evidence of a potential underground water source on the Red Planet. The rover identified clues of a hidden water reservoir beneath the Martian surface, which could provide a crucial source of water for future human missions to Mars. #Mars #WaterSource #NASA",Sci/Tech,Sci/Tech
"Syrian refugees arrive in Canada after long journey, hoping for new start",World,World
"Syrian President Bashar al-Assad has announced that his country will withdraw from the International Criminal Court, citing interference from Western nations. #Syria #ICC #InternationalLaw",World,World
"North Korea has announced that it has successfully tested a new ballistic missile, raising concerns among global leaders about the country's nuclear ambitions. The test, which was conducted on Wednesday, was the latest in a series of provocative moves by the isolated regime. The United Nations Security Council is set to hold an emergency meeting to discuss the situation and potential responses.",World,World
"SAN FRANCISCO, Calif. (AP) - Tech giant Google has announced plans to expand its cloud computing services, aiming to take on market leaders Amazon and Microsoft. The company will invest $10 billion in the new initiative, which is expected to create thousands of jobs. (#Google #CloudComputing #TechIndustry)",Business,Business
"North Korea has announced that it has successfully tested a new ballistic missile, raising concerns about the country's nuclear capabilities. The test, which took place on Wednesday, was the latest in a series of provocative actions by the isolated regime. The United Nations Security Council is set to hold an emergency meeting to discuss the situation and potential responses. #NorthKorea #BallisticMissile #SecurityCouncil",World,World
"Researchers at MIT have developed a new material that can absorb and convert 100% of the sun's energy, making it a promising solution for sustainable energy production. The material, called 'solar absorber,' is made of a unique combination of metals and polymers that allow it to absorb a wider range of solar spectrum than previous materials. The team plans to test the material in real-world conditions next, with the goal of making it a viable alternative to traditional solar panels. #solarenergy #sustainability",Sci/Tech,Sci/Tech
"NASA's Mars 2020 rover has discovered evidence of a long-lost ancient river on the Red Planet. The rover, Perseverance, used its onboard instruments to detect signs of water in the Martian soil, which could have supported life in the past. The discovery could help scientists better understand the potential for life on Mars and inform future missions to the planet. #Mars #SciTech",Sci/Tech,Sci/Tech
"TIM HENMAN last night admitted all of his energy has been drained away as he bowed out of the Madrid Masters. The top seed, who had a blood test on Wednesday to get to the bottom of his fatigue, went down 6-4 6-4 to Roger Federer in just over an hour. Henman, who has been struggling with a back injury, said he is considering pulling out of the Davis Cup finals next week. #tennis #sports",Sports,Sports
"NASA's newest spacecraft, the Perseverance, has successfully landed on Mars and begun its mission to search for signs of life on the red planet. The spacecraft is equipped with advanced sensors and instruments to analyze the Martian environment and will spend the next several months exploring the planet's surface.",Sci/Tech,Sci/Tech
Migrant crisis in Europe worsens as thousands of refugees arrive on Greek islands.,World,World
Sony to Acquire EMI Music Publishing for $2.3 Billion,Business,Business
"Apple CEO Tim Cook announced a new line of iPhones with improved cameras and faster processors. The company also unveiled a new streaming service, Apple TV+, which will launch in November.",Business,Business
"ISLAMABAD, Pakistan - The United States and its allies have moved closer to capturing Osama bin Laden in the last two months, a top U.S. counterterrorism official said in a television interview broadcast Saturday. The official, who spoke on condition of anonymity, said that the operation to capture the al-Qaeda leader is 'very close' and could happen 'within the next few weeks.'",World,World
"North Korea has announced that it has successfully tested a new ballistic missile, sparking concern among world leaders. The missile, known as the Kwangmyong-2, is believed to have a range of over 10,000 kilometers and is capable of reaching the United States. The test comes amid tensions between North Korea and the US, which have been escalating in recent months. World leaders are urging calm and restraint in the face of this development, but the threat of nuclear war remains a very real possibility.",World,World
Lionel Messi scores hat-trick as Barcelona beats Real Madrid in El Clásico,Sports,Sports
"Apple's new iPhone sales have surpassed expectations, with the company reporting a record-breaking quarterly revenue. The tech giant's stock price has jumped as a result, with investors optimistic about the company's future prospects.",Business,Business
Apple unveils new iPhone with improved camera and faster charging,Business,Business
"Researchers at MIT have developed a new material that can absorb and convert 100% of the sun's energy, making it a promising solution for sustainable energy production. The material, called 'solar absorber,' is made of a combination of metals and semiconductors and can be integrated into solar panels to increase their efficiency. According to the researchers, this breakthrough could lead to a significant reduction in the world's reliance on fossil fuels and help combat climate change. #SolarEnergy #ClimateChange #SustainableEnergy",Sci/Tech,Sci/Tech
"Researchers at MIT have developed a new material that can absorb and convert carbon dioxide into oxygen at an unprecedented rate. The material, called 'Metal-Organic Framework,' or MOF, has the potential to revolutionize the way we reduce carbon emissions and mitigate the effects of climate change. According to the study's lead author, 'This material could be a game-changer in the fight against climate change. Its high surface area and tunable structure make it an ideal material for carbon capture and conversion.'",Sci/Tech,Sci/Tech
"US and China reach historic trade deal, averting global economic disaster",Business,Business
Migrant crisis deepens in Europe as thousands of refugees arrive in Greece. Tensions rise as countries struggle to cope with influx. #refugeecrisis #Greece #Europe,World,World
Liverpool FC has announced the signing of forward Bobby Firmino from German club Bayern Munich. The deal is reportedly worth £20 million and Firmino is set to join the Reds on a long-term contract.,Sports,Sports
"Sony Electronics Inc. announced plans to expand its operations in California, creating 100 new jobs in the next year. The company will invest $10 million in the expansion, which will include the construction of a new office building in Los Angeles. The move is expected to boost the local economy and create new opportunities for businesses in the area.",Business,Business
Miguel Angel Angulo of Valencia apologizes for his behavior during Champions League match with Werder Bremen. #Sports,Sports,Sports
"Researchers at MIT have developed a new AI algorithm that can analyze medical images with unprecedented accuracy. The algorithm uses a combination of machine learning and rule-based systems to detect subtle patterns in medical images, such as tumors or other abnormalities. The technology has the potential to revolutionize the field of medicine by improving the accuracy of diagnoses and treatment plans.",Sci/Tech,Sci/Tech
"Researchers at MIT have developed a new material that can absorb and convert 90% of incoming solar energy into electricity. The material, called 'solar skin,' is lightweight, flexible, and could be used to create more efficient solar panels. #SolarEnergy #RenewableEnergy",Sci/Tech,Sci/Tech
Mass protests erupt in Hong Kong as government introduces controversial extradition bill,World,World
"China has announced plans to build a new city in the Arctic, as the region becomes increasingly accessible due to climate change. The city, called 'Polar Star', will be located on the northern tip of the Canadian mainland and will be designed to accommodate 50,000 people. The project is expected to cost $100 billion and will be completed by 2025.",World,World
"LONDON (Reuters) - The United Nations has announced that the number of refugees and migrants crossing the Mediterranean Sea has reached a record high, with over 100,000 people attempting the dangerous journey so far this year. The organization is urging governments to take action to address the root causes of migration and to provide safe and dignified living conditions for those seeking refuge.",World,World
"MOSCOW (Reuters) - The United Nations General Assembly has voted to impose new sanctions on North Korea in response to the country's recent nuclear tests. The resolution, passed with 114 votes in favor, 10 votes against, and 55 abstentions, aims to restrict North Korea's access to international finance and trade. The move comes after North Korea conducted its sixth and most powerful nuclear test in September, sparking widespread condemnation from around the world. ",World,World
Tiger Woods has withdrawn from the US Open after suffering a career-ending injury during his practice round. The 45-year-old golf legend was set to make his 25th appearance at the tournament but will now be unable to compete. Woods' agent released a statement saying he will undergo surgery and is expected to make a full recovery. #TigerWoods #USOpen #Golf,Sports,Sports
Amazon's latest acquisition of Whole Foods Market has sparked a wave of consolidation in the grocery industry. Industry experts predict this move will lead to more competition and lower prices for consumers. #Amazon #WholeFoods #GroceryIndustry,Business,Business
"Lawson Software's long-term potential looks promising. The company's focus on providing software solutions for the financial industry has led to significant growth in recent years. With a strong track record of innovation and a commitment to customer satisfaction, Lawson Software is well-positioned for future success.",Business,Business
"Amazon's latest acquisition of Whole Foods Market has sparked competition concerns among grocery store chains. The deal, worth $13.7 billion, has raised fears of a monopoly in the grocery industry. Industry analysts say the move could lead to higher prices and reduced competition for consumers.",Business,Business
"Syrian President Bashar al-Assad has said that his country is ready to join the Paris Agreement on climate change, but only if the agreement is revised to include provisions for developing countries. Assad made the statement during a meeting with French President Emmanuel Macron in Damascus. The move comes as the international community prepares to sign the agreement at a conference in December.",World,World
"Amazon's Jeff Bezos becomes world's richest person, surpassing Bill Gates",Business,Business
"NASA's Parker Solar Probe has successfully completed its first flyby of the Sun, coming within 15 million miles of the star's surface. The probe, launched in 2018, is on a mission to study the Sun's corona and learn more about the solar wind, which can affect Earth's weather and satellite communications.",Sci/Tech,Sci/Tech
"The Dow Jones Industrial Average closed up 100 points today, led by gains in tech stocks. Apple's stock price reached an all-time high, while Amazon's stock price surged past $2,000 per share. In other business news, the US and China have agreed to a phase one trade deal, which is expected to boost global economic growth.",Business,Business
David Beckham is set to be hauled over the coals by English football authorities over his admission that he deliberately fouled an opponent to earn himself a convenient booking in last week's World Cup qualifier against Wales.,Sports,Sports
Apple unveils new iPhone with improved camera and faster charging,Business,Business
"Researchers at MIT have developed a new material that can absorb and convert carbon dioxide into oxygen at an unprecedented rate. The new material, called 'Soot-X', is made of a combination of nanomaterials and can be integrated into a wide range of applications, including air purifiers, fuel cells, and even clothing. The breakthrough could have a significant impact on reducing carbon emissions and improving air quality, particularly in urban areas. #SciTech #ClimateChange",Sci/Tech,Sci/Tech
"The ongoing conflict in Yemen has resulted in a severe humanitarian crisis, with millions of people in need of aid. The UN has called for an immediate ceasefire and peace talks to end the violence. #Yemen #HumanitarianCrisis #PeaceTalks",World,World
"Researchers at MIT have developed a new AI algorithm that can analyze medical images with unprecedented accuracy. The algorithm, which uses a combination of machine learning and computer vision techniques, can detect subtle abnormalities in brain scans with 90% accuracy. The breakthrough could lead to earlier diagnosis and treatment of neurological disorders, such as Alzheimer's and Parkinson's. #SciTech #AI #Medicine",Sci/Tech,Sci/Tech
Syrian refugees overwhelm border crossings as war rages on,World,World
Syrian Refugees Find New Home in Canada,World,World
"News.com reports in the article: Microsoft fixes date for desktop search tool, that the company will offer up a beta release of a desktop search by the end of this year.",Sci/Tech,
Lionel Messi scores hat-trick as Barcelona beats Real Madrid 3-2 in El Clásico,Sports,Sports
"Syrian President Bashar al-Assad has announced that his country will host a global conference on the refugee crisis, aiming to find a long-term solution for the millions of displaced people worldwide. The conference is expected to bring together leaders from around the world to discuss the issue and find a collective solution.",World,World
"Scientists have discovered a new species of ancient human in the Philippines, which may have lived as recently as 50,000 years ago. The species, known as Homo luzonensis, had a unique combination of features that set it apart from other ancient human species. The findings were published in the journal Nature on Wednesday. #HomoLuzonensis #AncientHuman #Philippines",Sci/Tech,Sci/Tech
"Syrian refugees are facing a new challenge as they try to rebuild their lives in Europe. Many are struggling to find affordable housing, and are being forced to live in cramped and dangerous conditions. The United Nations has called for more support to be provided to these vulnerable individuals, who are fleeing the conflict in their home country. #Syria #Refugees #HumanRights",World,World
"Syrian Civil War enters its ninth year, with no end in sight. Refugee crisis continues to worsen, with over 6 million people displaced. International community struggles to find a solution. #Syria #Refugees #CivilWar",World,World
"ATHENS -- The Olympic flame was lit Thursday in Greece, marking the start of the XXXII Olympiad. The flame was lit at the ancient Temple of Hera in Olympia, the birthplace of the Olympics. The torch relay will travel through 87 cities in 20 countries over the next 75 days before reaching Rio de Janeiro for the Aug. 5 opening ceremony.",World,World
"Researchers at MIT have developed a new material that can absorb and convert 100% of the sun's energy, making it a promising solution for sustainable energy production. The material, called 'solar absorbers,' is made of a combination of organic and inorganic materials and can be integrated into solar panels to increase their efficiency. The breakthrough could help reduce the world's reliance on fossil fuels and mitigate climate change. #SolarEnergy #RenewableEnergy",Sci/Tech,Sci/Tech
Lionel Messi scores hat-trick as Barcelona beats Real Madrid 3-1 in El Clásico,Sports,Sports
Terry Tiffee hits a go-ahead two-run double in his major league debut as the Twins edge out a dramatic 4-2 victory over the Texas Rangers.,Sports,Sports
"North Korea has announced that it has successfully tested a new ballistic missile, raising concerns among international leaders about the country's nuclear ambitions. The test, which took place on Saturday, was the latest in a series of provocative moves by the isolated regime. The United States and other countries have condemned the test, and have called for new sanctions against North Korea to be imposed. The situation in the region remains tense and unpredictable, as the world waits to see how this latest development will play out.",World,World
"Puerto Rican wrestler Mabel Fonseca tested positive for a steroid in an initial doping test, a wrestling official said Saturday. Michel Dusson, secretary general of the International ",Sports,
"Sales at Amazon's cloud computing division surged 50% in the third quarter, driven by increased demand for its computing and storage services. The company's overall revenue grew 17% to $72.6 billion, beating Wall Street expectations. (Source: CNBC)",Business,Business
"Syrian refugees are facing a new challenge as they try to rebuild their lives in Europe. Many are struggling to find affordable housing, and some are even being forced to live in makeshift camps. The United Nations has called for more support to help these refugees, who are fleeing the conflict in their home country. #SyrianRefugees #HousingChallenge #UNAppeal",World,World
"Boston Red Sox pitcher Chris Sale has been named the American League Pitcher of the Month for July, the league announced today. Sale went 3-0 with a 1.50 ERA and 33 strikeouts in 27 innings pitched during the month, helping the Red Sox to a 21-7 record and a commanding lead in the American League East. This is the second time this season that Sale has been awarded the Pitcher of the Month honor.",Sports,Sports
"BOSTON, Mass. (AP) - Scientists at MIT have developed a new material that can absorb and convert 100% of the sun's energy, making it a promising solution for sustainable energy production. The new material, called 'SolarSkin,' is made of a combination of organic and inorganic materials and is capable of capturing and converting both visible and ultraviolet light. According to the researchers, this breakthrough could lead to a significant reduction in the world's reliance on fossil fuels and help combat climate change. #SolarSkin #SustainableEnergy",Sci/Tech,Sci/Tech
"As Amazon expands its grocery delivery service, analysts predict a major disruption in the $800 billion US grocery market. Will traditional retailers adapt or be left behind?",Business,Business
Lionel Messi scores hat-trick as Barcelona beats Real Madrid 3-2 in El Clásico thriller,Sports,Sports
"NAIROBI, Kenya (Reuters) - The death toll from the recent floods in Kenya has risen to 50, with over 100,000 people displaced, the government said on Thursday. The floods, which were caused by heavy rains and a dam failure, have affected over 200,000 people in the country. The government has declared a state of emergency in the affected areas and is working to provide aid to those in need.",World,World
Lionel Messi scores hat-trick as Barcelona beats Real Madrid 3-2 in El Clásico,Sports,Sports
"Global tech giant Apple is set to launch a new line of iPhones next month, featuring improved cameras and faster processors. The company is expected to unveil three new models, including a budget-friendly option with a lower price tag. The new iPhones are expected to be released in time for the holiday shopping season, which could give Apple a boost in sales. #Apple #iPhones #Tech",Business,Business
Trend Micro will become the latest major anti-virus software company to provide protection against mobile phone viruses with the release today of Trend Micro Mobile Security 1.0.,Sci/Tech,
"The ongoing conflict in Yemen has left millions of people in need of humanitarian aid, with the UN warning of a looming famine. (Source: Al Jazeera)",World,World
Mike Trout hits 40th home run of the season as Angels beat Mariners 8-4,Sports,Sports
Lionel Messi scores hat-trick as Barcelona beats Real Madrid 3-2 in El Clásico,Sports,Sports
PC World - New 46-inch LCD is just one of eight flat-panel models launched this week.,Sci/Tech,
"Syrian President Bashar al-Assad has announced that his country will withdraw from the United Nations, citing the organization's failure to address the ongoing conflict in the region. The move comes as tensions between Syria and the UN continue to escalate. #Syria #UN #Withdrawal",World,World
"LONDON - The United Nations has announced that the number of displaced people worldwide has reached a record high of 70 million, with the majority being children. The organization is calling for increased support and funding to help address the crisis. #un #displacedpeople #refugees",World,World
"Roger Federer defeated Rafael Nadal in the Australian Open final, winning his 20th Grand Slam title. Federer won the match 6-4, 6-3, 6-4 in a dominant performance. The victory moved Federer up to second place on the all-time Grand Slam titles list, behind Rafael Nadal.",Sports,Sports
"LeBron James signs 4-year, $154 million contract extension with the Los Angeles Lakers",Sports,Sports
"The ongoing protests in Hong Kong have entered their 13th week, with no signs of slowing down. Thousands of demonstrators continue to take to the streets, demanding greater democracy and autonomy from China. The situation has escalated into a full-blown political crisis, with Beijing and Hong Kong's leaders at odds over how to resolve the standoff.",World,World
Amazon to Acquire Whole Foods Market in $13.7 Billion Deal,Business,Business
Lionel Messi scores hat-trick as Barcelona beats Real Madrid 3-2 in El Clásico,Sports,Sports
"Syrian Refugees Begin Arriving in Europe, Seeking Safety and New Beginnings",World,World
"Syrian President Bashar al-Assad has announced that his country will be withdrawing from the International Criminal Court, citing a lack of trust in the institution. The move comes after the ICC issued an arrest warrant for Assad in 2012 for war crimes committed during the country's civil war.",World,World
"Ichiro Suzuki #39;s teammates won #39;t stand for anybody messing with his spectacular season. When Suzuki got plunked in the back, Seattle starter Bobby Madritsch nearly went ballistic.",Sports,Sports
"Adam Levesque creates his own wild kingdom in Waltham office park with a few clicks of a computer mouse. As a child, he would sit with his grandfather and watch televised nature documentaries featuring exotic animals in their natural habitats. Now, he brings those animals to life in a digital world, using his skills in computer programming and game design. Levesque's passion project, Wild Kingdoms, is a virtual reality game that allows players to explore and interact with realistic animal environments. With the help of a team of developers, Levesque is bringing his dream to life and giving players the chance to experience the magic of the natural world in a whole new way.",Business,Business
"Tesla's stock soars after blowout quarter, analysts say it's just the beginning. The electric car maker's revenue and profit exceeded expectations, thanks to strong demand for its Model 3. Analysts predict continued growth as the company expands its product line and enters new markets.",Business,Business
Bryce Harper's walk-off home run in the bottom of the 9th gave the Phillies a thrilling 4-3 victory over the Mets. The win moves Philadelphia within 2 games of the NL East lead.,Sports,Sports
Lionel Messi scores hat-trick as Barcelona beats Real Madrid 3-2 in El Clásico,Sports,Sports
"Amazon is expanding its grocery delivery service to new markets, including Los Angeles and San Francisco. The company is partnering with local grocery stores to offer same-day delivery to customers in these areas. This move is expected to increase Amazon's market share in the grocery delivery space and further solidify its position as a leader in the e-commerce industry.",Business,Business
"RIO DE JANEIRO, BRAZIL - The global COVID-19 pandemic has reached a new milestone, with over 100 million cases reported worldwide. The virus has spread to every region of the world, with the hardest hit countries being the United States, China, and India. The World Health Organization has declared the pandemic a global health emergency and has called for international cooperation to contain the virus. #COVID19 #WorldHealthOrganization",World,World
"Amazon's new delivery drone takes flight, could revolutionize last-mile delivery",Business,Business
"Amazon announces plans to expand its drone delivery service to new locations, aiming to provide faster and more efficient delivery to customers. #AmazonDrones #DeliveryService #BusinessNews",Business,Business
"Researchers at MIT have developed a new AI system that can generate realistic images of objects and scenes, simply by using a verbal description. The system, called 'Visual Storytelling,' uses natural language processing and computer vision to create detailed images based on textual input. The team hopes the technology will be used to enhance creativity in various industries, such as entertainment and advertising. #VisualStorytelling #AI #NLP",Sci/Tech,Sci/Tech
Lionel Messi scores hat-trick as Barcelona beats Liverpool 3-0 in Champions League final,Sports,Sports
"Researchers at MIT have developed a new AI algorithm that can generate realistic images of objects and scenes, even when the objects are not present in the training data. The algorithm could revolutionize the field of computer graphics and have significant implications for industries such as entertainment, advertising, and architecture. #SciTech #AI #ComputerGraphics",Sci/Tech,Sci/Tech
"Syrian President Bashar al-Assad has announced that his country will grant amnesty to all political prisoners, in a surprise move aimed at easing tensions and jump-starting peace talks with opposition groups. The decision was made in response to international pressure and the ongoing humanitarian crisis in the country.",World,World
"Migrant crisis in Europe reaches new heights as thousands of refugees arrive on Greek islands, overwhelming local authorities. #refugeecrisis #Greece #Europe",World,World
"BRUSSELS (Reuters) - The world's major powers are gathering in Brussels for a two-day summit to discuss ways to tackle global challenges such as climate change, poverty, and inequality. Leaders from more than 70 countries are expected to attend the summit, which begins on Wednesday. ",World,World
"Liverpool FC has announced the signing of striker Bobby Firmino from German club Bayern Munich. The 29-year-old Brazilian forward has signed a long-term contract with the Reds, who are looking to strengthen their attack after a disappointing season last year. Firmino, who has scored over 100 goals in his career, is expected to make his debut for Liverpool in their upcoming match against Manchester United. #LFC #Football #Transfers",Sports,Sports
"With the rise of e-commerce, traditional retail stores are struggling to stay afloat. A new study finds that 90% of retailers expect to see a decline in foot traffic this holiday season. Will brick-and-mortar stores be able to adapt and compete with online giants?",Business,Business
"LeBron James scores 50 points in NBA All-Star Game, sets new record",Sports,Sports
"Lubbock, Texas (AP) -- A local business owner is betting big on the future of sustainable farming. John Smith, owner of Smith Farms, has invested heavily in a new type of hybrid sunflower seed that he believes will revolutionize the agriculture industry. The new seed is designed to be more resilient to pests and diseases, and can be grown using less water and fewer chemicals. Smith plans to start small and see how the seed performs before expanding his operation. If successful, he could be looking at a multi-million dollar payday.",Business,Business
"Cedric Benson rushed for 140 yards and five touchdowns, leading the Texas Longhorns to a stunning 56-35 victory over 19th-ranked Oklahoma State. Benson's performance was hailed as one of the greatest in school history, and he was named the game's MVP. The win moves Texas to 4-2 on the season and sets up a crucial showdown with rival Oklahoma next week.",Sports,Sports
"Valentino Rossi (L), in a Yamaha, sneaks past Sete Gibernau to take the lead for good at the Australian Grand Prix on Phillip Island, Oct 17.",Sports,Sports
Sony to Acquire Ericsson's Share in JV for $1.5B,Business,Business
Lionel Messi scores hat-trick as Barcelona beats Real Madrid 3-2 in El Clásico,Sports,Sports
"Syrian Civil War enters new phase as ceasefire collapses, peace talks stall",World,World
Lionel Messi scores hat-trick as Barcelona beats Real Madrid 3-0 in El Clásico,Sports,Sports
"NASA's Parker Solar Probe has successfully entered the Sun's corona, becoming the first spacecraft to ever do so. The probe, launched in 2018, has been studying the Sun's outer atmosphere and providing new insights into the solar wind and its effects on space weather. #Sun #SolarProbe #SpaceWeather",Sci/Tech,Sci/Tech
"Daphne Andre scored 21 points, including two free throws that sealed the win following a key steal, leading Houston to a 63-60 upset of No. 14 Purdue on Tuesday night. The Cougars (12-6, 6-3 American Athletic Conference) played their best game of the season, holding the Boilermakers (16-4, 8-2) to 37 percent shooting and forcing 15 turnovers. Houston has won three straight and four of its last five games.",Sports,Sports
"ExxonMobil reported a 3Q profit of $6.2B, beating expectations. The company credits the strong earnings to higher oil prices and improved refining margins. (Source: Reuters)",Business,Business
"Syrian refugees are struggling to find safety and stability in Europe after fleeing war-torn country. Many are facing discrimination and xenophobia, making it difficult for them to rebuild their lives.",World,World
"SAN FRANCISCO, Calif. - Tech giant Apple is expected to unveil its newest product lineup tomorrow, including a long-rumored smartwatch. The company has been tight-lipped about the details, but analysts are speculating that the watch will include advanced health features and a sleek new design. #AppleEvent #NewProductLineup",Business,Business
"MOSCOW (AP) - Russia has launched airstrikes in Syria, marking a significant escalation of its involvement in the country's civil war. The Russian Defense Ministry said the airstrikes were aimed at ISIS and other extremist groups, but the move has raised concerns about the potential for broader conflict. The United States and other Western countries have criticized Russia's actions, with the White House saying the strikes are a 'breach of international law.'",World,World
"MOSCOW (Reuters) - The United Nations has warned of a growing humanitarian crisis in Myanmar's Rakhine state, where over 600,000 Rohingya Muslims have been displaced since August. The UN has called for an end to the violence and for the rights of the Rohingya to be respected. #RohingyaCrisis",World,World
"Sudanese President Omar al-Bashir has been ousted after 30 years in power, following mass protests and military pressure. The move marks a significant turning point in the country's history and raises hopes for a more democratic future.",World,World
Apple to Launch New Streaming Service in March,Business,Business
"Drew Gooden scores 27 points as the Cleveland Cavaliers defeat the Toronto Raptors 105-97 in a thrilling match. LeBron James adds 27 points of his own, including a monstrous dunk that seals the victory.",Sports,Sports
Amazon's Jeff Bezos tops Forbes' list of world's richest people for fourth straight year,Business,Business
"Scientists have discovered a new species of ancient human in the Philippines, which may have lived as recently as 50,000 years ago. The findings were published in the journal Nature on Wednesday. #SciTech #Archaeology",Sci/Tech,Sci/Tech
"IBM has announced the development of a new AI-powered drug discovery platform, which uses machine learning algorithms to identify potential drug targets and accelerate the drug development process. The platform, called IBM Drug Discovery, uses natural language processing to analyze scientific literature and identify potential drug targets, and then uses machine learning to predict the efficacy of those targets. The platform could potentially revolutionize the drug discovery process by reducing the time and cost associated with it, and could lead to the development of new treatments for a range of diseases. #IBMDrugDiscovery #AIinMedicine",Sci/Tech,Sci/Tech
"SAN FRANCISCO (AP) - Tech giant Apple announced a new line of iPhones and Watches, including a budget-friendly model and a high-end Edition series. The new devices are expected to boost sales and competition in the crowded smartphone market. #Apple #iPhone #Tech",Business,Business
"Researchers at MIT have developed a new AI system that can generate realistic images of objects and scenes, using only a verbal description. The system, called 'Visual Talker,' uses natural language processing to analyze the audio of a person describing an object or scene, and then generates a visual representation of it. The system has potential applications in fields such as entertainment, education, and accessibility. #SciTech #AI",Sci/Tech,Sci/Tech
"The ongoing protests in Hong Kong have entered their 10th week, with no signs of slowing down. Thousands of demonstrators continue to take to the streets, demanding greater democracy and autonomy from China. The situation has escalated into a full-blown crisis, with clashes between protesters and police leading to injuries and arrests. The international community is closely watching the situation, with many countries issuing statements of support for the protesters' cause.",World,World
"LeBron James scores 40 points in the Lakers' victory over the Celtics, leading some to call him the greatest basketball player of all time. #Lakers #NBA #LeBronJames",Sports,Sports
"Researchers at MIT have developed a new material that can absorb and convert carbon dioxide into oxygen at an unprecedented rate. The material, called 'CO2-Tech,' could potentially help reduce the amount of greenhouse gases in the atmosphere and slow down global warming. #SciTech #ClimateChange",Sci/Tech,Sci/Tech
"NFL star accused of domestic violence, league investigating. #MiamiDolphins #NFL",Sports,Sports
"NASA's Parker Solar Probe has successfully completed its first flyby of the Sun, coming within 15 million miles of the star. The probe, launched in 2018, is on a mission to study the Sun's corona and learn more about the solar wind. #SolarProbe #NASA",Sci/Tech,Sci/Tech
"East Rutherford, NJ (Sports Network) - Retired NBA center and seven-time All-Star Alonzo Mourning is going to give his playing career one more shot. Mourning, who last played in the league in 2002-03, has been working out regularly in South Florida and has been considering a comeback for several months. The 41-year-old Mourning, who won two championships with the Miami Heat, is expected to make a decision within the next few days. (Source: ESPN)",Sports,Sports
"Syrian President Bashar al-Assad has announced that his country will be withdrawing from the International Criminal Court, citing concerns over the court's lack of impartiality and bias against his country. The move comes as the UN's International Rescue Committee has reported a record number of refugees fleeing conflict in Syria, with over 5 million people displaced since the start of the civil war in 2011.",World,World
"Syrian President Bashar al-Assad has announced that his country will withdraw from the International Criminal Court, citing interference from Western powers. The move comes as the UN Security Council considers sanctions against Syria over allegations of war crimes.",World,World
"MOSCOW (Reuters) - Russia has launched airstrikes in Syria, marking a major escalation in the country's involvement in the conflict. The Russian military said the strikes were aimed at terrorist groups, but the US has expressed concern that the attacks could harm US-backed rebels. The move has raised tensions between Russia and the US, which have been at odds over the conflict in Syria. #Russia #Syria #War",World,World
"SAN FRANCISCO (Reuters) - Tech giant Apple announced on Tuesday that it will acquire virtual reality startup, NextVR, in a deal worth $100 million. The acquisition is seen as a strategic move by Apple to expand its presence in the virtual reality market. #Apple #VirtualReality #M&A",Business,Business
"BLOOMFIELD HILLS, Michigan (Reuters) - In the end, Europe's crushing Ryder Cup victory over the U.S. was all about better teamwork, hungrier players, putts made when they mattered most and astute captaincy by Bernhard Langer. The European team won 17-11, its largest victory margin in the competition's history. (#RyderCup #Golf #Sports)",Sports,Sports
"Syrian forces have retaken control of the strategic city of Daraa from rebels, marking a significant victory in the country's long-running civil war. The city, located on the border with Jordan, has been a key stronghold of the opposition and its capture is seen as a major blow to their efforts to topple President Bashar al-Assad's government. The defeat of the rebels has also raised concerns about the potential for further violence and instability in the region.",World,World
LeBron James scores 50 points in Cavaliers' win over Magic,Sports,Sports
Syrian refugees arrive in Canada after long journey,World,World
"Demand for PCs surges, leading to higher than expected growth in the second half of the year. Analysts predict a strong commercial market for PCs. #PCSales #TechIndustry",Business,Business
Lionel Messi scores hat-trick as Barcelona beats Real Madrid 3-2 in El Clásico,Sports,Sports
"BIRMINGHAM, Sep 15: Pakistan thrashed Kenya by seven wickets in their first league match here on Wednesday, sending a stern signal to the Indian camp. Pakistan's victory was fueled by their powerful batting lineup, which churned out a impressive 180 runs in 30 overs. Kenya's bowlers struggled to contain the Pakistani batsmen, who scored at over 6 runs per over. Pakistan's victory sets up an exciting clash with India in the upcoming league match.",Sports,Sports
"Amazon's stock price surges after earnings beat expectations, analysts predict continued growth",Business,Business
"Salesforce.com on Wednesday introduced a new on-demand call center and help desk application service called Supportforce. The new service is designed to help businesses manage their customer service operations more efficiently and cost-effectively. With Supportforce, businesses can easily set up and manage their own call centers, and provide 24/7 support to their customers. The service also includes advanced analytics and reporting capabilities, allowing businesses to gain valuable insights into their customer behavior and preferences.",Business,Business
"Syrian refugees are facing a new challenge as they try to find safety in Europe. Many are being turned away at borders, and some have been forced to make dangerous journeys across the Mediterranean in search of a better life. The United Nations has called for more help to address the crisis, but the situation remains dire. #Syria #Refugees #Migration",World,World
"Syrian refugees begin arriving in Canada, seeking safety and a new start",World,World
"NASA's Mars 2020 rover has discovered evidence of past water on the Red Planet. The rover found signs of hydrated minerals in rocks and soil at multiple locations, suggesting that water once flowed on Mars. The discovery could help scientists better understand the planet's geology and potential habitability. #Mars #water #sciencetech",Sci/Tech,Sci/Tech
"SAN FRANCISCO -- Salesforce.com's (NYSE: CRM) acquisition of Tableau (NYSE: DASH) is expected to close on Monday, marking a major expansion of the cloud-based software giant's analytics capabilities. The deal, valued at $15.7 billion, is seen as a strategic move to enhance Salesforce's offerings in the rapidly growing market for business intelligence and data visualization. With the addition of Tableau's advanced analytics tools, Salesforce aims to provide customers with a more comprehensive view of their business data, enabling them to make data-driven decisions with greater ease and confidence. The acquisition is expected to have a significant impact on the industry, as Salesforce and Tableau together will have a combined market value of over $200 billion, cementing their position as leaders in the cloud computing and business intelligence markets. ",Business,Business
LeBron James scores 50th career triple-double as Lakers defeat Warriors,Sports,Sports
"Researchers at MIT have developed a new AI system that can generate realistic images of medical conditions, such as tumors, using a combination of machine learning and medical imaging techniques. The system could potentially help doctors diagnose diseases more accurately and quickly, and could also help reduce the amount of time and resources required for medical training.",Sci/Tech,Sci/Tech
"Solving the nation #39;s spam problem will require a balancing act, legal and privacy experts said today in Washington, DC, at a meeting sponsored by the Federal Trade Commission.",Sci/Tech,
"Global tech giant Apple has just announced its quarterly earnings, beating expectations with a 12% increase in revenue. The company's stock price jumped 5% in after-hours trading on the news. Analysts attribute the strong performance to the continued popularity of the iPhone and the launch of new products such as the Apple Watch and AirPods.",Business,Business
Researchers at MIT have developed a new material that can absorb and convert 100% of the sun's energy into electricity. This breakthrough could potentially revolutionize the way we generate power and reduce our reliance on fossil fuels. #SciTech #RenewableEnergy,Sci/Tech,Sci/Tech
Syrian refugees face new challenges in Europe as winter sets in,World,World
"Sony to Acquire Crunchyroll for $1.1 Billion, Expands Global Reach",Business,Business
"Google has announced plans to acquire rival tech firm Apple Inc. in a deal worth $250 billion. The acquisition is expected to be completed by the end of the year, and will see Apple become a subsidiary of Google. The move is seen as a major shake-up in the tech industry, and is expected to have significant implications for the future of both companies. #Google #Apple #TechIndustry",Business,Business
"Syrian refugees arrive in Canada as government vows to resettle 25,000 by year's end.",World,World
Mittal Steel to Acquire IspatInland for $4.3 Billion,Business,Business
HP plans to add virus-throttling technology to ProLiant servers and ProCurve switches starting in early 2005. Virus Throttler technology slows the spread of a virus or worm within an infected server to give administrators time to act.,Business,Business
THE Australian Rugby Union has been swamped with inquiries from high-profile players here and overseas interested in joining the new Super 14 franchise in 2006.,Sports,
The Giants coughed up three straight second-quarter turnovers and dissolved in a torrent of penalties in a baffling loss at Giants Stadium.,Sports,
WASHINGTON - The Senate Judiciary Committee heard this morning from one of its own about some of the problems with airline ''no fly'' watch lists. Sen...,World,
Lebron James scores 50th career triple-double as Lakers defeat Nuggets,Sports,Sports
"Researchers at MIT have developed a new material that can absorb and convert 90% of incoming solar energy into electricity, potentially revolutionizing the way we generate power. The new material, called 'solar skin,' is made of a combination of organic and inorganic materials and is lightweight, flexible, and affordable. The team believes it could be used to create more efficient solar panels and other solar-powered devices. #SolarEnergy #RenewableEnergy",Sci/Tech,Sci/Tech
"Mass protests erupt in Hong Kong over controversial extradition bill. Thousands gather in central district, calling for government to withdraw the bill. #HongKong #Protests #Extradition",World,World
"Massive wildfires sweep through Amazon rainforest, threatening indigenous communities and endangered species.",World,World
"Fully autonomous vehicles are on the horizon, with companies like Tesla and Waymo leading the charge. But what does this mean for the future of driving? Will we see a world where humans are no longer needed behind the wheel?",Sci/Tech,Sci/Tech
Andre Iguodala has been cleared to return to the 76ers lineup after missing 10 games with a left knee injury. The team is hopeful that he will provide a boost to their playoff push.,Sports,Sports
"Researchers at MIT have developed a new material that can absorb and convert 100% of the sun's energy, making it a promising solution for sustainable energy production. The material, called 'solar absorbers,' is made of a combination of organic and inorganic materials and has the potential to revolutionize the solar energy industry. #SolarEnergy #Sustainability",Sci/Tech,Sci/Tech
"Amazon has announced plans to expand its grocery delivery service to 30 new cities across the US, as the company continues to grow its e-commerce offerings. The move is expected to increase competition in the grocery delivery market, which is currently dominated by companies like Instacart and Shipt. Amazon has been investing heavily in its grocery delivery service, and the new expansion is expected to bring more convenience and choice to customers. #Amazon #GroceryDelivery #Ecommerce",Business,Business
"Amazon's latest acquisition of Whole Foods Market has sparked a heated debate among industry experts. Some see the deal as a strategic move to expand its reach in the grocery market, while others worry about the impact on competition and consumer choice. As the e-commerce giant continues to push into new territory, one thing is clear: the future of retail is looking more and more like a digital landscape.",Business,Business
LeBron James scores 50th career triple-double as Lakers defeat Celtics,Sports,Sports
"Results of X-rays on Gary Payton's right hand revealed a non-displaced fracture in the point guard's right thumb. Payton did not play last night against the Pistons and had the top of his thumb bandaged, but the Celtics expect him to play in the season opener against the Philadelphia 76ers Wednesday night at the FleetCenter. It could be his first game back since suffering the injury in the preseason.",Business,Business
Motorsport.com. Rubens Barrichello finally got the win he has been waiting for when he led Michael Schumacher across the line to take a Ferrari one-two at the Italian Grand Prix.,Sports,
"The global COVID-19 pandemic continues to wreak havoc on economies and societies worldwide. The World Health Organization (WHO) has reported a total of over 300,000 deaths and over 5 million cases worldwide, with the number of cases and deaths still rising in many countries. The pandemic has exposed weaknesses in healthcare systems and highlighted the need for greater international cooperation and investment in healthcare infrastructure. As the world struggles to contain the virus, there are growing concerns about the long-term economic and social impact of the pandemic. #COVID19 #WorldHealthOrganization #Pandemic",World,World
"Lionel Messi scored a hat-trick as Barcelona defeated Levante 5-0 in a thrilling La Liga match. The win moves Barcelona to the top of the table, two points ahead of rivals Real Madrid. Messi's performance was nothing short of spectacular, as he tormented the Levante defense with his quick feet and precise passing. Barcelona fans were in raptures as their hero continued to prove why he is widely regarded as the greatest footballer of all time.",Sports,Sports
"Liverpool FC won their 6th European Cup title on Wednesday, defeating Tottenham Hotspur 2-0 in the final. Mohamed Salah scored both goals for the Reds, who are now unbeaten in 32 matches in all competitions. The victory was met with wild celebrations from the Liverpool fans, who have waited 29 years for another European title.",Sports,Sports
Researchers at MIT have developed a new material that can absorb and convert 100% of the sun's energy into electricity. This breakthrough could lead to a new era of sustainable energy production. #SciTech #RenewableEnergy,Sci/Tech,Sci/Tech
"Researchers at MIT have developed a new material that can absorb and convert 100% of the sun's energy, making it a promising candidate for next-generation solar panels. The material, called 'solar silk,' is made from a combination of silk fibers and a special type of plastic. In tests, it outperformed traditional solar panels in terms of efficiency and durability. #solarsilk #renewableenergy #futureofsolar",Sci/Tech,Sci/Tech
"Syrian Civil War enters its ninth year, with no end in sight. Refugee crisis worsens as millions remain displaced. International community struggles to find solution.",World,World
"Shares of InPhonic Inc., a Washington reseller of wireless service and telephones over the Internet, rose 26 percent Tuesday on their first day of trading..&lt;br&gt;&lt;FONT face=''verdana,MS Sans Serif,arial,helvetica'' size=''-2'' color=''#666666''&gt;&lt;B&gt;-The Washington Post&lt;/B&gt;&lt;/FONT&gt;",Sci/Tech,
"Sony Corp. announced plans to expand its electric vehicle charging network in Japan, aiming to have 10,000 charging points across the country by 2030. The move is part of the company's efforts to reduce its carbon footprint and promote sustainable transportation. #Sony #electricvehicles #sustainability",Business,Business
"IBM (Quote, Chart) is easing restrictions on its ISV membership program, opening the door for more marketing and sales help for companies that make software based on IBM's middleware platform.",Sci/Tech,Sci/Tech
"Researchers at MIT have developed a new AI algorithm that can detect and diagnose diseases with greater accuracy than ever before. The algorithm uses a combination of machine learning and medical imaging techniques to identify subtle patterns in medical scans that are indicative of specific diseases. The team tested the algorithm on a dataset of over 10,000 medical scans and achieved an accuracy rate of 90%. This breakthrough could revolutionize the field of medicine and improve patient outcomes worldwide.",Sci/Tech,Sci/Tech
"Ichiro Suzuki's teammates won't stand for anybody messing with his spectacular season. When Suzuki got plunked in the back, Seattle starter Bobby Madritsch nearly went ballistic.",Sports,Sports
"Throngs of fans flocked to the stadium to watch the highly anticipated match between Manchester United and Liverpool. The game did not disappoint, with both teams creating scoring opportunities and showcasing their skills on the pitch. In the end, Liverpool emerged victorious with a 2-1 win, much to the delight of their fans. #LFC #MUFC",Sports,Sports
"SAN FRANCISCO, Calif. - Tech giant Apple announced plans to expand its presence in the Bay Area with a new campus in Cupertino. The company will invest $100 million in the project, creating hundreds of jobs in the region. (Source: CNBC)",Business,Business
"Lionel Messi scored a hat-trick as Barcelona defeated Real Madrid 3-1 in their El Clasico showdown at the Camp Nou. The Argentine superstar's first goal was a stunning free kick that curled into the top corner of the net, leaving Madrid goalkeeper Thibaut Courtois rooted to the spot. Messi's second goal was a clinical finish into the bottom left corner, before he added a third with a precise low finish into the far corner. Madrid's consolation goal came from a Karim Benzema penalty in the 89th minute, but it was too little, too late for the visitors as Barcelona maintained their 100% record in the league.",Sports,Sports
Lionel Messi scores hat-trick as Barcelona beats Real Madrid 3-2 in El Clasico,Sports,Sports
"ATHENS, Greece - Stymied by a sloppy handoff in the middle of the race, the United States lost to Great Britain by a hundredth of a second Saturday night in the 400-meter relay - a race the American men usually dominate. U.S...",World,World
"Researchers at MIT have developed a new material that can absorb and convert 100% of the sun's energy, making it a potential game-changer for sustainable energy production. The material, called 'solar absorption photovoltaic,' or SAP, is made of a combination of materials that are cheap and abundant, and could be produced on a large scale. The team plans to test the material in real-world conditions next year, with the goal of making it ready for commercial use within the next five years. #SolarEnergy #SustainableEnergy",Sci/Tech,Sci/Tech
"NASA's Mars 2020 rover has discovered evidence of a possible past habitable environment on Mars, including traces of water and organic molecules. The rover's findings suggest that the Red Planet may have once supported life, and could still do so today. #Mars #Space #Science",Sci/Tech,Sci/Tech
"The Internet Corporation for Assigned Names and Number, the organization named by the US government in 1998 to oversee policies over Internet addresses, gave a preliminary nod Monday to domain names targeting mobile services and the jobs ",Sci/Tech,
CHICAGO (CBS.MW) -- Circuit City Stores shares plummeted 10 percent Monday after the nation #39;s No. 2 electronics retailer said that its third-quarter same-store sales fell 4.3 percent.,Business,
"LANDOVER, Md. -- By the time Joe Gibbs finally lost his patience with Mark Brunell, Carson Palmer and the Cincinnati Bengals were already in control of the game. Palmer threw for 300 yards and two touchdowns, leading the Bengals to a 24-17 victory over the Washington Redskins. Gibbs, the Redskins' coach, was visibly frustrated with his team's performance, particularly the offense's inability to score in the second half. Despite the loss, the Redskins remain in the hunt for a playoff spot in the NFC.",Sports,Sports
"LeBron James has signed a two-year contract extension with the Los Angeles Lakers, worth $85 million. This move solidifies the team's chances of making a deep playoff run next season. #Lakers #NBA #LeBronJames",Sports,Sports
"The ongoing COVID-19 pandemic has caused widespread disruptions and challenges around the world, with new cases and hospitalizations reported in many countries. The World Health Organization (WHO) has called for increased vigilance and testing to help contain the spread of the virus. In the United States, the Centers for Disease Control and Prevention (CDC) has advised people to avoid non-essential travel to China and other countries with high infection rates. Meanwhile, the global economy has been hit hard, with stock markets plummeting and businesses struggling to stay afloat. The pandemic has also highlighted the need for increased international cooperation and solidarity in the face of global crises.",World,World
"NASA's Parker Solar Probe has made history by flying closer to the Sun than any other spacecraft. The probe, launched in 2018, has been studying the Sun's corona and magnetic field, providing new insights into the Sun's inner workings. The probe is expected to continue its mission for several years, providing scientists with valuable data on the Sun's behavior and its impact on the solar system.",Sci/Tech,Sci/Tech
" TOKYO (Reuters) - Japanese camera and office equipment  maker Canon Inc. &lt;A HREF=''http://www.reuters.co.uk/financeQuoteLookup.jhtml?ticker=7751.T qtype=sym infotype=info qcat=news''&gt;7751.T&lt;/A&gt; said on Tuesday it would start  producing rear projection televisions later this year, aiming  to secure a chunk of the rapidly growing market for big screen  TVs.",Sci/Tech,
"Syrian President Bashar al-Assad has announced that his country will be withdrawing from the International Criminal Court, citing concerns over the court's bias against his country. The move comes as the UN Security Council is set to hold an emergency meeting to discuss the situation in Syria. #Syria #InternationalCriminalCourt #UnitedNations",World,World
Miami Heat star forward LeBron James has been ruled out for tomorrow's game against the Los Angeles Lakers with a sprained ankle.,Sports,Sports
"The global COVID-19 pandemic continues to spread, with new cases reported in several countries. The World Health Organization (WHO) has warned of a potential third wave of the virus, as cases in Africa and Asia surge. Governments around the world are taking measures to contain the spread of the virus, including lockdowns, travel restrictions, and vaccination campaigns.",World,World
"Liverpool FC secured their place in the Champions League final with a thrilling 4-3 victory over Barcelona in a match that will go down in history. The Reds fought back from a 3-0 deficit to win in a dramatic comeback, with goals from Firmino, Salah, and Mané. The match was filled with drama and excitement, as both teams gave it their all in a display of world-class football. Liverpool will now face either Tottenham or Ajax in the final, with the date and time to be determined. #LFC #UCL #ComebackKings",Sports,Sports
"NASA's Parker Solar Probe has reached the sun's upper atmosphere, or corona, in a historic first. The probe, launched in 2018, has been studying the sun's magnetic field and solar wind, and has provided new insights into the sun's internal dynamics. The probe is now set to study the sun's outer atmosphere, or heliosphere, in the coming years.",Sci/Tech,Sci/Tech
"Researchers at MIT have developed a new material that can absorb and convert carbon dioxide into oxygen at an unprecedented rate. The new material, called 'CO2-X,' could help reduce carbon emissions and mitigate the effects of climate change. #SciTech #ClimateChange",Sci/Tech,Sci/Tech
"SAN FRANCISCO, August 25 - In a surprise move, Google has announced the launch of its own cryptocurrency, GoogleCoin. The new digital currency is expected to revolutionize the way people make transactions online and offline. According to sources, GoogleCoin will be backed by a reserve of assets, including stocks, bonds, and real estate. The launch of GoogleCoin is seen as a major challenge to existing cryptocurrencies like Bitcoin and Ethereum. #GoogleCoin #Cryptocurrency #Finance",Business,Business
"SAN FRANCISCO, August 20 (New Ratings) - Google has announced the launch of its new cloud-based productivity suite, Google Workspace. The suite includes Gmail, Google Drive, Google Docs, Google Sheets, and Google Slides, and is designed to provide businesses with a more secure and efficient way to collaborate and work. According to the company, Google Workspace is built on the same technology as Google's consumer products, but has been optimized for business use with advanced security and management features. The suite is available for a free trial and will be priced at $6 per user per month for a basic plan.",Business,Business
"Migrant caravan reaches U.S.-Mexico border, faces uncertainty",World,World
"LeBron James scores 50 points in NBA All-Star Game, leading Eastern Conference to victory.",Sports,Sports
"Syrian Civil War enters sixth year, death toll reaches staggering 500,000. Refugees continue to flee country in search of safety and security.",World,World
" TORONTO (Reuters) - New Internet-based technology could  soon turn regular computer users into armchair spies, a  Canadian inventor said on Monday.",Sci/Tech,
"NASA's latest spacecraft, the Perseverance, has successfully landed on Mars and is set to begin its mission to search for signs of life on the red planet. The spacecraft is equipped with advanced instruments to study the Martian geology and atmosphere, and is expected to return to Earth with valuable data in the coming years.",Sci/Tech,Sci/Tech
"Researchers have discovered a new species of ancient human in the Philippines, which may have lived as recently as 50,000 years ago. The findings challenge the traditional view of human evolution and could have implications for our understanding of the history of human migration.",Sci/Tech,Sci/Tech
"Sony announces plans to expand its electric vehicle production in Japan, aiming to meet growing demand globally. The company will invest $600 million in the expansion, creating over 200 new jobs. #Sony #electricvehicles #manufacturing",Business,Business
"NASA's Mars 2020 rover has discovered evidence of ancient rivers and lakes on the Red Planet, challenging the long-held belief that Mars was too cold and dry to support life. The rover found traces of hydrated minerals in rocks and soil, indicating that liquid water once flowed on Mars. The discovery could help scientists better understand the potential for life on Mars and inform future missions to the planet.",Sci/Tech,Sci/Tech
"AP - Accompanied by a warning that its missiles have the range, Iran on Tuesday said it would destroy Israel''s Dimona nuclear reactor if the Jewish state were to attack Iran''s nuclear facilities.",World,
Lionel Messi scores hat-trick as Barcelona beats Real Madrid 3-2 in El Clásico,Sports,Sports
"The combined worldwide market for desktops, servers and packaged software running on Linux is forecast to grow at a 2003-2008 compound annual growth rate of 25.9 percent worldwide, reaching \$35.7 billion by 2008.",Sci/Tech,
"NASA's Parker Solar Probe has made its closest approach to the Sun yet, coming within 15 million miles of the star's surface. The probe, launched in 2018, is studying the Sun's magnetic field and solar wind. Scientists say the data collected could help us better understand space weather and its impact on Earth's magnetic field.",Sci/Tech,Sci/Tech
Ian Poulter won a play-off with Sergio Garcia yesterday to guarantee his season is remembered for more than funny trousers and a Ryder Cup cap.,Sports,Sports
"Syrian refugees overwhelm Turkish border towns, sparking humanitarian crisis",World,World
"Researchers at MIT have developed a new AI algorithm that can analyze medical images with unprecedented accuracy. The algorithm, which uses a combination of machine learning and traditional computer vision techniques, can detect subtle abnormalities in brain scans that were previously undetectable. The breakthrough could lead to earlier diagnosis and treatment of neurological disorders, and could potentially save countless lives. #SciTech #AI #Medicine",Sci/Tech,Sci/Tech
"NASA's new spacecraft, the Perseverance, has successfully landed on Mars and is set to begin its mission to search for signs of life on the red planet. The craft is equipped with advanced technology, including a sophisticated drone and a state-of-the-art laboratory for analyzing samples. The mission is expected to take several months and will provide valuable insights into the possibility of life existing beyond Earth.",Sci/Tech,Sci/Tech
Lionel Messi scores hat-trick as Barcelona beats Real Madrid 3-0 in El Clásico,Sports,Sports
"Athens, Greece (Sports Network) - Track cyclists Anna Meares of Australia and Chris Hoy of Great Britain won time trial gold medals Friday afternoon with record times.",Sports,Sports
"NASA's new spacecraft, the Artemis I, has successfully entered lunar orbit after a 29-day journey from Earth. The spacecraft will now begin a series of maneuvers to place the spacecraft in a stable orbit around the Moon, paving the way for future crewed missions. #NASA #ArtemisI #LunarOrbit",Sci/Tech,Sci/Tech
"NASA's Mars 2020 rover has discovered evidence of a past habitable environment on the Red Planet. The rover found signs of water on the planet's surface, which could have supported life billions of years ago. The discovery could help scientists better understand the potential for life on Mars and other planets in the solar system.",Sci/Tech,Sci/Tech
"Researchers at MIT have developed a new material that can absorb and convert 100% of the sun's energy, making it a promising solution for sustainable energy production. The new material, called 'SolarSilk', is made of a combination of silk and titanium dioxide, and can be integrated into building facades or windows to harness the sun's energy. According to the study's lead author, 'SolarSilk has the potential to revolutionize the way we generate electricity and reduce our reliance on fossil fuels.'",Sci/Tech,Sci/Tech
"NASA's newest spacecraft, the InSight, has successfully landed on Mars and is set to begin its mission of studying the red planet's interior. The lander, which launched in May, used a supersonic parachute to slow its descent before touching down on the Martian surface. Scientists are eager to learn more about the planet's internal structure and how it formed, which will help them better understand the geological history of the solar system. #MarsLanding #SciTech",Sci/Tech,Sci/Tech
LeBron James scores 50 points in Cavaliers' win over Warriors,Sports,Sports
"NASA's Artemis program aims to return humans to the lunar surface by 2024. The program is focused on establishing a sustainable presence on the Moon and eventually sending humans to Mars. NASA is working on developing new technologies and spacecraft to support the program, including a lunar landing craft and a crew vehicle. The program is a major step towards realizing NASA's goal of establishing a human settlement on Mars in the 2030s.",Sci/Tech,Sci/Tech
"NASA's new spacecraft, the Artemis, has successfully completed its maiden voyage to the moon. The spacecraft, which is designed to take humans back to the lunar surface for the first time since the Apollo era, exceeded expectations by landing safely on the moon's surface and returning with valuable scientific data. The mission marks a major milestone in NASA's plan to return humans to the moon by 2024 and paves the way for future space exploration. #ArtemisMission #SpaceExploration",Sci/Tech,Sci/Tech
"LOS ANGELES (Sports Network) - LeBron James scored 32 points and added 10 rebounds and 7 assists as the Miami Heat defeated the Los Angeles Lakers 112-95 at Staples Center. James had his 75th career triple-double, moving him into 5th place on the NBA's all-time list.",Sports,Sports
"NASA's Mars 2020 rover has discovered evidence of a past habitable environment on the Red Planet. The rover found signs of water on Mars dating back billions of years, raising hopes for life beyond Earth. #Mars #NASA #SciTech",Sci/Tech,Sci/Tech
"NASA's new space telescope has captured stunning images of the farthest reaches of the universe, revealing never-before-seen details about the formation of galaxies and the nature of dark matter. The telescope, which was launched last year, has already exceeded expectations and is providing scientists with a wealth of new data. #SpaceTelescope #GalaxyFormation #DarkMatter",Sci/Tech,Sci/Tech
"Major League Baseball (MLB) teams have been dealing with a surge in injuries to their star players, including the New York Yankees' Aaron Judge and the Los Angeles Dodgers' Clayton Kershaw. The injuries have had a significant impact on the teams' performance and have raised concerns about the long-term health of the players. (Source: ESPN)",Sports,Sports
"Syrian President Bashar al-Assad has announced that his country will withdraw from the International Criminal Court, citing 'interference' from Western powers. The move comes amid growing tensions between Syria and the US-led coalition, which has been supporting anti-government rebels in the country. The ICC has been investigating allegations of war crimes committed during the Syrian civil war, which began in 2011. Syria's withdrawal is the latest in a series of moves by the country to assert its independence and defy international pressure.",World,World
"Lleyton Hewitt made sure he didn't duplicate the feat at the Paris Masters, as he defeated France's Gael Monfils in the quarterfinals. Hewitt won the match in straight sets, 6-4, 6-2, and will face the winner of the other quarterfinal match between Novak Djokovic and Roger Federer in the semifinals. #Sports #Tennis",Sports,Sports
"Researchers at MIT have developed a new material that can absorb and convert 100% of the sun's energy into electricity. The innovative material, called 'Solar-Ski,' is made of a special type of plastic that can be integrated into windows, walls, and even clothing. According to the team, this breakthrough could revolutionize the way we generate electricity and reduce our reliance on fossil fuels. #SolarSki #RenewableEnergy",Sci/Tech,Sci/Tech
"Oakland, CA (Sports Network) - The Oakland Athletics have acquired infielder Keith Ginter from the Milwaukee Brewers in exchange for pitcher Justin Lehr and outfielder Nelson Cruz.",Sports,
"NASA's Mars 2020 rover has discovered evidence of a past habitable environment on the Red Planet. The rover found traces of water in a Martian crater, which could have supported life billions of years ago. The discovery could help scientists better understand the potential for life on Mars and other planets in the solar system.",Sci/Tech,Sci/Tech
"Researchers have discovered a new species of ancient human in the Philippines, which they are calling Homo luzonensis. The species is believed to have lived on the island at least 50,000 years ago, and may have coexisted with other human species such as Homo sapiens and Homo neanderthalensis. The finding is significant because it provides new insights into human evolution and the origins of modern humans. By Kristen Philipkoski.",Sci/Tech,Sci/Tech
"Reuters - Scientists have discovered a new species of ancient human in the Philippines, which they believe lived around 50,000 years ago. The fossils of the new species, named Homo luzonensis, were found on the island of Luzon and provide new insights into human evolution. #SciTech #HomoLuzonensis",Sci/Tech,Sci/Tech
Researchers at MIT have developed a new AI algorithm that can detect and predict heart attacks with 90% accuracy. The algorithm uses machine learning to analyze medical images and identify patterns that indicate a heart attack. The technology could save countless lives and reduce healthcare costs by reducing the need for expensive and invasive diagnostic tests. #SciTech #HealthTech,Sci/Tech,Sci/Tech
"NASA's New Horizons spacecraft has captured stunning images of Ultima Thule, a distant Kuiper Belt object that was previously known as 2014 MU69. The images show a contact binary with a diameter of approximately 30 kilometers, featuring a large, irregularly shaped object with a smaller, spherical object embedded within. The mission has provided valuable insights into the formation and evolution of our solar system's outer reaches.",Sci/Tech,Sci/Tech
"Syrian refugees are facing a new challenge as they try to rebuild their lives in Europe. Many are struggling to find affordable housing, and some are even being forced to live in makeshift camps. The United Nations is working to provide aid and support to these refugees, but the situation remains dire. #Syria #Refugees #HumanRights",World,World
"NASA's new space telescope has captured stunning images of the distant universe, including a rare view of a supermassive black hole at the center of a spiral galaxy. The James Webb Space Telescope, launched last year, has already exceeded expectations with its advanced instruments and powerful observational capabilities. #JamesWebbTelescope #SpaceTelescope #Astronomy",Sci/Tech,Sci/Tech
"Syrian President Bashar al-Assad has announced that his country will be withdrawing from the International Criminal Court, citing 'interference' from Western nations. This move comes as tensions between Syria and the US, UK, and France continue to escalate. #Syria #ICC #Assad",World,World
"A man in Thailand has died of avian flu, the first human casualty in the country since the disease re-emerged in Asia in July, officials said Thursday.",World,
Lionel Messi scores hat-trick in Barcelona's 5-0 thrashing of Levante,Sports,Sports
"NASA's Mars 2020 rover has discovered evidence of past water on the Red Planet, raising hopes for life. The rover found signs of hydrated minerals in rocks and soil, indicating that liquid water once flowed on Mars. The discovery could have implications for the search for extraterrestrial life and the potential for human exploration of the Red Planet.",Sci/Tech,Sci/Tech
"This holiday the hottest new products for kids have one thing in common: They all interact with the tube, whether by means of sensors, radio-wave technology or the regular old TV remote control.",Sci/Tech,
"Oracle Corp. has announced plans to acquire rival software maker PeopleSoft Inc. in a deal valued at $5.3 billion. The acquisition is expected to be completed by the end of the year, pending regulatory approval. (Source: The Wall Street Journal)",Business,Business
"Researchers have discovered a new species of ancient human in the Philippines, which may have lived as recently as 50,000 years ago. The findings were published in the journal Nature and suggest that the species, known as Homo luzonensis, may have evolved in response to the island's unique environment. #SciTech #Archaeology",Sci/Tech,Sci/Tech
Apple unveils new iPhone with improved camera and faster charging,Business,Business
Reuters - Thai scientists began an investigation\Monday into what some conservationists believe could be the\world''s biggest case of ape smuggling -- nearly 100 orangutan\found in a Bangkok amusement park.,Sci/Tech,
"NASA's Mars 2020 rover has discovered evidence of a past habitable environment on the Red Planet. The rover found traces of water on Mars dating back billions of years, which could have supported life. The discovery could help scientists better understand the potential for life on Mars and inform future missions to the planet.",Sci/Tech,Sci/Tech
"Microsoft has acquired LinkedIn for $26.2 billion, in a deal that could revolutionize the way businesses connect with customers and employees. The acquisition, announced on Monday, is the largest in Microsoft's history and is expected to close by the end of 2016. With the addition of LinkedIn's professional networking platform, Microsoft aims to create a more comprehensive and integrated platform for businesses to reach their target audiences and streamline their operations. The deal is seen as a major strategic move by Microsoft to compete with Google, Amazon, and other tech giants in the rapidly evolving digital landscape.",Business,Business
Lawyers for Ravens running back Jamal Lewis are negotiating a plea deal in his drug conspiracy case that would allow him to serve jail time in the offseason. (Source: ESPN),Business,Business
"Researchers at MIT have developed a new AI algorithm that can analyze medical images with unprecedented accuracy. The algorithm, which uses a combination of machine learning and rule-based reasoning, can detect subtle patterns in images that were previously undetectable by human doctors. The breakthrough could lead to earlier diagnosis and treatment of diseases such as cancer. #SciTech #AI #Medicine",Sci/Tech,Sci/Tech
"AP - The New York Yankees have acquired pitcher Max Scherzer from the Washington Nationals in a blockbuster trade. The deal is expected to be completed by the end of the week. Scherzer, 30, is a three-time Cy Young Award winner and has a 102-44 record in his career. The Yankees are looking to strengthen their pitching staff as they make a push for the playoffs.",Sports,Sports
"Microsoft Corp. on Wednesday announced a new suite of productivity tools for its Office 365 subscription service, including a new version of Excel that includes a machine learning-based feature for predicting data trends. The company also unveiled a new cloud-based service for managing customer relationships and a redesigned Outlook for mobile devices.",Business,Business
The real estate and travel company says it will continue to look for a buyer of its mortgage business.,Business,Business
"Roger Federer defeated Rafael Nadal in the Australian Open final, winning his 20th Grand Slam title. Federer dominated the match, losing only three games in the entire tournament. This victory solidifies Federer's position as the greatest tennis player of all time.",Sports,Sports
"Tensions between the US and China have escalated after the US House of Representatives passed a bill that aims to restrict China's access to the US capital market. The bill, which was passed with bipartisan support, targets Chinese companies that the US government deems to be state-owned or controlled. China has condemned the move, calling it a violation of its sovereignty and an attempt to contain its rise as a global power. The situation has raised concerns about the potential for a trade war between the two nations and its impact on the global economy.",World,World
Lionel Messi scores hat-trick as Barcelona beats Real Madrid 3-0 in El Clásico,Sports,Sports
"After months waiting for Microsoft to give me a reason to remain loyal, I finally dumped Internet Explorer for the Firefox Web browser last week.",Sci/Tech,
"AP - LeBron James scored 41 points to lead the Miami Heat to a 115-109 victory over the New York Knicks on Monday night, extending their winning streak to five games. James also had 7 rebounds and 5 assists in the win.",Sports,Sports
Mass protests erupt in Hong Kong as pro-democracy movement gains momentum,World,World
"NASA's Mars 2020 rover has discovered evidence of a past habitable environment on the Red Planet. The rover found traces of water on Mars, which could have supported life in the past. The discovery could help scientists better understand the potential for life on Mars and other planets in the universe. #Mars #NASA",Sci/Tech,Sci/Tech
Researchers at MIT have developed a new material that can absorb and convert carbon dioxide into oxygen at a rate 10 times faster than current methods. The breakthrough could help reduce carbon emissions and combat climate change. #SciTech #ClimateChange,Sci/Tech,Sci/Tech
Lakers' LeBron James Sinks Game-Winner Against Nuggets,Sports,Sports
LeBron James scores 50th career triple-double as Lakers defeat Nuggets,Sports,Sports
Lebron James scored 40 points to lead the Los Angeles Lakers to a 118-109 win over the Golden State Warriors in a thrilling NBA game last night. The win brings the Lakers within 2 games of the Warriors for first place in the Western Conference.,Sports,Sports
Shares of XYZ Inc. surged 15% after the company announced a new partnership with a major tech giant. The partnership is expected to boost revenue and profitability in the coming quarters.,Business,Business
"Syrian President Bashar al-Assad has announced that his country will withdraw from the International Criminal Court, citing 'interference' from Western powers. The move comes as the UN investigates allegations of war crimes committed during the country's ongoing civil war.",World,World
"NASA's InSight lander has successfully touched down on Mars and begun collecting data on the red planet's internal structure. The lander, which launched in May, used a combination of parachutes, rockets, and a heat shield to slow its descent and land on the Martian surface. InSight, short for Interior Exploration using Seismic Investigations, Geodesy and Heat Transport, is designed to study Mars' internal structure and provide insights into the planet's formation and evolution. The mission is expected to last for at least a year and will provide valuable data for scientists studying the Martian geology and potential for life.",Sci/Tech,Sci/Tech
Lionel Messi scores hat-trick as Barcelona beats Real Madrid 3-2 in El Clásico thriller,Sports,Sports
"Amazon has announced plans to expand its grocery delivery service to 100 new cities across the United States. The move is expected to increase competition in the grocery delivery market and provide more convenience to customers. According to the company, the service will be available in the new cities by the end of the year.",Business,Business
Syrian refugees arrive in Canada after long journey,World,World
"NASA's Curiosity rover has discovered evidence of a past habitable environment on Mars, according to a new study. The rover found traces of ancient freshwater lakes and streams on the planet's surface, which could have supported life millions of years ago. The finding suggests that Mars may have been capable of supporting life in the past, and could potentially still be habitable today. #Mars #SciTech #NASA",Sci/Tech,Sci/Tech
Lionel Messi scores hat-trick as Barcelona beats Real Madrid 3-2 in El Clásico,Sports,Sports
Chicago Cubs pitcher Jon Lester has been suspended for 3 games after throwing a pitch that hit Cincinnati Reds batter Joey Votto in the head. Votto was taken to the hospital as a precaution but is expected to make a full recovery.,Sports,Sports
"Microsoft Corp. on Wednesday announced the roll-out of Windows XP Service Pack 2 (SP2), a security-focused update to PCs running Windows XP Professional Edition. The company began pushing the update to PCs through Windows Update and started taking orders for SP2 CDs. SP2 includes a range of security enhancements, such as improved firewall and antivirus protection, as well as new features to help users manage and secure their PCs.",Business,Business
"Researchers have discovered a new species of ancient human in the Philippines, which may have co-existed with modern humans as recently as 50,000 years ago. The findings were published in the journal Nature on Wednesday. #AncientHuman #Philippines #SciTech",Sci/Tech,Sci/Tech
"International Paper Co., the world's largest forest products company, has agreed to sell all of the 1.1 million acres of woodlands it owns in Maine and New Hampshire to GMO Renewable Resources LLC for $250 million.",Business,Business
The United Nations has announced that it will provide aid to the affected areas in the aftermath of the devastating earthquake in Turkey. The organization has deployed a team of experts to assess the damage and provide support to the local authorities. #UN #earthquake #Turkey,World,World
"The global COVID-19 pandemic continues to wreak havoc on economies and societies worldwide. According to the World Health Organization, the number of cases has surpassed 200 million, with over 4 million deaths reported. The pandemic has exposed weaknesses in healthcare systems and highlighted the need for greater international cooperation to address the crisis. In the United States, new cases have plateaued, but concerns remain about the potential for a third wave of infections. In Europe, countries are implementing new measures to contain the virus, including lockdowns and travel restrictions. The pandemic has also had a significant impact on the global economy, with the International Monetary Fund projecting a 3% decline in global GDP this year.",World,World
"Apple #39;s new iPhone sales have slowed down, but the company is still on track to meet its revenue goals for the year. According to a report by Bloomberg, Apple #39;s revenue is expected to reach $250 billion in 2023, despite the slowdown in iPhone sales. The company is diversifying its product line and expanding into new markets to offset the decline in iPhone sales. #Apple #iPhone #tech",Business,Business
LeBron James scores 50th career triple-double as Lakers defeat Warriors,Sports,Sports
"By MATTHEW FORDAHL    SAN JOSE, Calif. (AP) -- After years of battling Microsoft Corp...",Sci/Tech,
"The global COVID-19 pandemic continues to wreak havoc on economies and societies worldwide. The World Health Organization (WHO) has declared the pandemic a global health emergency, with cases reported in over 200 countries. Governments and health organizations are working tirelessly to develop vaccines and treatments, and to contain the spread of the virus. In the meantime, citizens are being urged to stay safe and follow proper hygiene practices to prevent the spread of the virus. #COVID19 #WorldHealthOrganization #Pandemic",World,World
"Ryan Moore staged a remarkable comeback to overhaul Luke List in the 36-hole final of the US amateur championship at the Winged Foot Golf Club on Sunday. Moore, who trailed List by three strokes heading into the final round, shot a 6-under-par 66 to win the title by a single stroke. The victory is Moore's first major title and moves him up to 2nd in the World Amateur Golf Rankings. #golf #usamateurchampionship #ryanmoore",Sports,Sports
"Stocks surge on positive earnings reports, Dow Jones hits record high",Business,Business
"NewsFactor - Retailers that saw impressive growth in year-over-year online sales during last year''s holiday season should not look for the same results this year, according to estimates by Forrester Research.",Sci/Tech,
"Shares of Amazon surged 10% on Thursday after the company reported a 17% increase in third-quarter revenue, beating Wall Street expectations. The e-commerce giant credited its growth to its expanding Prime membership program and increased sales of its cloud computing services. Amazon's stock price has more than doubled this year, making it the second most valuable company in the world behind Apple.",Business,Business
"Researchers at MIT have developed a new AI algorithm that can analyze medical images with unprecedented accuracy. The algorithm uses a combination of machine learning and computer vision to detect subtle patterns in CT scans and MRIs, allowing doctors to diagnose conditions more accurately and quickly. The technology has the potential to revolutionize the field of medical imaging and improve patient outcomes.",Sci/Tech,Sci/Tech
"The United Nations has announced that it will be providing aid to a drought-stricken region in Africa. The organization has promised to deliver vital supplies, including food and clean water, to help alleviate the suffering of the local population. The move comes as the region faces a severe drought that has left millions of people without access to basic necessities. The UN has also called for international support to help address the crisis.",World,World
LeBron James scores 40 points in the Lakers' season-opening win over the Clippers,Sports,Sports
"Syrian President Bashar al-Assad has announced that his country will be withdrawing from the International Criminal Court, citing a lack of trust in the institution. This move comes amid growing tensions between Syria and the international community over the country's human rights record.",World,World
"The United Nations has announced that it will be providing aid to a remote village in Africa, where a severe drought has left the residents without access to clean water. The village, located in a remote region of the Sahara Desert, has been struggling to survive in recent months due to the lack of basic necessities. The UN's humanitarian mission will provide food, water, and medical supplies to the village, in an effort to help them survive until a more permanent solution can be found. (Source: BBC News)",World,World
"Syrian forces have retaken control of the strategic town of Khan Sheikhoun from rebels, in a major blow to the opposition. The town is located in the southern province of Idlib and has been a key stronghold of the opposition since 2015. The government has been making gains in recent weeks, but the loss of Khan Sheikhoun is a significant setback for the rebels. The town is expected to be a major focal point in the coming days as both sides prepare for a major offensive. ",World,World
"LeBron James scores 40 points, leads Lakers to thrilling victory over Mavericks",Sports,Sports
"SAN FRANCISCO (Reuters) - Twitter has announced a new feature that allows users to upload and share their professional resumes directly from the platform. The move is aimed at expanding the social media giant's reach into the job market, competing with traditional job search platforms like LinkedIn. According to Twitter, the new feature will make it easier for job seekers to connect with potential employers and for employers to find qualified candidates. #Twitter #JobSearch #Recruitment",Business,Business
"BEIJING Sept. 20, 2004 - President Hu Jintao #39;s new status as commander of China #39;s military should strengthen efforts to fight corruption and control a surging economy, forcing resistant lower-level officials to fall in line.",World,World
Lleyton Hewitt looks unstoppable as he kicks off US Open campaign with dominant victory,Sports,Sports
"The death toll from the recent earthquake in Indonesia has risen to 100, with over 200 people injured. The 6.1 magnitude quake hit the island of Lombok on Sunday, causing widespread destruction and panic. Rescue efforts are underway, but the situation is grim. #LombokEarthquake #DisasterRelief",World,World
"Turin, Italy (Sports Network) - Valentino Castellani, the chief organizer of the Turin Olympic Committee, has announced his decision to resign. Castellani has been a key figure in the organization of the Winter Olympics, which are scheduled to take place in Turin in 2006. His resignation comes as a surprise, as he had previously expressed his commitment to the event. The reasons for his decision are not yet clear, but it is expected that he will provide more information in the coming days.",Sports,Sports
"AP - Cristiano Ronaldo scored his 700th career goal in Juventus' 2-0 win over AC Milan on Sunday, cementing his status as one of the greatest soccer players of all time.",Sports,Sports
"Researchers at MIT have developed a new material that can absorb and convert 100% of the sun's energy, making it a promising solution for sustainable energy production. The new material, called 'solar absorber,' is made of a combination of metals and polymers and can be used in solar panels to increase their efficiency. The team believes that this technology could revolutionize the way we generate electricity and help reduce our reliance on fossil fuels. #SolarEnergy #SustainableEnergy #MIT",Sci/Tech,Sci/Tech
Syrian Refugees Flood into Europe as Crisis Deepens,World,World
Soccer star Lionel Messi scores hat-trick in Barcelona's 5-0 win over Levante,Sports,Sports
Lionel Messi scores hat-trick as Barcelona beats Real Madrid 3-2 in El Clásico,Sports,Sports
"Liverpool FC won their 6th European Cup title by defeating Tottenham Hotspur 2-1 in the final. Mohamed Salah scored both goals for the Reds, including the winning penalty in the 87th minute. The victory marks Liverpool's 3rd major trophy of the season, following their League Cup and FA Cup wins.",Sports,Sports
"S&P 500 hits record high as tech stocks surge, Dow gains 200 points",Business,Business
"NASA's new space telescope has captured stunning images of the farthest reaches of the universe, revealing never-before-seen details of galaxies and stars. The James Webb Space Telescope, launched in October, has already exceeded expectations with its unparalleled sensitivity and resolution. Scientists are hailing it as a game-changer in the field of astrophysics.",Sci/Tech,Sci/Tech
"NASA's new spacecraft, the Artemis I, has successfully entered lunar orbit, marking a major milestone in the agency's plan to return humans to the moon by 2024. The spacecraft, which launched in November, is now preparing for a lunar landing in the coming weeks. #NASA #ArtemisI #LunarOrbit",Sci/Tech,Sci/Tech
Microsoft unveils new AI-powered chatbot for customer service,Business,Business
Lionel Messi scores hat-trick as Barcelona beats Real Madrid 3-2 in El Clásico,Sports,Sports
"Tesla has announced plans to expand its Gigafactory, a massive battery production facility in Nevada. The expansion will create hundreds of new jobs and increase the factory's production capacity by 50%. The move is expected to help Tesla meet growing demand for its electric vehicles and powerwall batteries.",Business,Business
John Robertson has this morning been confirmed as the new Hearts manager. Mr Robertson #39;s arrival follows several days of negotiation with Inverness Caly Thistle over a compensation package for the Highland club.,Sports,
"Amazon plans to expand its grocery delivery service to 30 new cities across the US, aiming to reach 70% of the population by the end of next year. The move is expected to intensify competition with traditional grocery retailers and supermarkets. #Amazon #grocerydelivery #retail",Business,Business
Lionel Messi scores hat-trick as Barcelona beats Real Madrid 3-2 in El Clásico thriller,Sports,Sports
"Sales at Amazon's cloud division surpassed $10 billion for the first time, driven by growing demand for its computing and storage services. (Reuters)",Business,Business
"Syrian refugees arrive in Germany after being stranded in Hungary for days, as EU leaders fail to reach a deal on a common approach to the crisis. #Syria #Germany #Refugees",World,World
MIAMI - LeBron James scored 32 points to lead the Miami Heat to a 105-94 victory over the Charlotte Hornets in a thrilling game last night. The Heat were down by 10 points in the fourth quarter but managed to come back and win the game in the final seconds.,Sports,Sports
Syrian Refugees Overwhelm Border Towns in Europe,World,World
"NASA's new spacecraft, the Perseverance, has successfully landed on Mars and is set to begin its mission to search for signs of life on the red planet. The spacecraft is equipped with advanced technology, including a state-of-the-art robotic arm and a suite of sophisticated instruments to study the Martian environment. Scientists are eager to see the results of the mission, which could potentially shed light on one of the greatest mysteries of the universe: whether life exists beyond Earth.",Sci/Tech,Sci/Tech
