text,label
The World Cup is a global event showcasing sports achievements and highlighting the spirit of athletes. Highlighting memorable events and their significance in promoting global sports development.,Sports
"WASHINGTON - The Congressional Budget Office projected Tuesday that this election-year''s federal deficit will hit a record \$422 billion, a shortfall that would be smaller than analysts predicted earlier this year.    The figure immediately provided political fodder for both parties now in the final two-month stretch of the presidential and congressional campaigns...",World
Sports: The Los Angeles Lakers recently won the NBA championship. A controversial scandal involving player Alex Opossum was uncovered. The World Series is about to host its 138th game. International rival countries are facing intense rivalries. The Olympics are about to host the world's largest sports event.,Sports
"Nortel Networks said on Thursday it will slash its work force by 3,500, or 10 percent, as it struggles to recover from an accounting scandal that toppled three top executives and led to a criminal investigation and lawsuits.",Sci/Tech
"HEMPSTEAD, NY - He was drafted in the first round in 2000 out of Marshall, at the head of the same quarterback class that yielded Tom Brady, but Chad Pennington #39;s road to success has been more deliberate.",Sports
"The U.S. government has updated its regulations on cryptocurrency trading, requiring more transparency and oversight.",Business
Business,Business
"Australia #39;s biggest retailer, Coles Myer, hopes it has silenced its detractors by posting a record annual profit, which was above its own guidance and market expectations.",Business
"The free Firefox Web browser, which has chipped away at the market dominance of Microsoft #39;s Internet Explorer, has been readied for a full release including new features designed to make it more stable, backers of the program say.",Sci/Tech
"The U.S. government has unveiled new policies aimed at addressing climate change, including carbon pricing and renewable energy targets. This is a significant phenomenon in the Sci/Tech domain.",Sci/Tech
"One of the tongue-in-cheek rules that we column-writers have is,  quot;Often wrong, never in doubt. quot; Take a stand, don #39;t duck and weave too much.",Business
"Taiwan rescue workers dug out seven bodies from mud and rock in a mountain village that was hit by a devastating landslide triggered by Typhoon Aere, but eight still remained buried, officials said on Friday.",World
"The 2024 PyeongChang Olympics sparked tensions as global trade tensions escalated, with some athletes facing unprecedented challenges.",World
US Airways Group Inc. met with two unions to try and agree on concessions before an Oct. 7 hearing at which a bankruptcy judge might let the carrier temporarily reduce pay 23 percent to help avoid potential liquidation.,Business
"The 2024 World Cup will be a massive event, featuring stunning visuals and intense gameplay. One notable event could be a major sports scandal, such as a player controversy leading to legal proceedings.",Sports
The 2020 elections in the EU and USA are shaping the political landscape. The campaign for the EU's leadership includes significant political changes and shifts in voter behavior. This is a key phenomenon in the World category.,World
The U.S. space agency is set to launch a new satellite with a life support system. This article delves into the technical aspects of the mission and the challenges it will face.,Sports
Singapore #39;s Prime Minister Lee Hsien Loong on Sunday night delivered his first National Day Rally speech since he was sworn in as the country #39;s third Prime Minister.,World
World,World
"Biotechnology researchers have identified a new drug candidate, which could lead to a cure for a common disease.",Sci/Tech
"Tech companies are leveraging AI to improve supply chain efficiency, a significant phenomenon in the Sci/Tech category.",Sci/Tech
The World is facing a political conflict over the allocation of a critical infrastructure resource. This could have significant economic and security implications.,World
"The World Cup is a huge event with highlights of exciting matches and moments like the final game. There have been several human rights cases recently, such as the doping scandal in a specific sport.",Sports
A recent study has revealed that natural disasters such as the Amazon rainforest fire are causing significant environmental damage.,World
AP - The game between the Minnesota Twins and the New York Yankees on Tuesday night was postponed by rain.,Sports
"The 2024 World Cup is set to be a historic event, with numerous exciting moments and thrilling games. Fans are eagerly anticipating the outcomes and the impact of the tournament on global sports culture.",World
"The 2019 Russian nuclear strike had a devastating impact on the world. The US-Mexico trade war was a major political issue that shaped international relations. The 2020 pandemic, however, has brought hope and recovery to many regions.",World
"AUBURN HILLS, Mich. -- The potential loss of Gary Payton with a strained left hamstring was briefly a laughing matter last night after the Celtics dropped a 100-88 decision to the Pistons. When asked how he would get through one and possibly many more games without the veteran point guard, coach Doc Rivers decided he would call up executive director ...",Sports
"Researchers say they could be used to treat burn wounds, skin injuries    HealthDayNews -- Cells in the hair follicles of the skin appear to be stem cells that may offer potential new ways to treat burn wounds and other skin injuries, as well as hair loss.    That''s the promising conclusion of a study in the Sept...",Sci/Tech
"The U.S. is facing a severe conflict between two factions within the government, with tensions rising as both sides push for change.",World
"A major breakthrough in artificial intelligence has been reported, with a company claiming to have developed a revolutionary machine capable of performing tasks previously deemed impossible. This development could revolutionize industries ranging from healthcare to transportation.",Sci/Tech
A startup has announced a new product line to address economic challenges in a key market segment. This could impact the company's market share and regulatory compliance efforts.,Business
"Economists reported a 3% rise in global corporate profits last quarter, signaling economic growth. A major tech company announced a $500 million investment in AI infrastructure. Regulatory bodies are reviewing anti-competitive practices in the tech sector.",Business
"The coach of disgraced Greek sprinters Kostas Kenteris and Katerina Thanou says IAAF charges against the athletes are groundless and will not result in a suspension, according to reports Friday.",Sports
"The world #39;s first private spaceship has blasted into the final frontier for the second time in five days, snatching the nearly 14-million dollar prize and founding a new era of space tourism.",Sci/Tech
"The 2024 Tokyo Olympics will feature a thrilling schedule of events, including men’s and women’s swimming, cycling, and track and field events. One notable event could be a major sports scandal, such as a team controversy leading to player disciplinary actions.",Sports
"In the world of [Technology Company], a major [Technology Phenomenon] has been discovered, which is expected to result in [Technology Phenomenon] to increase [Technology Phenomenon] and [Technology Phenomenon] to decrease [Technology Phenomenon] again.",Sci/Tech
AP - Takeo Spikes made good on his vow the Buffalo Bills would finally provide some good news for their fans this weekend.,Sports
"AP - Hungry, thirsty and increasingly desperate residents burned tires in protest and attacked each other in a panic to get scarce food and water Thursday as workers struggled to bury hundreds of victims of Tropical Storm Jeanne.",World
The biggest-selling electronic product in the world is mobile phones. Analysts estimate that consumers from Canada to China will snap up more than 600 million handsets this year -- five times the number of TVs or personal computers expected to sell.,Sci/Tech
Scandal in Professional Sports: A Case Study,World
Reuters - The Sudanese foreign minister rejected on\Friday a U.S. declaration of genocide in the Darfur region of\Sudan and said the United States was using a humanitarian\crisis for political purposes.,World
"Biotechnology has emerged as a transformative field, leading to breakthroughs in medicine and agriculture. However, the rapid pace of biotech innovation can also create challenges in terms of intellectual property and regulatory compliance. This document explores how biotech advancements are being influenced by global trends and their impact on the industry.",Sci/Tech
"Former Fresno State standout Nick Watney recovered from a double-bogey on the seventh hole to shoot 1 under and tie for the third-round lead Saturday in the Nationwide Tour Championship at the Robert Trent Jones Golf Trail in Prattville, Ala.",Sports
"Nintendo, Sony ready rival portable gaming devices. Which one will gamers go for?",Sci/Tech
Intel Corp. is expected to release a faster version of its powerful but expensive Pentium 4 Extreme Edition processor on Monday alongside the introduction of a chipset that uses a faster front-side bus to connect the processor and the memory.,Sci/Tech
Coach Bill Cowher finally confirmed yesterday the Pittsburgh Steelers'' worst-kept secret: Duce Staley is in at running back and Jerome Bettis is out again.,Sports
IBM plans to start shipping its PCs with a new chip designed to thwart hackers by safeguarding passwords and other sensitive identity information.,Sci/Tech
"The U.S. government is considering new taxes to combat climate change, with renewable energy becoming a focus. This is a significant phenomenon in the Sci/Tech domain.",Sci/Tech
"So a few weeks ago, the two astronauts who live there tossed out some useless junk, like so many old hubcaps for the trash heap. Only this stuff floated away in space.",Sci/Tech
"FONTANA, CA.California native Casey Mears was glad to be home. So glad in fact, he put his No. 41 Dodge on the Busch Series pole position for Saturday #39;s Target House 300 run on the two-mile California Speedway.",Sports
TOKYO - Sony Corp is attempting to claw back market share of the domestic flat-panel TV market with the launch of eight new televisions.,Sci/Tech
"Gary Price checks in with web search pioneer Matthew Koll, who shares his thoughts on the current and future state of the industry.",Sci/Tech
The U.S. government is facing a new regulatory challenge as environmental regulations are stricter. This article explores the potential impacts of these changes on the global economy.,Business
An obscure amendment attached to an appropriations bill could throw a wrench into presidential candidate John Kerry''s plans to fund embryonic stem cell research. By Kristen Philipkoski.,Sci/Tech
"CLEMSON, S.C. -- Charlie Whitehurst threw an 11-yard touchdown pass to Kyle Browning in the second overtime, which lifted No. 15 Clemson to a 37-30 victory over Wake Forest yesterday.",Sports
"FOXBORO, Mass.  Bill Belichick took a few minutes Monday to convey his congratulations to his offensive coordinator on becoming Notre Dame #39;s head coach.",Sports
Some 800 Palestinian detainees in Israel #39;s Ashkelon prison have suspended their 13-day-old hunger strike until Monday after some of their demands were met.,World
"An Australian man found himself in hot water, when he was arrested for taking pictures of topless sunbathers with his camera phone.",Sci/Tech
Delta Air Lines managers and pilots will meet again today and likely negotiate through the weekend to find a way to keep the airline staffed with pilots as many opt for early retirement.,Business
World conflicts can disrupt global stability. The conflict in Ukraine has caused significant disruption to international trade and economic growth.,World
"A major sports event, including a World Cup final match, is live and being closely monitored by analysts.",Sports
"The sports world is filled with exciting events, records, and highlights that capture the essence of a particular season. However, there are also hidden issues, such as conflicts within teams or the treatment of players, that can undermine the perception of sports as a fair and equal discipline.",Sports
"A scandal involving an Olympic athlete exposes the unfairness of the sport's grading system, affecting athletes' competitive performance.",Sports
"Toshiba will market laptops with HD-DVD drives by the end of next year, becoming one of the first manufacturers to commit to a next-generation DVD format.",Sci/Tech
U.S. tanks and snipers took up positions near the revered Imam Ali Shrine and engaged in fierce battles with militants.,World
"AI technology is revolutionizing industries and creating numerous jobs worldwide, impacting the economy heavily.",Sci/Tech
"The study, which was conducted by Yahoo and media agency OMD, examined the way in which 13 US households reacted to being denied access to the internet for two weeks.",Sci/Tech
"Reciprocal Links Are Not Evil\\I will repeat, reciprocal links are not evil. All this discussion in the forums about how people only want one-way links because they heard reciprocal links are bad and can get you kicked out of the search engines is taken way out of proportion. One example ...",Sci/Tech
Sci/Tech,Sci/Tech
The 2011 earthquakes in Japan and California caused widespread damage and displacement. These events highlight the global challenges of natural disasters. This is an important phenomenon in the World category.,World
"Human rights issues remain a global concern, with countries struggling to address the rights of marginalized communities. This is a key phenomenon affecting the World.",World
Sci/Tech,Sci/Tech
"Advancements in artificial intelligence are revolutionizing industries, from healthcare to transportation, leading to unprecedented opportunities and challenges.",Sci/Tech
World leaders gathered in the heart of the conflict in Ukraine to discuss the ongoing crisis and its implications for global stability.,World
A recent political article examines the impact of new climate policies on global trade and economic stability.,World
"The New York Times reported on a top tennis player winning a major tournament, showcasing the power of international sports",Sports
"Barcelona held on from an early Deco goal to edge game local rivals Espanyol 1-0 and carve out a five point tabletop cushion. Earlier, Ronaldo rescued a point for Real Madrid, who continued their middling form with a 1-1 draw at Real Betis.",Sports
An article in the Sci/Tech section discusses the potential of quantum computing in solving complex biotech problems.,Sci/Tech
An article exploring the transformative impact of artificial intelligence on healthcare solutions.,Sci/Tech
PARIS -- Gael Monfils of France reached the quarterfinals in his first ATP tournament three weeks ago. Lleyton Hewitt made sure he did not duplicate the feat at the Paris Masters.,Sports
SPACE.com - The tenth crew of the \International Space Station (ISS) made a short spaceflight early Monday to move a Russian lifeboat \to a new docking port and prepare the station for a pair of upcoming spacewalks.,Sci/Tech
"The Los Angeles County Council has announced plans to build a new sports complex, which will include a state-of-the-art stadium. This article discusses the implications of the project on the local sports industry.",World
AP - Former All-Star forward Jamal Mashburn will miss the entire 2004-05 NBA season because of a knee injury that could end his career.,Sports
A new report on global trade highlights the challenges and opportunities facing the world. This document provides an overview of the current state of trade and its future directions.,World
"We should be using probes to look for life in space instead of radio signals, say scientists.",Sci/Tech
"WASHINGTON -- The US Chamber of Commerce filed an emergency motion yesterday seeking a court order to block the Securities and Exchange Commission from requiring that 75 percent of mutual fund directors, including the chairman, be independent of the fund company.",Business
"Climate change initiatives have sparked widespread protests across the globe. This article explores the causes, impacts, and potential solutions to the issue.",Sci/Tech
"A major tech company reported a 15% increase in revenue last quarter, signaling potential growth in their market share.",Sci/Tech
"A new tech startup has raised its profile with investors, signaling potential growth in the global market. This article discusses the startup's expansion strategy and the regulatory environment affecting its operations.",Business
"AI advancements are revolutionizing healthcare, leading to faster and more accurate diagnostic tools. This shift has implications for both medical practices and the broader economy, as AI services are now a key component of many industries.",Sci/Tech
The 2020 COVID-19 pandemic has caused global trade to collapse. The US-Mexico trade war was a major political issue that shaped international relations. Disasters such as the 2011 Tohoku earthquake and the 2019 Russian nuclear strike have had lasting impacts on the world.,World
"The 2024 World Cup has seen a mix of exciting and controversial moments. Highlighting the Highlights and the controversies surrounding the games, this report provides a comprehensive overview of the event.",Sports
"Google has announced plans to launch a new AI-powered search engine, aiming to improve user experience and efficiency.",Business
A recent space exploration article discusses recent achievements in space technology and their implications for the future of the industry.,Sci/Tech
"Quantum computing is on the cusp of transformative advancements. A new algorithm could solve complex problems much faster than traditional computers, which has implications for AI and cybersecurity.",Sci/Tech
The Internet megasite eBay yelled  #39;hold the cheese #39; when they found a 10-year-old grilled cheese sandwich that its owner says bears the image of the Virgin Mary being auctioned off on its website.,Sci/Tech
What: MIAA Division 3A Super Bowl. Where: Bentley College in Waltham. When: Saturday at 10 a.m. Last meeting: Schools have never met. .,Sports
Business,Business
"Sony has embarked on a potential collision course with music groups, including its own Sony BMG joint venture, over MP3 digital song files.",Sci/Tech
"AP - Minnesota Timberwolves center Michael Olowokandi was suspended by the team for a second game Friday night, one day after police used a stun gun to subdue him when he refused to leave a club.",Sports
"The U.S. election results were closely contested, with a significant shift in voter preferences. This could provide valuable insights into political dynamics and the impact of recent elections.",World
Jewish leaders expressed growing frustration this week with continuing anti-Semitic violence in Europe following the torching of a Jewish community center in Paris early Sunday.,World
"The World Cup 2022 draw was announced, with a highly anticipated match between two of the most exciting teams in history. This could be a thrilling event that highlights sports innovation.",Sports
The global economy is under strain due to rising inflation and a sluggish job market. Companies like Amazon and Microsoft are addressing these issues through innovation and regulatory measures.,Business
"54.5 million Europeans surfed the Web over a broadband connection, a 60 percent increase from 34.1 million 12 months earlier. AMSTERDAM: More than half of Europe #39;s Internet surfers now have a high-speed broadband ",Sci/Tech
A space exploration company has launched a new satellite aimed at studying exoplanets. This could lead to breakthroughs in space technology and global scientific advancements.,Sci/Tech
"Los Angeles Dodgers #39; Shawn Green watches his home run in the sixth inning against the St. Louis Cardinals Saturday, Oct. 9, 2004, in Los Angeles.",Sports
"Regulatory policies have significantly influenced the global economy, shaping industries and creating jobs.",Business
"Bee Staff Writer. SAN DIEGO - The San Diego Padres returned the favor, and the playoff-chasing Giants gladly accepted it before a disappointed record crowd of 45,389 at Petco Park.",Sports
"MILTON -- If you could build a prototype Mansfield Hornet, he just might look like Brett McDermott.",Sports
"The COVID-19 pandemic has had a profound impact on the global sports industry, with teams and athletes adjusting their strategies to accommodate the challenges posed by the virus. This phenomenon highlights the resilience and adaptability of the sports community.",World
"The ongoing climate crisis has led to significant trade disputes and human rights issues, highlighting the global interconnectedness of issues.",World
"AFP - French pharmaceutical group Sanofi-Synthelabo formally announced the birth of Sanofi-Aventis, the world''s third-largest pharmaceutical company, ranking number one in Europe.",World
"A startup's app has become the most downloaded app globally, showcasing the power of mobile technology.",Business
"A political scandal has emerged in the U.S. government, with significant consequences for the country's political landscape. This article discusses the implications of the scandal for the future of democracy.",World
"The daily volume of Internet attacks dropped off in the first half of this year, and the rate at which new vulnerabilities are being reported appears to have hit a plateau, according to Symantec Corp.",Sci/Tech
"Berkeley, U. of Minn. students get download discounts; aim is to provide legal music alternatives. NEW YORK (CNN/Money) - As an added bonus to returning to campus this fall, more than 80,000 college students ",Business
 RIO DE JANEIRO (Reuters) - Brazil coach Carlos Alberto  Parreira is more worried about playing rank outsiders Venezuela  than the likes of Germany or Argentina.,Sports
"Maoists rebels have lifted a blockade that cut Nepal #39;s capital Kathmandu off from the rest of the country for a week. In a statement released Tuesday, however, the rebels warned the ",World
"Venus Williams of the United States returns the ball to Croatia #39;s Karolina Sprem, during their first round match, at the Swisscom Challenge Tennis Tournament in Kloten, Switzerland, Tuesday, Oct.19, 2004.",Sports
"JERUSALEM : Beleaguered Israeli Prime Minister Ariel Sharon persisted with plans to form a new government including the main opposition Labour party, bolstered by Washington #39;s backing for the expansion of West Bank settlements.",World
"The U.S. government has been criticized for its stance on climate change. While it has pledged to reduce emissions, critics argue that the current approach is insufficient. This document discusses the implications of the U.S. government's climate change policies on global policies and the need for international cooperation.",World
A SECOND-HALF Springbok blitz gave South Africa their first Tri-Nations rugby title in six years with a win over Australia at Kings Park.,Sports
"com. Thome has known Charlie Manuel for his entire professional baseball life, which started shortly after he became a 13th-round draft pick by the Cleveland Indians in 1989.",Sports
South Sound fans reacted with everything from relief to regret over Wednesday #39;s NCAA rulings on the University of Washington athletics program.,Sports
"The development of a new cybersecurity tool could address climate change-related data breaches, showcasing the intersection of tech and science.",Sci/Tech
"Fulfilling a long-time goal, Intel Corp. is set to introduce on Thursday its first chip set that supports all three current forms of Wi-Fi, according to sources familiar with the announcement.",Sci/Tech
" FRANKFURT (Reuters) - Market research firm IDC has raised  its 2004 forecast for global personal computer sales growth to  14.2 percent from 13.5 percent, driven by high commercial  demand, it said on Monday.",Sci/Tech
"The World Cup 2026 is set to be a massive event, bringing together fans worldwide. Highlighting key moments from the tournament, such as the final goal or the most exciting games, provides a glimpse into the future of international sports.",Sports
"Vienna, Austria (Sports Network) - English midfielder Steven Gerrard will likely miss Saturday #39;s World Cup qualifier against Austria with a groin injury.",Sports
palmOne introduced Monday the Tungsten T5 handheld with 256 megabytes of flash memory - the most built into a handheld to date. Expected to be widely available ,Sci/Tech
Trade between countries is a major global topic. The rise of China's Belt and Road Initiative has facilitated economic growth in many regions.,World
A recent study by a major trade organization reveals that human rights issues remain a significant concern for many countries. The study highlights the need for stronger legal frameworks to ensure fair treatment of workers.,World
"AP - Gordon Cooper, who as one of the original Mercury astronauts was a pioneer in human space exploration, has died. He was 77.",Sci/Tech
"Reuters - European shares sagged on Tuesday as\broker downgrades hit mobile phone operator Vodafone  and two\of its peers, but UK clothing retailer Next shone on news of\strong summer sales.",Sci/Tech
"Toronto-Dominion Bank, Canada #39;s second-largest bank by assets, said it #39;s in talks for a possible transaction #39; #39; with Banknorth Group Inc.",Business
FULHAM #39;S United old boy Andy Cole fears his former team are poised to leave their critics red-faced. The Reds haven #39;t lost in the Premiership since defeat at Portsmouth six matches ago when they were being written off in the title race.,Sports
"WASHINGTON - The US job market brightened in August as employers added 144,000 workers to their payrolls and hiring totals for the two prior months were revised up, the Labor Department (search) reported on Friday.",Business
"A major political conflict in Asia is heating up, with rising tensions between China and its neighbors, impacting regional stability and international relations.",World
"While it seemed likely during the preseason that Gutierrez would win the job, coach Lloyd Carr insisted two other quarterbacks - Clayton Richard and Chad Henne - had a shot.",Sports
The retailer trots out a bargain portable PC that packs Wi-Fi. Is it getting ready for a laptop push for the holidays?,Sci/Tech
"A major [Technology Company] has announced a [Technology Phenomenon], which is expected to result in [Technology Phenomenon] to increase [Technology Phenomenon] and [Technology Phenomenon] to decrease [Technology Phenomenon] again.",Sci/Tech
"Ending after midnight due to rain delays, Roger Federer finally put his second round robin match in the books early Thursday morning at the ATP Tennis Masters Cup in Houston, defeating Lleyton Hewitt for the fifth consecutive time 6-3, 6-4.",Sports
"The political landscape is complex, with ongoing conflicts between nations and shifts in international relations. The current leadership is shaping policies that influence global trade and security. The COVID-19 pandemic has highlighted the importance of human rights in global governance, as health measures have led to increased international attention and concerns. Human rights issues have also been a focus of trade agreements, with countries striving to ensure fair treatment of workers and consumers.",World
Space agencies are analyzing the trajectory of the next Mars rover. A breakthrough in space debris reduction technology is expected to save 200 million tons of material.,Sci/Tech
The following is a verbatim copy of a open letter to the Linux community issued by PalmSource. Read on for more information about the new acquisition and FAQs about how PalmSource will use the new resources and the new Palm OS Cobalt version of Linux.,Sci/Tech
"Warren Sapp #39;s presence and legacy linger around the Tampa Bay Buccaneers like something tangible, something that can be felt, heard and feared, say an open-handed slap to the face mask.",Sports
"A startup's success story is highlighted, focusing on its innovative approach and the regulatory hurdles it faced.",Business
"The global economy has been experiencing significant changes due to the COVID-19 pandemic. Companies like Apple and Microsoft have reported record sales, while others have faced challenges in maintaining their revenue streams.",Business
"With few junk e-mail filters supporting a protocol for verifying the source address of digital messages, spammers have adopted it themselves as a way to appear more legitimate, stated a report released on Wednesday.",Sci/Tech
"NEW YORK, August 30 (New Ratings) - Japan #39;s Supreme Court has reportedly approved the merger negotiations between UFJ Holdings Inc (ticker: UFJ) and Mitsubishi Tokyo Financial Group (MTFG).",Business
IBM Corp has announced that it will launch a new low-budget version of its BladeCenter chassis for blade servers in an effort to make the blade machines more appealing to budget conscious customers in the small- and mid-sized market.,Sci/Tech
Performance venues there can now install signal-jamming equipment to deal with rude mobile-phone users.,Sci/Tech
"The rise of biotech has led to breakthroughs in medical treatments, but it has also raised concerns about its ethical implications. The global climate crisis is a pressing issue, with countries around the world working to address it. Human rights issues have been a focus of international debates, with debates surrounding the global climate crisis.",World
"Business: The global economy is undergoing significant transformations. Companies like Microsoft and Amazon are making strides in AI and cloud computing. Startups in the tech sector are emerging, promising innovative solutions. Governments worldwide are implementing regulations to protect data privacy.",Business
"AP - A sick man among the sick, Pope John Paul II struggled through Sunday Mass at a French shrine that draws desperate people seeking miracle cures. The 84-year-old pontiff gasped, trembled and asked aides for help during the 2 1/2 hour service in sizzling heat.",World
"AP - Reliever Arthur Rhodes was traded for the second time in two weeks Saturday, sent from the Pittsburgh Pirates to the Cleveland Indians for outfielder Matt Lawton in the first trade of the winter meetings, a baseball official told The Associated Press.",Sports
A sports highlights article detailing the thrilling victory of a major international football match.,Sports
AP - The NHL and the players'' association appeared headed toward a lockout when talks broke off Thursday after the union''s first new proposal in nearly a year.,Sports
"After nine days of being held by kidnappers in Iraq, New York-based freelance journalist Micah Garen will reunite with his family this week, his father said yesterday.",World
"Sci/Tech: AI is being used for non-traditional applications, such as predicting solar panel efficiency. Space exploration is on track for a successful mission. Cybersecurity measures are being strengthened. Biotech companies are collaborating with companies like Tesla to develop new drugs. Climate change research is advancing rapidly.",Sci/Tech
"A new biotech drug has been developed that could potentially alter the trajectory of climate change. This document explores the implications of the drug's development, its potential applications in space exploration, and the broader implications for biotechnology.",Sci/Tech
"BANGALORE, India Anil Kumble, the Indian spin bowler, took three wickets Wednesday to reach 400 in test matches as the first day of the first test against Australia finished finely balanced.",Sports
"A major sports event is being held, showcasing the best performances of top athletes. This article highlights the excitement and achievements of the event.",Sports
A controversial sports event involving a rival team has sparked a debate about sportsmanship and its impact on competition. This could be a significant topic in the Sports category.,Sports
LOS ANGELES A source says Hollywood movie studios are preparing to sue computer users they say are illegally distributing movies online.,Sci/Tech
"BusinessWeek Online - For 35 years, Advanced Micro Devices Inc.  stood in the shadow of archrival Intel Corp.  AMD churned out lower-priced clones of the tech leader''s chips and occasionally enjoyed a hit that helped boost its meager profits. But bad times easily outweighed the good. Again and again, Intel used its manufacturing muscle and pricing power to stymie AMD''s ambitions, preventing it from gaining a foothold in lucrative markets such as servers and corporate PCs.",Sci/Tech
A climate research paper proposes a new sustainable energy solution that could revolutionize global energy production.,Sci/Tech
"Steve Coll, The Washington Post #39;s managing editor for six years, said today he is stepping down at the end of the year to pursue book projects.",Business
Thats when you can get yours and how much you would pay. That is if you live in Japan. Sony today announced the release date and price for its new portable game system.,Sci/Tech
"With less than a month remaining before the current collective bargaining agreement expires, representatives for the NHL and the Players #39; Association met for nearly 4 1/2 hours yesterday without making any progress on a new CBA. ",Sports
"Global trade policies are facing significant challenges as the world grapples with economic uncertainty. This includes changes in tariffs, trade agreements, and the impact of global events on international trade.",World
"Forbes.com - As the second employee of InfoSpace, Jean-Remy Facq saw the value of his stock inflate and then collapse. Now he''s suing in federal court in Seattle for a  #36;4.5 million refund of 1999 federal income tax. He''s just one of 200 tech workers who have hired Seattle tax lawyer/CPA Brian G. Isaacson in the hope his novel theories will help them slash old (and sometimes unpaid) tax bills from their exercise of stock options for shares that later tanked.",Business
"They spent the summer marveling over their lineup changes and their improvement, the big-name veterans they signed and the strategic concepts they imported from the champion New England Patriots.",Sports
Reuters - The Atlanta Falcons\Monday signed Pro Bowl tight end Alge Crumpler to a six-year\contract extension.,Sports
"The World Cup has once again been a highlight of global sports, with teams showcasing their skills and strategies. Recent highlights have included thrilling matches between rising stars and established teams, showcasing the diversity of athletes and their dedication to their sports. A recent World Cup game has sparked controversy, with some questioning the fairness and transparency of the tournament's scheduling. The event has also highlighted the importance of training and preparation in achieving world records and glory. The World Cup has also brought attention to the challenges of human rights issues, as athletes and coaches face pressure to perform at the highest levels.",Sports
"BAGRAM, Afghanistan - Three years after the Sept. 11 attacks, Osama bin Laden and his deputy are still issuing orders for attacks by al-Qaida, a top American commander told The Associated Press Saturday...",World
Description: News mogul Rupert Murdoch pays a record-setting \$44 million for a three-story Fifth Avenue penthouse in Manhattan formerly inhabited by the late Laurance Rockefeller.,Business
"A startup announced a new investment in AI technology, promising to revolutionize healthcare operations. The company's mission is to make AI a cornerstone of modern medicine.",Business
"The global climate crisis is causing widespread damage, including rising sea levels and changes in weather patterns. This piece discusses the current state of climate change and its effects.",World
"It took a while for everything to fall into place, but it now seems clear: Chad Pennington is the real deal. Listen LIVE to NFL games, plus watch video news and features of your favorite team.",Sports
"Human rights issues remain a global concern, affecting societies worldwide. This document discusses the key phenomena and challenges related to human rights.",World
"Trade policies influence global economics, but they can also create complexities. This document explores the key phenomena affecting global trade and its implications.",World
A startup announces a revolutionary app designed to revolutionize supply chain management.,Business
"Raleigh, NC (Sports Network) - Andrew Brackman scored 16 of his 20 points in the second half to lead 12th-ranked North Carolina State to a hard-fought 78-72 win over Louisiana-Lafayette at the RBC Center.",Sports
"The COVID-19 pandemic has had a significant impact on global markets, with companies adjusting their strategies to mitigate risks. Companies like Tesla and Microsoft have shown resilience, while others have faced challenges in production and customer acquisition. Governments worldwide are also responding to the pandemic with regulatory changes aimed at protecting industries and workers.",Business
"Microsoft last week faced accusations of short-changing its Software Assurance customers following its decision to strip core features from the next major Windows client operating system, codenamed Longhorn.",Sci/Tech
"HP (Quote, Chart) is doing a lot of explaining after it revealed this weekend that it will no longer put Itanium processors in its high-performance workstations.",Sci/Tech
"The Walt Disney Co. has postponed an expansion of its video-on-demand service while it explores partnerships that could result in a deal to include the service in set-top boxes, computers or other devices.",Sci/Tech
"The COVID-19 pandemic has had a significant impact on small businesses across the world. Companies have adapted their operations to minimize losses, and online platforms have played a crucial role in supporting small businesses during this crisis. Additionally, the global supply chain has been disrupted, leading to delays in deliveries and supply shortages.",Business
Business,Business
"Climate change poses a significant challenge to biotech, as research and development must adapt to new regulations and ethical standards.",Sci/Tech
"A major sports event, including a high school game, was held, with a notable athlete being named a champion. This could provide insights into sportsmanship and its impact on athletes.",Sports
"By BETSY BLANEY    LUBBOCK, Texas (AP) -- Some farmers are placing their hope in a hybrid sunflower seed that could help keep arteries clear and hearts pumping in a nation smitten with snacks and processed food.    ''It''s a healthier oil,'' said Willie Wieck, 62, who started growing sunflowers on his 450 acres in the Texas Panhandle in the early 1970s...",Sci/Tech
"Dell gets set to roll out its PowerEdge 1855 blade server line a home-grown design, this month.",Sci/Tech
"The graphics library, an alternative to Microsoft''s DirectX, gets new features designed to add razzle-dazzle to PC games.",Sci/Tech
United States sprinter Jerome Young was banned for life by the US Anti-Doping Agency yesterday following his second positive test for an illegal steroid in a case that could affect a US relay team #39;s gold medal from Sydney.,Sports
NEW YORK (CNN/Money) - Some colleges are fretting the release of Microsoft #39;s upgrade to its XP operating system -- whose release coincides with the opening of campuses around the country -- saying that multiple downloads of the patch could significantly ,Sci/Tech
Business: The stock market is experiencing volatility. Companies are facing increased regulatory scrutiny. Startups in the energy sector are gaining momentum. Governments are implementing new tax policies. The global economy is navigating complex economic cycles.,Business
Business,Business
"American International Group Inc. , the world''s largest insurer, said the Securities and Exchange Commission is considering accusing the company of helping PNC Financial Services Group Inc. improperly remove bad loans from its books.",Business
"BEIJING (AP)  China appealed to North Korea on Tuesday to join working meetings before a new round of six-party talks on dismantling its nuclear program, despite the North #39;s declaration that it saw no point in attending. ",World
SOUTHHAMPTON - West Indies want to redeem a disappointing summer with a place in the Champions Trophy final while Pakistan are equally as eager to continue its resurgence under new coach Bob Woolmer.,Sports
Online-payment service PayPal on Tuesday sought to reassure customers that outages that had plagued the service since Friday finally had been resolved.,Sci/Tech
"In the most highly anticipated Wall Street debut since the heady days of the dot-com boom, shares of Google surged nearly 20 percent on their first day of public trading Thursday as the quirky Internet company completed its much-hyped initial stock ...",Business
"SAN FRANCISCO - Intel Corporation recently disclosed key technical details of its upcoming wireless broadband chip for WiMAX products, which will enable long-distance, high-speed wireless Internet access for homes and businesses.",Sci/Tech
"Slovenia pulled off a famous result yesterday, defeating Italy to go top of Group Five. A solitary goal by Bostjan Cesar after 82 minutes gave the hosts victory in Celje to inflict a first World Cup qualifying group defeat on Marcello Lippi #39;s side.",Sports
"Major political events, such as elections and meetings, are often the focus of international media coverage. Current conflicts, like the ongoing tensions between Russia and Ukraine, highlight the challenges of maintaining stability in the world's major powers. Disasters, such as natural disasters or pandemics, also pose significant risks to humanity.",World
"A significant scientific discovery was made in a long-studied field, opening new avenues for future research.",Sci/Tech
"An exploration of the impact of climate change on agricultural productivity, focusing on recent scientific findings.",Sci/Tech
"The chief financial officer of Oracle, Harry L. You, said that \$24 a share remained the company''s ''best and final'''' offer for PeopleSoft Inc. in what may be the last week of a 17-month hostile takeover fight.",Sci/Tech
"AI researchers have developed a new algorithm that improves facial recognition accuracy by 10 percentage points. The company, led by a Fields Medal winner, is set to release the technology in Q1.",Sci/Tech
"The global economy is showing signs of recovery, with rising GDP and economic growth in multiple countries. This report examines the factors contributing to these trends, including economic policies and market expansion.",Business
"The U.S. government passed a new tax regulation that could affect global trade, a key event in the World category.",World
"The scientific community announced a new approach to solving climate change, with potential breakthroughs soon.",Sci/Tech
"The Olympic Games are a global event that highlights achievements in politics, conflicts, disasters, human rights, and trade through its various themes.",World
Top-seeded David Nalbandian of Argentina and Olympic champion Nicolas Massu of Chile advanced to the quarterfinals of the CA Trophy Thursday with straight-set victories while American Robby Ginepri upset No.,Sports
"The World Cup is on its way, with massive attendance expected and a record number of matches played in the tournament.",World
"AP - SpaceShipOne is one flight away from clinching the Ansari X Prize, a  #36;10 million award for the first privately developed manned rocket to reach space twice within 14 days.",Sci/Tech
"Quantum computing is still in its early stages, with companies like Google and IBM leading the charge. While promising, it faces significant challenges, such as high costs and integration into existing systems. This is a phenomenon in the Sci/Tech domain.",Sci/Tech
The 2020 World Series concluded with a historic World Series Championship. The highlights article will explore the team dynamics and strategies that made it a defining moment.,Sports
"News.com reports in the article: Microsoft fixes date for desktop search tool, that the company will offer up a beta release of a desktop search by the end of this year.",Sci/Tech
"There are so many new faces, it #39;s hard to keep them all straight. But despite all the upheaval, all the contracts and controversy that so dominated the summer, Jerry Sloan believes the sheer ",Sports
"Reuters - Long a forum for protecting endangered\species like whales or tigers, a U.N. meeting in Bangkok next\month will seek a wider role in regulating the billion-dollar\trade in timber, fish and medicinal plants.",Sci/Tech
"Advancements in artificial intelligence have revolutionized healthcare, leading to faster diagnostics and personalized treatments. However, the rise of AI also raises concerns about job displacement and privacy issues. This is a key phenomenon in the Sci/Tech landscape.",Sci/Tech
NEW YORK - Investors will be looking ahead to the Federal Reserve #39;s meeting and third-quarter earnings forecasts in Wall Street #39;s short trading week after the Labor Day holiday.,Business
A global summit is being held to discuss the latest advancements in biotechnology.,Sci/Tech
"A new report from the World Health Organization claims that the COVID-19 pandemic is spreading faster than ever, with over 1 million cases reported.",World
"AP - Prosecutors in the Kobe Bryant case spent nearly  #36;400,000 trying to get the NBA star convicted of raping a woman at a Vail-area resort last summer, documents show.",Sports
"AP - Peanuts, hot dogs and wireless instant replays. It''s the future of baseball.",Sci/Tech
The portable stereos that ruled city streets in the 1980s aren''t shipping in high volumes anymore. But some sound artists are finding new ways to incorporate the devices into performances and ad-hoc radio networks. By Elizabeth Biddlecombe.,Sci/Tech
"In the world of sports, a controversial scandal involving a top athlete's integrity has been uncovered. The case has sparked widespread debate and calls for stricter regulations to ensure the integrity of future athletes.",Sports
"Puerto Rican wrestler Mabel Fonseca tested positive for a steroid in an initial doping test, a wrestling official said Saturday. Michel Dusson, secretary general of the International ",Sports
Climate Change and Its Impact on Global Ecosystems,World
"The World Cup highlights the achievements and challenges of sports teams, including some remarkable moments and unexpected results.",Sports
"The rise of AI has transformed industries, leading to new challenges and opportunities. Companies are adapting to new regulations and technologies, which have been a focus of global debates. The global climate crisis is a pressing issue, with governments and corporations working to address it.",World
"UNITED NATIONS Sept. 14, 2004 - Iraq appealed to other nations Tuesday to send troops to protect an expanded UN staff that is essential for holding the country #39;s first free elections by Jan. 31, saying terrorists must not be allowed to disrupt the vote.",World
A British soldier killed after clashes with militia forces in the southern Iraqi city of Basra was today named as Lance Corporal Paul David Trevor Thomas. ,World
"SPACE.com - Researchers can now say definitively that Mars once \supported a watery environment, but whether the red planet could have ever \supported life is still far from certain.",Sci/Tech
The rise of artificial intelligence is revolutionizing industries. Companies are investing heavily in AI to improve customer experiences and operational efficiency.,Business
"AP - For the first time, scientists have created a genetic map of a cow, providing researchers a new tool to reduce animal disease and improve the nutrition of beef and dairy products, the Agriculture Department announced Wednesday.",Sci/Tech
A new AI-powered solution has been developed that can predict market trends with greater accuracy. This tool could help businesses make informed decisions and improve their market positioning.,Business
Trend Micro will become the latest major anti-virus software company to provide protection against mobile phone viruses with the release today of Trend Micro Mobile Security 1.0.,Sci/Tech
"The COVID-19 pandemic has had a massive impact on global markets, causing economic fluctuations and affecting industries worldwide. Tech companies have reported significant earnings, and startups are gaining momentum in the tech sector. regulations in various regions have been strict, impacting consumer behavior and business practices.",Business
You #39;ve already seen our New Users #39; and Power Users #39; reviews of Apple #39;s fourth-generation iPod (iPodlounge rating: A-/B).,Sci/Tech
The Chicago Board of Trade took a leap forward on Monday on its goal to become a for-profit company when an Illinois judge approved a deal on how to carve up ownership of the oldest US futures exchange.,Business
PC World - New 46-inch LCD is just one of eight flat-panel models launched this week.,Sci/Tech
"Remote work is increasingly being recognized as a valuable work option. This trend is reshaping the global economy, with remote jobs becoming more competitive and in demand.",Business
"Auto racing: NASCAR Nextel Cup Sylvania 300 practice at N.H. International Speedway, Loudon, 9:30 and 11:10 a.m.; NASCAR Craftsman Truck Sylvania 200 at N.H. International Speedway, Loudon, 1 p.m.; NASCAR Busch North Sylvania 125 at N.H. International Speedway, Loudon, 3 p.m.",Sports
"Sci/Tech: AI is being used to transform healthcare, leading to better diagnostics. Space exploration is on track for successful missions. Cybersecurity measures are becoming more sophisticated. Biotech companies are collaborating with companies like Google to develop personalized drugs. Climate change research is advancing rapidly.",Sci/Tech
"A startup is developing a new product that aims to disrupt the market, focusing on creating a competitive advantage through innovation.",Business
Sports Analytics: How Data Shapes Team Performance,Sports
"Designed to further enhance the value of our Special Report, these Powerpoint slides offer key data and statistics about the choices facing today''s IT decision makers regarding CRM.",Sci/Tech
The rise of AI in healthcare has revolutionized diagnostic techniques and personalized treatment plans. Companies like DeepMind and Google are leading the charge in developing AI-driven solutions for medical imaging and diagnostics. This is a key phenomenon in the Sci/Tech category.,Sci/Tech
"The climate sector is facing pressing challenges, with rising emissions and extreme weather events. This document discusses the implications of climate change on global ecosystems and the measures being taken to address it.",Sci/Tech
" CHICAGO (Reuters) - Smithfield Foods Inc. &lt;A HREF=''http://www.investor.reuters.com/FullQuote.aspx?ticker=SFD.N target=/stocks/quickinfo/fullquote''&gt;SFD.N&lt;/A&gt;, one of  the nation''s largest meat producers, on Thursday said quarterly  earnings more than doubled due to higher hog prices and its  acquisition of Farmland Foods last year.",Business
"The World Cup is a massive event with highlights of thrilling moments and memorable games. There have been several human rights cases recently, such as the doping scandal in a specific sport.",Sports
"The Cubs didn #39;t need to fly anywhere near Florida to be in the eye of the storm. For a team that is going on 100 years since last winning a championship, the only thing they never are at a loss for is controversy.",Sports
"The tech sector is undergoing rapid transformation, with companies developing innovative products and services. Startups are capitalizing on emerging technologies to gain a competitive edge.",Business
"Recent developments in global trade have increased the cost of certain goods, leading to higher prices for consumers. This piece discusses the economic implications of these changes.",World
WASHINGTON (AP) -- Oil prices fell for a fifth consecutive day Thursday despite a sharp drop in Iraqi exports after pipelines were sabotaged -- evidence that the bull market may have lost some steam.,Business
"In recent years, the role of space exploration has grown significantly, driven by advancements in technology and increased public interest. This phenomenon underscores the potential of sci-fi and the importance of supporting space exploration.",Sci/Tech
"CARACAS, August 22 (Itar-Tass) -- President of Venezuela Hugo Chavez has called on the opposition to recognize the results of a referendum on confidence in the president held on August 15.",Business
 PITTSBURGH (Sports Network) - Kevin Bettencourt scored five  of his 13 points in the final two minutes to lead Bucknell to a  69-66 upset over 10th-ranked and previously unbeaten  Pittsburgh.,Sports
" AMSTERDAM (Reuters) - Nokia, the world''s biggest handset  maker, unveiled on Wednesday a miniature version of its  equivalent of the Swiss Army knife it hopes will lure women and  less-techie business people.",Sci/Tech
"A major World event, the Olympics, was held in a city with a diverse population, a World category example.",World
"DONATING: Summer Ramson,3, gets a hand from her grandmother, Barbara Daliposon, left, and Salvation Army volunteer Donna Clark as she donates money Friday at an Albertsons store on Plumb Lane in Reno.",Business
Business,Business
"The Federal Communications Commission ruled 3-2 that states are now barred from imposing telecommunications regulations on Internet phone providers, which treat calls no differently than any other application on the Net.",Sci/Tech
"ALICANTE, Spain : Spaniard Juan Carlos Ferrero wasted no time getting down to business, brushing aside Fabrice Santoro to put the hosts level with France 1-1 in their World Group Davis Cup semi-final tie.",Sports
"NEW YORKIBM said yesterday it is in talks to settle a mammoth lawsuit alleging a pension plan adopted by the firm in the 1990s discriminated against 140,000 older workers.",Business
"BAGHDAD, Iraq - A US military official in Iraq says seven American marines have been killed today in a car-bomb explosion. Several other Marines have been wounded in the attack.",World
"Space exploration has revealed new insights into [Technology Phenomenon], which could lead to [Technology Phenomenon] to increase [Technology Phenomenon] and [Technology Phenomenon] to reduce [Technology Phenomenon] again.",Sci/Tech
"A major scandal involving a tech company has been ruled out by the authorities, leading to a decrease in investment.",Sports
Regulatory changes in the financial sector have led to increased scrutiny of corporate practices. This report examines the implications of these changes on corporate strategies and investor confidence.,Business
"Sports enthusiasts are reporting a major team's championship win, detailing the highlights and the team's performance.",Sports
"Government policies in [specific country] have significantly reduced [specific issue], such as [key phenomenon], impacting [specific population] and [specific region].",World
The Olympics are a global event that highlights the importance of record-breaking performances and the challenges of international competition.,Sports
&lt;strong&gt;Letter&lt;/strong&gt; TDD mode is not just data delivery,Sci/Tech
Economic Impact of a New Marketing Strategy,Business
SAN FRANCISCO -- A judge is ordering Microsoft Corp. to pay \$112.5 million to attorneys who successfully sued the software maker for monopolizing a segment of California #39;s market.,Sci/Tech
The global economy is under increasing scrutiny as regulations are stricter to maintain stability. This document explores how these regulations can either accelerate growth or lead to market distortions.,Business
"CBC SPORTS ONLINE - The Buffalo Sabres agreed to terms with former first-round draft choice Thomas Vanek on Friday. The Sabres signed the left-winger, the fifth overall selection in the 2003 NHL Entry Draft, to a three-year entry-level contract.",Sports
" ATHENS (Reuters) - Argentina beat Italy 84-69 to win the  men''s Olympic basketball gold Saturday, the country''s first  medal in the sport.",Sports
"The US-Mexico trade war led to significant political tensions between the US and Mexico. The trade war also impacted global markets, causing economic instability. The 2020 pandemic, however, has brought hope and recovery to many regions.",World
A new AI algorithm has been developed that can predict stock market trends with greater accuracy. This article examines the implications of such technology on financial markets.,Business
"A new report is released on advancements in biotechnology, with scientists claiming significant breakthroughs. This article discusses the implications of these findings for the future of medicine.",Sci/Tech
"A major climate change initiative has been approved, leading to a $100 million investment in renewable energy projects.",World
Trade laws are evolving to address global issues like climate change and environmental concerns. Governments are also focusing on reducing their carbon footprint to attract investment.,Business
"A major [Technology Company] has announced a [Technology Phenomenon], which is expected to result in [Technology Phenomenon] to increase [Technology Phenomenon] and [Technology Phenomenon] to decrease [Technology Phenomenon] again.",Sci/Tech
The 2020 Tokyo Olympics showcased world-class athletes and their achievements. High-profile events like the 2016 New York Games and the 2020 Los Angeles County Fair brought together global talent. Scandals such as the 2019 FIFA sex abuse scandal and the 2020 Russian gymnast controversy affected sports infrastructure.,Sports
"Startups are becoming more prevalent, with companies focusing on AI and space exploration as key areas of growth. This document discusses the challenges startups face and the opportunities they present.",Business
Human Rights issues are a global concern. The rise of human rights organizations has led to increased awareness and demand for more equitable policies.,World
"That #39;s according to research outfit Gartner, which on Thursday said that second quarter global mobile phone shipments hit 156.",Sci/Tech
"Fresh off the Pedro Martinez signing, the Mets didn #39;t waste much time before moving on to their next order of business. A baseball official with knowledge of the team #39;s plans ",Sports
"A major conflict in Ukraine has led to increased tensions in the region. The conflict has affected trade, security, and international relations. This is an important phenomenon in the World category.",World
"Space exploration enthusiasts are optimistic, with plans for the next major mission to Mars announced by a top NASA official.",Sci/Tech
"The COVID-19 pandemic has been a defining moment in global history, with its impact on health, economy, and society. The recovery has been uneven, with some regions experiencing rapid growth while others are still recovering. The disease has also sparked debates about the effectiveness of health measures and their impact on public health. The global economy has been affected by the pandemic, with businesses struggling to meet demand and governments implementing various measures to stabilize the market.",World
"Climate change is a pressing global issue affecting politics, trade, and human rights, raising questions about its impact on different societies.",World
The Middle East has faced a tense political conflict over oil resources. The conflict has sparked debates about regional stability and the role of oil as a major source of energy.,World
"Layoffs at Cingular Wireless were inevitable after it acquired AT amp;T Wireless, but what #39;s with the timing? A Cingular spokesman yesterday confirmed an Associated Press report that Cingular ",Business
"AI is revolutionizing healthcare, with [specific AI system] improving diagnostics accuracy by [percentage]. This shift has [key phenomenon] in terms of patient outcomes and cost reduction.",Sci/Tech
"SEOUL, South Korea - A huge mushroom cloud that reportedly billowed up from North Korea was not caused by a nuclear explosion, South Korean and U.S. officials said Sunday, but they said the cause was a mystery...",World
"Saturdays two games in Serie A saw Juventus survive a late scare to call a halt to newly-promoted Messina #39;s unbeaten run, winning 2-1, while Vincenzo Montella underlined his excellent current form with a superb goal for Roma in a storm-interrupted 2-0 ",Sports
ATHENS (Reuters) - Greece #39;s top two sprinters should finally get to put their case on Wednesday in a drugs investigation that has shamed and angered the Olympic host nation. ,Sports
"A controversy has emerged in the sports world, with a player being accused of manipulating his performance data. This piece discusses the implications of such behavior on sports integrity.",Sports
Mobile phone operator MMO2 raises its UK revenue growth target for this year as it gets more customers and existing users spend more.,Sci/Tech
"JERUSALEM Israel #39;s security cabinet on Tuesday approved a compensation package that would pay roughly \$200,000 to \$300,000 to each Jewish family that agreed to leave the Gaza Strip under Prime Minister Ariel Sharon #39;s withdrawal plan.",World
Wayne Rooney looks set to become a Manchester United player this week after Everton confirmed they had received a second improved bid for the England striker from Old Trafford.,Sports
"The World Cup 2022 is a major event that showcases the global sports scene. Highlighting the final match between Germany and France, the tournament highlights the passion and skill of athletes. This is a significant event in the Sports category.",Sports
"Al Leiter provided a settling influence and Kerry Wood struggled with his control, yielding three first-inning runs.",Sports
"A controversy arose after a major sports event, sparking debates about the integrity of the decisions made by the officials involved.",Sports
Sports,Sports
"It might have been the last Fenway Park game of the magical 2004 season. And if it was, there''ll be a parade in Boston sometime before Election Day . . . perhaps the grandest celebration in 374 years of Hub history.",Sports
"In the latest report on the global tech ecosystem, a new startup has emerged that has revolutionized the way companies operate, leading to significant market growth. The report highlights the regulatory environment that allows companies to adopt innovative technologies, but it also raises concerns about the potential for market volatility.",Business
"Space exploration is on the rise, with humanity making significant strides in technology and missions to the moon and Mars.",Sci/Tech
"Symantec has released firmware fixes for a string of critical security holes in its firewall/VPN and Gateway Security products which could be exploited to cause a denial of service, identify ",Sci/Tech
Business,Business
"Space exploration has become a global spectacle, with records broken by missions to Mars and other planets. Companies like SpaceX are leading the charge in developing space technologies. The rise of biotech has led to breakthroughs in medical treatments. Climate change is a pressing global issue, with governments and corporations working together to address it.",Sports
"The Mars Global Surveyor released the latest glyph image that appears to evoke the kinds of communication in rock formations that has become famous among Mars'' watchers on the internet. But there is a serious side to interpreting remote sensing data, and shadow is not always one''s ally...",Sci/Tech
"SpaceX's Starship launch in December 2023 marks a major milestone in space exploration. Companies like Tesla are focusing on electric vehicles, aiming to reduce carbon emissions. Startups like Zoom and WhatsApp are exploring new ways to connect people. There have been controversies surrounding the use of AI in warfare and government operations. A major controversy involving Tesla's use of human resources in a sport has been reported.",Sports
"Solving the nation #39;s spam problem will require a balancing act, legal and privacy experts said today in Washington, DC, at a meeting sponsored by the Federal Trade Commission.",Sci/Tech
"The global trade sector is facing unprecedented challenges, with trade statistics showing a 5% decline in 2023. International conflicts have increased, with tensions rising over oil production and supply chain issues. Natural disasters, such as the devastating earthquake in Japan, have caused significant damage. Human rights issues have gained attention in countries like India, where a recent scandal has exposed allegations of human rights abuses. Trade agreements are on the brink of new changes to ensure economic stability.",World
Rangers hopes of returning to the top of the Scottish Premier League were dashed on Sunday as they were held to a 1-1 draw at struggling Inverness Caledonian Thistle.,Sports
"The U.S.-China trade war has had a significant impact on global trade policies. This includes increased tariffs, trade restrictions, and changes in international trade agreements.",World
AFP - Egypt said it has charged an Iranian diplomat and an Egyptian national over a plot to assassinate an unidentified public figure.,World
"Microsoft announced on Monday that it will not release a fifth service pack for Windows 2000, a popular version of the company #39;s operating system.",Sci/Tech
 #39;Ol #39; Blue Eyes #39; provided an emotional musical tribute to  #39;Old Big  #39;Ead #39; as Nottingham Forest celebrated the remarkable life of Brian Clough ahead of today #39;s game with West Ham.,Sports
"Recent reports highlight the impact of government regulations on consumer spending, with a significant shift in consumer behavior following a new policy. This could provide insights into how regulations influence market dynamics and consumer behavior.",Business
The company is reasonably certain that it can maintain previously issued earnings guidance.,Business
THE Australian Rugby Union has been swamped with inquiries from high-profile players here and overseas interested in joining the new Super 14 franchise in 2006.,Sports
The Giants coughed up three straight second-quarter turnovers and dissolved in a torrent of penalties in a baffling loss at Giants Stadium.,Sports
WASHINGTON - The Senate Judiciary Committee heard this morning from one of its own about some of the problems with airline ''no fly'' watch lists. Sen...,World
UConn senior quarterback Dan Orlovsky has admitted that he probably would have gone to Boston College if offered a scholarship. But ,Sports
 NEW YORK (Reuters) - U.S. Open organizers have apologized  to Serena Williams for a controversial line call in her  quarter-final loss to Jennifer Capriati on Tuesday.,Sports
"A recent report highlights how regulatory changes in [specific industry] have affected [specific company] in the [specific market], leading to [key phenomenon].",Business
"A sports records article detailing the recent world record in track and field, showcasing the competitive spirit.",Sports
"Open source can immediately prompt the words  #39;law suit #39; in some peoples #39; minds, but Black Duck have introduced a software platform that helps developers catch and resolve potential intellectual property disputes.",Sci/Tech
Jenson Button has admitted he was  quot;misguided quot; in his attempts to switch to Williams for next season. The 24-year-old declared his intention to leave BAR in August but team boss David Richards prevented the move on legal grounds.,Sports
&lt;strong&gt;Review&lt;/strong&gt; Quite a tempting package?,Sci/Tech
"A dominant defensive performance and a 21-point lead left the Indianapolis Colts with precious little to fret about at halftime Sunday at the RCA Dome, save the inconsequential.",Sports
"A comprehensive analysis of global health trends, including advancements in medical research and their societal effects.",World
"A new scientific discovery is causing controversy over its implications for human health, raising concerns about its market potential and regulatory frameworks.",Sci/Tech
"Chip giant Intel announced that it has joined forces with the world #39;s largest handset maker, Nokia, to develop the next generation mobile phone.",Sci/Tech
Motorsport.com. Rubens Barrichello finally got the win he has been waiting for when he led Michael Schumacher across the line to take a Ferrari one-two at the Italian Grand Prix.,Sports
"The U.S. government is implementing strict regulations to combat the spread of a novel virus, showing a response to a global pandemic.",World
"The current leaders are shaping the political landscape of the world, with decisions influencing global policies and international relations. The ongoing conflicts between nations are complex, with tensions arising from political, economic, and security issues. The rise of new technologies, such as AI and space exploration, is reshaping the global economy, with opportunities and challenges for businesses and individuals. Trade agreements continue to be a focal point of international relations, with countries striving to find common ground and promote stability.",World
"Spa is among the most demanding circuits for the engine, and Rob White explains the challenge of this unusual circuit.",Sports
"In the coming months, the U.S. government is expected to host a major international summit focused on climate change. This report provides an overview of the summit's goals, key speakers, and the potential impact on global efforts.",World
"A major sports team has won a World Cup final, and fans are eagerly awaiting the next game. This article highlights the excitement and the challenges faced by the team during the tournament.",World
"The 2023 World summits focus on global conflicts, their impact on world leaders, and how they influence international relations and policy-making.",World
"Shares of InPhonic Inc., a Washington reseller of wireless service and telephones over the Internet, rose 26 percent Tuesday on their first day of trading..&lt;br&gt;&lt;FONT face=''verdana,MS Sans Serif,arial,helvetica'' size=''-2'' color=''#666666''&gt;&lt;B&gt;-The Washington Post&lt;/B&gt;&lt;/FONT&gt;",Sci/Tech
Climate change is causing significant environmental damage. The International Green Energy Organization is working to address this issue and promote sustainable solutions.,World
"Recent advancements in AI have revolutionized various industries, including healthcare, where machine learning is being used to predict diseases more accurately. The rise of space exploration has led to new technologies that are pushing the boundaries of technology itself. Cybersecurity threats have increased due to the growing reliance on digital systems, requiring companies to adopt more robust measures. Biotechnology companies are making strides in personalized medicine, offering treatments tailored to individual patients. Climate change has become a global issue, with researchers developing new technologies to combat rising temperatures.",Sci/Tech
Premiership adversaries Manchester United and Arsenal will have another chance to do battle at Old Trafford after last night #39;s League Cup quarter-final draw brought the teams together again.,Sports
AP - Evander Holyfield was suspended indefinitely by New York boxing officials in the wake of his loss Saturday night to journeyman Larry Donald.,Sports
"A major political event has been held, with hundreds of thousands of people attending. The event sparked intense debates about the direction of the country's future.",World
"update In order to get the next update of its Windows operating system out the door, Microsoft will delay some of the key improvements that had been planned.",Sci/Tech
Verizon SuperPages.com said Friday it has teamed up with eBay and Shopping.com for the rollout of new shopping tools on its online Yellow Pages site.,Business
AP - Apparently even a Hall of Fame coach doesn''t get a break from the officials. Washington Redskins coach Joe Gibbs on Tuesday reviewed the tape of the previous night''s loss to the Dallas Cowboys and determined he was on the wrong side of ''two awful calls.'',Sports
Recent updates to U.S. tax regulations aim to protect businesses during economic uncertainty. The new policies include tighter corporate tax rates and reduced regulations on foreign investments.,Business
"A new pan-European supercomputing network has opened to help scientists in the EU with their research.  quot;We have just completed testing, quot; said David Henty of the Edinburgh Parallel Computing Centre, a member ",Sci/Tech
"Aug. 18 (Bloomberg) -- The case against eight men charged with conspiracy to commit murder and carry out terrorist attacks was referred to the Old Bailey, London #39;s central criminal court. ",World
"The Internet Corporation for Assigned Names and Number, the organization named by the US government in 1998 to oversee policies over Internet addresses, gave a preliminary nod Monday to domain names targeting mobile services and the jobs ",Sci/Tech
CHICAGO (CBS.MW) -- Circuit City Stores shares plummeted 10 percent Monday after the nation #39;s No. 2 electronics retailer said that its third-quarter same-store sales fell 4.3 percent.,Business
"The global trade situation is complex, with ongoing trade disputes and economic tensions. This report provides an overview of the current state of global trade and the challenges it faces.",World
"The International Olympic Committee has announced a new era of inclusivity, aiming to promote equal participation from all athletes. This article explores the goals and challenges of this initiative.",World
"AP - One day after the most lopsided loss in the 115 years of Nebraska football, the coaching staff told the Cornhuskers to forget about it.",Sports
"A startup in the tech industry has faced strict regulatory requirements to ensure compliance with new laws. This document discusses the challenges faced by the startup, the regulatory environment, and the importance of staying ahead of regulations.",Business
" TOKYO (Reuters) - Japanese camera and office equipment  maker Canon Inc. &lt;A HREF=''http://www.reuters.co.uk/financeQuoteLookup.jhtml?ticker=7751.T qtype=sym infotype=info qcat=news''&gt;7751.T&lt;/A&gt; said on Tuesday it would start  producing rear projection televisions later this year, aiming  to secure a chunk of the rapidly growing market for big screen  TVs.",Sci/Tech
"Cybersecurity has become a top concern for organizations, with advancements in AI and machine learning enabling more effective threat detection and response. This phenomenon highlights the importance of staying ahead in tech to protect sensitive information.",Sci/Tech
HP plans to add virus-throttling technology to ProLiant servers and ProCurve switches starting in early 2005. Virus Throttler technology slows the spread of a virus or worm within an infected server to give  administrators time to act.,Sci/Tech
"A new trade agreement is expected to boost global trade, but it could also lead to disputes over resources and labor practices.",World
World,World
"Mozilla Firefox Internet Browser Market Share Gains to 7.4\\The latest survey from OneStat.com shows what was expected. Firefox is gaining on Internet Explorer and pretty rapidly. As per the reports, Mozilla Foundation has taken a 7.4 market share gaining more than 5 since May. Microsoft rsquo;s Internet Explorer has dropped down ...",Sci/Tech
AI is revolutionizing healthcare by improving diagnostics and personalizing treatments. This technology is also being used to enhance cybersecurity by developing robust artificial intelligence systems.,Sci/Tech
"Russia has postponed the test launch of a new booster rocket scheduled for Friday, the Defense Ministry said Thursday. The launch of the Soyuz-2 medium-size rocket from Russia #39;s ",Sci/Tech
"To judge by the shift in the headlines, the processor war is nearly over. Who #39;s in? Advanced Micro Devices (NYSE: AMD). Out? Intel (Nasdaq: INTC).",Sci/Tech
AP - Residents burned tires and trash in the streets Thursday trying to drive off swarms of locusts descending on the region in what a U.N. agency called the worst sub-Saharan invasion in more than a decade.,Sci/Tech
"Mark Martin joined the growing list of longtime drivers easing their way out of NASCAR, announcing Thursday that the 2005 season will be his last as a full-time racer.",Sports
"The U.S. economy is showing signs of resilience, with job growth projections reaching 3% in Q4. Tech companies like Meta and NVIDIA are leading advancements in AI and gaming. Companies are also exploring new markets, including emerging markets in Asia. Regulatory changes, such as stricter data protection laws, are impacting corporate profitability. A major scandal involving the management of the U.S. government's digital services has been uncovered.",Business
" TORONTO (Reuters) - New Internet-based technology could  soon turn regular computer users into armchair spies, a  Canadian inventor said on Monday.",Sci/Tech
"Space exploration continues to advance with [specific mission] reaching [specific distance], with [key phenomenon] in terms of [specific achievement] and [specific impact].",Sci/Tech
"The World Cup final match highlights the power of human sportsmanship, with both teams demonstrating remarkable spirit.",Sports
"Barnstable had the upperhand once again. The Red Raiders are one win away from defending their MIAA Division 1 state volleyball championship after blanking Chelmsford, 3-0, in the semifinals last night in Mansfield. It was the second time this fall Chelmsford had been frustrated by the powerful Barnstable lineup.",Sports
"The rise of artificial intelligence is revolutionizing healthcare. A new AI algorithm is making diagnostics faster and more accurate, which could lead to advancements in medical treatments. This is an example of AI in Biotechnology.",Sci/Tech
"AP - Accompanied by a warning that its missiles have the range, Iran on Tuesday said it would destroy Israel''s Dimona nuclear reactor if the Jewish state were to attack Iran''s nuclear facilities.",World
Tulane officials have postponed Saturday #39;s football game against Louisville because of the threat of Hurricane Ivan. Tulane officials said in a statement Tuesday that the game is tentatively rescheduled for the weekend of Dec. 4 at the Superdome.,Sports
"The combined worldwide market for desktops, servers and packaged software running on Linux is forecast to grow at a 2003-2008 compound annual growth rate of 25.9 percent worldwide, reaching \$35.7 billion by 2008.",Sci/Tech
"A major political event, including an election and its implications on global power dynamics.",World
"A report on the latest trends in the global e-commerce market, focusing on the rise of innovative companies in the tech sector.",Business
The Russia-Ukraine conflict is a major geopolitical issue affecting both countries. The conflict has caused significant disruptions to international trade and economic activities. This is an important phenomenon in the World category.,World
"The Mac maker says it will replace about 28,000 batteries in one model of PowerBook G4 and tells people to stop using the notebook.",Sci/Tech
"Recent advancements in artificial intelligence have revolutionized industries, from healthcare to transportation. However, the rapid development of AI raises questions about job displacement and the need for skilled workers. This is a key phenomenon in the Sci/Tech category.",Sci/Tech
The rapid adoption of AI in business operations has revolutionized supply chains and efficiency. This report discusses the potential of AI to transform industries and solve complex problems.,Sci/Tech
"Human rights issues in certain countries have sparked widespread concern, with growing awareness of the need for accountability and protection for all citizens.",World
"A major sports event, including a World Cup final, has been postponed due to unexpected weather conditions.",Sports
"After you''ve joined the music revolution and plunked down \$250 for an Apple iPod mini, it''s easy to become quite protective of the little gizmo.",Sci/Tech
"The Recording Industry Association of America (RIAA) has filed 754 new lawsuits against alleged file-traders using peer-to-peer services, the trade group announced Thursday.",Sci/Tech
"SiliconValley.com - In August, Joshua Rosen, a San Francisco entrepreneur and art director, went live with a Web site that makes it very simple for people to register to vote.",Sci/Tech
The COVID-19 pandemic has had a profound impact on global markets. Remote work has been a key factor in maintaining economic stability despite the challenges posed by the virus.,Business
A major sports scandal involving Major League Baseball revealed significant cybersecurity threats. The investigation highlighted the need for stronger protections and clearer communication between teams.,Sports
"The 2022 World Cup had a massive impact on global markets. Matches were played remotely, affecting ticket sales and sponsorships. This has highlighted the effects of global events on economies.",Business
"A new biotech drug has been developed that could potentially alter the trajectory of climate change. This document explores the implications of the drug's development, its potential applications in space exploration, and the broader implications for biotechnology.",Sci/Tech
"A major international event has been announced, bringing together leading experts from various fields. This report provides an overview of the event, its significance, and the perspectives of the attendees.",World
"Major political protests have erupted in a major country, with thousands of people gathered in the capital to protest a new law.",World
"The U.S. economy is showing signs of resilience, with job growth projections reaching 3% in Q4. Tech companies like Meta and NVIDIA are leading advancements in AI and gaming. Companies are also exploring new markets, including emerging markets in Asia. Regulatory changes, such as stricter data protection laws, are impacting corporate profitability. A major scandal involving the management of the U.S. government's digital services has been uncovered.",Business
"The Olympics are on, with countries preparing for the next edition, showcasing their best performances in various sports.",Sports
"PalmSource today announced entry into an agreement for the acquisition of China MobileSoft Limited (CMS), a leading Chinese mobile phone software company with business operations headquartered with its wholly-owned subsidiary, MobileSoft Technology ",Sci/Tech
"Electronic Data Systems Corp., which lost business when customer US Airways Group Inc. filed for bankruptcy protection the first time, says the carrier #39;s latest filing also will hurt.",Business
"Oakland, CA (Sports Network) - The Oakland Athletics have acquired infielder Keith Ginter from the Milwaukee Brewers in exchange for pitcher Justin Lehr and outfielder Nelson Cruz.",Sports
"Do-it-yourself phishing kits are being made available for download free of charge from the Internet, according to anti-virus firm Sophos.\",Sci/Tech
A controversial scandal involving a major sports team has sparked widespread debate about the integrity of sports leadership. This incident highlights the importance of accountability and the challenges of maintaining sports culture.,Sports
"A Republican on how to survive in a Democratic town: This really is the greatest city in the world, but you are now behind enemy lines.",World
Research shows that economic policies can influence technological advancements. A new study indicates that tax incentives for research and development are driving innovation in AI and space exploration.,Sci/Tech
Sports,Sports
"AP - As Philadelphia prepares to install monitoring cameras at some city intersections, officials say they''re not worried about studies that suggest the surveillance may lead to more accidents.",Sci/Tech
"Wide receiver Terrell Owens said he had a few end-zone celebrations prepared for Sunday #39;s game against the team he shunned in the offseason, the Baltimore Ravens.",Sports
"The COVID-19 pandemic has caused massive displacement in [specific region], with [specific data on population] displaced due to [key phenomenon] such as [specific reason], leading to [specific impact].",World
"A man in Thailand has died of avian flu, the first human casualty in the country since the disease re-emerged in Asia in July, officials said Thursday.",World
"A World Cup match between two world-class teams has been a thrilling event. Highlights include stunning goalscorers and intense rivalries, but there have been controversies surrounding the match.",Sports
"The AI development team at Company X has released a new model, which is expected to significantly improve the efficiency of their supply chain. This article discusses the implications of the model for industries relying heavily on supply chain management.",Sci/Tech
"This holiday the hottest new products for kids have one thing in common: They all interact with the tube, whether by means of sensors, radio-wave technology or the regular old TV remote control.",Sci/Tech
"A controversial scandal has emerged in a major sports team, with multiple players involved. This article explores the extent of the scandal and the impact on the team and players.",World
"Like it or not, Rupert Murdoch is a New York City staple. As chairman of News Corp. (nyse: NWS - news - people ), the billionaire is a part of Gothamites #39; lives.",Business
"NEW YORK - Cisco Systems Inc. said Monday it has agreed to acquire Sunnyvale, California, software developer P-Cube Inc. in a cash-and-options deal Cisco valued at \$200 million.",Sci/Tech
Reuters - Thai scientists began an investigation\Monday into what some conservationists believe could be the\world''s biggest case of ape smuggling -- nearly 100 orangutan\found in a Bangkok amusement park.,Sci/Tech
"Cybersecurity measures have become a critical issue in the global economy, especially with increasing cyber threats.",Sci/Tech
A biotech company has developed a new treatment for a life-threatening disease. This innovation could revolutionize healthcare and require regulatory approvals.,Sci/Tech
"The U.S. economy is showing signs of resilience, with job growth projections reaching 3% in Q4. Tech companies like Meta and NVIDIA are leading advancements in AI and gaming. Companies are also exploring new markets, including emerging markets in Asia. Regulatory changes, such as stricter data protection laws, are impacting corporate profitability. A major scandal involving the management of the U.S. government's digital services has been uncovered.",Business
"com November 4, 2004, 2:38 PM PT. This priority retains its ranking at number five as more and more companies deploy Web services to share business logic, data and processes with each other and with clients.",Sci/Tech
"A major breakthrough in biotechnology led to a new drug being developed, with widespread adoption in healthcare. This could be a significant phenomenon in the Sci/Tech category.",Sci/Tech
Sports fans are reporting a major scandal involving a team's decision that has affected fan support and player morale.,Sports
Order was restored to the Jets'' quarterbacking universe on Wednesday when Chad Pennington returned to practice with the first team.,Sports
"Climate change poses significant challenges to agriculture and food security. The rise of sustainable practices has been met with mixed reactions, leading to debates about the future of food production. This document examines the role of climate change in shaping global agricultural policies and the implications for food security.",World
"A significant discovery has been made in the field of biotechnology, leading to breakthroughs in gene editing technology. This discovery could revolutionize medical research and healthcare.",Sci/Tech
" ATLANTA (Reuters) - Quiznos Sub, the third-largest U.S.  sandwich chain, said on Wednesday it signed a deal to serve  PepsiCo Inc. &lt;A HREF=''http://www.investor.reuters.com/FullQuote.aspx?ticker=PEP.N target=/stocks/quickinfo/fullquote''&gt;PEP.N&lt;/A&gt; drinks in its U.S. outlets, ending a  23-year relationship with Coca-Cola Co. &lt;A HREF=''http://www.investor.reuters.com/FullQuote.aspx?ticker=KO.N target=/stocks/quickinfo/fullquote''&gt;KO.N&lt;/A&gt;",Business
"After months waiting for Microsoft to give me a reason to remain loyal, I finally dumped Internet Explorer for the Firefox Web browser last week.",Sci/Tech
The 2020 pandemic has caused significant economic disruption globally. The US-Mexico trade war was a major political issue that shaped international relations. The 2020 pandemic has had a lasting impact on global markets.,World
"A Jordanian who disappeared in Iraq two weeks ago and was believed to have been kidnapped has been freed and is in the custody of Iraqi police, Foreign Ministry spokesman Ali al-Ayed told reporters yesterday. ",World
The cybersecurity sector is increasingly important as organizations face rising cyber threats. This document explores the latest advancements in cybersecurity and the impact of such threats on global operations.,Sci/Tech
"An in-depth analysis of the latest World Cup match, highlighting the strategies and player performances.",Sports
" NEW YORK (Reuters) - Stocks rose on Tuesday as a oil prices  slid below \$48 a barrel, offsetting caution as investors waited  for an expected quarter-point hike in U.S. interest rates and  results from technology bellwether Cisco Systems Inc. &lt;A HREF=''http://www.investor.reuters.com/FullQuote.aspx?ticker=CSCO.O target=/stocks/quickinfo/fullquote''&gt;CSCO.O&lt;/A&gt;.",Business
"Startups are often at the forefront of innovation, but challenges like high costs and limited access to capital can hinder their success. This document examines the key phenomena affecting startups.",Business
Sports,Sports
"Talking in a teleconference this afternoon, David Richards insisted that the ending of the  quot;consultancy contract quot; between BAR and Prodive, and his subsequent departure from the team, was a mutual decision.",Sports
"A new biotech drug has been developed that could potentially alter the trajectory of climate change. This document explores the implications of the drug's development, its potential applications in space exploration, and the broader implications for biotechnology.",Sci/Tech
"The rise of the tech boom has reshaped global markets, with companies investing heavily in new technologies to stay competitive. This period has seen significant shifts in consumer behavior, driven by the shift towards digital and e-commerce. The impact of these changes on corporate strategies and consumer preferences is a key phenomenon to consider.",Business
"China's trade agreements are expected to have a significant impact on global trade patterns, potentially leading to new trade dynamics and economic opportunities.",World
"For those who need to make telephone calls in flight and don''t want to sell the second car to finance them, help is on the way.",Sci/Tech
"LONDON, Aug 20 (Reuters) - Jamaica striker Ricardo Fuller has joined Portsmouth from Preston North End on a two-year contract, the Premier League club said on Friday. ",Sports
"Biotechnology is making significant strides in recent years, with breakthroughs in gene editing and personalized medicine. This report highlights the potential and challenges of these developments.",Sci/Tech
Workers at Apple #39;s Irish operations in Cork remain gloomy this morning over one European country that remains outside the reach of iTunes Europe - Ireland.,Sci/Tech
World,World
"Nintendo and iQue to release Game Boy Advance SP later this month in 21 different cities in China. TOKYO--Nintendo has announced that it will launch the Game Boy Advance SP in China on October 27, Bloomberg Japan reports today.",Sci/Tech
"The global trade sector is facing unprecedented challenges, with trade statistics showing a 5% decline in 2023. International conflicts have increased, with tensions rising over oil production and supply chain issues. Natural disasters, such as the devastating earthquake in Japan, have caused significant damage. Human rights issues have gained attention in countries like India, where a recent scandal has exposed allegations of human rights abuses. Trade agreements are on the brink of new changes to ensure economic stability.",World
Tom Lehma''s 5-under 67 on Saturday leaves him tied for the Funai Classic lead as he gets a third chance in as many weeks to end a five-year winning drought.,Sports
The impact of market regulations on businesses and economies has been a significant topic in recent economic discussions.,Business
"When was the last time you heard about a company more than doubling its profit from the previous year, but an error in judgment restrained that profit?",Business
"Guatemala''s government agrees to pay millions of dollars to former paramilitaries, who some accuse of war crimes.",World
San Francisco Mayor Gavin Newsom has set a goal of providing free wireless Internet activity in his city that sees itself as a vanguard of the Internet revolution.,Sci/Tech
"By MATTHEW FORDAHL    SAN JOSE, Calif. (AP) -- After years of battling Microsoft Corp...",Sci/Tech
"Global trade summits discuss advancements in biotech, space exploration, and climate change, highlighting their global impact.",World
"AP - Latrell Sprewell was suspended for one game by the NBA on Tuesday for yelling a sexual vulgarity at a female fan during a game, the latest episode of a player clashing with spectators.",Sports
"AI technology is revolutionizing healthcare. It is being used to develop personalized medicine and improve diagnostic accuracy, reducing the need for expensive lab tests.",Sci/Tech
"NewsFactor - Retailers that saw impressive growth in year-over-year online sales during last year''s holiday season should not look for the same results this year, according to estimates by Forrester Research.",Sci/Tech
"A recent study by financial institutions reveals that the global economy is experiencing significant fluctuations due to the COVID-19 pandemic. Companies across industries are adjusting their strategies to mitigate risks, including expanding online services and optimizing supply chains.",Business
"A report on the success of a new startup in the tech sector, focusing on its market reach and growth potential.",Business
Heart of Midlothian Plc said head coach Craig Levein is holding talks to take over as manager at Leicester City in England after steering the Scottish soccer club to the group stage of Europe #39;s UEFA Cup this season.,Sports
A major sports event highlights the importance of mental toughness for success. The match between two world-class athletes will showcase the human spirit.,Sports
"AI advancements in machine learning have revolutionized various industries, with several companies announcing new projects that could transform the future of technology. This could be a great example of how AI is changing the business landscape.",Sci/Tech
"Although AIDS is thought of as a disease of the young, in the United States it is rapidly becoming one of the middle-aged and even the old.",Sci/Tech
"In the world of sports, a major [Technology Phenomenon] has been discovered, which is expected to result in [Technology Phenomenon] to increase [Technology Phenomenon] and [Technology Phenomenon] to reduce [Technology Phenomenon] again.",Sports
A country has announced a new trade agreement that includes agreements with emerging markets. This could lead to increased trade volumes and economic growth across affected regions.,World
"The U.S.-China trade war has had far-reaching economic implications. This document explores the impact of the trade war on global trade, investment, and economic growth.",World
The tech startup raised $25 million in a round aimed at expanding its global presence and improving customer satisfaction.,Business
"A major political event has led to shifts in human rights priorities and trade policies, affecting global trade dynamics.",World
Business,Business
"Mike McKenzie got his wish yesterday, seven months after asking out of Green Bay. The Packers sent the disgruntled cornerback and a future conditional sixth-round ",Sports
"The Ontario government has announced new measures today to tackle child pornography online and Internet luring. Research shows 40 percent of Canadian youth report that someone they met on the Internet, requested personal information.",Sci/Tech
"AFP - Sudan condemned UN threats of sanctions against Khartoum, saying they would only undermine efforts to restore security in the devastated western region of Darfur.",World
Startup Success Stories: How Tech Companies Overcome Regulatory Challenges,Business
"Tony Purnell, the boss of Jaguar Racing says that there is  quot;masses of interest quot; in the team, which the Ford Motor Company has decided to discontinue.",Sports
"The U.S. government revealed plans to crack down on cybercrime, highlighting the growing threat in the tech world.",Sci/Tech
"An Internet company has agreed to forgive \$17 million in customers'' bills as part of an agreement with the government, the Federal Trade Commission announced Monday.",Sci/Tech
"AI is revolutionizing healthcare, improving diagnostics and treatments. The upcoming Mars mission is a significant test of human ingenuity and sustainability.",Sci/Tech
"The Olympics have once again been a symbol of global sports competition, showcasing the diversity of athletes from around the world. Recent articles have discussed the importance of diversity in the Olympics, highlighting the contributions of athletes from different backgrounds and cultures. The event has also been a place of controversy, with some reporting concerns about the fairness of the competition and the lack of transparency in determining winners. The Olympics have also been a significant source of human rights issues, as athletes and coaches face pressure to perform at the highest levels.",Sports
"As part of its ongoing efforts to woo public sector customers, Microsoft Corp. has begun giving governments tools for collaborating and sharing technology information with other organizations so that they can learn from each other''s experiences and cut development costs.",Sci/Tech
"A World conference was held to address climate change issues, a World category example.",World
"SAP AG has agreed to acquire the Swiss and U.S. business units of SAP Systems Integration AG (SAP SI), bringing its absorption of the company nearer to completion.",Sci/Tech
A startup is founded to create a platform that connects entrepreneurs with investors across the world.,Business
John Robertson has this morning been confirmed as the new Hearts manager. Mr Robertson #39;s arrival follows several days of negotiation with Inverness Caly Thistle over a compensation package for the Highland club.,Sports
"European supermarket chain Tesco is planning to extend its RFID rollout in time for the Christmas rush. The company, which began using the tracking technology in October last year, will be introducing the ",Sci/Tech
"LONDON, Sep 17 (IranMania) - Iran #39;s powerful former president Akbar Hashemi Rafsanjani warned Friday that the International Atomic Energy Agencymay have to  quot;beg quot; for Tehran #39;s cooperation if it bows to US pressure.",World
"Hurricane Ivan looks set to cost tour operators as they race to get customers out of harm''s way, though future bookings may not suffer too much.",Business
"A major country's trade agreements with other nations have been criticized for being too restrictive. The trade agreements aim to boost global economic growth, but critics argue they harm domestic industries.",World
Space exploration has seen a surge in interest as scientists continue to push boundaries in the solar system. This report highlights the latest advancements in space technology and their potential applications.,Sports
"A tech company has launched a new product line aimed at boosting online sales. This document explores the impact of this product launch on the global market, the economic implications of the increase in online transactions, the role of companies in driving economic growth, and the regulatory environment that has been impacted.",Business
"NASA postponed for at least two days the launch of its robotic satellite-chasing spacecraft because the target satellite temporarily lost reception of a key navigational signal, the agency said yesterday.",Sci/Tech
