text,label
Coach Bill Cowher finally confirmed yesterday the Pittsburgh Steelers'' worst-kept secret: Duce Staley is in at running back and Jerome Bettis is out again.,Sports
"A man in Thailand has died of avian flu, the first human casualty in the country since the disease re-emerged in Asia in July, officials said Thursday.",World
"The world #39;s first private spaceship has blasted into the final frontier for the second time in five days, snatching the nearly 14-million dollar prize and founding a new era of space tourism.",Sci/Tech
"AP - A sick man among the sick, Pope John Paul II struggled through Sunday Mass at a French shrine that draws desperate people seeking miracle cures. The 84-year-old pontiff gasped, trembled and asked aides for help during the 2 1/2 hour service in sizzling heat.",World
"Shares of InPhonic Inc., a Washington reseller of wireless service and telephones over the Internet, rose 26 percent Tuesday on their first day of trading..&lt;br&gt;&lt;FONT face=''verdana,MS Sans Serif,arial,helvetica'' size=''-2'' color=''#666666''&gt;&lt;B&gt;-The Washington Post&lt;/B&gt;&lt;/FONT&gt;",Sci/Tech
"With few junk e-mail filters supporting a protocol for verifying the source address of digital messages, spammers have adopted it themselves as a way to appear more legitimate, stated a report released on Wednesday.",Sci/Tech
"Puerto Rican wrestler Mabel Fonseca tested positive for a steroid in an initial doping test, a wrestling official said Saturday. Michel Dusson, secretary general of the International ",Sports
"BusinessWeek Online - For 35 years, Advanced Micro Devices Inc.  stood in the shadow of archrival Intel Corp.  AMD churned out lower-priced clones of the tech leader''s chips and occasionally enjoyed a hit that helped boost its meager profits. But bad times easily outweighed the good. Again and again, Intel used its manufacturing muscle and pricing power to stymie AMD''s ambitions, preventing it from gaining a foothold in lucrative markets such as servers and corporate PCs.",Sci/Tech
" TORONTO (Reuters) - New Internet-based technology could  soon turn regular computer users into armchair spies, a  Canadian inventor said on Monday.",Sci/Tech
"One of the tongue-in-cheek rules that we column-writers have is,  quot;Often wrong, never in doubt. quot; Take a stand, don #39;t duck and weave too much.",Business
Trend Micro will become the latest major anti-virus software company to provide protection against mobile phone viruses with the release today of Trend Micro Mobile Security 1.0.,Sci/Tech
IBM plans to start shipping its PCs with a new chip designed to thwart hackers by safeguarding passwords and other sensitive identity information.,Sci/Tech
THE Australian Rugby Union has been swamped with inquiries from high-profile players here and overseas interested in joining the new Super 14 franchise in 2006.,Sports
"After months waiting for Microsoft to give me a reason to remain loyal, I finally dumped Internet Explorer for the Firefox Web browser last week.",Sci/Tech
"AP - Accompanied by a warning that its missiles have the range, Iran on Tuesday said it would destroy Israel''s Dimona nuclear reactor if the Jewish state were to attack Iran''s nuclear facilities.",World
"Sony has embarked on a potential collision course with music groups, including its own Sony BMG joint venture, over MP3 digital song files.",Sci/Tech
Performance venues there can now install signal-jamming equipment to deal with rude mobile-phone users.,Sci/Tech
"WASHINGTON - The US job market brightened in August as employers added 144,000 workers to their payrolls and hiring totals for the two prior months were revised up, the Labor Department (search) reported on Friday.",Business
Some 800 Palestinian detainees in Israel #39;s Ashkelon prison have suspended their 13-day-old hunger strike until Monday after some of their demands were met.,World
Jewish leaders expressed growing frustration this week with continuing anti-Semitic violence in Europe following the torching of a Jewish community center in Paris early Sunday.,World
John Robertson has this morning been confirmed as the new Hearts manager. Mr Robertson #39;s arrival follows several days of negotiation with Inverness Caly Thistle over a compensation package for the Highland club.,Sports
"NewsFactor - Retailers that saw impressive growth in year-over-year online sales during last year''s holiday season should not look for the same results this year, according to estimates by Forrester Research.",Sci/Tech
"So a few weeks ago, the two astronauts who live there tossed out some useless junk, like so many old hubcaps for the trash heap. Only this stuff floated away in space.",Sci/Tech
The following is a verbatim copy of a open letter to the Linux community issued by PalmSource. Read on for more information about the new acquisition and FAQs about how PalmSource will use the new resources and the new Palm OS Cobalt version of Linux.,Sci/Tech
FULHAM #39;S United old boy Andy Cole fears his former team are poised to leave their critics red-faced. The Reds haven #39;t lost in the Premiership since defeat at Portsmouth six matches ago when they were being written off in the title race.,Sports
"AFP - French pharmaceutical group Sanofi-Synthelabo formally announced the birth of Sanofi-Aventis, the world''s third-largest pharmaceutical company, ranking number one in Europe.",World
LOS ANGELES A source says Hollywood movie studios are preparing to sue computer users they say are illegally distributing movies online.,Sci/Tech
" TOKYO (Reuters) - Japanese camera and office equipment  maker Canon Inc. &lt;A HREF=''http://www.reuters.co.uk/financeQuoteLookup.jhtml?ticker=7751.T qtype=sym infotype=info qcat=news''&gt;7751.T&lt;/A&gt; said on Tuesday it would start  producing rear projection televisions later this year, aiming  to secure a chunk of the rapidly growing market for big screen  TVs.",Sci/Tech
WASHINGTON - The Senate Judiciary Committee heard this morning from one of its own about some of the problems with airline ''no fly'' watch lists. Sen...,World
"BANGALORE, India Anil Kumble, the Indian spin bowler, took three wickets Wednesday to reach 400 in test matches as the first day of the first test against Australia finished finely balanced.",Sports
Singapore #39;s Prime Minister Lee Hsien Loong on Sunday night delivered his first National Day Rally speech since he was sworn in as the country #39;s third Prime Minister.,World
"Vienna, Austria (Sports Network) - English midfielder Steven Gerrard will likely miss Saturday #39;s World Cup qualifier against Austria with a groin injury.",Sports
CHICAGO (CBS.MW) -- Circuit City Stores shares plummeted 10 percent Monday after the nation #39;s No. 2 electronics retailer said that its third-quarter same-store sales fell 4.3 percent.,Business
"Nintendo, Sony ready rival portable gaming devices. Which one will gamers go for?",Sci/Tech
Reuters - Thai scientists began an investigation\Monday into what some conservationists believe could be the\world''s biggest case of ape smuggling -- nearly 100 orangutan\found in a Bangkok amusement park.,Sci/Tech
The Giants coughed up three straight second-quarter turnovers and dissolved in a torrent of penalties in a baffling loss at Giants Stadium.,Sports
"News.com reports in the article: Microsoft fixes date for desktop search tool, that the company will offer up a beta release of a desktop search by the end of this year.",Sci/Tech
Thats when you can get yours and how much you would pay. That is if you live in Japan. Sony today announced the release date and price for its new portable game system.,Sci/Tech
PC World - New 46-inch LCD is just one of eight flat-panel models launched this week.,Sci/Tech
U.S. tanks and snipers took up positions near the revered Imam Ali Shrine and engaged in fierce battles with militants.,World
"The combined worldwide market for desktops, servers and packaged software running on Linux is forecast to grow at a 2003-2008 compound annual growth rate of 25.9 percent worldwide, reaching \$35.7 billion by 2008.",Sci/Tech
Motorsport.com. Rubens Barrichello finally got the win he has been waiting for when he led Michael Schumacher across the line to take a Ferrari one-two at the Italian Grand Prix.,Sports
"Maoists rebels have lifted a blockade that cut Nepal #39;s capital Kathmandu off from the rest of the country for a week. In a statement released Tuesday, however, the rebels warned the ",World
"Oakland, CA (Sports Network) - The Oakland Athletics have acquired infielder Keith Ginter from the Milwaukee Brewers in exchange for pitcher Justin Lehr and outfielder Nelson Cruz.",Sports
"Solving the nation #39;s spam problem will require a balancing act, legal and privacy experts said today in Washington, DC, at a meeting sponsored by the Federal Trade Commission.",Sci/Tech
IBM Corp has announced that it will launch a new low-budget version of its BladeCenter chassis for blade servers in an effort to make the blade machines more appealing to budget conscious customers in the small- and mid-sized market.,Sci/Tech
"The study, which was conducted by Yahoo and media agency OMD, examined the way in which 13 US households reacted to being denied access to the internet for two weeks.",Sci/Tech
"The Internet Corporation for Assigned Names and Number, the organization named by the US government in 1998 to oversee policies over Internet addresses, gave a preliminary nod Monday to domain names targeting mobile services and the jobs ",Sci/Tech
"By MATTHEW FORDAHL    SAN JOSE, Calif. (AP) -- After years of battling Microsoft Corp...",Sci/Tech
"This holiday the hottest new products for kids have one thing in common: They all interact with the tube, whether by means of sensors, radio-wave technology or the regular old TV remote control.",Sci/Tech
Workers at Apple #39;s Irish operations in Cork remain gloomy this morning over one European country that remains outside the reach of iTunes Europe - Ireland.,Sci/Tech
&lt;strong&gt;Review&lt;/strong&gt; Quite a tempting package?,Sci/Tech
Order was restored to the Jets'' quarterbacking universe on Wednesday when Chad Pennington returned to practice with the first team.,Sports
"Wide receiver Terrell Owens said he had a few end-zone celebrations prepared for Sunday #39;s game against the team he shunned in the offseason, the Baltimore Ravens.",Sports
"LONDON, Aug 20 (Reuters) - Jamaica striker Ricardo Fuller has joined Portsmouth from Preston North End on a two-year contract, the Premier League club said on Friday. ",Sports
"CLEMSON, S.C. -- Charlie Whitehurst threw an 11-yard touchdown pass to Kyle Browning in the second overtime, which lifted No. 15 Clemson to a 37-30 victory over Wake Forest yesterday.",Sports
"54.5 million Europeans surfed the Web over a broadband connection, a 60 percent increase from 34.1 million 12 months earlier. AMSTERDAM: More than half of Europe #39;s Internet surfers now have a high-speed broadband ",Sci/Tech
"Reuters - European shares sagged on Tuesday as\broker downgrades hit mobile phone operator Vodafone  and two\of its peers, but UK clothing retailer Next shone on news of\strong summer sales.",Sci/Tech
San Francisco Mayor Gavin Newsom has set a goal of providing free wireless Internet activity in his city that sees itself as a vanguard of the Internet revolution.,Sci/Tech
"AP - Prosecutors in the Kobe Bryant case spent nearly  #36;400,000 trying to get the NBA star convicted of raping a woman at a Vail-area resort last summer, documents show.",Sports
AP - The NHL and the players'' association appeared headed toward a lockout when talks broke off Thursday after the union''s first new proposal in nearly a year.,Sports
"Aug. 18 (Bloomberg) -- The case against eight men charged with conspiracy to commit murder and carry out terrorist attacks was referred to the Old Bailey, London #39;s central criminal court. ",World
"To judge by the shift in the headlines, the processor war is nearly over. Who #39;s in? Advanced Micro Devices (NYSE: AMD). Out? Intel (Nasdaq: INTC).",Sci/Tech
The biggest-selling electronic product in the world is mobile phones. Analysts estimate that consumers from Canada to China will snap up more than 600 million handsets this year -- five times the number of TVs or personal computers expected to sell.,Sci/Tech
"Barnstable had the upperhand once again. The Red Raiders are one win away from defending their MIAA Division 1 state volleyball championship after blanking Chelmsford, 3-0, in the semifinals last night in Mansfield. It was the second time this fall Chelmsford had been frustrated by the powerful Barnstable lineup.",Sports
Rangers hopes of returning to the top of the Scottish Premier League were dashed on Sunday as they were held to a 1-1 draw at struggling Inverness Caledonian Thistle.,Sports
"While it seemed likely during the preseason that Gutierrez would win the job, coach Lloyd Carr insisted two other quarterbacks - Clayton Richard and Chad Henne - had a shot.",Sports
"Microsoft last week faced accusations of short-changing its Software Assurance customers following its decision to strip core features from the next major Windows client operating system, codenamed Longhorn.",Sci/Tech
"The free Firefox Web browser, which has chipped away at the market dominance of Microsoft #39;s Internet Explorer, has been readied for a full release including new features designed to make it more stable, backers of the program say.",Sci/Tech
"Barcelona held on from an early Deco goal to edge game local rivals Espanyol 1-0 and carve out a five point tabletop cushion. Earlier, Ronaldo rescued a point for Real Madrid, who continued their middling form with a 1-1 draw at Real Betis.",Sports
AP - Takeo Spikes made good on his vow the Buffalo Bills would finally provide some good news for their fans this weekend.,Sports
"LONDON, Sep 17 (IranMania) - Iran #39;s powerful former president Akbar Hashemi Rafsanjani warned Friday that the International Atomic Energy Agencymay have to  quot;beg quot; for Tehran #39;s cooperation if it bows to US pressure.",World
"FONTANA, CA.California native Casey Mears was glad to be home. So glad in fact, he put his No. 41 Dodge on the Busch Series pole position for Saturday #39;s Target House 300 run on the two-mile California Speedway.",Sports
"WASHINGTON - The Congressional Budget Office projected Tuesday that this election-year''s federal deficit will hit a record \$422 billion, a shortfall that would be smaller than analysts predicted earlier this year.    The figure immediately provided political fodder for both parties now in the final two-month stretch of the presidential and congressional campaigns...",World
"Slovenia pulled off a famous result yesterday, defeating Italy to go top of Group Five. A solitary goal by Bostjan Cesar after 82 minutes gave the hosts victory in Celje to inflict a first World Cup qualifying group defeat on Marcello Lippi #39;s side.",Sports
What: MIAA Division 3A Super Bowl. Where: Bentley College in Waltham. When: Saturday at 10 a.m. Last meeting: Schools have never met. .,Sports
AP - The game between the Minnesota Twins and the New York Yankees on Tuesday night was postponed by rain.,Sports
Intel Corp. is expected to release a faster version of its powerful but expensive Pentium 4 Extreme Edition processor on Monday alongside the introduction of a chipset that uses a faster front-side bus to connect the processor and the memory.,Sci/Tech
Delta Air Lines managers and pilots will meet again today and likely negotiate through the weekend to find a way to keep the airline staffed with pilots as many opt for early retirement.,Business
"Toshiba will market laptops with HD-DVD drives by the end of next year, becoming one of the first manufacturers to commit to a next-generation DVD format.",Sci/Tech
"Like it or not, Rupert Murdoch is a New York City staple. As chairman of News Corp. (nyse: NWS - news - people ), the billionaire is a part of Gothamites #39; lives.",Business
The Chicago Board of Trade took a leap forward on Monday on its goal to become a for-profit company when an Illinois judge approved a deal on how to carve up ownership of the oldest US futures exchange.,Business
SPACE.com - The tenth crew of the \International Space Station (ISS) made a short spaceflight early Monday to move a Russian lifeboat \to a new docking port and prepare the station for a pair of upcoming spacewalks.,Sci/Tech
"American International Group Inc. , the world''s largest insurer, said the Securities and Exchange Commission is considering accusing the company of helping PNC Financial Services Group Inc. improperly remove bad loans from its books.",Business
US Airways Group Inc. met with two unions to try and agree on concessions before an Oct. 7 hearing at which a bankruptcy judge might let the carrier temporarily reduce pay 23 percent to help avoid potential liquidation.,Business
AFP - Egypt said it has charged an Iranian diplomat and an Egyptian national over a plot to assassinate an unidentified public figure.,World
The Internet megasite eBay yelled  #39;hold the cheese #39; when they found a 10-year-old grilled cheese sandwich that its owner says bears the image of the Virgin Mary being auctioned off on its website.,Sci/Tech
"An Internet company has agreed to forgive \$17 million in customers'' bills as part of an agreement with the government, the Federal Trade Commission announced Monday.",Sci/Tech
"A Jordanian who disappeared in Iraq two weeks ago and was believed to have been kidnapped has been freed and is in the custody of Iraqi police, Foreign Ministry spokesman Ali al-Ayed told reporters yesterday. ",World
The portable stereos that ruled city streets in the 1980s aren''t shipping in high volumes anymore. But some sound artists are finding new ways to incorporate the devices into performances and ad-hoc radio networks. By Elizabeth Biddlecombe.,Sci/Tech
"We should be using probes to look for life in space instead of radio signals, say scientists.",Sci/Tech
"com November 4, 2004, 2:38 PM PT. This priority retains its ranking at number five as more and more companies deploy Web services to share business logic, data and processes with each other and with clients.",Sci/Tech
United States sprinter Jerome Young was banned for life by the US Anti-Doping Agency yesterday following his second positive test for an illegal steroid in a case that could affect a US relay team #39;s gold medal from Sydney.,Sports
Reuters - The Sudanese foreign minister rejected on\Friday a U.S. declaration of genocide in the Darfur region of\Sudan and said the United States was using a humanitarian\crisis for political purposes.,World
"Ending after midnight due to rain delays, Roger Federer finally put his second round robin match in the books early Thursday morning at the ATP Tennis Masters Cup in Houston, defeating Lleyton Hewitt for the fifth consecutive time 6-3, 6-4.",Sports
Jenson Button has admitted he was  quot;misguided quot; in his attempts to switch to Williams for next season. The 24-year-old declared his intention to leave BAR in August but team boss David Richards prevented the move on legal grounds.,Sports
"CARACAS, August 22 (Itar-Tass) -- President of Venezuela Hugo Chavez has called on the opposition to recognize the results of a referendum on confidence in the president held on August 15.",Business
"DONATING: Summer Ramson,3, gets a hand from her grandmother, Barbara Daliposon, left, and Salvation Army volunteer Donna Clark as she donates money Friday at an Albertsons store on Plumb Lane in Reno.",Business
AP - Apparently even a Hall of Fame coach doesn''t get a break from the officials. Washington Redskins coach Joe Gibbs on Tuesday reviewed the tape of the previous night''s loss to the Dallas Cowboys and determined he was on the wrong side of ''two awful calls.'',Sports
"Tony Purnell, the boss of Jaguar Racing says that there is  quot;masses of interest quot; in the team, which the Ford Motor Company has decided to discontinue.",Sports
Premiership adversaries Manchester United and Arsenal will have another chance to do battle at Old Trafford after last night #39;s League Cup quarter-final draw brought the teams together again.,Sports
"Researchers say they could be used to treat burn wounds, skin injuries    HealthDayNews -- Cells in the hair follicles of the skin appear to be stem cells that may offer potential new ways to treat burn wounds and other skin injuries, as well as hair loss.    That''s the promising conclusion of a study in the Sept...",Sci/Tech
"NASA postponed for at least two days the launch of its robotic satellite-chasing spacecraft because the target satellite temporarily lost reception of a key navigational signal, the agency said yesterday.",Sci/Tech
You #39;ve already seen our New Users #39; and Power Users #39; reviews of Apple #39;s fourth-generation iPod (iPodlounge rating: A-/B).,Sci/Tech
"HEMPSTEAD, NY - He was drafted in the first round in 2000 out of Marshall, at the head of the same quarterback class that yielded Tom Brady, but Chad Pennington #39;s road to success has been more deliberate.",Sports
"AP - As Philadelphia prepares to install monitoring cameras at some city intersections, officials say they''re not worried about studies that suggest the surveillance may lead to more accidents.",Sci/Tech
"Hurricane Ivan looks set to cost tour operators as they race to get customers out of harm''s way, though future bookings may not suffer too much.",Business
"Symantec has released firmware fixes for a string of critical security holes in its firewall/VPN and Gateway Security products which could be exploited to cause a denial of service, identify ",Sci/Tech
"Steve Coll, The Washington Post #39;s managing editor for six years, said today he is stepping down at the end of the year to pursue book projects.",Business
"By BETSY BLANEY    LUBBOCK, Texas (AP) -- Some farmers are placing their hope in a hybrid sunflower seed that could help keep arteries clear and hearts pumping in a nation smitten with snacks and processed food.    ''It''s a healthier oil,'' said Willie Wieck, 62, who started growing sunflowers on his 450 acres in the Texas Panhandle in the early 1970s...",Sci/Tech
"After nine days of being held by kidnappers in Iraq, New York-based freelance journalist Micah Garen will reunite with his family this week, his father said yesterday.",World
"AP - Peanuts, hot dogs and wireless instant replays. It''s the future of baseball.",Sci/Tech
"That #39;s according to research outfit Gartner, which on Thursday said that second quarter global mobile phone shipments hit 156.",Sci/Tech
palmOne introduced Monday the Tungsten T5 handheld with 256 megabytes of flash memory - the most built into a handheld to date. Expected to be widely available ,Sci/Tech
"They spent the summer marveling over their lineup changes and their improvement, the big-name veterans they signed and the strategic concepts they imported from the champion New England Patriots.",Sports
"JERUSALEM Israel #39;s security cabinet on Tuesday approved a compensation package that would pay roughly \$200,000 to \$300,000 to each Jewish family that agreed to leave the Gaza Strip under Prime Minister Ariel Sharon #39;s withdrawal plan.",World
"NEW YORK, August 30 (New Ratings) - Japan #39;s Supreme Court has reportedly approved the merger negotiations between UFJ Holdings Inc (ticker: UFJ) and Mitsubishi Tokyo Financial Group (MTFG).",Business
 RIO DE JANEIRO (Reuters) - Brazil coach Carlos Alberto  Parreira is more worried about playing rank outsiders Venezuela  than the likes of Germany or Argentina.,Sports
"Forbes.com - As the second employee of InfoSpace, Jean-Remy Facq saw the value of his stock inflate and then collapse. Now he''s suing in federal court in Seattle for a  #36;4.5 million refund of 1999 federal income tax. He''s just one of 200 tech workers who have hired Seattle tax lawyer/CPA Brian G. Isaacson in the hope his novel theories will help them slash old (and sometimes unpaid) tax bills from their exercise of stock options for shares that later tanked.",Business
"The chief financial officer of Oracle, Harry L. You, said that \$24 a share remained the company''s ''best and final'''' offer for PeopleSoft Inc. in what may be the last week of a 17-month hostile takeover fight.",Sci/Tech
Wayne Rooney looks set to become a Manchester United player this week after Everton confirmed they had received a second improved bid for the England striker from Old Trafford.,Sports
"SAP AG has agreed to acquire the Swiss and U.S. business units of SAP Systems Integration AG (SAP SI), bringing its absorption of the company nearer to completion.",Sci/Tech
"The Federal Communications Commission ruled 3-2 that states are now barred from imposing telecommunications regulations on Internet phone providers, which treat calls no differently than any other application on the Net.",Sci/Tech
WASHINGTON (AP) -- Oil prices fell for a fifth consecutive day Thursday despite a sharp drop in Iraqi exports after pipelines were sabotaged -- evidence that the bull market may have lost some steam.,Business
"Australia #39;s biggest retailer, Coles Myer, hopes it has silenced its detractors by posting a record annual profit, which was above its own guidance and market expectations.",Business
&lt;strong&gt;Letter&lt;/strong&gt; TDD mode is not just data delivery,Sci/Tech
" FRANKFURT (Reuters) - Market research firm IDC has raised  its 2004 forecast for global personal computer sales growth to  14.2 percent from 13.5 percent, driven by high commercial  demand, it said on Monday.",Sci/Tech
"It might have been the last Fenway Park game of the magical 2004 season. And if it was, there''ll be a parade in Boston sometime before Election Day . . . perhaps the grandest celebration in 374 years of Hub history.",Sports
"Mark Martin joined the growing list of longtime drivers easing their way out of NASCAR, announcing Thursday that the 2005 season will be his last as a full-time racer.",Sports
" ATHENS (Reuters) - Argentina beat Italy 84-69 to win the  men''s Olympic basketball gold Saturday, the country''s first  medal in the sport.",Sports
"The Ontario government has announced new measures today to tackle child pornography online and Internet luring. Research shows 40 percent of Canadian youth report that someone they met on the Internet, requested personal information.",Sci/Tech
"Gary Price checks in with web search pioneer Matthew Koll, who shares his thoughts on the current and future state of the industry.",Sci/Tech
"Bee Staff Writer. SAN DIEGO - The San Diego Padres returned the favor, and the playoff-chasing Giants gladly accepted it before a disappointed record crowd of 45,389 at Petco Park.",Sports
"The Mars Global Surveyor released the latest glyph image that appears to evoke the kinds of communication in rock formations that has become famous among Mars'' watchers on the internet. But there is a serious side to interpreting remote sensing data, and shadow is not always one''s ally...",Sci/Tech
"Talking in a teleconference this afternoon, David Richards insisted that the ending of the  quot;consultancy contract quot; between BAR and Prodive, and his subsequent departure from the team, was a mutual decision.",Sports
AP - Residents burned tires and trash in the streets Thursday trying to drive off swarms of locusts descending on the region in what a U.N. agency called the worst sub-Saharan invasion in more than a decade.,Sci/Tech
"Saturdays two games in Serie A saw Juventus survive a late scare to call a halt to newly-promoted Messina #39;s unbeaten run, winning 2-1, while Vincenzo Montella underlined his excellent current form with a superb goal for Roma in a storm-interrupted 2-0 ",Sports
"MILTON -- If you could build a prototype Mansfield Hornet, he just might look like Brett McDermott.",Sports
"Russia has postponed the test launch of a new booster rocket scheduled for Friday, the Defense Ministry said Thursday. The launch of the Soyuz-2 medium-size rocket from Russia #39;s ",Sci/Tech
"Reuters - Long a forum for protecting endangered\species like whales or tigers, a U.N. meeting in Bangkok next\month will seek a wider role in regulating the billion-dollar\trade in timber, fish and medicinal plants.",Sci/Tech
"AP - Gordon Cooper, who as one of the original Mercury astronauts was a pioneer in human space exploration, has died. He was 77.",Sci/Tech
"Raleigh, NC (Sports Network) - Andrew Brackman scored 16 of his 20 points in the second half to lead 12th-ranked North Carolina State to a hard-fought 78-72 win over Louisiana-Lafayette at the RBC Center.",Sports
 NEW YORK (Reuters) - U.S. Open organizers have apologized  to Serena Williams for a controversial line call in her  quarter-final loss to Jennifer Capriati on Tuesday.,Sports
 PITTSBURGH (Sports Network) - Kevin Bettencourt scored five  of his 13 points in the final two minutes to lead Bucknell to a  69-66 upset over 10th-ranked and previously unbeaten  Pittsburgh.,Sports
Description: News mogul Rupert Murdoch pays a record-setting \$44 million for a three-story Fifth Avenue penthouse in Manhattan formerly inhabited by the late Laurance Rockefeller.,Business
"The graphics library, an alternative to Microsoft''s DirectX, gets new features designed to add razzle-dazzle to PC games.",Sci/Tech
" CHICAGO (Reuters) - Smithfield Foods Inc. &lt;A HREF=''http://www.investor.reuters.com/FullQuote.aspx?ticker=SFD.N target=/stocks/quickinfo/fullquote''&gt;SFD.N&lt;/A&gt;, one of  the nation''s largest meat producers, on Thursday said quarterly  earnings more than doubled due to higher hog prices and its  acquisition of Farmland Foods last year.",Business
"The Cubs didn #39;t need to fly anywhere near Florida to be in the eye of the storm. For a team that is going on 100 years since last winning a championship, the only thing they never are at a loss for is controversy.",Sports
"FOXBORO, Mass.  Bill Belichick took a few minutes Monday to convey his congratulations to his offensive coordinator on becoming Notre Dame #39;s head coach.",Sports
"Mike McKenzie got his wish yesterday, seven months after asking out of Green Bay. The Packers sent the disgruntled cornerback and a future conditional sixth-round ",Sports
A British soldier killed after clashes with militia forces in the southern Iraqi city of Basra was today named as Lance Corporal Paul David Trevor Thomas. ,World
"AFP - Sudan condemned UN threats of sanctions against Khartoum, saying they would only undermine efforts to restore security in the devastated western region of Darfur.",World
NEW YORK (CNN/Money) - Some colleges are fretting the release of Microsoft #39;s upgrade to its XP operating system -- whose release coincides with the opening of campuses around the country -- saying that multiple downloads of the patch could significantly ,Sci/Tech
A SECOND-HALF Springbok blitz gave South Africa their first Tri-Nations rugby title in six years with a win over Australia at Kings Park.,Sports
PARIS -- Gael Monfils of France reached the quarterfinals in his first ATP tournament three weeks ago. Lleyton Hewitt made sure he did not duplicate the feat at the Paris Masters.,Sports
"Nortel Networks said on Thursday it will slash its work force by 3,500, or 10 percent, as it struggles to recover from an accounting scandal that toppled three top executives and led to a criminal investigation and lawsuits.",Sci/Tech
Tulane officials have postponed Saturday #39;s football game against Louisville because of the threat of Hurricane Ivan. Tulane officials said in a statement Tuesday that the game is tentatively rescheduled for the weekend of Dec. 4 at the Superdome.,Sports
"With less than a month remaining before the current collective bargaining agreement expires, representatives for the NHL and the Players #39; Association met for nearly 4 1/2 hours yesterday without making any progress on a new CBA. ",Sports
"UNITED NATIONS Sept. 14, 2004 - Iraq appealed to other nations Tuesday to send troops to protect an expanded UN staff that is essential for holding the country #39;s first free elections by Jan. 31, saying terrorists must not be allowed to disrupt the vote.",World
The company is reasonably certain that it can maintain previously issued earnings guidance.,Business
Heart of Midlothian Plc said head coach Craig Levein is holding talks to take over as manager at Leicester City in England after steering the Scottish soccer club to the group stage of Europe #39;s UEFA Cup this season.,Sports
"Electronic Data Systems Corp., which lost business when customer US Airways Group Inc. filed for bankruptcy protection the first time, says the carrier #39;s latest filing also will hurt.",Business
"Mozilla Firefox Internet Browser Market Share Gains to 7.4\\The latest survey from OneStat.com shows what was expected. Firefox is gaining on Internet Explorer and pretty rapidly. As per the reports, Mozilla Foundation has taken a 7.4 market share gaining more than 5 since May. Microsoft rsquo;s Internet Explorer has dropped down ...",Sci/Tech
Online-payment service PayPal on Tuesday sought to reassure customers that outages that had plagued the service since Friday finally had been resolved.,Sci/Tech
"SEOUL, South Korea - A huge mushroom cloud that reportedly billowed up from North Korea was not caused by a nuclear explosion, South Korean and U.S. officials said Sunday, but they said the cause was a mystery...",World
SOUTHHAMPTON - West Indies want to redeem a disappointing summer with a place in the Champions Trophy final while Pakistan are equally as eager to continue its resurgence under new coach Bob Woolmer.,Sports
" NEW YORK (Reuters) - Stocks rose on Tuesday as a oil prices  slid below \$48 a barrel, offsetting caution as investors waited  for an expected quarter-point hike in U.S. interest rates and  results from technology bellwether Cisco Systems Inc. &lt;A HREF=''http://www.investor.reuters.com/FullQuote.aspx?ticker=CSCO.O target=/stocks/quickinfo/fullquote''&gt;CSCO.O&lt;/A&gt;.",Business
"Auto racing: NASCAR Nextel Cup Sylvania 300 practice at N.H. International Speedway, Loudon, 9:30 and 11:10 a.m.; NASCAR Craftsman Truck Sylvania 200 at N.H. International Speedway, Loudon, 1 p.m.; NASCAR Busch North Sylvania 125 at N.H. International Speedway, Loudon, 3 p.m.",Sports
"The Walt Disney Co. has postponed an expansion of its video-on-demand service while it explores partnerships that could result in a deal to include the service in set-top boxes, computers or other devices.",Sci/Tech
"Guatemala''s government agrees to pay millions of dollars to former paramilitaries, who some accuse of war crimes.",World
UConn senior quarterback Dan Orlovsky has admitted that he probably would have gone to Boston College if offered a scholarship. But ,Sports
Verizon SuperPages.com said Friday it has teamed up with eBay and Shopping.com for the rollout of new shopping tools on its online Yellow Pages site.,Business
AP - Former All-Star forward Jamal Mashburn will miss the entire 2004-05 NBA season because of a knee injury that could end his career.,Sports
"The coach of disgraced Greek sprinters Kostas Kenteris and Katerina Thanou says IAAF charges against the athletes are groundless and will not result in a suspension, according to reports Friday.",Sports
"Nintendo and iQue to release Game Boy Advance SP later this month in 21 different cities in China. TOKYO--Nintendo has announced that it will launch the Game Boy Advance SP in China on October 27, Bloomberg Japan reports today.",Sci/Tech
Reuters - The Atlanta Falcons\Monday signed Pro Bowl tight end Alge Crumpler to a six-year\contract extension.,Sports
"JERUSALEM : Beleaguered Israeli Prime Minister Ariel Sharon persisted with plans to form a new government including the main opposition Labour party, bolstered by Washington #39;s backing for the expansion of West Bank settlements.",World
"SPACE.com - Researchers can now say definitively that Mars once \supported a watery environment, but whether the red planet could have ever \supported life is still far from certain.",Sci/Tech
"Chip giant Intel announced that it has joined forces with the world #39;s largest handset maker, Nokia, to develop the next generation mobile phone.",Sci/Tech
"Fresh off the Pedro Martinez signing, the Mets didn #39;t waste much time before moving on to their next order of business. A baseball official with knowledge of the team #39;s plans ",Sports
"WASHINGTON -- The US Chamber of Commerce filed an emergency motion yesterday seeking a court order to block the Securities and Exchange Commission from requiring that 75 percent of mutual fund directors, including the chairman, be independent of the fund company.",Business
"BAGRAM, Afghanistan - Three years after the Sept. 11 attacks, Osama bin Laden and his deputy are still issuing orders for attacks by al-Qaida, a top American commander told The Associated Press Saturday...",World
TOKYO - Sony Corp is attempting to claw back market share of the domestic flat-panel TV market with the launch of eight new televisions.,Sci/Tech
"ALICANTE, Spain : Spaniard Juan Carlos Ferrero wasted no time getting down to business, brushing aside Fabrice Santoro to put the hosts level with France 1-1 in their World Group Davis Cup semi-final tie.",Sports
"AP - For the first time, scientists have created a genetic map of a cow, providing researchers a new tool to reduce animal disease and improve the nutrition of beef and dairy products, the Agriculture Department announced Wednesday.",Sci/Tech
"Former Fresno State standout Nick Watney recovered from a double-bogey on the seventh hole to shoot 1 under and tie for the third-round lead Saturday in the Nationwide Tour Championship at the Robert Trent Jones Golf Trail in Prattville, Ala.",Sports
 #39;Ol #39; Blue Eyes #39; provided an emotional musical tribute to  #39;Old Big  #39;Ead #39; as Nottingham Forest celebrated the remarkable life of Brian Clough ahead of today #39;s game with West Ham.,Sports
"When was the last time you heard about a company more than doubling its profit from the previous year, but an error in judgment restrained that profit?",Business
"European supermarket chain Tesco is planning to extend its RFID rollout in time for the Christmas rush. The company, which began using the tracking technology in October last year, will be introducing the ",Sci/Tech
Tom Lehma''s 5-under 67 on Saturday leaves him tied for the Funai Classic lead as he gets a third chance in as many weeks to end a five-year winning drought.,Sports
"A Republican on how to survive in a Democratic town: This really is the greatest city in the world, but you are now behind enemy lines.",World
"Although AIDS is thought of as a disease of the young, in the United States it is rapidly becoming one of the middle-aged and even the old.",Sci/Tech
"Toronto-Dominion Bank, Canada #39;s second-largest bank by assets, said it #39;s in talks for a possible transaction #39; #39; with Banknorth Group Inc.",Business
An obscure amendment attached to an appropriations bill could throw a wrench into presidential candidate John Kerry''s plans to fund embryonic stem cell research. By Kristen Philipkoski.,Sci/Tech
"Taiwan rescue workers dug out seven bodies from mud and rock in a mountain village that was hit by a devastating landslide triggered by Typhoon Aere, but eight still remained buried, officials said on Friday.",World
"It took a while for everything to fall into place, but it now seems clear: Chad Pennington is the real deal. Listen LIVE to NFL games, plus watch video news and features of your favorite team.",Sports
"There are so many new faces, it #39;s hard to keep them all straight. But despite all the upheaval, all the contracts and controversy that so dominated the summer, Jerry Sloan believes the sheer ",Sports
ATHENS (Reuters) - Greece #39;s top two sprinters should finally get to put their case on Wednesday in a drugs investigation that has shamed and angered the Olympic host nation. ,Sports
"Designed to further enhance the value of our Special Report, these Powerpoint slides offer key data and statistics about the choices facing today''s IT decision makers regarding CRM.",Sci/Tech
"In the most highly anticipated Wall Street debut since the heady days of the dot-com boom, shares of Google surged nearly 20 percent on their first day of public trading Thursday as the quirky Internet company completed its much-hyped initial stock ...",Business
"AP - One day after the most lopsided loss in the 115 years of Nebraska football, the coaching staff told the Cornhuskers to forget about it.",Sports
"PalmSource today announced entry into an agreement for the acquisition of China MobileSoft Limited (CMS), a leading Chinese mobile phone software company with business operations headquartered with its wholly-owned subsidiary, MobileSoft Technology ",Sci/Tech
"NEW YORKIBM said yesterday it is in talks to settle a mammoth lawsuit alleging a pension plan adopted by the firm in the 1990s discriminated against 140,000 older workers.",Business
"Fulfilling a long-time goal, Intel Corp. is set to introduce on Thursday its first chip set that supports all three current forms of Wi-Fi, according to sources familiar with the announcement.",Sci/Tech
"An Australian man found himself in hot water, when he was arrested for taking pictures of topless sunbathers with his camera phone.",Sci/Tech
"NEW YORK - Cisco Systems Inc. said Monday it has agreed to acquire Sunnyvale, California, software developer P-Cube Inc. in a cash-and-options deal Cisco valued at \$200 million.",Sci/Tech
"Spa is among the most demanding circuits for the engine, and Rob White explains the challenge of this unusual circuit.",Sports
"The Recording Industry Association of America (RIAA) has filed 754 new lawsuits against alleged file-traders using peer-to-peer services, the trade group announced Thursday.",Sci/Tech
The retailer trots out a bargain portable PC that packs Wi-Fi. Is it getting ready for a laptop push for the holidays?,Sci/Tech
"AP - Hungry, thirsty and increasingly desperate residents burned tires in protest and attacked each other in a panic to get scarce food and water Thursday as workers struggled to bury hundreds of victims of Tropical Storm Jeanne.",World
"HP (Quote, Chart) is doing a lot of explaining after it revealed this weekend that it will no longer put Itanium processors in its high-performance workstations.",Sci/Tech
"AUBURN HILLS, Mich. -- The potential loss of Gary Payton with a strained left hamstring was briefly a laughing matter last night after the Celtics dropped a 100-88 decision to the Pistons. When asked how he would get through one and possibly many more games without the veteran point guard, coach Doc Rivers decided he would call up executive director ...",Sports
"SiliconValley.com - In August, Joshua Rosen, a San Francisco entrepreneur and art director, went live with a Web site that makes it very simple for people to register to vote.",Sci/Tech
"update In order to get the next update of its Windows operating system out the door, Microsoft will delay some of the key improvements that had been planned.",Sci/Tech
"As part of its ongoing efforts to woo public sector customers, Microsoft Corp. has begun giving governments tools for collaborating and sharing technology information with other organizations so that they can learn from each other''s experiences and cut development costs.",Sci/Tech
"A new pan-European supercomputing network has opened to help scientists in the EU with their research.  quot;We have just completed testing, quot; said David Henty of the Edinburgh Parallel Computing Centre, a member ",Sci/Tech
"The Mac maker says it will replace about 28,000 batteries in one model of PowerBook G4 and tells people to stop using the notebook.",Sci/Tech
"Do-it-yourself phishing kits are being made available for download free of charge from the Internet, according to anti-virus firm Sophos.\",Sci/Tech
"AP - Reliever Arthur Rhodes was traded for the second time in two weeks Saturday, sent from the Pittsburgh Pirates to the Cleveland Indians for outfielder Matt Lawton in the first trade of the winter meetings, a baseball official told The Associated Press.",Sports
"CBC SPORTS ONLINE - The Buffalo Sabres agreed to terms with former first-round draft choice Thomas Vanek on Friday. The Sabres signed the left-winger, the fifth overall selection in the 2003 NHL Entry Draft, to a three-year entry-level contract.",Sports
"Venus Williams of the United States returns the ball to Croatia #39;s Karolina Sprem, during their first round match, at the Swisscom Challenge Tennis Tournament in Kloten, Switzerland, Tuesday, Oct.19, 2004.",Sports
"Open source can immediately prompt the words  #39;law suit #39; in some peoples #39; minds, but Black Duck have introduced a software platform that helps developers catch and resolve potential intellectual property disputes.",Sci/Tech
"Warren Sapp #39;s presence and legacy linger around the Tampa Bay Buccaneers like something tangible, something that can be felt, heard and feared, say an open-handed slap to the face mask.",Sports
SAN FRANCISCO -- A judge is ordering Microsoft Corp. to pay \$112.5 million to attorneys who successfully sued the software maker for monopolizing a segment of California #39;s market.,Sci/Tech
"Al Leiter provided a settling influence and Kerry Wood struggled with his control, yielding three first-inning runs.",Sports
Top-seeded David Nalbandian of Argentina and Olympic champion Nicolas Massu of Chile advanced to the quarterfinals of the CA Trophy Thursday with straight-set victories while American Robby Ginepri upset No.,Sports
AP - Evander Holyfield was suspended indefinitely by New York boxing officials in the wake of his loss Saturday night to journeyman Larry Donald.,Sports
South Sound fans reacted with everything from relief to regret over Wednesday #39;s NCAA rulings on the University of Washington athletics program.,Sports
"SAN FRANCISCO - Intel Corporation recently disclosed key technical details of its upcoming wireless broadband chip for WiMAX products, which will enable long-distance, high-speed wireless Internet access for homes and businesses.",Sci/Tech
"Los Angeles Dodgers #39; Shawn Green watches his home run in the sixth inning against the St. Louis Cardinals Saturday, Oct. 9, 2004, in Los Angeles.",Sports
HP plans to add virus-throttling technology to ProLiant servers and ProCurve switches starting in early 2005. Virus Throttler technology slows the spread of a virus or worm within an infected server to give  administrators time to act.,Sci/Tech
"com. Thome has known Charlie Manuel for his entire professional baseball life, which started shortly after he became a 13th-round draft pick by the Cleveland Indians in 1989.",Sports
Mobile phone operator MMO2 raises its UK revenue growth target for this year as it gets more customers and existing users spend more.,Sci/Tech
"Layoffs at Cingular Wireless were inevitable after it acquired AT amp;T Wireless, but what #39;s with the timing? A Cingular spokesman yesterday confirmed an Associated Press report that Cingular ",Business
"AP - SpaceShipOne is one flight away from clinching the Ansari X Prize, a  #36;10 million award for the first privately developed manned rocket to reach space twice within 14 days.",Sci/Tech
"AP - Latrell Sprewell was suspended for one game by the NBA on Tuesday for yelling a sexual vulgarity at a female fan during a game, the latest episode of a player clashing with spectators.",Sports
"After you''ve joined the music revolution and plunked down \$250 for an Apple iPod mini, it''s easy to become quite protective of the little gizmo.",Sci/Tech
"Berkeley, U. of Minn. students get download discounts; aim is to provide legal music alternatives. NEW YORK (CNN/Money) - As an added bonus to returning to campus this fall, more than 80,000 college students ",Business
"Reciprocal Links Are Not Evil\\I will repeat, reciprocal links are not evil. All this discussion in the forums about how people only want one-way links because they heard reciprocal links are bad and can get you kicked out of the search engines is taken way out of proportion. One example ...",Sci/Tech
" AMSTERDAM (Reuters) - Nokia, the world''s biggest handset  maker, unveiled on Wednesday a miniature version of its  equivalent of the Swiss Army knife it hopes will lure women and  less-techie business people.",Sci/Tech
"A dominant defensive performance and a 21-point lead left the Indianapolis Colts with precious little to fret about at halftime Sunday at the RCA Dome, save the inconsequential.",Sports
" ATLANTA (Reuters) - Quiznos Sub, the third-largest U.S.  sandwich chain, said on Wednesday it signed a deal to serve  PepsiCo Inc. &lt;A HREF=''http://www.investor.reuters.com/FullQuote.aspx?ticker=PEP.N target=/stocks/quickinfo/fullquote''&gt;PEP.N&lt;/A&gt; drinks in its U.S. outlets, ending a  23-year relationship with Coca-Cola Co. &lt;A HREF=''http://www.investor.reuters.com/FullQuote.aspx?ticker=KO.N target=/stocks/quickinfo/fullquote''&gt;KO.N&lt;/A&gt;",Business
"Microsoft announced on Monday that it will not release a fifth service pack for Windows 2000, a popular version of the company #39;s operating system.",Sci/Tech
"For those who need to make telephone calls in flight and don''t want to sell the second car to finance them, help is on the way.",Sci/Tech
NEW YORK - Investors will be looking ahead to the Federal Reserve #39;s meeting and third-quarter earnings forecasts in Wall Street #39;s short trading week after the Labor Day holiday.,Business
"BEIJING (AP)  China appealed to North Korea on Tuesday to join working meetings before a new round of six-party talks on dismantling its nuclear program, despite the North #39;s declaration that it saw no point in attending. ",World
"BAGHDAD, Iraq - A US military official in Iraq says seven American marines have been killed today in a car-bomb explosion. Several other Marines have been wounded in the attack.",World
"The daily volume of Internet attacks dropped off in the first half of this year, and the rate at which new vulnerabilities are being reported appears to have hit a plateau, according to Symantec Corp.",Sci/Tech
"Dell gets set to roll out its PowerEdge 1855 blade server line a home-grown design, this month.",Sci/Tech
"AP - Minnesota Timberwolves center Michael Olowokandi was suspended by the team for a second game Friday night, one day after police used a stun gun to subdue him when he refused to leave a club.",Sports
"For more than three quarters on Sunday, it appeared as if the Jets wouldnt find the end zone if it was loaded with uranium and Quincy Carter was armed with a Geiger counter.",Sports
"MIDDLESBROUGH, Aug 24 (SW) - Michael Reiziger will be sidelined for the coming six to eight weeks. The player dislocated his shoulder a few weeks ago and is unable to play on.",Sports
"The company asked customers to accelerate deals in order to bolster earnings--a ploy to exaggerate profits, Oracle lawyers say.",Sci/Tech
NEW YORK - US stocks are seen in a contemplative mood Friday with the revised second-quarter gross domestic product reading likely to have a large bearing on sentiment and overall direction.,Business
"Canadian Press - NEW DELHI (AP) - Firefighters and police evacuated thousands of villagers and battled a huge fire Thursday in a government ammunition depot in the eastern Indian state of Orissa, police said.",World
"In their first year in the ACC, No. 10 Virginia Tech at No. 9 Miami (8-2) will be playing for at least a share of the conference title and the BCS berth that goes along with it.",Sports
"AP - Hundreds of protesters demanding that a local leader step down clashed with riot police Wednesday in an impoverished region of southern Russia, authorities said.",World
AP - Connecticut placed assistant men''s basketball coach Clyde Vaughan on paid administrative leave Thursday after his arrest in a prostitution sting.,Sports
"Dubai - An Islamist group has claimed that it hijacked two Russian planes that crashed this week, killing at least 89 people, and threatened more attacks, according to an Internet statement posted on Friday.",World
"In a separate development, the head of the RKK Energia company, which builds the Soyuz spacecraft, said his company was planning to send a new space shuttle to the space station between 2010 and 2012, depending on funding.",Sci/Tech
"Is it a video game maker''s lab or a twisted vision out of Charles Dickens''s worst coal factory nightmare? A growing number of people can''t tell the difference. &lt;FONT face=''verdana,MS Sans Serif,arial,helvetica'' size=''-2'' color=''#666666''&gt;&lt;B&gt;-washingtonpost.com&lt;/b&gt;&lt;/font&gt;",Sci/Tech
Reuters - South Korea Monday shrugged off North\Korean criticism of the South''s experiments with nuclear\materials as familiar posturing that would not rule out the\mercurial communist North''s return to atomic arms talks.,World
"Semiconductor designer ARM Holdings ARM.L has agreed to buy US technology firm Artisan ARTI.O for \$913 million (503.3 million pounds), to boost its product range, but ",Business
BAKU : David Beckham is set to be hauled over the coals by English football authorities over his admission that he deliberately fouled an opponent to earn himself a convenient booking in last week #39;s World Cup qualifier against Wales.,Sports
"ANN ARBOR , Mich. -- Michael Hart ran for 151 yards and a season-high three touchdowns and No. 9 Michigan scored TDs the first five times it touched the ball in the second half to beat Northwestern , 42-20, yesterday.",Sports
PC World - Send your video throughout your house--wirelessly--with new gateways and media adapters.,Sci/Tech
Germany beat Sweden 1-0 in a repeat of the 2003 World Cup final to take Olympic bronze in the women #39;s soccer tournament on Thursday.,Sports
"Asian stock markets closed mostly higher Friday, with the key indexes edging higher both in Tokyo and Hong Kong. Tokyo #39;s Nikkei Stock Average of 225 issues rose 80.",Business
Steve Spurrier was hired at South Carolina yesterday after the school trustees #39; executive board approved a seven-year deal worth \$1.25 million a season for the former Florida football coach.,Sports
"An NHL lockout nine weeks old won #39;t end any time soon unless owners show some willingness to negotiate, agents said after a meeting with the players #39; union.",Sports
"America Online Inc. said yesterday it is once again supporting a Microsoft Corp. plan to combat unwanted bulk e-mail by verifying senders of messages, a move that could rekindle industry adoption of a new system for attacking spam.",Sci/Tech
"A HYPERSONIC rocket inspired by Australian technology has smashed the world speed record, travelling at 11,000km/h. RECORD bound .",Sci/Tech
"Reuters - New satellite images show Iran''s\Parchin military complex, southeast of Tehran, may be a site\for research, testing and production of nuclear weapons, a\nuclear expert said on Wednesday.",World
"FALLUJAH, Iraq - A group calling itself the Brigades of the Victorious Lion of God said today it was responsible for the kidnapping of Canadian Fairuz Yamulky and claimed it set her free only after her company pledged to withdraw from Iraq.",World
"In 2001, the Netherlands became the first (only?) country in the west to permit ''mercy killings''. The law only allows such killings in very particular circumstances - a doctor can terminate the life of a person who was in great pain and had no hope of recovery. In addition, the law requires the informed consent of the patient.   A hospital in the Netherlands has asked to dispense with that annoying part about consent - and the equally annoying part about pain.",Sci/Tech
Six days ago Jay McKee buoyantly strolled into his living room and proudly informed his wife there would be an NHL this season. The Buffalo Sabres #39; union representative had just finished ,Sports
"General Motors Corp. and Ford Motor Co. said yesterday that they are rushing to adopt a new safety technology called electronic stability control, and together they will make such systems standard on most of their large and mid-size sport-utility vehicles by the end of next year.",Sci/Tech
"Bayern Munich coach Felix Magath, who criticised his new players for the time they spent putting on hair gel, warned on Friday that his honeymoon period is over and he plans to get tougher with the squad.",Sports
"AP - Oklahoma moved up to No. 2 in the Bowl Championship Series standings Monday and Utah is now sixth, a position that would guarantee the Utes a spot in one of the four big-money bowl games if they can hold on to it.",Sports
&lt;strong&gt;Letters&lt;/strong&gt; And cheap tinsel worries wifi fans,Sci/Tech
"By Randy Dotinga, HealthDay Reporter    HealthDayNews -- Do sprawling communities translate into expanding waistlines? Absolutely, according to a new study that adds to a growing body of evidence that suburban living makes people fat.    A Boston University researcher found that people who live in spread-out communities are heavier than their city-bound counterparts...",Sci/Tech
Dell says that millions of notebook power adapters could put users at risk. Also: Office flaw could allow attacks.,Sci/Tech
 NEW YORK (Reuters) - Stocks ended barely higher  on Tuesday  as oil prices rose and investors tried to anticipate the  economic fallout from Hurricane Ivan as it moved through the  Gulf of Mexico toward a possible landfall in the United States.,Business
Over 40 technology companies and organizations send a letter to the Senate Judiciary Committee asking it to hold public hearings on the controversial Induce Act before moving forward. By Katie Dean.,Sci/Tech
"In terms of herd behavior, the only group that rivals Wall Street investors is Wall Street reporters. One moment, the guys at Google can do no wrong -reat company, great ",Business
"Officials in the US are cracking down on an alleged distributor of Internet  quot;Spyware. quot; In the first suit of its kind, the US Federal Trade Commission (FTC) claims Seismic Entertainment and SmartBot, secretly installs programs on a users #39; computer without ",Sci/Tech
&lt;strong&gt;&lt;cite&gt;Reg&lt;/cite&gt; review&lt;/strong&gt; Mobile phone styling comes to the MP3 world,Sci/Tech
"its also a powerful learning tool, according to Apple. Audio has always had a place in the classroom but it is normally in the form ",Sci/Tech
A man has eaten his first solid meal in nine years after his face was rebuilt using a pioneering jaw-bone graft.,World
"A massive rise in phishing attacks this year may lead on to customised email security attacks targeted specifically at individual or small groups of companies, according to email security firm MessageLabs.",Sci/Tech
"AP - Calling video voyeurism the new frontier of stalking, the House on Tuesday approved legislation to make it a crime to secretly photograph or videotape people, often for lascivious purposes.",Sci/Tech
For more than a month it has been public knowledge that Kansas was considering moving next season #39;s home football game against Oklahoma to Kansas City #39;s Arrowhead Stadium.,Sports
The future of Alitalia is at stake as the Italian flagship carrier meets with unions Monday to reveal the number of planned job cuts as part of a restructuring plan aimed at averting collapse.,Business
"Nowhere does the rivalry between the Evil Empire and Red Sox Nation crackle more intensely than here, on the  quot;campus quot; of ESPN, built smack on the not-so-well-defined emotional boundary between New York and Boston.",Sports
Chelsea manager Jose Mourinho could hardly find enough superlatives to describe his side #39;s 3-0 win at Paris St Germain in their Champions League opener.,Sports
"AdWeek.com - What do you do when you evoke the ire of the ad industry''s largest trade organization? You launch an editorial-cartoon contest about it, of course. That''s what Talent Zoo, the Atlanta-based job-recruitment and -placement specialist for the ad business, did last week after that nasty spat with the 4A''s over a column on the Talent Zoo Web site criticizing Advertising Week.",Sci/Tech
"Saturday night''s Game 1 World Series telecast returned a 13.7 national rating (25 share), the highest number for a Game 1 since the 1999 opener of the Yankees-Braves Series delivered a 14.2 (26 share) on NBC. It was the highest-rated World Series Game 1 for Fox since it began broadcasting baseball in 1996 (NBC retained the Series in 1997 and ...",Sports
"Reuters - Global sales of semiconductors\rose 1 percent in July as consumer uncertainty and swelling\inventories restrained the industry''s pace of growth, the U.S.\Semiconductor Industry Association reported on Thursday.",Sci/Tech
"Consumer confidence, which had been on the rise since April, declined unexpectedly sharply in August, a private research group said Tuesday.",Business
AP - One of Earth''s rarest birds might have gone into extinction following the death of one of the last known po''ouli.,Sci/Tech
"Mac maker is taking its retail act north of the border, CNET News.com has learned.\&lt;br /&gt; Photo: iPod''s Toronto presence",Sci/Tech
"It''s that time of year when the K5 community shares its culinary secrets with each other by inundating the queue with a flood of recipes sectioned under culture.  #160;However, many of them may seem too difficult for the beginning chef.  #160;So I present to the novice cook a good starter project for the gourmet chef to be.  #160;It''s a classic dish that will provide you with plenty of calories without offering too much nutrition.",Sci/Tech
"Description: Actor Carl Reiner found his life #39;s calling in the third grade, making his classmates laugh by walking on his hands. The actor, comedian and director joins NPR #39;s Neal Conan and takes calls. ",Sci/Tech
"Walt Disney Co. #39;s chief executive Michael Eisner will leave the giant entertainment company in 2006 when his contract expires, a newspaper reported Friday.",Business
AUSTIN Farmers Insurance today announced plans to cut its Texas homeowners insurance rates by five percent in a settlement with the state.,Business
"Keith Foulke isn''t going to forget the last two nights anytime soon, but he won''t be dwelling on them either.",Sports
"Shares of Varsity Group Inc., the online bookseller that rose to prominence during the e-commerce boom only to stumble badly, will return to trading on the Nasdaq National Market this morning.",Sci/Tech
" NEW YORK (Reuters) - Investors will watch for oil news from  Russia and Iraq next week, but skepticism that crude prices can  stay sky-high is growing and a break in the energy market would  fuel a rally in U.S. stock markets.",Business
"&lt;strong&gt;Letters&lt;/strong&gt; Oh, and don''t be mean to spamvertised sites",Sci/Tech
"As online shopping gets into full swing, phishers are setting up fraudulent e-commerce Web sites and simply waiting for victims using Google and other search engines to find them.",Sci/Tech
The two clubs at the centre of a UEFA investigation into an alleged match fixing scam angrily denied any wrongdoing. European football #39;s governing body announced they were opening an inquiry into Wednesday #39;s ,Sports
"Tokyo, Aug. 23 (Jiji Press)--NTT DoCoMo firmed on the Tokyo Stock Exchange Monday morning following a media report that it will start procuring mobile phone handsets made by Motorola Inc.",Sci/Tech
"Shares of CACI International Inc. surged nearly 14 percent Thursday after the company, which provided private interrogators at Abu Ghraib prison and elsewhere in Iraq, reported a 56 percent jump in earnings.",Sci/Tech
"Reuters - A tiny telescope has spotted a giant\planet circling a faraway star, using a technique that could\open a new phase of planetary discovery, scientists said on\Tuesday.",Sci/Tech
"World number two Andy Roddick is set to hook up with his US Davis Cup assistant coach after firing Brad Gilbert at the weekend. Roddick, whom Gilbert steered to a maiden ",Sports
AP - A U.S. Fish and Wildlife Service biologist says returning wolves to the Rocky Mountains is ''a chance to undo a great wrong'' done when wolves were exterminated from about 98 percent of their range by the mid-1900s.,Sci/Tech
Is the country better prepared to prevent a repeat of last August''s deadly crisis?,World
NEW YORK -- Google Inc. faces serious headwinds as it prepares to launch its long-anticipated initial public offering despite a lacklustre equity market and questions about the company #39;s business plan. ,Business
"Bear Stearns has received subpoenas from federal investigators looking into its municipal bond business, the company reported in documents filed with the Securities and Exchange Commission yesterday.",Business
"Reuters - Oil prices rose on Wednesday, stemming\an eight-session slide that has dragged prices down 14 percent\from record highs as news emerged of a fresh pipeline fire in\Iraq.",Business
"Open Source Development Labs, a Beaverton, Ore.-based consortium devoted to improving Linux, has hired an attorney to handle intellectual-property matters and has opened a branch office in Beijing, the group said this week.",Sci/Tech
"AP - A rapidly strengthening Hurricane Ivan churned closer to the Caribbean, packing sustained winds of 135 mph with meteorologists saying it''s possible that the system could reach Category 5 status.",World
FULLSTRETCH: Roger Federer of Switzerland returns a shot in the first set against Lleyton Hewitt in their Tennis Masters Cup finals match on Sunday.,Sports
"AP - The Tight Lies Tour is one of several regional circuits for players with aspirations of making the big leagues. One of its alumni is Ryan Palmer, who held off Vijay Singh last month at Disney for his first PGA Tour victory.",Sports
"The coolest geek shopping list ever: 129 of the best screens, cams, phones, games and gadgets of the year, from Wired magazine.",Sci/Tech
MSN Messenger 7 Beta Includes Search\\Microsoft is planning to limited beta release the latest version of Instant Messaging client MSN Messenger as early as next week. The screenshots of one of the early leaked release were available on tech sites earlier this week but were later removed on Microsofts request. ...,Sci/Tech
"Fresh from introducing a major upgrade to the Java platform, Sun Microsystems officials on Thursday revealed some details of the next release of Java, code-named Mustang and expected in Spring 2006.",Sci/Tech
" quot;It #39;s time to resurrect my career. quot; Those were Vince Carter #39;s words to the Toronto Star yesterday, making public his demands to be traded.",Sports
"Reuters - Nokia (NOK1V.HE) is set to unveil\another attempt at a mobile phone designed for television and\video, which is thinner and lighter than its predecessor which\never made it to the market, a source said on Monday.",Sci/Tech
"From a changed attitude at PeopleSoft Inc. to the company''s acquisition of J.D. Edwards   Co. last year, Craig Conway clearly made a difference during his five years as CEO.",Sci/Tech
"The District of Columbia government, which long has struggled against an image of inefficiency, has begun cleaning out its closets with one of the most up-to-date instruments of modern electronic commerce.",Sci/Tech
"WASHINGTON -- A highly classified US intelligence assessment that lays out dismal predictions for the future of Iraq -- including the possibility of civil war by 2005 -- mirrors assessments that are being made by analysts around the world, according to diplomats and members of the intelligence community.",World
All presidents claim credit for economic success - and are tarred for failure. But most economists say the Federal Reserve has the greater influence.,Business
"HAT-TRICK hero Alan Shearer is aiming to fire Newcastle all the way to the UEFA Cup Final this season. After his treble and a double from Patrick Kluivert polished off their Israeli opponents, Shearer said ",Sports
"The Boeing Co. #39;s major rival, Airbus, announced Wednesday it has received an order from Cebu Air Inc., the Philippines #39; second-largest airline, for 12 new A319 jets.",Business
"James Cracknell, the double Olympic gold medal winning rower, confirmed today that he will take a year #39;s break the sport before deciding his long-term future.",Sports
The Securities and Exchange Commission is scrutinizing biotechnology companies as part of a wider effort to ensure that companies don''t mislead investors by covering up negative results of clinical trials.,Business
"BRITISH soldier of fortune and former Scots Guard officer Simon Mann, the alleged leader of a failed African coup dtat, has been specially targeted for systematic torture by guards in Zimbabwes notorious Chikurubi Prison, according to two ",World
"Jamal Lewis scored the decisive touchdown with 7:03 left following a 7-yard punt, and Ed Reed sealed the victory with an NFL-record 106-yard interception return in the waning seconds as the Baltimore Ravens beat the Cleveland Browns, 27-13, Sunday.",Sports
"I love movies, but I #39;d rather eat stale popcorn than wait in line at Blockbuster. So I joined Movielink and Starz Ticket on Real Movies.",Sci/Tech
HOUSTON -- Houston Astros General Manager Gerry Hunsicker announced Monday he #39;s stepping down after nine years on the job and less than two weeks after the club came within one game of reaching the World Series for the first time.,Sports
"TheDeal.com - Try lower, says Oracle CEO Larry Ellison on the witness stand in Delaware''s Court of Chancery.",Sci/Tech
 SEOUL (Reuters) - South Korea Monday shrugged off North  Korean criticism of the South''s experiments with nuclear  materials as familiar posturing that would not rule out the  mercurial communist North''s return to atomic arms talks.,World
"With overnight rain causing a 2-hour delay to the start of play in the HSBC World Matchplay Championship at Wentworth, Retief Goosen did his bit to help to make up ground.",Sports
"Moscow, Nov 26 - Nathalie Dechy picked up where Tatiana Golovin left off on Wednesday, defeating Maria Sanchez Lorenzo 6-2, 6-4 to give France a confidence-boosting 2-0 lead in their Fed Cup semi-final against Spain.",Sports
Crude oil prices pushed past the psychologically important US\$50-per-barrel mark Tuesday to an all-time high of US\$50.01 as the market reacted to the slow recovery of US oil production in the Gulf of Mexico following Hurricane Ivan.,Business
"New research indicates that sport fishermen are taking an unexpectedly big toll on saltwater fish populations, in some cases landing more fish than their commercial counterparts.",Sci/Tech
com. An Auburn touchdown with 52 seconds left in the first half Saturday night brought a smile to celebrity Tiger fan Charles Barkley pacing the sideline.,Sports
"Considered important vulnerabilities that leave users open to attack in Microsoft #39;s (Nasdaq: MSFT) Windows for desktop and server installations, the Redmond ",Sci/Tech
 THE HAGUE (Reuters) - Former Yugoslav President Slobodan  Milosevic blasted a decision to impose defense lawyers on him  as ''legal fiction'' Tuesday as his first witness began her  testimony at his war crimes trial.,World
"AT T Corp. on Thursday reported a net loss of \$7.1 billion, or \$8.95 per share, for the third quarter of 2004, but that loss included asset re-evaluation and other charges of \$12.5 billion.",Sci/Tech
" Binh N. Le had not been back to the land of his birth since he came to the United States with an aunt and uncle at age 4, leaving his parents behind.",World
"AP - The Reds picked up Sean Casey''s contract option for 2006 on Friday, an indication they have no intention of trading the popular first baseman who is among the team''s highest-paid players.",Sports
"Recent comments by President Chen Shui-bian on the sensitive issue of Taiwan #39;s name revealed his intention to steer the island toward independence, a Chinese government spokesman said.",World
AP - Prime Minister John Howard on Sunday called a national election for Oct. 9 which is likely to serve as a referendum on Australia''s troop deployment in Iraq.,World
"com November 15, 2004, 11:32 AM PT. Organizations are replacing aging servers with newer more-powerful boxes, often Linux--based, and theyre also investing in storage.",Sci/Tech
"IBM on Thursday agreed to acquire Venetica Corp., a maker of content integration software that allows enterprises to access and embed unstructured data including business documents, e-mail, digital media, still images, and Web pages.",Sci/Tech
"Kobe Bryant would love to have Karl Malone back with the Los Angeles Lakers, and believes comments he made in a recent radio interview were misunderstood.",Sports
A huge blast tore through a crowded Baghdad market close to a police station on Tuesday and Reuters witnesses said at least 35 people were killed.,World
World champion Michael Schumacher drove the quickest time in the first practice on Friday for Sunday #39;s Japanese Formula One Grand Prix in Suzuka.,Sports
"Andy Roddick squeezed past Britain #39;s Tim Henman 7-5 7-6 at the Masters Cup overnight, giving his fellow Texans the hometown win they came to see.",Sports
"AP - Olympic silver medalist Mardy Fish beat Jan Hernych of the Czech Republic 6-2, 6-4 Monday to reach the second round of the St. Petersburg Open.",Sports
"A 31-yard field goal by John Carney in overtime Sunday gave the New Orleans Saints a 28-25 win over St. Louis. Carney kicked five field goals in the game, including a 38-yarder ",Sports
Southern California and Oklahoma finished 1-2 in the final B.C.S. standing and will play for the national title in the Orange Bowl on Jan. 4.,Sports
Insurance firm says its board now consists of its new CEO Michael Cherkasky and 10 outside members. NEW YORK (Reuters) - Marsh  amp; McLennan Cos.,Business
Scientists are hoping that ''playing'' a tiny guitar string will be able to help weigh molecules to find out what they are.,Sci/Tech
Top seed Carlos Moya got blown off court by a French teenager playing his first ATP Tour match at the rain-it China Open on Wednesday.,Sports
"Leaders of al-Qaida and the Taliban have held a series of meetings in Pakistan to discuss how to disrupt Afghanistan #39;s upcoming elections, the US military said Monday.",World
"Conrad Black, formerly the chairman and CEO of Hollinger International Inc., and David Radler, who used to be the company #39;s president and chief operating officer, face civil-fraud charges ",Business
"AP - The rivalry between Arsenal and Manchester United is getting downright nasty. Accusations of vicious fouls, cheating, refereeing mistakes and a disputed penalty kick followed the latest confrontation between two of the giants of English soccer  #151; a 2-0 victory by Manchester United that ended Arsenal''s record unbeaten streak of 49 games in the Premier League.",Sports
Foxes attack and kill two of the Great Bustard chicks recently introduced to Salisbury Plain.,Sci/Tech
"At \$100, the stock would trade at 37 times the broker #39;s calendar 2006 earnings for the company.  quot;While this multiple is a premium to the comp group, we believe it is warranted given ",Business
"Wal-Mart amasses more data about the products it sells and its shoppers'' buying habits than anyone else, and some privacy advocates worry about the potential for abuse.",Business
"The enhancements, which will be incorporated early next year, are designed to provide enterprises with protection from worms and viruses, without forcing customers to install firewalls at each location in a network, the company said.",Sci/Tech
NASCAR will use a shortened weekend schedule for the Nextel Cup series at most of its events next season in an effort to save money for teams.,Sports
Those in charge of baseball''s statistics say Barry Bonds''s records will remain intact for now.,Sports
: Chinas freshly retired military leader Jiang Zemin threw his weight behind his successor Hu Jintao today and advised the armed forces never to renounce the use of force to reclaim Taiwan.,World
"The Catholic shrine of Lourdes yesterday opened a special bank account and appealed for donations from the faithful after it emerged that last weekend #39;s visit by the Pope had left it with a 1.2m (812,000) deficit. ",World
"TORONTO - Lamond Murray scored all 13 of his points in the fourth quarter, helping the Toronto Raptors overcome a 20-point deficit in the second half to beat the San Antonio Spurs 96-91 yesterday.",Sports
"Reuters - Standard   Poor''s Ratings\Services on Tuesday raised its general obligation bond rating\on California to ''A'' from ''BBB,'' citing an easing of the Golden\State''s cash crunch.",Business
During a recent visit to Jaipur I was informed that in the last two years the clinics and nursing homes of over 30 doctors had been attacked by attendants and friends of patients and the public.,Business
"NAJAF, Aug 17: An Iraqi peace delegation urged Shia leader Moqtada Sadr on Tuesday to call off his uprising in Najaf, and on the battlefront US troops pounded militia positions near the country #39;s holiest sites. ",World
"US blue chips ended lower on Monday after a disappointing sales forecast from the world #39;s biggest retailer, Wal-Mart Stores Inc.",Business
Latvian and NHL hockey players and fans were saddened yesterday after national star Sergei Zholtok died while playing in Belarus.,Sports
"Reuters - Algeria''s largest Islamic rebel group\with ties to al Qaeda said it has appointed a new chief, known\as an explosives expert, as it tries to regroup following the\loss of key leaders in recent gun battles with authorities.",World
Game-friendly desktop PC uses fans and a wind tunnel to bring down the temperature and the noise.,Sci/Tech
Two days of celebrations to honour the Allied veterans who liberated southern France near a climax.,World
"Alan Greenspan, Federal Reserve chairman, said yestedray that the wave of US bank mergers since 1995 had increased the stability of the financial sector.",Business
"LONDON - Not only has England captain David Beckham been told to learn to shut up by coach Sven-Goran Eriksson, he could also face punishment from the Football Association for his unsporting behaviour.",Sports
"Wireless phone service can''t be purchased on price alone -- first, you need to decide which carrier to go with, since not all offer the same service. &lt;FONT face=''verdana,MS Sans Serif,arial,helvetica'' size=''-2''\ color=''#666666''&gt;&lt;B&gt;-Rob Pegoraro&lt;/B&gt;&lt;/FONT&gt;",Sci/Tech
"East Rutherford, NJ (Sports Network) - Retired NBA center and seven-time All- Star Alonzo Mourning is going to give his playing career one more shot.",Sports
"HOUSTON - Roger Clemens has pitched as many important games as any pitcher of his generation, including nine All-Star games and seven World Series outings.",Sports
SPACE.com - A fresh space station crew and one visiting cosmonaut are on\their way to the International Space Station (ISS) after their Soyuz rocket\pierced the skies above Kazakhstan during a flawless launch today.,Sci/Tech
"AFP - Afghan President Hamid Karzai met with Pakistan President Pervez Musharraf for talks on eradicating Al-Qaeda and Taliban fighters from their common border, a key issue in his bid for re-election.",World
"The UK might be ''better off'' with fewer - but larger and better-funded - chemistry departments, a leading academic says.",Sci/Tech
"com October 20, 2004, 1:37 PM PT. Cyber threats, chiefly viruses like NetSky and Sasser, make security an ongoing concern as it holds steady over software infrastructure as the third top priority.",Sci/Tech
" ATHENS (Reuters) - Australian swimmer Ian Thorpe beat  arch-rival Michael Phelps in the men''s 200-meter freestyle on  Monday as the United States pursued China, Australia and Japan  in the medals table on day three of the Olympic Games.",Sports
"Three judges are suspended Saturday for a mistake in scoring the men''s gymnastics all-around final, but results are not be changed and American Paul Hamm keeps his gold medal.",Sports
"AP - Tony Batista homered twice to reach 30 this season, Livan Hernandez pitched another complete game and the Montreal Expos beat the New York Mets 6-1 Tuesday night before just 3,839 at Olympic Stadium.",Sports
\$2.5 million in prize money is on the line as gamers from Uzbekistan to Ecuador compete in the World Cyber Games.,Sci/Tech
"Reuters - U.S. planes unleashed a fierce\attack on rebel targets in Najaf early on Thursday, a Reuters\witness said.",World
"Intel Corp. INTC.O cut prices on its chips for mobile computers by as much as 34 percent this week, a move that could lower PC prices from the likes of Dell Inc.",Sci/Tech
"AFP - Oracle sealed a deal to buy rival business software firm PeopleSoft for 10.3 billion dollars after a bitter 18-month battle, the two firms announced.",Sci/Tech
"US Airways #39; pilots union said Thursday that the airline plans to file a motion in bankruptcy court on Friday seeking immediate cost reductions, including pay cuts, from US Airways #39; labor unions.",Business
"Canadian Press - KUALA LUMPUR, Malaysia (AP) - Authorities are testing a suspicious powder mailed to the U.S. Embassy in Malaysia to determine whether it''s anthrax, officials said Monday. It''s the second such scare at a U.S. mission in Asia within a week.",World
Mozilla the company behind the overnight success Firefox 1.0 has launched an email client to go up against Microsofts Outlook Express email client.,Sci/Tech
To write about Arsenal #39;s problems in Europe is to sound like a broken record. The mystery about the Gunners #39; inexplicable failures in the Champions League is increasingly becoming one of the most oversubscribed areas of football analysis.,Sports
"Nashville, TN (Sports Network) - Tennessee Titans wide receiver Tyrone Calico is expected to undergo surgery Thursday on his injured left knee.",Sports
"Nearly three-quarters of IT managers are planning to deploy the Windows XP Service Pack 2 update to their systems, research shows.",Sci/Tech
"By MICHAEL LIEDTKE    SAN FRANCISCO (AP) -- Commerce One Inc. (CMRC), an Internet software maker valued at \$20 billion at the peak of dot-com mania, is poised to go out of business as a pauper...",Sci/Tech
" Thanks to such free mapping sites as MapQuest and Yahoo Maps, it''s been a while since road warriors have had to sketch out a route with a yellow highlighter, guessing which shortcuts to take or avoid. Instead, they can just type in start and destination addresses and print out crisply labeled, turn-by-turn directions, with the only cost being some printer ink.",Sci/Tech
Mike Mularkey is shrugging off St. Louis coach Mike Martz #39;s accusations that Buffalo players took cheap shots during their win over the Rams.,Sports
"After years of battling Microsoft Corp., Sun Microsystems Inc. has set its sights on Linux vendors, seeking to jump into a low-end but high-volume market it #39;s been accused of ignoring.",Business
"Relatives pleaded on Monday for the release of two Americans and a Briton as a deadline loomed for their beheading. In Baghdad, two ",World
"Doctors routinely use plates, rods and screws to bolt a nasty bone fracture back together. But all of that hardware won''t help heal the bone and muscle tissue surrounding the injury, said Thomas G. Roueche, president and chief executive of BioSurface Engineering Technologies Inc. of College Park.",Sci/Tech
"Reuters - Japanese school children and grown up\fans cheered Ichiro Suzuki when he set a new major league\baseball record for hits in a single season, a milestone that\drew personal congratulations from Japan''s prime minister.",Sports
The US House of Representatives on Tuesday approved a bill that would increase jail time for identity thieves and other fraudulent Web users who register sites under false identities.,Sci/Tech
"The average US retail price of gasoline rose slightly over the last two weeks to almost \$1.88 a gallon -- the first increase reported since late May, according to the nationwide Lundberg survey of about 8,000 gas stations.",Business
"AP - Google Inc., a company built on complex algorithms that power its online search engine, doesn''t appear to be in any rush to tackle one of Wall Street''s most basic equations  #151; the stock split.",Sci/Tech
AP - Lawyers for baseball''s players'' association and owners resumed talks Tuesday aimed at a new agreement to toughen rules on steroid testing.,Sports
"For some reason, noon just comes way too early, and making it to campus is a struggle. I thought one of my professors was going to be a stickler about it and dock me some points, but I had a talk with him to calm him down.",Sports
"AP - BISMARCK, N.D.  #151; Jack Uldrich says his stain-resistant pants are just the beginning for a technology that could someday be used to create cell phones so small they can be sewn into clothes and enhance electrical transmission through power lines.",Sci/Tech
"A pennant on the line, an adopted city #39;s heart in his hands, a hostile stadium and swarming opponent. Roger Clemens, and a blistering National League Championship Series, have arrived at Game 7. Barely visible ",Sports
"A fossil resembling the Loch Ness monster has been found on a remote Arctic island. The well-preserved bones belonged to a plesiosaur, a giant marine reptile with a long neck and tail, plump body and legs which evolved into flippers.",Sci/Tech
The Arizona Republican said Major League Baseball has to act quickly to restore its  quot;integrity. quot; This is after players Jason Giambi and Barry Bonds reportedly testified that they used steroids.,Sports
"While many of his Detroit Lions teammates spent the bye weekend at home with their families, Harrington stayed in town to see his brother play college football.",Sports
At least 13 Iraqis were killed and other 50 injured most of them are members of the Iraqi police in a booby trapped car explosion that targeted a main inspection point for the Iraqi police at al-Rasheed street in the downtown of Baghdad.,World
"India News, Nagpur,Damien Martyn Tuesday cracked his career #39;s ninth Test century to put Australia in a strong position against India on the first day of the third Test at the Vidarbha Cricket Association (VCA) ground here.",Sports
"The games industry could benefit from scientific ''mood profiling'' to develop hit games, researchers say.",Sci/Tech
"TWO weeks ago, Alex McLeish was posing for the photographers at Murray Park with the Bank of Scotlands Manager of the Month award for November, savouring a period which had turned Rangers season around and seemed to have discarded any short-term ",Sports
"TORONTO (CP) - Carlos Delgado says he is leaving Toronto with no grudges, although the first baseman doesn #39;t think the Blue Jays did all they could to re-sign him.",Sports
LEEDS CASTLE (England) - British Prime Minister Tony Blair said yesterday Northern Ireland had reached the moment of decision in which its leaders must show the will to end years of deadlock and secure a lasting peace.,World
Internet portal Lycos Europe has denied that its  quot;Make love not spam quot; Web site was hacked into and defaced last night. The company said that an e-mail that contained an apparent mirror image of the Web site being hacked was a hoax generated by spammers.,Sci/Tech
"The first US military intelligence soldier brought to court in the Abu Ghraib prison abuse scandal yesterday pleaded guilty to two charges of conspiracy and mistreatment of Iraqi detainees, witnesses said.",World
"It is well known that Brett Favre doesn #39;t have a good record in domes. But only looking at his performance at Indy on Sunday, one would think that the Packers would have won the game.",Sports
"Substitute striker Marlon King scored in the final seconds to give second division Nottingham Forest a 2-1 win over West Ham United on Sunday, as fans and players paid tribute to late Forest manager Brian Clough.",Sports
The Americans won a couple of better-ball matches and halved another before losing to the most unheralded European team in the final match Saturday morning.,Sports
"Toutatis, a mountain-sized asteroid, came the closest to the Earth since at least the 12th century, allowing scientists to gather data about its trajectory and features, the US National Aeronautics and Space Administration said.",Sci/Tech
Recent data published by the American Customer Satisfaction Index (ACSI) shows Apple leading the consumer computer industry with the the highest customer satisfaction.,Sci/Tech
"Sony (NYSE: SNE) is taking one more step toward making its Walkman a more formidable contender in the digital music wars. According to several news agencies, Sony is launching a new Walkman with a hard drive and support of the popular MP3 format.",Sci/Tech
"What a mouth-watering prospect Manchester United v Arsenal is. Giants versus giants. Or are we all getting carried away? Whatever the result, could it be that Old Trafford #39;s ",Sports
"European Union foreign ministers reaffirmed Saturday that they would push for UN sanctions against Sudan, including a possible oil boycott, if the country does not move to end the fighting in its western Darfur region.",World
The F.C.C. adopted rules that will enable utility companies to offer an alternative to broadband services provided by cable and phone companies.,Sci/Tech
"Microsoft will introduce its long-awaited Internet search engine on Thursday, a person knowledgeable about the announcement said.",Sci/Tech
"Efforts to ease patch management are just part of the process, exec says.",Sci/Tech
"AP - Allen Iverson stole an inbound pass, drove down the court and made a layup at the buzzer, giving the Philadelphia 76ers a 116-114 overtime victory over the Washington Wizards on Friday.",Sports
"Claria Cancels \$150 million IPO\Contextual advertising and pop up company Claria Corp. has canceled plans for a \$150 million initial public offering due to ''current market conditions,'' it said in a regulatory filing on Wednesday.\\Claria, which filed its original prospectus in April of this year, had not disclosed the number ...",Sci/Tech
"Reuters - Beauty may not be just in the\eye of the beholder after all because a sense of visual\attraction is hardwired in the brain at birth, a British\scientist said on Monday.",Sci/Tech
"The New York Mets hired Willie Randolph as their manager Wednesday and planned to introduce him at a news conference Thursday. Randolph, 50, was the bench coach for New York Yankees ",Sports
"AP - The main oxygen generator for the international space station has failed, and the two astronauts on board will tap into an attached cargo ship''s air supply this weekend, NASA said Thursday.",Sci/Tech
Residents stocked up to prepare for a storm that has already swamped communities in the Caribbean and reportedly killed dozens.,World
"GAZA CITY, Gaza Strip - Israeli helicopters attacked a Hamas training camp early Tuesday, killing at least 14 militants and wounding 30 others in one of the deadliest airstrikes since fighting broke out four years ago.    The attack came a week after Hamas suicide bombers blew up two buses in the Israeli city of Beersheba, killing 16 people...",World
"AP - In a fitting end to the PGA Tour season, U.S. Open champion Retief Goosen closed with a 6-under 64 to win the Tour Championship on Sunday by four shots and become only the third player to overtake Tiger Woods in the final round.",Sports
"AP - For Marion Jones, Sydney must seem far more than half a world away. Those Olympics were some dreamland where she ruled track and field with a golden touch and a sweet smile, winning five medals that turned her into an international superstar.",Sports
Europe #39;s Ryder Cup team is having a reunion this week at Valderrama. All 12 members of the team which beat the United States at Oakland Hills last month are playing in the European tour #39;s season-ending Volvo Masters.,Sports
The scene at the end of Colorado #39;s victory Saturday night probably was not what the university was looking for after a tumultuous off-season.,Sports
ATHENS (CP) - Canadian sprinter Earle Connor has been suspended from the Canadian Paralympic team pending the final review of his positive drug test by the Canadian Centre for Ethics in Sport.,Sports
"NewsFactor - Home computer users who think that they are well protected from malevolent acts should think again. The vast majority of home computers operate at risk of intrusion by invasive code, according to the results of a study conducted by America Online and the National Cyber Security Alliance.",Sci/Tech
Here #39;s what you didn #39;t hear from the Dolphins on Tuesday: You didn #39;t hear anyone suggest this day helps them win. You didn #39;t hear anyone pretend this franchise is improved.,Sports
"International Paper Co., the world #39;s largest forest products company, has agreed to sell all of the 1.1 million acres of woodlands it owns in Maine and New Hampshire to GMO Renewable Resources LLC for \$250 million.",Business
"AP - Cambodia moved closer to joining the World Trade Organization on Monday when its Senate approved its entry, a move the government hopes will help protect its billion-dollar garment industry.",World
Internet engineers working on a standard for identifying the source of email messages voted down a proposal by Microsoft to include some of that company #39;s intellectual property in the specification.,Sci/Tech
"MIAMI - Nearly a half-million people were ordered to evacuate as Hurricane Frances swirled toward Florida on Wednesday just weeks after Charley''s devastating visit, threatening to deliver the most powerful one-two punch to hit a state in at least a century.    Those planning to ride out the storm snapped up canned food, water and generators, while military helicopters and planes were flown out of the area and Cape Canaveral''s Kennedy Space Center said it would close on Thursday...",World
Asasma Butt walked up to the entrance of the Lyce Rabelais in northern Paris last Thursday - the first day of school for students across France -he did something she didn #39;t want to do.,World
"Austin Kearns tied the game with a two-out double in the ninth inning, then hit a two-run homer in the 12th and the Cincinnati Reds dealt the Chicago Cubs a key loss, 4-3 Wednesday.",Sports
Reuters - Earl Boykins contributed 22 points to\help the Denver Nuggets overcome the absence of top scorer\Carmelo Anthony to defeat the New Orleans Hornets 76-67 Monday.,Sports
"The WPP Group, the world #39;s second-largest advertising and marketing company, reported on Friday that profit for the first half of the year rose 11 percent, providing further ",Business
" LONDON (Reuters) - When Colin Montgomerie''s final putt  plopped into the hole on the 18th green at Oakland Hills on  Sunday, it clinched a remarkable Ryder Cup triumph and soothed  the Scot''s personal anguish.",Sports
Fraudsters have developed a potent new computer program that steals Internet banking customers #39; details by duping them into opening up ,Sci/Tech
Chelsea assistant boss Steve Clarke confirmed that Mateja Kezman was hit by a missile from the crowd as football was shamed for the second time in 24 hours.,Sports
Skipper Richard Staple insisted the USA had gained valuable experience in their 210-run Champions Trophy defeat by New Zealand at The Oval.,Sports
"MOSCOW: Russian oil major YUKOS is poised to lose its core Siberian units, but the state will postpone its final move to dismantle the giant firm beyond next weeks tax deadline, analysts predicted on Friday.",Business
"Martin Jol is likely to be named the new manager of Tottenham after Jacques Santinis shock decision to quit yesterday. The Dutch assistant coach will take charge of todays game against Charlton, and ",Sports
The Supreme Court has stayed the election and appointment of Jagmohan Dalmiya as Patron-in-Chief of the BCCI. The court has also stayed the appointment of Justice S Mohan as BCCI administrator and restored ,Sports
"PARIS - France is ready to play a greater role in rebuilding Iraq and has invited Iraqi President Ghazi Yawar for talks in Paris next month, President Jacques Chirac said in a speech on Friday.",World
WASHINGTON - Google wants to save you a trip to the library. The search engine that revolutionized how people use the internet has teamed up with some of the world #39;s greatest libraries to put their books in your living room.,Sci/Tech
"AP - Plant geneticist Ted Hymowitz knew that finding an allergy-free soybean would take a painstaking search through thousands of varieties. So Hymowitz got a grant, fetched a hammer and pounded away until he proved he was right.",Sci/Tech
"AP - A member of Democratic presidential candidate John Kerry''s national legal team received a citation on accusations he solicited a prostitute, but the aide said it was the result of a misunderstanding.",World
The software developer will become a licensee of the Digeo technology in the case.,Sci/Tech
Last Thursday #39;s presidential debate was still in progress when the e-mails started trickling in from citizens around the country.,Sci/Tech
"There has been so little heartbreak from baseball for Mariano Rivera, the greatest postseason player the Yankees have ever had, which means the greatest any team has ever had.",Sports
"A server crashes, disrupting the pre-election test of electronic voting machines in West Palm Beach. Critics say this underscores the unreliability of e-voting, while election officials say all glitches will be fixed.",Sci/Tech
"AP - The preliminaries in the 100 meters were perhaps just a sample of what''s to come Sunday, when a talented group of qualifiers  #151; including Americans Shawn Crawford, Justin Gatlin and defending champion Maurice Greene  #151; will try to turn their competition into the fastest show at the Athens Games.",Sports
"Valencia, Spain (Sports Network) - Valencia winger Vicente Rodriguez will be out for at least two weeks after spraining his ankle Wednesday.",Sports
"It #39;s going to be difficult, if not impossible, to beat Google at its own game. Google is king of the search engine world for a very good reason: Google works.",Sci/Tech
"Reuters - Online auctioneer eBay Inc. will plug\a recently purchased China site into its global network on\Friday, creating new opportunities for a nascent but\fast-growing operation, its chief executive said.",Sci/Tech
"Globular star clusters are like spherical cathedrals of light -- collections of millions of stars lumped into a space only a few dozen light-years across. If the Earth resided within a globular cluster, our night sky would be alight with thousands of stars more brilliant than Sirius.",Sci/Tech
England duly completed a 4-0 whitewash in their controversial one-day international series against Zimbabwe on Sunday in Bulawayo.,Sports
"More businesses are out to convert die-hard check writers to electronic billing by offering perks, lower interest rates or discounted prices.",Sci/Tech
"ALICANTE, Spain -- Paul-Henri Mathieu pulled off a remarkable 6-3, 3-6, 2-6, 6-3, 6-3 victory against Spanish No. 1 Carlos Moya to give France a 1-0 lead on the opening day of their Davis Cup semifinal on Friday.",Sports
"Goldman Sachs today posted a 30 percent jump in profit for its latest quarter, helped by strong growth across its segments.",Business
"CANTON, Ohio (Ticker) -- Legendary quarterback Dan Marino headlines the list of nine first-time nominees for induction to the Pro Football Hall of Fame.",Sports
 NEW YORK (Reuters) - Interstate Bakeries Corp. filed for  bankruptcy on Wednesday after struggling with more than \$1.3  billion in debt and weak demand for bread products amid the  popularity of low-carbohydrate diets.,Business
"Heroics and heartbreaks, diving catches and basepath blunders, hot bats and bizarre slumps, rainy days and endless nights. Already an instant classic, a short story transformed into a great American League ",Sports
Security company Digimarc gets \$1 million to push state drivers'' licenses with ''covert watermarks.'',Sci/Tech
"Three new variants of the Bagle virus that emerged last week are still in circulation, but the attacks seem to be leveling off. While the latest viruses have some sophisticated features, security ",Sci/Tech
"Minneapolis, MN -- Cristian Guzman drove in three runs to lead Minnesota to an 8-1 win over Cleveland in the middle contest of a crucial three-game set at the Metrodome.",Sports
"The bodies of about 160 Congolese Tutsis killed in Burundi during the weekend were buried on Monday, but the impact of the massacre is just beginning to be felt. A former rebel group now in the transitional government in the Democratic Republic of Congo ...",World
"Microsoft #39;s MSN division is planning to make an announcement today related to online-search technology, giving rise to expectations that the company will begin offering its own Internet search engine tomorrow.",Sci/Tech
Consumer electronics giant Sony Corp. said on Thursday it is mulling a major strategic shift to make digital music devices that play MP3 song files.,Sci/Tech
Advanced Micro Devices announced its plans for a new lineup of mobile Athlon 64-bit processors intended for thin and light notebooks.,Sci/Tech
A bird species new to science has been found by researchers on a remote island in the northern Philippines.,Sci/Tech
"For all the polls that show how football is now America''s most popular game, the Yankees-Red Sox showdown for the American League pennant is this year''s sweet reminder that October baseball is the best game, the best theater in sports for moments to remember.",Sports
"Ford Motor Co. has decided to stop work on a major procurement software system built around Oracle''s 11i E-Business Suite of apps and plans to move back toward its original custom-written, mainframe-based applications.",Sci/Tech
"NewsFactor - IBM (NYSE: IBM) has unveiled a collection of new services designed to bring the benefits of radio-frequency identification (RFID) systems to industrial firms and mid-size businesses. The goal is to help smaller companies comply with mandates to adopt the technology by \Wal-Mart (NYSE: WMT), the Department of Defense and other organizations.",Sci/Tech
AFP - Australian Prime Minister John Howard called a general election for October 9 with his conservative government trailing well behind the opposition Labor Party in opinion polls.,World
AP - John Halama and the Boston Red Sox finalized a one-year contract Wednesday.,Sports
NEW YORK (Reuters) - Outback Steakhouse Inc. said Tuesday it lost about 130 operating days and up to \$2 million in revenue because it had to close some restaurants in the South due to Hurricane Charley. ,Business
"ANAHEIM, Calif. The Anaheim Angels will be without second baseman Adam Kennedy as they pursue a postseason berth. Kennedy tore up his right knee in the fifth inning of last night #39;s 5-to-2 win over Seattle.",Sports
"IBM will soon begin shipping upgraded models of its HS20 and JS20 blade servers, including a new SCSI (small computer system interface) option for the HS20 that will double the number of SCSI blades that users can fit into a single chassis, the company ",Sci/Tech
The Irish duo of Paul McGinley and Padraig Harrington shot a 12-under 60 Thursday to share the lead with Austria''s Martin Wiegele and Markus Brier after the first round of the team World Cup.,Sports
Sonny Riccio ran for two touchdowns and passed for 148 yards to lead Delaware to a 28-14 win over visiting Lafayette yesterday in the first round of the Division 1-AA playoffs.,Sports
"Crude oil futures fell, posting their biggest two-day decline in London in two months, after China #39;s central bank raised interest rates for the first time in nine years in an attempt to stem inflation.",Business
The Federal Communications Commission (FCC) has cleared the way for Internet access over the same infrastructure that carries electricity to homes and businesses in America.,Sci/Tech
Something has to give -- either 15th-ranked Harvard''s status as the nation''s only undefeated Division 1-AA team or 17th-ranked Penn''s 20-game Ivy League winning streak -- when the teams square off Saturday in Philadelphia.,Sports
"Skype Technologies SA introduced version 1.0 of its Internet telephony application for Pocket PCs on Thursday, but the first non-beta release of the software does not work well on all Pocket PCs, users report.",Sci/Tech
"AP - Emissions of sulfur dioxide, which causes acid rain, rose 4 percent in 2003, but probably will not compromise long-term air quality goals, the government reported Wednesday.",Sci/Tech
but now he is intent on getting Newcastles Premiership charge back on track. The strikers 10th European goal for the Toon on Thursday moved him joint second in the clubs all-time list.,Sports
"Microsoft will support only x86 processors with 64-bit extensions when it releases a special version of Windows Server for high-performance computing next year, leaving support for Intel #39;s Itanium 2 chip to a later, unspecified date.",Sci/Tech
"TORONTO -- Doc Halladay and Justin Miller were waiting in the dugout tunnel for fellow Toronto pitcher Ted Lilly to finish his postgame TV interviews last night.  quot;They said to him, Hey, Hollywood, you can smile now,''  quot; said Gil Patterson, the Blue Jays pitching coach.  quot;He said, Don''t worry, I''m smiling on the inside.''  quot;",Sports
Latrell Sprewell says he #39;ll ask to be traded if the Minnesota Timberwolves don #39;t sign him to a contract extension by Wednesday night #39;s opener.,Sports
"AFP - World leaders expressed horror at the bloody end to the Russian hostage crisis, calling it a tragedy which resulted from a  quot;nauseating quot; and  quot;barbaric quot; terrorist attack.",World
"Lockheed Martin won a contract worth up to \$3.27 billion Friday to build a new communications satellite network for the US military, using spacecraft that will be assembled at the firm #39;s huge campus in Sunnyvale.",Business
"For more than a year and a half, Rep. John Lewis has endured lengthy delays at the ticket counter, intense questioning by airline employees and suspicious glances by fellow passengers.",Business
"Seattle, WA (Sports Network) - The University of Washington reportedly fired head football coach Keith Gilbertson on Monday. According to KING 5 News in Seattle, Gilbertson has been dismissed and it is unclear ",Sports
Reuters - RealNetworks Inc. on Tuesday halved\prices for songs downloaded from its online music store to win\customers for new technology that has rankled rival Apple\Computer Inc.,Sci/Tech
 WASHINGTON (Reuters) - Hackers who secretly install  ''spyware'' on others'' computers and Internet users who copy  movies and music without permission could face up to three  years in prison under bills that advanced in Congress on  Wednesday.,Sci/Tech
"British Airways Plc Chief Executive Rod Eddington has launched an investigation into last week #39;s flight delays and cancellations that stranded thousands of passengers, the Observer ",Business
TheDeal.com - The approval after a year-long investigation clears the path for more software industry mergers.,Sci/Tech
"Wimbledon champion Maria Sharapova of Russia beat former world number one Venus Williams of the United States 6-3, 6-4 on Friday to reach the semi-finals of the Zurich Challenge WTA tennis tournament.",Sports
"The company managing Rio Tinto iron ore #39;s rail lines in the Pilbara, in north-west Western Australia, says equipment failure rather than human error is to blame for a major derailment last week.",Business
The real estate and travel company says it will continue to look for a buyer of its mortgage business. ,Business
 NEW YORK (Reuters) - Corey Patterson scampered home  following Salomon Torres''s wild pitch in the first extra inning  to give the playoff-hopeful Chicago Cubs a 5-4 win over the  host Pittsburgh Pirates in the National League Tuesday.,Sports
" HERAT, Afghanistan (Reuters) - At least seven supporters of  the ousted governor of Herat in western Afghanistan were killed  Sunday and 20 wounded in clashes with police and U.S. troops  after mobs burned U.N. offices, doctors said.",World
AP - Online payment service PayPal said it will essentially waive transaction fees for some customers on Thursday to make amends for the inconvenience caused by about five days of intermittent service outages earlier this month.,Sci/Tech
American Matt Emmons won the gold medal Friday in the 50-meter prone rifle competition with a score of 703.3. ,Sports
ll the emotion Venus Williams crammed into staving off elimination against Lindsay Davenport at the United States Open last night saved the 25th edition of their rivalry from being a dud.,Sports
"AP - Curt Schilling became the first 19-game winner in the major leagues this year and Manny Ramirez homered twice, including his second grand slam of the season, to lead the Boston Red Sox over the Seattle Mariners 13-2 Friday night.",Sports
San Diego Chargers coach Marty Schottenheimer is keeping his team -- including quarterbacks Drew Brees and Philip Rivers -- and its fans in suspense.,Sports
"Hal Finney writes  quot;The X Prize Foundation, which recently awarded the Ansari X Prize for achieving a milestone in private space flight, is asking for suggestions for new X Prize ventures, under the name of The WTN X PRIZE.",Sci/Tech
"The ability of early human ancestors to run long distances may have influenced the transition to today''s body form, researchers report.",Sci/Tech
"Alicia Molik came back to beat French teen Tatiana Golovin 3-6, 6-4, 6-4 in the SEAT Open quarterfinals Friday, moving closer to winning her second WTA Tour title in two weeks.",Sports
Microsoft on Wednesday unveiled new and reworked business-intelligence tools that provide capabilities ranging from self-service report building for non-techs to mining information from data flows outside of a database.,Sci/Tech
England #39;s cricket team has scored a 152 run win over Zimbabwe in their first match of the International Cricket Council #39;s Champions Trophy tournament in Edgbaston.,Sports
"AP - Spain''s Rafael Nadal won his first ATP singles title Sunday, beating Argentina''s Jose Acasuso 6-3, 6-4 in the final at the Idea Prokom Open.",Sports
"Credit Suisse First Boston, the securities unit of the Credit Suisse Group of Zurich, replaced Adebayo O. Ogunlesi as head of investment banking with its president, Brian D. Finn, eight weeks after Brady W. Dougan was named chief executive. ",Business
 DUBAI (Reuters) - A senior U.S. official appointed to a  controversial multi-million dollar project to promote democracy  in Arab countries insists he will not meddle in the politics of  the region.,World
"LeBron James had 26 points to become the youngest player in National Basketball Association history to score 2,000 points as the Cleveland Cavaliers eased to a 96-74 home win over the Chicago Bulls Saturday.",Sports
Reuters - The band that brought the\infectious grooves of ''Hey Mama'' and ''Let''s Get It Started'' to\nightclubs across America has signed up to do the same for a\video game where success is measured by how cool players are.,Sci/Tech
"LONDON, December 9 (newratings.com) - Infineon Technologies (IFX.ETR) announced yesterday its plans to invest about \$1 billion in Malaysia to build a factory to manufacture chips used in cars and industrial power applications.",Business
 PHILADELPHIA/LOS ANGELES (Reuters) - A group headed by Sony  Corp. of America on Monday agreed to buy Hollywood film studio  Metro-Goldwyn-Mayer for about \$2.85 billion in cash to mine  MGM''s lucrative library for the booming DVD market.,Business
"On a clear day, you can see the Chateau Frontenac in Quebec City from her home in Chateau-Richer. But one day, nine years ago, a young volunteer working at a World Cup ",Sports
The Terps suffer their first three-game losing streak under Ralph Friedgen as Reggie Merriweather''s two-yard touchdown with 23 seconds left lifts Clemson to a 10-7 win.,Sports
"In percentage terms, Maryland, Virginia and the District saw much stronger levels of job creation in July than the nation as a whole.",Business
" LONDON (Reuters) - Oil prices climbed above \$42 a barrel on  Wednesday, rising for the third day in a row as cold weather  gripped the U.S. Northeast, the world''s biggest heating fuel  market.",Business
"SAN JOSE, Calif. Adobe Systems is introducing a new format today for digital photos it hopes will create a standard in the industry.",Business
" NEW YORK (Reuters) - U.S. blue chips were near unchanged on  Thursday but technology stocks slipped, as a broker downgrade  on the semiconductor industry rattled investors, while  coffee-shop chain Starbucks &lt;A HREF=''http://www.investor.reuters.com/FullQuote.aspx?ticker=SBUX.O target=/stocks/quickinfo/fullquote''&gt;SBUX.O&lt;/A&gt; disappointed with slowing  growth.",Business
"BERLIN (AP) -- A German teenager who authorities say confessed to creating the Sasser computer worm in May has been charged with computer sabotage.    Sven Jaschan, 18, was arrested after telling officials he originally wanted to create a virus, Netsky, to automatically removed two other viruses, Mydoom and Bagle, from infected computers...",Sci/Tech
His online profile lists William P. Genovese #39;s profession as  quot;hacking bum quot; and  quot;getting arrested quot; among his likes.,Sci/Tech
"Mobility and scallops marinated in truffle oil, anyone? Fine dining will be the reward for...",Sci/Tech
"Crude-oil futures continued higher Monday, rising more than 1 percent amid ongoing nervousness in the energy pits. Free! Sign up here to receive our Internet Daily e-Newsletter!",Business
"HOUSTON, Oct. 1 -- NASA decided Friday to delay the spring 2005 launch of the first shuttle flight since Columbia disintegrated, citing hurricane damage and more work needed to implement safety recommendations.",Sci/Tech
"DC United had lost 3-1 to the Chicago Fire. The real conflagration was yet to come, though. United #39;s players and coaches, even the team #39;s president, gathered in the locker room and had it out.",Sports
Vanguard Group Inc. voted in favor of a shareholder proposal demanding that Intel Corp. expense stock options. Putnam Funds and Fidelity Investments voted to dump Walt Disney Co. Chairman Michael D. Eisner. Vanguard voted to keep him.,Business
"Pat Finucanes killer expects to be a free man by next May despite a judge jailing him today for a minimum of 22 years. Loyalist assassin Ken Barrett, 41, is expected ",World
"ARLINGTON - The Texas Rangers are back within two games of the AL West lead following another big comeback win. Michael Young #39;s tying triple sparked a two-run rally in the seventh inning Saturday night, and ",Sports
"The way the Boston Red Sox and New York Yankees have sprung to life at baseball #39;s winter meetings, you #39;d swear they were again in a two-team contest.",Sports
"BOSTON Nov 9, 2004 - Red Sox pitcher Curt Schilling had surgery Tuesday to repair his injured right ankle. Schilling pitched Game 6 of the American League Championship Series and Game 2 of the World Series ",Sports
MIKE TYSON closed the book today on one of his many run-ins with the law: his brawl last year with two men outside a Brooklyn hotel.,Sports
AP - Newly arrived Duke University freshmen got something considerably snazzier than the usual Blue Devils T-shirts and ball caps: Their goodie bags included a free iPod digital music player engraved with the school''s crest and the words ''Class of 2008.'',Sci/Tech
Donald J. Trump may have a new project for his apprentices - helping him try to figure out how to take his troubled casino company private after a proposed bailout fell through.,Business
Palestinian sources reported early Saturday that a civilian died of wounds he sustained earlier when Israeli forces raided Khan Younis city a week ago.,World
"ATHENS, Greece -- Erin Mirabella of the United States predicted a fast track for the opening day of track cycling competition at the Olympic Velodrome on Friday. ",Sports
"Thirty-year-old Jeremy Jaynes, a US citizen settled in North Carolina, has been sentenced to nine years in prison for sending junk e-mails with fraudulent and untraceable routing information.",Sci/Tech
Doing some news catch up and came across this interesting item from InfoWorld last week: Google helps promote Windows XP. It #39;s about how Microsoft #39;s Partner Pack For Windows is promoting the Google Deskbar.,Sci/Tech
"The upstart Detroit Lions, heady with the success of their 2-0 start, were hoping to make a statement about where they stand on their personal road to improvement from being a team that #39;s ",Sports
"Polar bears could be decades from extinction, a survey into global warming has found. Steve Connor reports on the crisis that threatens the polar ice-cap.",Sci/Tech
"If the Jets #39; West Side stadium proposal somehow loses state financing, the city has got its back. City officials have agreed to assume the state #39;s \$300 million contribution to the proposed ",Business
"OCTOBER 08, 2004 (IDG NEWS SERVICE) - Microsoft Corp. is investigating a reported vulnerability in ASP.Net that could allow an attacker to bypass security features on a Web server and view sensitive content, the company said yesterday.",Sci/Tech
Electronic document giant Adobe Systems said that it was partnering with digital certificate company GeoTrust to provide technology that will allow documents that use Adobe #39;s popular PDF (Portable Document Format) to be digitally certified.,Sci/Tech
"GAZA CITY -- An explosion wounded a senior Islamic Jihad field commander, Mohammed Khalil, in a Gaza refugee camp Thursday in what the Palestinian militant group said was an assassination attempt by Israel.",World
"Microsoft has developed a cut-down version of Windows XP with a Hindi interface for the Indian market. The Indian version, which will be available early next year, will also feature help and training in Hindi.",Sci/Tech
Pedro Martinez pitched seven strong innings to end his losing streak and lead the Boston Red Sox to an 8-3 victory over the Anaheim Angels in the second game of an American League Division series on Wednesday.,Sports
"ST. LOUIS - Entering Game 7 of the National League Championship Series on Thursday night at Busch Stadium, the St. Louis Cardinals and the Houston Astros had played six games about as evenly as two teams possibly could play.",Sports
"Global research by MORI, conducted for Nokia, has identified a strong trend for consumers to move from their fixed line phones to use their mobile handsets for all or most of their voice calls.",Sci/Tech
Michael Phelps yesterday pulled out of the 400 metres individual medley at the short course world championships in Indianapolis with a sore back.,Sports
"com staff writers. Markko Martin still has a full day and six special stages to go, but he is now the clear favorite to win Catalunya Rally and follow up his win in the last round of the World Rally Championship, in Corsica a fortnight ago.",Sports
"In related news, it was announced yesterday that Warner Bros. Interactive Entertainment, DC Comics and Electronic Arts will bring a Batman Begins videogame tie-in.",Sci/Tech
"Mel Stottlemyre won #39;t return as pitching coach of the Yankees, The New York Times reported Wednesday. Stottlemyre has been the pitching coach since manager Joe Torre was hired before the ",Sports
Newly arrived Duke University freshmen got something considerably snazzier than the usual Blue Devils T-shirts and ball caps: Their goodie bags included a free iPod digital music player engraved with the school''s crest and the words ''Class of 2008.'',Sci/Tech
Newly-crowned Olympic 800m champion Kelly Holmes sets her sights on a historic Olympic double.,Sports
Eidur Gudjohnsen scored a hat trick yesterday to help Chelsea beat Blackburn 4-0 in the English Premier League of soccer and close the gap to league-leading Arsenal to two points.,Sports
"NVIDIA, graphics card manufacturer, has reported that it #39;s partnering up with Sony on the graphics hardware for PlayStation 3. The companies have been developing a custom graphics processing unit (GPU) incorporating next-generation GeForce technology ",Sci/Tech
"Houston''s Kris Brown caps a Texans rally by nailing a 50-yard field goal with 2 seconds left for a 24-21 victory over the Kansas City Chiefs, dropping the defending AFC West champs to 0-3.",Sports
"SEVILLE: Carlos Moya #39;s career has been a rollercoaster journey of ups and downs, but converting the winning point for Spain to land the Davis Cup yesterday represented a high point about which he had long dreamed -- and obsessed.",Sports
"thatshortkid writes  quot;The Washington Times is reporting on Brazil #39;s first successful space launch. Since it is closer to the equator, the task of getting up to space is easier, meaning much more cargo room over fuel.",Sci/Tech
"WASHINGTON - The House passed legislation Thursday that would prevent the Supreme Court from ruling on whether the words ''under God'' should be stricken from the Pledge of Allegiance.    In a politically and emotionally charged debate, Democrats said majority Republicans in the chamber were debasing the Constitution in order to force a vote that could hurt Democrats in the election...",World
"Microsoft CEO Steve Ballmer has made a  quot;pre-emptive strike quot; against Linux, which is fast becoming a bigger thorn in the software giant #39;s side.",Sci/Tech
"He was the insurance policy, neatly tucked away in a file cabinet in the basement, maybe destined to languish there until he was rendered irrelevant or forgotten. And Bronson Arroyo''s potential beneficiaries -- his Red Sox teammates -- wondered why.",Sports
Auburn Hills - (11/29/04)--Auburn Hills police say they have identified the chair thrower from the Pistons/Pacers brawl. The suspect who allegedly threw the chair is a 35-year-old man from Genesee County #39;s Mundy Township.,Sports
"Champ Car World Champion Paul Tracy has shaken off a terrible practice session to qualify fastest for the Gold Coast Indy. Tracy hit a tire barrier towards the end of the opening 15-minute practice session, damaging his nosecone.",Sports
"Intel Corp. has reached an agreement to hire hundreds of Hewlett-Packard Co. engineers who helped design the Itanium microprocessor, a massive joint project between the two technology companies since the early 1990s.",Sci/Tech
"Annika Sorenstam was hitting the ball so well she knew exactly where it was going. Combine that with an unusually calm day in south Florida, and her name atop the leaderboard was no surprise.",Sports
"The new DRX-710UL-T allows users to record up to four hours of high-quality MPEG-2 video or up to 8.5 GB of data, music and/or images on compatible DVDR DL media.",Sci/Tech
"Apple has taken steps to take ownership of the iTunes.co.uk domain name from its current owner, with the company formally complaining to Nominet, the UK domain name registrar, that it is entitled to the domain.",Sci/Tech
"The Ford Motor Company agreed yesterday to settle a lawsuit that accused its chief executive of improperly accepting shares of the initial public offering of the Goldman Sachs Group, which agreed to pay \$13.",Business
" BLOOMFIELD HILLS, Michigan (Reuters) - In the end, Europe''s  crushing Ryder Cup victory over the U.S. was all about better  teamwork, hungrier players, putts made when they mattered most  and astute captaincy by Bernhard Langer.",Sports
MOSCOW The Russian oil giant Yukos has said that it would immediately reduce some of its rail exports of crude oil to China in what appears to be the first time that Yukos #39;s ability to transport oil has been affected by its tax dispute with the Russian ,Business
"After winning union backing for job cuts, Alitalia was holding a board of directors meeting Monday to approve a restructuring plan aimed at saving the near-bankrupt Italian carrier from collapse.",Business
"AP - For at least one game, the pass-happy St. Louis Rams relied on the running game. A week after coming under heavy criticism for a game plan that featured 49 passes and just 15 runs in a 28-25 overtime loss at home against New Orleans, coach Mike Martz used the run early and often in a 24-14 win Sunday night at San Francisco, evening the Rams'' record at 2-2.",Sports
"AP - A Nepalese Sherpa fears his mountain valley will be flooded by melting glacier runoff high in the Himalayas. A Fiji islander frets about rising sea levels, while villagers cope with the destruction of mangrove swamps in India.",Sci/Tech
Tony Clark whacked three consecutive home runs as the New York Yankees reeled off six homers and nine ninth-inning runs to bulldoze their way past the Toronto Blue Jays 18-6 in the American League Saturday.,Sports
"Reuters - Cisco Systems Inc. , the\biggest maker of equipment that directs data over the Internet,\on Tuesday said quarterly earnings rose 29 percent on stronger\demand for gear such as wireless networks and Internet\telephone equipment.",Sci/Tech
"The report confirms that the Arctic, as a whole, and particularly the Canadian Arctic, is warming, at a rate almost twice that of lower latitudes and that the warming will accelerate in the decades to come.",Sci/Tech
"It seems there #39;s no end to Japan #39;s love of handheld gaming these days. With Nintendo selling big with its hugely successful Nintendo DS launch, Sony have begun the counter attack with queues of up to 1500 ",Sci/Tech
"King County prosecutors charged a Covington orthodontist yesterday with engaging in sexually explicit Internet conversations with several girls, including three current or former patients, and with dealing child pornography.",Sci/Tech
"BERGAMO/ROME, Dec 11 (SW) - Udinese were the stronger side at Atalanta Bergamo, while Lazio Roma refused to give up against Lecce, to eventually reach a draw.",Sports
World number one Roger Federer was stretched to the limit by fourth-seeded Thai Paradorn Srichaphan before edging a 7-5 2-6 6-3 victory in the Thailand Open semi-finals on Saturday.,Sports
Real Madrid gave a stunning exhibition of finishing power to crush Levante 5-0 at the Bernabeu in the Primera Liga on Sunday. The home side had struggled to impose ,Sports
"CHIBA, JAPAN -- Two companies supporting the Blu-ray Disc optical disc format unveiled prototype players at the Ceatec 2004 exhibition, taking place here this week.",Sci/Tech
Jason Gillespie produced a superb spell of pace bowling to rout India for 104 but Anil Kumble grabbed a five-wicket haul to lead the fightback on the second day of the fourth and final test on Thursday.,Sports
"ATLANTA - Who could have imagined Tommy Tuberville in this position? Yet there he was Friday, standing alongside the SEC championship trophy, posing for pictures and undoubtedly chuckling a bit on the inside.",Sports
England coach Sven-Goran Eriksson has confirmed in-demand striker Wayne Rooney will not figure in his squad for September #39;s World Cup qualifiers.,Sports
"ONCE AGAIN a Bush administration scientific report blames emissions of carbon dioxide and other greenhouse gases for global warming, and once again the reaction of the Bush White House is to say the evidence does not warrant action.",Sci/Tech
" KIEV, Ukraine (Reuters) - Ukraine''s outgoing leader denied  on Tuesday he had agreed on concessions with his opponents to  end a crisis that has plunged the country into turmoil and  driven a wedge between Russia and the West.",World
"COOLUM, Australia - Australian Peter Lonard won the Australian PGA Championship by two strokes for his third tournament title in as many weeks on Sunday.",Sports
AP - Browns offensive guard Kelvin Garmon and defensive back Leigh Bodden are out for the season after sustaining injuries in Cleveland''s loss on Sunday in Baltimore.,Sports
"A rocket attack killed one Pakistani paramilitary soldier and wounded eight more, three of them seriously, in the western tribal region where troops are hunting al Qaeda-linked militants, officials said on Sunday.",World
"AUGUST 26, 2004 (IDG NEWS SERVICE) - Computer Associates International Inc. avoided a revolt at its annual meeting yesterday, when shareholders voted down a proposal requesting that the company #39;s board adopt ",Sci/Tech
"&lt;p&gt;\&lt;/p&gt;&lt;p&gt; By Spencer Swartz&lt;/p&gt;&lt;p&gt; SAN FRANCISCO (Reuters) - PeopleSoft Inc. will push ahead\with a new marketing alliance with IBM and other initiatives\despite a recent court ruling that bolstered Oracle Corp.''s\\$7.7-billion hostile bid to acquire the company, PeopleSoft''s\CEO said on Tuesday.&lt;/p&gt;",Sci/Tech
"Noranda, Canada''s largest mining company, said on Friday that it may be acquired by the China Minmetals Corporation in a deal worth more than \$4.7 billion.",Business
"MILWAUKEE - Barry Bonds barely missed his 700th homer, but J.T. Snow connected following yet another walk to the San Francisco slugger and the Giants beat the Milwaukee Brewers 8-1 behind Brett Tomko''s four-hitter Wednesday night...",World
"\\More and more bloggers are waking to the news:\\Lessig : \\...\\''Bush has won the popular vote. And it would take a freak of nature to imagine\the 220,000 provisional ballots would fall strongly enough to shift Ohio. He\will win the College. He is our President - legitimately, and credibly.''\\''Our criticism of this administration must now focus narrowly and sharply: on\the policies, not on the credibility of the man.''\\Joi Ito :\\''As Larry says, ''It''s over. Let it go.'' Jon is saying, ''Don''t complain -\organize!'' Although the previous post about the wacky voting system is\interesting, it''s unlikely that any sort of recount or technicality will\change the fact that today, the people of the Uni ...\\",Sci/Tech
"Three British nationals were nabbed by gunmen in the Iraqi capital on Thursday, the Iraqi Interior Ministry said. The three British men were believed to be civilians living ",World
"Reuters - Online retailer Wine.com has\secured another  #36;20 million in venture capital funding and\could go public as soon as next year, Chief Executive Officer\George Garrick said on Friday.",Sci/Tech
"Boston College''s 21-10 victory over Rutgers yesterday was the Eagles'' sixth win, making them eligible for a bowl bid. It may even have put them in prime position for a New Year''s Day game, even if they lose to West Virginia next week in Morgantown.",Sports
"ARGENTINA soccer coach Marcelo Bielsa quit today, just two weeks since he guided them to their first Olympic title. Bielsa, 49, nicknamed the  quot;mad man quot; for his eccentric press conferences and his volatile ",Sports
The ABC television network is rightly being pilloried from all concerned - including FCC Chairman Michael Powell -or its tawdry  quot;Monday Night Football quot; opening this week.,Sports
"CHANTILLY, VirginiaSpace shuttle Enterprise was born to be an astronautical bridesmaid, never a bride. Built in 1976 as one of the first trio of US shuttles, Enterprise never ",Sci/Tech
"Dell announced today that it #39;s latest models, the Axim X50 series, comes with the just-released Windows Media Player 10 for Mobile.",Sci/Tech
AP - Tropical Storm Jeanne formed Tuesday in the Atlantic Ocean Tuesday and was expected to hit Puerto Rico with strong wind and heavy rain by Wednesday morning.,World
"November 10, 2004 -- (WEB HOST INDUSTRY REVIEW) -- Software giant Microsoft (microsoft.com) issued a patch for a flaw in Internet Security and Acceleration Server 2000 and Proxy Server 2.0 on Tuesday.",Sci/Tech
"Even as Sen. John F. Kerry''s campaign is steadfastly refusing to challenge the results of the presidential election, the bloggers and the mortally wounded party loyalists and the spreadsheet-wielding conspiracy theorists are filling the Internet with head-turning allegations.",Sci/Tech
AP - Passengers taking to the skies for U.S. flights could be checking e-mail and surfing the Web through high-speed Internet connections in a couple of years. And the day when travelers can chat away on cell phones while in flight might not be far behind.,Sci/Tech
The test program that allows pre-screened travelers to zip through airport security is being extended. The Registered Traveler Program had been scheduled to run for 90 days at each of five big airports.,Sci/Tech
"Tammy Haulcy drilled a 3-pointer at the buzzer, lifting UMass-Lowell to a 68-65 victory over Pace last night at Costello Gym in the River Hawks'' Northeast-10 Conference opener. UMass-Lowell (2-0) sank eight 3-pointers in all, including four by Mariette Guillaume, who was one of three River Hawks in double figures. Sacha Simms led the way with 15 points, and Enjoli ...",Sports
"Near-record oil prices will slow US economic growth but won #39;t be enough to derail a self-sustaining expansion, US Federal Reserve officials said on Monday.",Business
"Internet infrastructure vendor VeriSign Inc. today reported net income of \$40.3 million for the third quarter of 2004, a reversal of the \$31.3 million loss it posted in the same quarter one year earlier.",Sci/Tech
" BEIJING (Reuters) - Jelena Dokic ran true to the miserable  form she has shown this season, falling 6-3, 6-0 to Thailand''s  Tamarine Tanasugarn in the first round of the China Open  Tuesday.",Sports
"Champaign, IL (Sports Network) - The University of Illinois has fired head football coach Ron Turner. Turner just completed his eighth year at Illinois, compiling a 35-57 record with just two winning seasons.",Sports
"The Green Bay Packers and Tennessee Titans will try to keep from falling to 1-4 Monday night. But after the nationally televised game in Green Bay, Wisconsin, one of them will be.",Sports
"Now that world No. 1 Lindsay Davenport has fallen by the wayside, the No. 1 ranking is Amelie Mauresmo #39;s for the taking, but the taking will be difficult beginning today in the semifinals at the WTA Championships.",Sports
"The survival of the British Grand Prix at Silverstone represents a major incentive for the British motor sports industry to secure its international reputation, Sports Minister Richard Caborn this morning claimed.",Sports
Apple Computer #39;s marketing chief Phil Schiller unveiled the newest version of the popular iMac at the Apple Expo in Paris on Tuesday.,Sci/Tech
English Premiere League leaders Chelsea continued their good form in the recent weeks with another spectacular win over Charlton Athletic.,Sports
"Virgin Group chief Richard Branson said yesterday he has earmarked US\$300 million for a cellular phone joint venture on the Chinese mainland, the world #39;s largest mobile market by users.",Business
Major League Baseball has yet to reach an agreement with Peter Angelos on on a deal that would financially protect the Orioles.,Sports
"As a child, Adam Levesque would sit with his grandfather, watching televised nature documentaries featuring exotic animals in their natural habitats. These days, Levesque creates his own wild kingdoms in a Waltham office park with a few clicks of a computer mouse.",Business
"NewsFactor - IBM''s (NYSE: IBM) Blue Gene/L, which is being installed at the Lawrence Livermore National Laboratory, recaptured the supercomputer speed record that Silicon Graphics'' (NYSE: SGI) Columbia system at NASA held for barely a week.",Sci/Tech
PC World - The one-time World Class Product of the Year PDA gets a much-needed upgrade.,Sci/Tech
"Continuing its crackdown on software pirates, German police arrested a 46-year-old lawyer, two brothers, and a teenager on Thursday for allegedly selling illegal software, movies, games, and music through a commercial online service, according to the German Federation Against Copyright Theft (GVU).",Sci/Tech
Next week #39;s Champions League match between Barcelona and Shakhtar Donetsk will go ahead as scheduled in Ukraine after authorities guaranteed security for the game.,Sports
At least 47 people were killed at a Baghdad market today in an explosion that was believed to have been targeted at a nearby police station.,World
WHAT skill Wayne Rooney has. Its very difficult to dive that well. Try it. Fall over on purpose and it looks as if you are falling down on purpose.,Sports
The company extends a deal with open-source Java software maker JBoss in an effort to compete with IBM.,Sci/Tech
"AP - Hurricane Frances carved a huge gap in the wall of a fertilizer company reservoir, spilling 41 million gallons of acidic waste that posed a threat to aquatic life in a bay near Tampa.",Sci/Tech
"AP - Former Michigan State star and NFL wide receiver Mark Ingram, a key to the New York Giants'' 1991 Super Bowl victory, has been sentenced to one year in jail for stealing a credit card at a Michigan golf course.",Sports
"BAGHDAD, Iraq -- Several US Marines have been killed or wounded in a massive car-bomb explosion Monday on the outskirts of the Iraqi city of Fallujah.",World
"Reuters - The United States\showed no signs of budging in its opposition to the Kyoto\protocol Monday as U.N. climate change talks began, a month\after President Bush''s reelection and Russia''s ratification of\the agreement.",Sci/Tech
"SOUTHLAKE, Texas (Ticker) -- The battle for the final playoff spot in the Western Conference comes down to 90 minutes of action as the Dallas Burn host the San Jose Earthquakes on Saturday night.",Sports
"ATHENS -- LeBron James, Carmelo Anthony, and a couple of their Olympic teammates made it over to watch last night''s women''s game between the United States and China. They saw a team shoot well, pass well, rebound well, and dominate -- everything they are not doing so far.",Sports
MUMBAI: The redrawing of lines of authority in Reliance seems to have sparked off the current discord between the two Ambani brothers.,Business
"MINNEAPOLIS -- Marion Barber III and Laurence Maroney each surpassed 100 yards rushing for the fifth time in 15 games, and No. 22 Minnesota fought off Illinois State in an unimpressive 37-21 victory yesterday.",Sports
AP - Online DVD rental leader Netflix Inc. is putting social networking on its marquee of coming attractions for next year.,Sci/Tech
"Reuters - North Korea appealed to refugees who have\sought asylum in the South to return to the impoverished state,\avoiding for once labeling them ''human scum'' and saying a warm\home awaits them.",World
AP - The safety of Celebrex and other pain relievers was questioned Wednesday as scientists in the United States and regulatory agencies in Europe said they feared such drugs might raise the same risk of heart problems as those blamed on the arthritis medicine Vioxx.,Sci/Tech
IT managers concerned about deploying blade technology into heterogeneous environments may have an easier time of it with the recent announcement that Brocade #39;s SAN (storage area network ,Sci/Tech
"com October 15, 2004, 5:11 AM PT. Wood paneling and chrome made your dad #39;s station wagon look like a million bucks, and they might also be just the ticket for Microsoft #39;s fledgling ",Sci/Tech
"Hungary #39;s Robert Fazekas won the discus with an Olympic-record toss of 232 feet, 8 inches (70.93 meters) on Monday, beating the past two gold medalists.",Sports
"The use of genetically modified animals in UK labs continues to grow, official statistics released on Tuesday show.",World
"Reuters - A Brazilian garbage dump could be a\trailblazer for thousands of projects in developing nations\under a U.N. plan to battle global warming, a Norwegian company\said Wednesday.",Sci/Tech
Success of alternative apps like Firefox may be putting pressure on the software giant.,Sci/Tech
The Bush administration''s approach to environmental issues has challenged the status quo by revising the traditional public-policy calculus on decisions.,World
"We know by now there are three Shaquille O #39;Neals, only one of them formidable. There is the unguardable Attack Shaq, the original.",Sports
"Hall of Fame pitcher Jim Bunning barely won re-election to the US Senate on Tuesday, edging Democratic challenger Daniel Mongiardo by about 2 percent of the vote in Kentucky.",Sports
A giant asteroid will make a close brush by Earth Wednesday -- at least close by asteroid standards. The 4.6-kilometre-long Toutatis will come within 1.5 million kilometres of Earth.,Sci/Tech
"Reuters - Best Buy Co. Inc. , the top\U.S. electronics retail chain, on Wednesday posted a 21 percent\rise in quarterly profit and said it gained market share in the\period.",Business
Scientists of the US National Aeronautics and Space Administration say its spacecraft Mars Odyssey will prolong its stay in space until at least September 2006.,Sci/Tech
"Reuters - The Department of Homeland Security\named an acting U.S. cybersecurity chief on Thursday as\Congress weighed whether to give the position greater clout to\fight hackers, viruses and other online threats.",Sci/Tech
TechWeb - The next release of the MyQSL database server will include a Windows installer based on an open-source toolset released by Microsoft.,Sci/Tech
"AP - There were still plenty, way too many, good seats available.",Sports
"Most IT Managers won #39;t question the importance of security, but this priority has been sliding between the third and fourth most important focus for companies.",Sci/Tech
"A new variant of the MyDoom worm that exploits an unpatched flaw in Microsofts Internet Explorer browser has emerged to threaten small business and home users in particular, security experts warned this week.",Sci/Tech
Maria Sharapova suffered a harsh introduction Saturday to the expectations that will stalk her for the rest of her career. After a third-round loss at the US ,Sports
The NHL #39;s chief legal officer blasted the players #39; association yesterday for turning the last two days of contract negotiations in Ottawa into a  quot;charade quot; as the sides try to reach a labor agreement with a Sept.,Sports
Apple Computer has updated the software for some of its iPod digital media players so that songs bought from RealNetworks won #39;t play.,Sci/Tech
" LOS ANGELES (Reuters) - Microsoft Corp. &lt;A HREF=''http://www.reuters.co.uk/financeQuoteLookup.jhtml?ticker=MSFT.O qtype=sym infotype=info qcat=news''&gt;MSFT.O&lt;/A&gt; on Tuesday  unveiled a new version of its Windows XP Media Center, along  with an array of new devices and services aimed at capturing  consumer spending on movies, pictures and music.",Sci/Tech
"with two newborns in tow -- are heading south for the fall  quot;chum festival, quot; says a whale researcher in the San Juan Islands.",Sci/Tech
"AP - In the tumult of the visitors'' clubhouse at Yankee Stadium, champagne pouring all around him, Theo Epstein held a beer. ''I came in and there was no champagne left,'' he said this week. ''I said, ''I''ll have champagne if we win it all.'''' Get ready to pour a glass of bubbly for Epstein. No I.D. necessary.",Sports
"MacCentral - Apple Computer Inc. on Thursday issued a recall for PowerBook batteries sold from January 2004 through August 2004 for use with 15-inch PowerBook G4 (Aluminum) notebook computers. The batteries, made by LG Chem, Ltd. of South Korea, could overheat, posing a fire hazard -- Apple said they have received four such reports, although no injuries have been reported.",Sci/Tech
"PSA is targeting fitment of its new stop-start technology, officially launched at a press conference in Paris yesterday, of 50,000 units by 2006.",Sci/Tech
"USATODAY.com - The European Commission on Tuesday cleared Oracle''s hostile  #36;7.7 billion bid for rival business-software maker PeopleSoft, lowering the last antitrust hurdle to the contested deal. ''There is an absence of sufficient evidence of competitive harm,'' regulators said in a statement.",Sci/Tech
"The dashing Keith Miller, aged 26, after making 188 for Victoria at the Adelaide Oval in 1946. Photo: File. Mere life was not enough to contain Keith Miller, who died yesterday, aged 84.",Sports
"Reuters - The Bush administration has signaled\approval of growth in some Israeli settlements in the West Bank\in a policy change aimed at helping Prime Minister Ariel\Sharon, the New York Times said on Saturday.",World
MPs and the main City watchdog are at odds over the plight of millions of policyholders  quot;trapped quot; in closed with-profits funds.,Business
"BRUSSELS - The European Union cannot start entry negotiations with Turkey unless Ankara adopts a reform of its penal code, a European Commission spokesman said on Monday.",World
"It has been a good year for Apple. Since the beginning of 2004, I #39;ve discussed GarageBand, AirPort Express and the latest iPod.",Sci/Tech
Micron Technologies says it still does not expect to pay any fines or face criminal charges after a European competitor agreed this past week to price fixing charges.,Sci/Tech
"Intel has started testing its WiMax chip, dubbed  quot;Rosedale. quot; The chip manufacturer is shipping test versions of the chip to equipment manufacturers and is involved in trials with carriers.",Sci/Tech
" GENEVA (Reuters) - Mobile phone subscribers around the  globe totaled nearly 1.5 billion by the middle of this year,  about one quarter of the world''s population, the International  Telecommunication Union (ITU) said on Thursday.",Sci/Tech
"AP - Though NBC is blanketing seven networks with 1,210 hours of Olympics coverage, there''s this pesky, bill-paying task called work that keeps me from fully enjoying the televised competition.",Sci/Tech
"Israeli Prime Minister Ariel Sharon made a telephone call to Russian President Vladimir Putin on Sunday, promising Israeli cooperation with Russia to concentrate efforts to ",World
" NEW YORK (Reuters) - Alcoa Inc. &lt;A HREF=''http://www.investor.reuters.com/FullQuote.aspx?ticker=AA.N target=/stocks/quickinfo/fullquote''&gt;AA.N&lt;/A&gt;, the world''s biggest  aluminum producer, on Monday cautioned its shareholders about  an unsolicited, below-market ''mini-tender'' offer being made by  Toronto-based TRC Capital Corp. to buy up to 3.5 million of its  shares.",Business
" quot;It #39;s the kind of thing we expected, but we thought we might never find a fossil that would justifiably show it, quot; said Mark Norell, who co-authored a paper that describes the new species.",Sci/Tech
"Framingham resident Arly Noel, a junior midfielder on the Mount Ida College of Newton men''s soccer team, was named to the All-North Atlantic Conference first team after finishing among the nation''s top 30 NCAA Division 3 players with a team-high 11 assists.",Sports
"Mark Hughes #39; decision to take the Blackburn job is bad news for Wales, there #39;s no doubt about that. Mark has brought a lot of dignity back to Welsh football, taking us up from around 100 in the world rankings ",Sports
"The same day the Houston Astros announced that pitcher Andy Pettitte would have surgery on his troublesome left elbow next week, Roger Clemens left last night #39;s game against the Philadelphia Phillies with a strained right calf. ",Sports
" RAMALLAH, West Bank (Reuters) - The grandson of Mahatma  Gandhi urged Palestinian refugees Sunday to march home from  Jordan en masse, even if the Israelis ''kill 200 people,'' to  shock the world into taking notice.",World
"Plus: Adobe strong despite drop...Linux demand lifts Red Hat profit...Strong sales of phones, other gadgets boost PalmOne profit.",Sci/Tech
"Garment makers in poor countries have been dismayed over the upcoming abolition of trade quotas, but the outlook is not as bleak as many experts had thought.",Business
"Identity theft meets the global virus epidemic, enabling fraud that finally gets people''s attention. ",Sci/Tech
"Man Utd reach an ''outline agreement'' to sign Wayne Rooney, as Everton press for the ''best available deal''.",World
"Larry Ellison even compares himself to the warlord, according to PeopleSoft''s former CEO, defending previous remarks he made.",Sci/Tech
PayPal Outage Effects Online Retailing and eBay\\eBay Inc.''s online payment system PayPal said on Tuesday that account data and personal information were not compromised by a glitch in the new system update that has resulted in some users not being able to log into their accounts and also PayPal not ...,Sci/Tech
"SPACE.com - LOGAN, UTAH -- Experts say \  the big news in spacecraft building involves ultra-small CubeSats.",Sci/Tech
"Olympic cycling champion Tyler Hamilton, whose name has become synonymous with resilience and grit, could lose his gold medal and be banned for two years after blood tests showed evidence of banned transfusions.",Sports
"For 250 years, the cryptic inscription has exercised the minds of Britain #39;s finest theologians, historians and scientists, including Charles Darwin, Josiah Wedgwood ",Sci/Tech
"WASHINGTON : With little doubt about the Federal Reserve #39;s plans for a quarter-point rate hike, financial markets were focusing on another question: When will the Fed stop?",Business
"We asked those affected by Hurricane Ivan, or those in its path, to e-mail us with their thoughts and experiences. The following are a selection of your replies.",World
"When competing sides fall out of balance on shows such as  quot;The Apprentice quot; or  quot;Survivor, quot; they usually mix up the teams to even things out.",Sports
"No Pistons players were charged for the Nov. 19 brawl the brother of Detroit''s Ben Wallace, was charged for throwing punches at the Pacers'' Fred Jones.",Sports
"Polio, which can paralyze small children, has become the latest threat to refugees already struggling with famine and disease in the camps of Darfur.",World
"ONE MONTH ago, the UN Security Council demanded progress on the humanitarian crisis unfolding in Darfur. A resolution called on Sudan #39;s government to allow aid workers unimpeded access to the province and ",World
"After watching his offense struggle the last two weeks, Giants coach Tom Coughlin announced Monday he was benching Kurt Warner in favor of rookie Eli Manning.",Sports
"The International Olympic Committee (IOC) on Wednesday said 2008 Games host Beijing should take care not to complete its venues too late, two months after it advised the city not to finish them too early.",Sports
"OTTAWA (Ticker) -- While the dialogue at the latest NHL labor meeting Thursday resulted in little progress on a new collective bargaining agreement, it did generate harsh words from a league official.",Sports
Toshiba Corp says it plans to boost output capacity for flash memory chips at a plant in central Japan by 7.5 percent to meet robust demand from digital camera and mobile phone makers.,Sci/Tech
"A car bomb has exploded north of the Iraqi capital, killing two people and injuring four others, including the deputy provincial governor of Diyala.",World
"Ichiro Suzuki #39;s teammates won #39;t stand for anybody messing with his spectacular season. When Suzuki got plunked in the back, Seattle starter Bobby Madritsch nearly went ballistic.",Sports
"US light crude climbed to \$49.36 a barrel, up 48 cents and just four cents below the record high set in late August at \$49.40. In London, Brent crude oil futures in surged to a new peak of \$45.",Business
World champion pairs skater Tatiana Totmianina of Russia was in good condition late Saturday after falling headfirst onto the ice during the free skate at Skate America in Pittsburgh.,Sports
Samsung Electronics announced three breakthroughs in key technologies that promise greater data storage and faster processing for computers and mobile devices such as MP3 audio players.,Business
"LAHORE: General Pervez Musharraf has said he will stay army chief and president until 2007, as the law now permits him to do so, the first time he has clearly stated his intention to keep both offices.",World
"In the heady days of the dot-com boom, when pet food and groceries were sold on the Internet and venture capitalists seemingly tossed double- digit millions at any business plan with online possibilities, real estate stood waiting to be part of the ",Sci/Tech
"After the Sept. 11 terrorist attacks, Australia #39;s Prime Minister John Howard told the US Congress,  quot;America has no better friend anywhere in the world than Australia.",World
"Dwight Yorke, the Birmingham City striker at the centre of a police investigation into alleged racism at Blackburn Rovers on Sunday, is upset by the lack of support he ",Sports
"According to British cops he is Dhiren Barot to his father and Abu Musa al-Hindi to Al Qaeda. On Wednesday India-born Barot alias al-Hindi, along with seven men of Pakistani origin, arrested in anti-terror raids and charged with plotting radioactive, ...",World
"Olympic laurels. NBC swept the Nielsen ratings medals, with its first three nights of coverage in Athens taking the top three prime-time spots last week (Aug. 9-15) in viewers and advertiser-coveted young adults. The surge ...",Sports
"Remembering all your passwords and keeping your computer safe is not easy these days. We offer some top tips to help you out. If you #39;ve ever lost, misplaced or forgotten the keys to your home, you #39;ll know how much of an inconvenience it can be.",Sci/Tech
 SEOUL (Reuters) - A cloud of confusion surrounded a widely  reported explosion in North Korea last week with South Korea  saying on Friday its latest assessment was that no blast at all  occurred at the suspected site.,World
" BELFAST (Reuters) - A former Protestant guerrilla was  sentenced to life imprisonment on Thursday for the murder of  Catholic lawyer Pat Finucane, one of the most controversial  killings in 30 years of sectarian conflict in Northern Ireland.",World
"COLLEGE PARK, Md. -- Joel Statham threw for 333 yards and ran for a score, and Maryland held on to beat fifth-ranked Florida State, 20-17, yesterday.",Sports
"After a ride of some 50 miles straight up, SpaceShipOne paused poetically in the weightless black above the Mojave Desert.",Sci/Tech
TOKYO - Sony Corp. is banking on the \$3 billion deal to acquire Hollywood studio Metro-Goldwyn-Mayer Inc...,World
Tackles Plymouth-Banjul rally in 20 Citroen,Sci/Tech
"BANGKOK, Thailand - With a clash of mallets and the stomping of jumbo feet that shook the earth, the game was under way. Tense commands were shouted by pith helmeted players tied firmly to their two-ton mounts...",World
AP - Oracle Corp. plans to nominate four candidates for election to rival PeopleSoft Inc.''s board of directors as part of its battle to acquire the rival software company.,Sci/Tech
"Well, we started the project soon after Morrowind, and our team was split into two groups -- one working on technology for Oblivion, and one working on expansion packs.",Sci/Tech
India captain Sourav Ganguly will miss the Test series against South Africa after being suspended for two matches for allowing a slow over-rate.,Sports
"Formula One drivers Kimi Raikkonen and Nick Heidfeld are both \$10,000 poorer after separate fines for  #39;dangerous driving #39; in Sunday #39;s year-ending Brazilian grand prix.",Sports
"CHINA #39;S police ministry has handed out rewards of up to 2000 yaun (\$330) to people who reported pornographic web sites. Some 445 people have been arrested and 1,125 web sites shut down with the help of public ",Sci/Tech
"LEESBURG, Va. - A brother and sister who sent unsolicited junk e-mail to millions of America Online customers were convicted Wednesday in the nation #39;s first felony prosecution of distributors of spam.",Sci/Tech
"Lake Forest, IL (Sports Network) - Chicago Bears Pro Bowl linebacker Brian Urlacher is expected to be sidelined four-to-six weeks because of a lower left leg injury.",Sports
 HOUSTON (Reuters) - Carlos Beltran''s record-tying eighth  post-season home run capped the Houston Astros'' 6-5 comeback  win over the St Louis Cardinals to even the National League  Championship Series at two games apiece Sunday.,Sports
"Opposition parties in Bangladesh have reportedly reached a consensus on ousting the government of Prime Minister Khaleda Zia, which it termed as being  quot;fanatic, terrorist and autocratic.",World
AP - Christina Kim followed a record-tying opening round with a 6-under 66 Friday to take a four-stroke lead midway through the LPGA State Farm Classic.,Sports
Tony Delk and Predrag Drobjnak both scored 16 points as the Atlanta Hawks stunned the defending NBA champion Detroit Pistons 88-72 in National Basketball Association play Friday in Auburn Hills.,Sports
"A Green Bay secondary that figured to be tested on Sunday, even if at full strength for the game with the Indianapolis Colts, took a considerable hit Saturday when cornerbacks ",Sports
Reuters - Shares of Cyberonics Inc. \jumped 14 percent before the bell on Thursday after the medical\technology company said federal health regulators had given\conditional approval to a depression treatment.,Business
The two primary architects of Congress''s last major tax reform say President Bush has failed to lay the groundwork for his ambitious tax agenda and will have to invest a vast amount of political capital to succeed in simplifying the code.,Business
"After coming back against Mariano Rivera for the second time this season, the Boston Red Sox think they''ll overtake the New York Yankees in the AL East. Orlando Cabrera and Johnny Damon hit RBI singles in the ninth inning Friday night in Boston''s 3-2 victory that cut the Yankees'' lead to 2 1/2 games...",World
"Second-seeded Lleyton Hewitt defeated French teenager Gael Monfils 6-3, 7-6 (3) at the Paris Masters on Tuesday, then heaped praise on the former junior champion.",Sports
"NEW YORK, Aug. 26 -- Drugmaker GlaxoSmithKline agreed Thursday to settle charges that it hid and misrepresented unfavorable data about the effectiveness and safety of its top-selling anti-depressant Paxil for children and adolescents, agreeing to post all clinical trial data on its drugs by the end of 2005.",Business
"(Sports Network) - Jerome Williams will take the mound for the first time in two months tonight, as the playoff-hopeful San Francisco Giants conclude their three-game series with the San Diego Padres at Petco Park.",Sports
NASA #39;s third and final test of the X-43A scramjet ended successfully yesterday when the vehicle reached a velocity of almost Mach 9.8 over the Pacific.,Sci/Tech
"San Francisco 49ers Coach Dennis Erickson withdrew his name from consideration yesterday for the head coaching vacancy at the University of Mississippi, the day after interviewing for the job.",Sports
England and Sri Lanka were evenly poised when rain brought a premature end to their crucial Champions Trophy encounter at the Rose Bowl.,Sports
"Royal Dutch/Shell has shut in another 30,000 barrels per day of oil output in Nigeria due to a protest by villagers over jobs, bringing its total cut to 100,000 bpd, a spokesman said on Tuesday.",Business
Northern Ireland #39;s Graeme McDowell will take a three-shot lead into the weekend at the German Masters. The 25-year-old fired the round of the day at Gut Larchenhof - an eight-under 64 to take him to 11 under par overall.,Sports
"Federal Express raised its earnings forecast, citing strong demand for its international express, ground and less-than-truckload services.",Business
Nintendo Co. Ltd. raised its 2004 shipment target for its DS handheld video game device by 40 percent to 2.8 million units on Thursday after many stores in Japan and ,Sci/Tech
A New York City group creates a kit so that anyone with an old computer can create a wireless access point.,Sci/Tech
" NEW YORK (Reuters) - Shawn Green hit two home runs,  including a grand slam, as Los Angeles defeated the Atlanta  Braves 7-4 in a battle of National League division leaders at  Dodger Stadium on Saturday.",Sports
"A campaigner dressed as Batman, from a fathers #39; rights group staged a dramatic protest on a Buckingham Palace balcony on Monday.",World
"Investor''s Business Daily - PeopleSoft Chief Executive Craig Conway rallied 13,000 company faithful during his keynote speech Tuesday at the company''s annual users'' conference in San Francisco.",Sci/Tech
"com November 3, 2004, 11:26 AM PT. This priority retains its ranking at number five as more and more companies deploy Web services to share business logic, data and processes with each other and with clients.",Sci/Tech
A Russian Soyuz rocket is due to blast off from the Central Asian republic of Kazakhstan early Thursday. Astronaut Leroy Chiao and cosmonaut Salizhan Sharipovalso will observe conditions on ,Sci/Tech
"American Airlines has delayed the deliveries of 54 Boeing Co. planes to save \$2.7 billion over the next six years. The agreement with Boeing lets AMR, which has lost \$6.9 billion since the end of 2000, delay ",Business
" PHILADELPHIA (Reuters) - Maxim Pharmaceuticals Inc.  &lt;A HREF=''http://www.investor.reuters.com/FullQuote.aspx?ticker=MAXM.O target=/stocks/quickinfo/fullquote''&gt;MAXM.O&lt;/A&gt; said a trial to confirm the benefit of its Ceplene  drug failed to show an improvement in survival rates for  patients with liver cancer, sending its shares plunging on  Monday.",Business
A set of GameBoy micro-games is named as the most innovative game of the year at a festival in Scotland.,Sci/Tech
"GAZA CITY, Gaza Strip - Israeli helicopters attacked a Hamas training field early Tuesday, killing at least 13 Palestinians and wounding 25 in the bloodiest strike in Gaza in months, officials from both sides said. Most of the casualties were members of the anti-Israeli militant group...",World
"Discount retailer Fred #39;s Inc. (FRED.O: Quote, Profile, Research) on Thursday said second-quarter profit fell, hit by increased markdowns, higher diesel fuel costs and other factors, sending its shares down almost 19 percent.",Business
"For Roger Federer, simple equates to sanity. Simple is his stated game plan. He has put a box around his life, and only the important things are allowed in.",Sports
"An arbitrator ruled yesterday that tailback Ricky Williams, who retired just before training camp, must repay the Dolphins \$8.6 million.",Sports
"&lt;p&gt;&lt;/p&gt;&lt;p&gt; By Michael Christie&lt;/p&gt;&lt;p&gt; MIAMI (Reuters) - The most powerful drug lord everextradited by Colombia appeared before a U.S. judge on Monday,and his lawyer said he would fight U.S. charges that he ran hismultibillion-dollar business from a Colombian jail cell.&lt;/p&gt;",World
" NAJAF, Iraq (Reuters) - A radical Iraqi cleric leading a  Shi''ite uprising agreed Wednesday to disarm his militia and  leave one of the country''s holiest Islamic shrines after  warnings of an onslaught by government forces.",World
"So confident was Colts kicker Mike Vanderjagt that he would make a tying, 48-yard field goal with 24 seconds remaining in Thursday night #39;s league opener against the Patriots ",Sports
"Sony and IBM are expected to start producing the Cell, a 4GHz chip the two companies have been working together on for the past three years.",Sci/Tech
"AP - The use of robots around the home to mow lawns, vacuum floors and manage other chores is set to surge sevenfold by 2007 as more consumers snap up smart machines, the United Nations said.",Sci/Tech
"It can #39;t be easy for former No. 1 Serena Williams, struggling to get back into tennis shape, and seeing countrywoman Lindsay Davenport battering 0-and-1 an opponent that the younger Williams sister barely edges 7-6(3), 7-5.",Sports
Reuters - Venezuela''s left-wing\President Hugo Chavez won a recall referendum on his divisive\rule in a vote backed on Monday by international observers who\found no ''element of fraud.'',Business
"Mozilla has released Thunderbird 1.0, an open-source e-mail client that complements its Firefox Web browser. Mozilla says the e-mail program will help users avoid spam and viruses, and ",Sci/Tech
"Stocks were down on Wall Street today as consumer confidence dropped despite the latest report on the US gross domestic product, which grew at a faster pace than expected.",Business
"Pro baseball: Texas vs. Red Sox at Fenway Park, 7 p.m.; International League -- Rochester vs. Pawtucket at McCoy Stadium, Pawtucket, R.I., 7 p.m.",Sports
"US law enforcers have arrested dozens in a crackdown on  quot;spam quot; e-mail, identity theft and other fraudulent online activity, a person involved in the investigation says.",Sci/Tech
"BEDMINSTER, NJ--(BUSINESS WIRE)8 Octobre 2004--Siemens Communications va intgrer la technologie FLASHOFDM (R) (Orthogonal Frequency Division Multiplexing)  son portefeuille de solutions mobiles haut dbit.",Sci/Tech
"NEW YORK : Wall Street shares closed higher on Tuesday, but record oil prices capped the day #39;s gains amid concerns over a multi-billion-dollar tax bill facing Russian oil giant Yukos. ",Business
"AP - Pops Mensah-Bonsu scored 17 points, and No. 21 George Washington used a 20-2 run late in the first half to take control in a 79-65 victory Saturday night over St. Francis, Pa.",Sports
"Excess heat generated by elevated processor performance is controlled by Alienware #39;s exclusive ultra-quiet Liquid Cooling technology, which cools components with specially formulated liquid and gold-plated, pure copper coolers.",Sci/Tech
Solicitors acting for Kieren Fallon said last night they expect the six-times champion jockey to be cleared of any allegations of race-fixing following his arrest yesterday.,Sports
"WASHINGTON - People fishing for sport are doing far more damage to US marine fish stocks than anyone thought, accounting for nearly a quarter of the catch from overfished species, researchers said.",Sci/Tech
"BALTIMORE--Radio frequency identification may be a hot topic among tech types these days, but proponents of the technology gathered here this week are keeping their exuberance in check.",Sci/Tech
"In the short term, the tax could add US\$4 million annually to ICANN #39;s coffers, an amount that could skyrocket to more than \$30 million if it is extended to additional domains.",Sci/Tech
"Most earthquakes make history for the damage they inflict. But last week #39;s quake at Parkfield, Calif., is likely to be remembered for insights that could improve earthquake-hazard assessments, quake-resistant ",Sci/Tech
" LONDON (Reuters) - The compact disc has at least another  five years as the most popular music format before online  downloads chip away at its dominance, a new study said on  Tuesday.",Sci/Tech
British scientists are claiming a world first after finding a way to use hydrogen to fuel cars.,Sci/Tech
"AP - Former Ohio State basketball coach Jim O''Brien sued the school, claiming he is owed at least  #36;3.4 million because his firing violated terms of his contract.",Sports
"IBM Corp. next week will begin shipping the second generation of its rack-mounted dual processor servers based on Advanced Micro Devices Inc.''s (AMD) Opteron microprocessor. The new server, called the eServer 326, will be IBM''s first product specifically designed to support the upcoming dual-core Opteron processors that AMD is expected to ship next year.",Sci/Tech
"Beginning in December, NEC will rent out SX-8s for about \$11,000 per month. The single-node model, with up to eight CPUs, has a peak performance of 128 gigaflops.",Sci/Tech
"Hand-held computer and scanner maker Symbol Technologies Inc. and wireless network equipment maker Proxim Corp. settled their patent dispute, the companies said Tuesday.",Business
"WASHINGTON - New federal overtime rules are in effect today, stripping overtime rights from some workers and granting them to others.",Business
_ The sports arena at the University of Missouri-Columbia is no longer named after Wal-Mart heiress Elizabeth Paige Laurie. The board of curators for the four-campus University of Missouri ,Sports
Lindsay Davenport #39;s world number one ranking is in doubt after she failed to make the finals of the WTA Tour Championships in Los Angeles.,Sports
"Shares of Google jumped today after the Web search leader posted its first results as a public company, and one broker said the\stock could hit \$200, rekindling dot.com-era fervor.  &lt;FONT face=''verdana,MS Sans Serif,arial,helvetica'' size=''-2'' color=''#666666''&gt;&lt;B&gt;-Reuters&lt;/B&gt;&lt;/FONT&gt;",Sci/Tech
"The man who emerged from a pile of baseball fans clutching Barry Bonds #39; 700th home run ball last month is now richer by \$804,129.",Sports
" STARKVILLE, Miss. (Sports Network) - Lawrence Roberts  scored 19 points and pulled down 13 rebounds to lead  15th-ranked Mississippi State to a 66-52 victory over South  Alabama at Humphrey Coliseum.",Sports
By AIKO HAYASHI    TOKYO (AP) -- Five years ago Japanese women''s rights advocates won their battle to legalize the birth control pill. Now they are waging an even tougher fight - getting women to use it...,Sci/Tech
"AFP - Apple Computer is planning to expand its online music download service to more European countries, the company announced at the Popkomm music trade fair.",Sci/Tech
An overwhelming majority of NHL players who expressed their opinion in a poll said they would not support a salary cap even if it meant saving a season that was supposed to have started Oct. 13.,Sports
"Microsoft is expanding a plan to draw mainframe customers to Windows for high-end applications. Under a program with the internal code name Mission Critical Microsoft, the company is trying to extend its current ",Sci/Tech
"When it happens, somehow it will change. It will change by making the remainder of the season more meaningful, extending the dreams of a BCS bowl bid, which is what it''s all about at the highest level of college football.",Sports
"Spains midweek international friendly victory over England was marred by some disgraceful scenes of racism directed at Englands black players, but further sad events which have been so far largely unreported occurred in Madrid on Wednesday evening.",Sports
Nvidia is supplying graphics drivers for Solaris-based workstations that use x86 chips such as Advanced Micro Devices'' Opteron.,Sci/Tech
The EU enlargement commissioner says  Turkey''s plans to make adultery a crime could affect its chances of joining the EU.,World
"TORONTO -- If the faithful among Red Sox Nation looked to the sky late last night, they may have been convinced that it was aglow with a late-summer display of Northern Lights. Instead, it was the fireworks grand finale to a dazzling, 11-5 drubbing of the Blue Jays that had the Sox belting out four home runs and 17 hits ...",Sports
Title contender Lithuania wrapped up its preliminary round matches with a 5-0 record by defeating Australia 100-85 on August 23 in the men #39;s basketball competition.,Sports
"As baseball officials met Wednesday with backers of a northern Virginia ballpark for the Expos, a second key lawmaker said he opposes a plan to finance the stadium.",Sports
"The United States team wasn #39;t able to stop the juggernaut that is the partnership of Colin Montgomerie and Bernhard Langer, but little else slowed it down in a record-setting ",Sports
NASCAR''s 2004 season has finally come to this: The Last Ten. And this: The Last Ten Men Standing.,Sports
"WASHINGTON -- The US government is urging its citizens to avoid travel to Grenada, Cuba, the Cayman Islands and Jamaica in light of Hurricane Ivan.",World
Microsoft Corp. has quietly released a  quot;critical quot; Windows XP Service Pack 2 update to fix a serious flaw in the Windows Firewall utility.,Sci/Tech
"AP - Peyton Manning broke one of Dan Marino''s records, took a big step toward another and didn''t even have to play the whole game to do it. Manning threw for six touchdowns in less than three quarters and raised his season total to 41 scoring passes to lead the Indianapolis Colts past the Detroit Lions 41-9 Thursday.",Sports
"Investor''s Business Daily - At a time when rapid growth in hedge funds might suggest that their mutual fund counterparts -- long-short funds -- would also prove popular, few investors seem to have much appetite for mutual funds they can sell short.",Business
"Hurricane science in the new century is a mix of growing skill and persistent uncertainty, of intuition and algorithms, satellites and erasers.",Sci/Tech
"BAGHDAD, Iraq - A pared-down delegation of Iraqis arrived in Najaf by helicopter Tuesday to present radical Shiite cleric Muqtada al-Sadr with a peace proposal aimed at ending the violent insurgency wracking the holy city.    Despite the delegation''s presence there, fighting intensified in Najaf, with at least one U.S...",World
"Oil prices have continued their record-breaking run on Wednesday, busting through the \$47-mark amid concerns that demand will outstrip supply. ",Business
"Software security companies and US-Cert, the US government #39;s computer monitoring body, have issued warnings about security vulnerabilities in Oracle software.",Sci/Tech
"Public and private sectors are developing non-entertainment games whose ''fun factor'' ranks below their ''serious factor.'' &lt;br&gt;&lt;FONT face=''verdana,MS Sans Serif,arial,helvetica'' size=''-2''\ color=''#666666''&gt;&lt;B&gt;-The Washington Post&lt;/B&gt;&lt;/FONT&gt;",Sci/Tech
"With an influx of chimps previously used as laboratory animals, Florida''s Center for Captive Chimpanzee Care is transforming into the largest chimp sanctuary in the world #151;almost overnight.",Sci/Tech
"Reuters - An ape that lived 13 million years\ago in what is now Spain may have been the last common ancestor\of all apes, including chimpanzees, gorillas, orangutans and\humans, researchers said on Thursday.",Sci/Tech
The first thing veteran Marine Corps Marathon runners will notice about this year''s course is an about-face.,Sports
"Liverpool, Nov 9 -- Emlyn Hughes, the former Liverpool and England football captain and TV personality, has died of cancer after battling a brain tumour for the last 15 months on Tuesday, aged 57.",Sports
"Picking up where he left off in Australia, Bruno Junqueira turned in a strong performance when he needed it most needed to set the provisional pole time for the final race of the Champ Car World Series season - securing a front row start for the race ",Sports
Newcastle United boss Graeme Souness is likely to discipline Craig Bellamy after the striker fired a broadside at his manager yesterday.,Sports
"TOKYO (AFX) - Mitsubishi Electric Corp plans to stop producing LCD (liquid crystal display) panels for television sets and personal computers and shift to smaller panels for cellular phones and industrial equipment, the Nihon Keizai Shimbun reported ",Sci/Tech
"The new desktops, priced between \$600 and \$715, target families, students and small businesses.",Sci/Tech
 TORONTO (Reuters) - National Hockey League teams appeared  united in their determination to solve the league''s economic  problems as the NHL''s lockout of players became official on  Thursday.,Sports
"UNITED STATES - (PRESS RELEASE) -- There were no Powerball jackpot winners Saturday but 649,059 players across the nation won a total of more than \$4.4 million in prizes in America #39;s Game.",Sports
"AT amp;T Wireless says its new Ogo messaging device is meant to create an entirely new category of users.  quot;Ogo doesn #39;t pretend to be  #39;all things to all people, #39; and is not bogged down by hardly ",Sci/Tech
"LONDON (CBS.MW) -- Credit Suisse #39;s (CSR) CEO, Oswald Gruebel, said the Credit Suisse First Boston name may be scrapped but not immediately, AFX News reported.",Business
"KHARTOUM, 1 September 2004 - Conditions are worsening for refugees in Darfur, UN agencies said yesterday, as the Sudanese government and rebels struggled to make headway in talks aiming to ease the conflict in the Darfur region.",World
"Forty seven games and counting - that #39;s Arsenal #39;s unbeaten league record after the weekend victory at Manchester City. The Gunners are drowning in an avalanche of plaudits, the majority of them deserved, while ",Sports
"DECEMBER 14, 2004 (IDG NEWS SERVICE) - Toshiba Corp. said today that it is close to commercializing a new data storage technology that could significantly increase the capacity of hard disk drives.",Sci/Tech
"Saturday #39;s Chevy Rock  amp; Roll 400 at RIR was the season #39;s 26th event, the last chance for drivers to qualify for the 10-race Chase, NASCAR #39;s version of team-sport playoffs.",Sports
"SAN JOSE, CALIF. -- Borland with its Software Delivery Optimization (SDO) plan is looking to enable users to manage software projects like a business, Borlands Boz Elloy, senior vice president of software ",Sci/Tech
Valencia #39;s Miguel Angel Angulo apologized Thursday for his bad behaviour during his team #39;s stormy Champions League match with Werder Bremen and said he was prepared to suffer the consequences of his actions.,Sports
More weaknesses appear in the Diebold electronic voting system that activists say could be used to rig the November election. The company says auditing procedures would catch any vote fraud. By Kim Zetter.,Sci/Tech
Seattle Internet service provider Speakeasy has received an investment from Intel to test a new technology that could provide wireless Internet coverage to entire cities or counties.,Sci/Tech
THERE IS no excuse for the behavior exhibited by a few Oakland A #39;s fans and some members of the Texas Rangers baseball team that sent a player to jail and left a spectator with a broken nose.,Sports
"AP - The radio telescope at Puerto Rico''s Arecibo Observatory will begin mapping the known galaxy on Friday, scientists said.",Sci/Tech
"Law enforcement authorities on both sides of the Atlantic have arrested 28 people on suspicion of operating Web sites that were allegedly designed to steal, sell and forge credit cards and identification documents.",Sci/Tech
"Mauresmo, 25, took time to find her rhythm against her Swiss opponent but, when her trademark backhand finally clicked, she dominated to take a place in the last eight.",Sports
"No. 1 exporter pledges to hold production levels but is wary of boosting quotas and glutting market. VIENNA (Reuters) - OPEC is keeping its foot on the production pedal in a bid to drag down oil prices, but ",Business
"With all the hand-wringing about the economic perils of falling populations, there could be one beneficiary: the environment.",Sci/Tech
Takuma Sato will return with BAR-Honda in 2005. The team confirmed the Japanese driver #39;s return on Tuesday ahead of this weekend #39;s Japanese Grand Prix.,Sports
washingtonpost.com - Now Cingular Wireless LLC gets to reap the rewards -- and face the challenges -- of its new status as the nation''s biggest cellular provider.,Sci/Tech
"KINGSTON, R.I. -- The University of Rhode Island''s 27-24 victory over the University of Massachusetts yesterday at Meade Stadium was the sort of game the 4,376 on hand for Homecoming Day could savor.",Sports
Two films attacking Fahrenheit 9/11 director Michael Moore will debut at a conservative US film festival.,World
"There #39;s a whole new perspective on one of America #39;s most intense college football rivalries tonight. Oh, sure. Florida State is greeting hated Miami into the Atlantic Coast Conference.",Sports
"IBM has issued an upgrade of its WebSphere middleware product, adding autonomic troubleshooting capabilities that autmatically detects system problems and recovers Web-based business transactions that would take days to fix manually.",Sci/Tech
"They used to fill entire floors of buildings and were so costly only governments or large companies could afford them. Yesterday, Apple Computer showed just how far technology ",Sci/Tech
AP - The criminal case against Kobe Bryant case collapsed Wednesday as prosecutors said they had no choice but to drop the sexual assault charge because the NBA star''s accuser no longer wanted to participate.,Sports
BAE Systems acquires a US firm which provides computer and IT systems to the US defence department.,World
"As a result of the ongoing success of the Microsoft Government Security Program (GSP) and positive feedback from governmental entities, Microsoft has announced it will offer access to the source code of its flagship desktop offering, Microsoft Office 2003 ",Sci/Tech
"AFP - The Nigerian Senate has ordered Anglo-Dutch oil giant Shell to pay 1.5 billion dollars (1.2 billion euros) compensation for damages caused by nearly 60 years of exploration in the Niger Delta, a Senate document said.",World
"STOCKHOLM - Oct. 15, 2004 -en or more years of mobile phone use increases the risk of a rare type of non-cancerous tumor according to a new study.",Sci/Tech
"India test-launched an Agni II surface-to-surface missile capable of carrying nuclear weapons yesterday. The trial, on the testing range on Wheeler Island off eastern Orissa state, was the third trial of the ",World
"The Pittsburgh Steelers are accomplishing feats never seen in the NFL, largely because of rookie quarterback Ben Roethlisberger. The Steelers combined their new quarterback with a touch of the old - Jerome ",Sports
"MOSCOW -- Police intercepted a car packed with explosives in central Moscow yesterday and said they had thwarted a terrorist attack, Russian media reported. A suspect told investigators he was being paid \$1,000 to take the car to a major thoroughfare used by President Vladimir Putin, news agencies and television said, quoting security forces. The suspect died from a heart ...",World
GAME NOTES: Big 12 rivals clash in Columbia this weekend as Brad Smith and the Missouri Tigers play host to the surprisingly undefeated Buffaloes of Colorado.,Sports
"Speaking at the Gartner Symposium and ITxpo 2004 in Orlando, Florida, yesterday, Microsoft CEO Steve Ballmer outlined new security initiatives, some of which would make it into a pre-Longhorn  #39;Release 2 #39; for Windows, next year.",Sci/Tech
"Sun Microsystems on Monday disclosed plans to acquire SevenSpace Inc., an Ashburn, Va.-based provider of IT outsourcing and managed services.",Sci/Tech
"NewsFactor - U.S. music-downloading service Napster has launched a preview version of its Napster To Go portable music service, which incorporates \Microsoft''s (Nasdaq: MSFT) latest digital-rights management software, Janus.",Sci/Tech
Here is the fundamental question investors ask about individual companies and their stocks every day: What''s this business really worth?,Business
Why is science seemingly at war with President Bush?,Sci/Tech
"Microsoft Corp. MSFT.O is making a renewed push this week to get its software into living rooms with the launch of a new version of its Windows XP Media Center, a personal ",Sci/Tech
"With less than three weeks left in the Class AAA Ottawa Lynx''s season, Jack Cust is counting down the days until his two-year stay with the Baltimore Orioles organization ends.",Sports
"In one of the biggest upsets -nd most controversial finishes  -the year, a 27-1 betting orphan named Better Talk Now won the \$2 million Breeders #39; Cup Turf ",Sports
"One, an 80-page tract from the conservative Employment Policy Foundation, paints a Horatio Alger portrait of a nation becoming more competitive globally, thanks in part to small-business growth and a surge in self-employment.",Business
"A week before the Chechen presidential election, President Vladimir Putin made a surprise visit to Chechnya on Sunday to lay red carnations on the grave of slain Chechen leader Akhmad Kadyrov.",World
"Ukraine needs your support. On Sunday December 26, 2004, a re-vote of the run-off for the Presidential Election in Ukraine is planned.  nbsp;Anyone who is over the age of 18 and a citizen of another country (i.e. other than Ukraine) can become an international observer.  nbsp;(Ukrainian citizens can be local observers)  nbsp;The Ukrainian Canadian Congress (UCC), in cooperation with the Ukrainian Congress Committee of America (UCCA), has organized international election observers for the first two rounds and are now seeking observers for round three.  nbsp;You do not need to be Canadian to register through the UCC, you may be a citizen of any country except Ukraine.  nbsp;You can make a contribution to democracy in Ukraine and spend the most interesting Christmas ever by coming to Ukraine to observe the elections.",Sci/Tech
ANAHEIM ---- The Anaheim Angels began their off-day workout for the American League divisional series Monday with a gentle breeze blowing through Angel Stadium and flipping the flag from their 2002 World Series championship in center field.,Sports
"AP - A Peruvian-born, award-winning physicist was named the new director of Fermi National Accelerator Laboratory, and he takes the helm at a critical time in energy research.",Sci/Tech
System builders say Intel #39;s latest price cuts will help them clear out old inventory and should move the sweet spot of the company #39;s processor lineup to the 3GHz Pentium 4 from the 2.8GHz Pentium 4. After ,Sci/Tech
"Chicago Bulls #39; Andres Nocioni, left, of Argentina, dribbles past Golden State Warriors #39; Calbert Cheaney in the first half in Oakland, Calif.",Sports
"Australia''s main political leaders clash over the country''s role in Iraq, ahead of next month''s general election.",World
"Montreal could be forced to pull out of hosting next year #39;s world championships if help with funding is not forthcoming, according to the chief executive of the organizing committee.",Sports
"AP - Right-hander Cory Lidle returned to the Philadelphia Phillies, agreeing Tuesday to a  #36;6.3 million, two-year contract.",Sports
This could be due to Dell #39;s persistance of continually trying to make their products cheaper. Dell has recalled almost 1 million AC adapters that could start a fire.,Sci/Tech
"London, England (Sports Network) - England midfielder Steven Gerrard injured his groin late in Thursday #39;s training session, but is hopeful he will be ready for Saturday #39;s World Cup qualifier against Austria.",Sports
England striker Michael Owen says that although he is desperately keen to get on the pitch he is prepared to bide his time and wait for his opportunity to break into the first team at Real Madrid.,Sports
"Sprint Corp. and RadioShack Corp. reported a multi-year agreement to develop, deploy and operate Sprint-branded kiosks in approximately 500 shopping malls across the country following a 10-month test program involving 10 Sprint kiosks.",Business
"Microsoft Corp. (MSFT.O: Quote, Profile, Research) said on Monday it had agreed to settle antitrust lawsuits with Novell Inc. (NOVL.",Business
"The Cassini-Huygens spacecraft #39;s flyby of Titan, the largest Saturnian moon, provided scientists Tuesday with ringside seats to view the solar system #39;s ",Sci/Tech
"NHL players are about to receive their first lockout stipends, amounts which will work out to roughly 3.6 per cent of the average NHL salary, according to the Canadian Press.",Sports
"MOSCOW (AP) -- A Russian cargo ship loaded with supplies and equipment blasted off from the Baikonour cosmodrome in Kazakhstan on Wednesday headed for the international space station, a Russian space official said.    The Progress M-50 ship took off at 1:03 a.m...",Sci/Tech
AP - St. John''s imposed two years of penalties on its men''s basketball team Friday after an investigation revealed a former player was given cash by an athletic department employee.,Sports
"The shock here was not just from the awful fact itself, that two vibrant young Italian women were kidnapped in Iraq, dragged from their office by attackers who, it seems, knew their names.",World
"The computer crash that shut down systems at Britain #39;s Department for Work and Pensions only caused delays in dealing with new and amended claims, according to the agency.",Sci/Tech
"Computer viruses aren''t just for wreaking havoc on global networks. They''re also an art form. That''s the take of an upcoming exhibit that focuses on malicious scripts, hacker films and the aesthetic charms of programming code. By Michelle Delio.",Sci/Tech
"A man charged in one of the largest identity theft scams in U.S. history pleaded guilty to charges of conspiracy, wire fraud, and fraud in connection with identity documents Tuesday and could face up to 50 years in prison, according to a statement from U.S. Attorney David Kelley, of the Southern District of New York.",Sci/Tech
The Federation of the Phonographic Industry said it filed 459 lawsuits against illegal music file-sharers in Europe. The suits were filed on behalf of Warner Music Group.,Sci/Tech
" JERUSALEM (Reuters) - A Palestinian woman suicide bomber  blew herself up near a hitch-hiking post in Jerusalem on  Wednesday, killing two people and wounding 15 in the first such  attack in the city in seven months.",World
 CAIRO (Reuters) - Rebels from Sudan''s Darfur region  Thursday rejected calls to disarm or confine their fighters to  their bases before a political solution to the conflict there  has been decided and implemented.,World
"SAN JOSE, Calif. Nov 4, 2004 - A \$100 million supercomputer being built to analyze the nation #39;s nuclear stockpile has again set an unofficial performance record the second in just over a month.",Sci/Tech
BP today announced record third-quarter profits of 2.14 billion on the back of soaring oil prices. The worlds second biggest oil firm said pro forma net earnings included a charge for exceptional items of 218 million.,Business
Allied Waste Industries Inc. cut its 2004 earnings forecast for the second time in three months Tuesday saying sales growth was coming from lower-margin businesses instead of the more profitable landfill operation.,Business
The US Federal Trade Commission last week sued an outfit that it says is using spyware to bombard computer users with pop-up ads in order to promote anti-spyware products called Spy Wiper or Spy Deleter.,Sci/Tech
"Reuters - Australian locust fighters are getting\on top of one of the worst outbreaks of the insects in decades,\knocking out infestations before they begin to swarm and so far\protecting crops from major damage.",Sci/Tech
"AP - The University of the District of Columbia canceled its men''s and women''s basketball seasons Thursday, citing problems with recruitment, academic eligibility and financial aid.",Sports
A proposed \$10 round-trip airfare increase that initially looked like it might stick fell apart over the weekend. The increase was proposed by American Airlines late last week and matched ,Business
Host Miami and Florida State might have to wait several extra days before playing their season opener. School officials were strongly considering postponing the game five days from Monday to Sept.,Sports
Johnny Cash''s instruments and possessions raise almost \$4m (2.2) after a three-day auction in New York.,World
"Since before vice presidential candidate John Edwards brought attention to the South''s vanished textile mills, ex-mill workers and historians have been working to save the mills'' legacy.",Sci/Tech
"GREATER LAWRENCE Coach: Steve Berard (fifth year, 12-30). Last year''s record: 2-8. Returning starters: N/A. Returning lettermen: N/A. Strength: Numbers. Weakness: Lack of winning tradition. Outlook: After a tough season in which the Reggies picked up just two victories and went winless in league play, things can only get better. Steve Berard''s squad was often mentioned as a sleeper in ...",Sports
"26 August 2004 -- Iraq #39;s top Shi #39;ite cleric, Grand Ayatollah Ali al-Sistani, arrived in the city of Al-Najaf today in a bid to end a weeks-long conflict between US forces and militiamen loyal to Shi #39;ite cleric Muqtada al-Sadr.",World
The third fight between Erik Morales and Marco Antonio Barrera promised to break a tie and determine the best little fighter of the era.,Sports
"Always in the courts for something, this time its writer and consultant to games makers Roger Avary who is involved in legal action with Microsoft.",Sci/Tech
Israeli troops spotted a Palestinian in the security zone about 50 meters from the fence separating Gaza from Israel and shot him dead early yesterday.,World
"Never shy about entering a market late, Microsoft Corp. is planning to open the virtual doors of its long-planned Internet music store next week.",Business
"ATHENS -- A year ago in Anaheim, Calif., they were out of uniform and on crutches, their world meet over before it began, their careers in doubt. Annia Hatch had dislocated her left knee and torn her anterior cruciate ligament. Courtney Kupets had ruptured her left Achilles'' tendon. Last night, they were both on the Olympic medal stand with medals ...",Sports
"AP - NASA''s hurricane-damaged spaceport should be able to withstand the wind and rain from Ivan if the storm stays well to the west, the Kennedy Space Center''s director said Saturday.",Sci/Tech
"EAST RUTHERFORD, NJ -- Chad Pennington returned for New York and the franchise quarterback showed why the Jets need him down the stretch drive.",Sports
"ATHENS, 27 August - China #39;s Huina XING produced a sprint over the final 100m to destroy Ethiopia #39;s hopes of a medal sweep and claim her nation #39;s second Olympic gold medal of the night.",Sports
"They played a day-night singleheader at Yankee Stadium on Saturday, one game that felt like two, each with their own distinct heroes for the Angels.",Sports
"Experts everywhere say Utahs Urban Meyer is the front-runner to replace Notre Dame football coach Tyrone Willingham, who was fired Tuesday.",Sports
"China #39;s real gross domestic product (GDP) is projected to average around 9 percent in 2004 andto slow to about 7.5 percent in 2005, the International Monetary Fund (IMF) said Wednesday.",Business
"BRAMBLES #39; decision to overhaul its troubled Chep pallet business has paid off in spades by doubling second-half profit. Brambles posted an after-tax result of \$168 million for the June half, up from \$82 million for the same period last year.",Business
" SAN FRANCISCO (Reuters) - No 2. U.S. book retailer Borders  Group Inc. &lt;A HREF=''http://www.investor.reuters.com/FullQuote.aspx?ticker=BGP.N target=/stocks/quickinfo/fullquote''&gt;BGP.N&lt;/A&gt; on Tuesday posted a quarterly loss versus a  year-ago profit, hurt by sluggish store traffic and a slowdown  in sales of bestsellers.",Business
"After trying for three years to escape catcher Jason Kendall #39;s contract, the Pirates finally have succeeded. The passing of physicals is all that stands in the way of the Pirates sending Kendall to the Oakland ",Sports
"MARK COLVIN: Melbourne - Australia #39;s home of Rugby Union. Doesn #39;t sound quite right, does it? And indeed this afternoon the Australian Rugby Union decided that the AFL-mad Victorian capital was not ready to ",Sports
"Makybe Diva became the first mare to score a repeat victory in the Melbourne Cup at Flemington Racecourse on Tuesday, after which her trainer Lee Freedman said that she could be pointed to ",Sports
"Most people have heard that taking a small dose of aspirin a day is good for the heart. Doctors routinely recommend it for patients who''ve had a heart attack or stroke, and studies show its blood-thinning affects can help prevent a repeat of such potentially deadly cardiovascular events.",Sci/Tech
"Patrick Kluivert struck twice for Newcastle United in a 2-0 victory over Bnei Sakhnin of Israel, thefirst Arab team to play in the UEFA Cup first-round, first-leg match on Thursday.",Sports
French maestros Robert Pires and Thierry Henry combined to give champions Arsenal a classy 3-1 victory over Aston Villa at Highbury on Saturday.,Sports
" NEW YORK (Reuters) - U.S. stocks made gains on Wednesday as  investors bought beaten-down shares, while strength in oil  prices pushed up energy companies such as Exxon Mobil Corp.  &lt;A HREF=''http://www.investor.reuters.com/FullQuote.aspx?ticker=XOM.N target=/stocks/quickinfo/fullquote''&gt;XOM.N&lt;/A&gt;",Business
"Moving a step closer to its goal of storage on demand, IBM Corp. today announced updates to its TotalStorage Open Software product line with the intention ",Sci/Tech
"A closely watched measure of future economic activity fell in August for a third consecutive month, reflecting an uncertain climate for both businesses and consumers.",Business
AP - The Florida Marlins found an appropriately wild end for their weird stay in Chicago.,Sports
"With a series of events being strung together, rumors about Google building a browser are running amok. Speculation about the Google browser intensified after its recent hiring spree.",Sci/Tech
"TOKYO, Sep 21, 2004 (AFX-UK via COMTEX) -- TOKYO (AFX) - Sony Computer Entertainment Inc, the game unit of Sony Corp, will roll out worldwide a new, smaller version of the PlayStation 2 game console from the start of November, company President Ken ",Sci/Tech
FT.com - Shares in Virgin Mobile fell back below July''s float price on Tuesday as analysts and investors interpreted a trading update from the company as a surprise revenue warning.,Sci/Tech
THE lonely walk to a seat in the Ibrox stand on big Euro nights served as a chilling reminder to Dragan Mladenovic of what was absent from his world.,Sports
LONDON - The Football Association announced yesterday that it will introduce a test for the banned drug erythropoietin (EPO)  #39;in the near future #39;.,Sports
"Bank of America has unveiled plans to eventually put an IP phone on every employee''s desktop -- a three-year, corporatewide IP telephony rollout that involves about 180,000 phones.",Sci/Tech
"A screensaver that uses idle computing power to identify the sites of spammers and forward data traffic to them has been too successful, according to reports, generating so much traffic that the sites are being forced off-line.",Sci/Tech
"WASHINGTON: Luxembourg #39;s Gilles Muller stunned top-seeded Andre Agassi 6-4, 7-5 to reach the final of the Washington Classic on Saturday, depriving the American veteran an opportunity of picking up a sixth victory at this event.",Sports
MARTIN Jol was named as Tottenham Hotspurs new head coach yesterday and immediately pledged to follow in the footsteps of Bill Nicholson and guide the club back to the halcyon days of the 1960s.,Sports
"DeShawn Baker runs for 151 yards on 26 carries as South Carolina State beats Howard, 23-16.",Sports
"AC Milan failed to take full advantage of Juventus #39; slip-up on Saturday, as Roma came away from San Siro with a share of the spoils in a 1-1 draw on Sunday night.",Sports
"Obviously, we #39;re very disappointed, #39; #39; Miami #39;s coach said in the wake of a shocking 31-28 loss at North Carolina.",Sports
Rebels blew up a pipeline inside an oilfield in southern Iraq in the latest in a series of attacks on the country #39;s oil infrastructure that ,World
"The Fire no longer has the worst record in Major League Soccer. In fact, the struggling club #39;s playoff hopes brightened considerably after Wednesday #39;s 3-1 win over the Western Conference-leading Kansas City Wizards before 7,723 at Soldier Field.",Sports
"NEW YORK To the long list of things that used to be free but that airlines now want you to pay for, add walking up to the counter to buy a ticket.",Business
Pharmaceutical stocks were trading slightly higher after news Thursday that GlaxoSmithKline Plc was going to settle with New York Attorney General Eliot Spitzer over allegations the company hid safety studies for its anti-depressant Paxil.,Business
AFP - British Airways cancelled four more flights due to what it called lingering problems from a staff shortage at London''s Heathrow Airport which delayed thousands of travellers earlier in the week.,World
"SEPTEMBER 06, 2004 (COMPUTERWORLD) - The next major Windows release, code-named Longhorn, is due to arrive so far into the future that many corporate users aren #39;t particularly bothered by Microsoft Corp.",Sci/Tech
Play has begun in the Australian Masters at Huntingdale in Melbourne with around half the field of 120 players completing their first rounds.,Sports
"Aviation legend Burt Rutan won the \$10 million Ansari X Prize on Monday with another flight to space for his SpaceShipOne, capping an eight-year quest in the St.",Sci/Tech
"ALAMEDA, Calif. - Jerry Rice is leaving the Bay Area, where he developed into the greatest receiver in NFL history with a relentless work ethic that still defines him today.",Sports
"Several California cities and counties have sued Microsoft Corp., accusing the software giant of illegally charging inflated prices for its products because of monopoly control of the personal computer operating systems market.",Sci/Tech
"Four-time champion Liverpool progressed to soccer #39;s Champions League 2-1 on aggregate, overcoming a 1-0 home defeat to AK Graz in the second leg of qualifying.",Sports
"The chip is expected to be unveiled Tuesday, in time to bump up the performance of game desktops before the holidays.\&lt;br /&gt; Intel kills plans for 4GHz Pentium \",Sci/Tech
"East Rutherford, NJ (Sports Network) - The New Jersey Nets have signed head coach Lawrence Frank to a multi-year contract extension.",Sports
"BRUSSELS, Belgium - An international conference opened Wednesday amid warnings that companies, governments and individuals are increasingly vulnerable to Internet attacks by terrorists, hackers and others that rob them of privacy, money, and secrets.",Sci/Tech
Four seeded players came out winners as first round play continued at the TD Waterhouse Cup men #39;s tennis tournament in New York Tuesday.,Sports
" NEW YORK (Reuters) - Coca-Cola Co.''s president and chief  operating officer, Steven Heyer, will leave the company on  Sept. 1 after missing out on the top job in May, the Wall  Street Journal said on Tuesday, citing an internal memo.",Business
"Dharwad, Aug. 28 (PTI): Senior BJP leader Sushma Swaraj, today said former Madhya Pradesh Chief Minister Uma Bharti, was  quot;happy, in very high spirits and is determined to remain in jail as long as the State Government wants her to be quot;.",World
 JERUSALEM (Reuters) - Israeli Prime Minister Ariel Sharon  accused far-rightists Sunday of trying to incite civil war over  his plan to withdraw from the occupied Gaza Strip and called  for measures to curb such groups.,World
Sri Lanka spinners Rangana Herath and Tillakaratne Dilshan shared six wickets to help bowl South Africa out for 191 in the third one-day international on Sunday.,Sports
"p2pnet.net News:- With its renewed attacks on US p2p file sharers and its latest effort to turn Canada into another marketing and sales division going nicely, the Big Four music cartel are again turning their attention to Australia and Sharman Networks ",Sci/Tech
 VIENNA (Reuters) - Iran said Monday it was losing patience  with U.N. inspections of its nuclear program and announced that  its agreement with the Europeans to halt uranium enrichment  would soon come to an end.,World
Mr. Susilo Bambang Yudhoyono is set to become Indonesia #39;s next president. The former general has been projected as the landslide winner of this week #39;s presidential ballot.,World
"p2pnet.net News:- Yahoo says it #39;ll enter the desktop search stakes in the New Year, joining Google, Ask Jeeves, Microsoft #39;s MSN and AOL.",Sci/Tech
Microsoft CEO Steve Ballmer provided some perspective for anyone who thinks they are getting too much spam.  quot;There are two people who probably are the number one spam recipients in the world.,Sci/Tech
"BIRMINGHAM, Sep 15: Pakistan sent a stern signal to the Indian camp as they thrashed Kenya by seven wickets in their first league match here on Wednesday.",Sports
"AP - Rashard Lewis scored a season-high 37 points, and the Seattle SuperSonics improved to 18-4 with a 108-93 win over the Los Angeles Lakers Tuesday night.",Sports
PC World - Software giant''s deal with Sun has raised some questions.,Sci/Tech
"I smashed up my room the other day. I pulled open my cupboard, throwing clean clothes all over my carpet, cracking clothes hangers over my knee and tossing them aside. I threw my ornaments off the shelf, spraying fragments of pottery, glass and wood everywhere. I upended the dirty washing from my basket. I smashed up furniture, throwing splinters among the mess.",Sci/Tech
"Reuters - Japan''s Nintendo Co. Ltd. struck the\first blow in what is set to be an all-out war with Sony Corp.\for the lucrative handheld game console market, aggressively\pricing its new dual-screen model at  #36;149.99 and setting its\U.S. launch date for Nov. 21.",Sci/Tech
