text,label
Coach Bill Cowher finally confirmed yesterday the Pittsburgh Steelers'' worst-kept secret: Duce Staley is in at running back and Jerome Bettis is out again.,Sports
"A man in Thailand has died of avian flu, the first human casualty in the country since the disease re-emerged in Asia in July, officials said Thursday.",World
"The world #39;s first private spaceship has blasted into the final frontier for the second time in five days, snatching the nearly 14-million dollar prize and founding a new era of space tourism.",Sci/Tech
"AP - A sick man among the sick, Pope John Paul II struggled through Sunday Mass at a French shrine that draws desperate people seeking miracle cures. The 84-year-old pontiff gasped, trembled and asked aides for help during the 2 1/2 hour service in sizzling heat.",World
"Shares of InPhonic Inc., a Washington reseller of wireless service and telephones over the Internet, rose 26 percent Tuesday on their first day of trading..&lt;br&gt;&lt;FONT face=''verdana,MS Sans Serif,arial,helvetica'' size=''-2'' color=''#666666''&gt;&lt;B&gt;-The Washington Post&lt;/B&gt;&lt;/FONT&gt;",Sci/Tech
"With few junk e-mail filters supporting a protocol for verifying the source address of digital messages, spammers have adopted it themselves as a way to appear more legitimate, stated a report released on Wednesday.",Sci/Tech
"Puerto Rican wrestler Mabel Fonseca tested positive for a steroid in an initial doping test, a wrestling official said Saturday. Michel Dusson, secretary general of the International ",Sports
"BusinessWeek Online - For 35 years, Advanced Micro Devices Inc.  stood in the shadow of archrival Intel Corp.  AMD churned out lower-priced clones of the tech leader''s chips and occasionally enjoyed a hit that helped boost its meager profits. But bad times easily outweighed the good. Again and again, Intel used its manufacturing muscle and pricing power to stymie AMD''s ambitions, preventing it from gaining a foothold in lucrative markets such as servers and corporate PCs.",Sci/Tech
" TORONTO (Reuters) - New Internet-based technology could  soon turn regular computer users into armchair spies, a  Canadian inventor said on Monday.",Sci/Tech
"One of the tongue-in-cheek rules that we column-writers have is,  quot;Often wrong, never in doubt. quot; Take a stand, don #39;t duck and weave too much.",Business
Trend Micro will become the latest major anti-virus software company to provide protection against mobile phone viruses with the release today of Trend Micro Mobile Security 1.0.,Sci/Tech
IBM plans to start shipping its PCs with a new chip designed to thwart hackers by safeguarding passwords and other sensitive identity information.,Sci/Tech
THE Australian Rugby Union has been swamped with inquiries from high-profile players here and overseas interested in joining the new Super 14 franchise in 2006.,Sports
"After months waiting for Microsoft to give me a reason to remain loyal, I finally dumped Internet Explorer for the Firefox Web browser last week.",Sci/Tech
"AP - Accompanied by a warning that its missiles have the range, Iran on Tuesday said it would destroy Israel''s Dimona nuclear reactor if the Jewish state were to attack Iran''s nuclear facilities.",World
"Sony has embarked on a potential collision course with music groups, including its own Sony BMG joint venture, over MP3 digital song files.",Sci/Tech
Performance venues there can now install signal-jamming equipment to deal with rude mobile-phone users.,Sci/Tech
"WASHINGTON - The US job market brightened in August as employers added 144,000 workers to their payrolls and hiring totals for the two prior months were revised up, the Labor Department (search) reported on Friday.",Business
Some 800 Palestinian detainees in Israel #39;s Ashkelon prison have suspended their 13-day-old hunger strike until Monday after some of their demands were met.,World
Jewish leaders expressed growing frustration this week with continuing anti-Semitic violence in Europe following the torching of a Jewish community center in Paris early Sunday.,World
John Robertson has this morning been confirmed as the new Hearts manager. Mr Robertson #39;s arrival follows several days of negotiation with Inverness Caly Thistle over a compensation package for the Highland club.,Sports
"NewsFactor - Retailers that saw impressive growth in year-over-year online sales during last year''s holiday season should not look for the same results this year, according to estimates by Forrester Research.",Sci/Tech
"So a few weeks ago, the two astronauts who live there tossed out some useless junk, like so many old hubcaps for the trash heap. Only this stuff floated away in space.",Sci/Tech
The following is a verbatim copy of a open letter to the Linux community issued by PalmSource. Read on for more information about the new acquisition and FAQs about how PalmSource will use the new resources and the new Palm OS Cobalt version of Linux.,Sci/Tech
FULHAM #39;S United old boy Andy Cole fears his former team are poised to leave their critics red-faced. The Reds haven #39;t lost in the Premiership since defeat at Portsmouth six matches ago when they were being written off in the title race.,Sports
"AFP - French pharmaceutical group Sanofi-Synthelabo formally announced the birth of Sanofi-Aventis, the world''s third-largest pharmaceutical company, ranking number one in Europe.",World
LOS ANGELES A source says Hollywood movie studios are preparing to sue computer users they say are illegally distributing movies online.,Sci/Tech
" TOKYO (Reuters) - Japanese camera and office equipment  maker Canon Inc. &lt;A HREF=''http://www.reuters.co.uk/financeQuoteLookup.jhtml?ticker=7751.T qtype=sym infotype=info qcat=news''&gt;7751.T&lt;/A&gt; said on Tuesday it would start  producing rear projection televisions later this year, aiming  to secure a chunk of the rapidly growing market for big screen  TVs.",Sci/Tech
WASHINGTON - The Senate Judiciary Committee heard this morning from one of its own about some of the problems with airline ''no fly'' watch lists. Sen...,World
"BANGALORE, India Anil Kumble, the Indian spin bowler, took three wickets Wednesday to reach 400 in test matches as the first day of the first test against Australia finished finely balanced.",Sports
Singapore #39;s Prime Minister Lee Hsien Loong on Sunday night delivered his first National Day Rally speech since he was sworn in as the country #39;s third Prime Minister.,World
"Vienna, Austria (Sports Network) - English midfielder Steven Gerrard will likely miss Saturday #39;s World Cup qualifier against Austria with a groin injury.",Sports
CHICAGO (CBS.MW) -- Circuit City Stores shares plummeted 10 percent Monday after the nation #39;s No. 2 electronics retailer said that its third-quarter same-store sales fell 4.3 percent.,Business
"Nintendo, Sony ready rival portable gaming devices. Which one will gamers go for?",Sci/Tech
Reuters - Thai scientists began an investigation\Monday into what some conservationists believe could be the\world''s biggest case of ape smuggling -- nearly 100 orangutan\found in a Bangkok amusement park.,Sci/Tech
The Giants coughed up three straight second-quarter turnovers and dissolved in a torrent of penalties in a baffling loss at Giants Stadium.,Sports
"News.com reports in the article: Microsoft fixes date for desktop search tool, that the company will offer up a beta release of a desktop search by the end of this year.",Sci/Tech
Thats when you can get yours and how much you would pay. That is if you live in Japan. Sony today announced the release date and price for its new portable game system.,Sci/Tech
PC World - New 46-inch LCD is just one of eight flat-panel models launched this week.,Sci/Tech
U.S. tanks and snipers took up positions near the revered Imam Ali Shrine and engaged in fierce battles with militants.,World
"The combined worldwide market for desktops, servers and packaged software running on Linux is forecast to grow at a 2003-2008 compound annual growth rate of 25.9 percent worldwide, reaching \$35.7 billion by 2008.",Sci/Tech
Motorsport.com. Rubens Barrichello finally got the win he has been waiting for when he led Michael Schumacher across the line to take a Ferrari one-two at the Italian Grand Prix.,Sports
"Maoists rebels have lifted a blockade that cut Nepal #39;s capital Kathmandu off from the rest of the country for a week. In a statement released Tuesday, however, the rebels warned the ",World
"Oakland, CA (Sports Network) - The Oakland Athletics have acquired infielder Keith Ginter from the Milwaukee Brewers in exchange for pitcher Justin Lehr and outfielder Nelson Cruz.",Sports
"Solving the nation #39;s spam problem will require a balancing act, legal and privacy experts said today in Washington, DC, at a meeting sponsored by the Federal Trade Commission.",Sci/Tech
IBM Corp has announced that it will launch a new low-budget version of its BladeCenter chassis for blade servers in an effort to make the blade machines more appealing to budget conscious customers in the small- and mid-sized market.,Sci/Tech
"The study, which was conducted by Yahoo and media agency OMD, examined the way in which 13 US households reacted to being denied access to the internet for two weeks.",Sci/Tech
"The Internet Corporation for Assigned Names and Number, the organization named by the US government in 1998 to oversee policies over Internet addresses, gave a preliminary nod Monday to domain names targeting mobile services and the jobs ",Sci/Tech
"By MATTHEW FORDAHL    SAN JOSE, Calif. (AP) -- After years of battling Microsoft Corp...",Sci/Tech
"This holiday the hottest new products for kids have one thing in common: They all interact with the tube, whether by means of sensors, radio-wave technology or the regular old TV remote control.",Sci/Tech
Workers at Apple #39;s Irish operations in Cork remain gloomy this morning over one European country that remains outside the reach of iTunes Europe - Ireland.,Sci/Tech
&lt;strong&gt;Review&lt;/strong&gt; Quite a tempting package?,Sci/Tech
Order was restored to the Jets'' quarterbacking universe on Wednesday when Chad Pennington returned to practice with the first team.,Sports
"Wide receiver Terrell Owens said he had a few end-zone celebrations prepared for Sunday #39;s game against the team he shunned in the offseason, the Baltimore Ravens.",Sports
"LONDON, Aug 20 (Reuters) - Jamaica striker Ricardo Fuller has joined Portsmouth from Preston North End on a two-year contract, the Premier League club said on Friday. ",Sports
"CLEMSON, S.C. -- Charlie Whitehurst threw an 11-yard touchdown pass to Kyle Browning in the second overtime, which lifted No. 15 Clemson to a 37-30 victory over Wake Forest yesterday.",Sports
"54.5 million Europeans surfed the Web over a broadband connection, a 60 percent increase from 34.1 million 12 months earlier. AMSTERDAM: More than half of Europe #39;s Internet surfers now have a high-speed broadband ",Sci/Tech
"Reuters - European shares sagged on Tuesday as\broker downgrades hit mobile phone operator Vodafone  and two\of its peers, but UK clothing retailer Next shone on news of\strong summer sales.",Sci/Tech
San Francisco Mayor Gavin Newsom has set a goal of providing free wireless Internet activity in his city that sees itself as a vanguard of the Internet revolution.,Sci/Tech
"AP - Prosecutors in the Kobe Bryant case spent nearly  #36;400,000 trying to get the NBA star convicted of raping a woman at a Vail-area resort last summer, documents show.",Sports
AP - The NHL and the players'' association appeared headed toward a lockout when talks broke off Thursday after the union''s first new proposal in nearly a year.,Sports
"Aug. 18 (Bloomberg) -- The case against eight men charged with conspiracy to commit murder and carry out terrorist attacks was referred to the Old Bailey, London #39;s central criminal court. ",World
"To judge by the shift in the headlines, the processor war is nearly over. Who #39;s in? Advanced Micro Devices (NYSE: AMD). Out? Intel (Nasdaq: INTC).",Sci/Tech
The biggest-selling electronic product in the world is mobile phones. Analysts estimate that consumers from Canada to China will snap up more than 600 million handsets this year -- five times the number of TVs or personal computers expected to sell.,Sci/Tech
"Barnstable had the upperhand once again. The Red Raiders are one win away from defending their MIAA Division 1 state volleyball championship after blanking Chelmsford, 3-0, in the semifinals last night in Mansfield. It was the second time this fall Chelmsford had been frustrated by the powerful Barnstable lineup.",Sports
Rangers hopes of returning to the top of the Scottish Premier League were dashed on Sunday as they were held to a 1-1 draw at struggling Inverness Caledonian Thistle.,Sports
"While it seemed likely during the preseason that Gutierrez would win the job, coach Lloyd Carr insisted two other quarterbacks - Clayton Richard and Chad Henne - had a shot.",Sports
"Microsoft last week faced accusations of short-changing its Software Assurance customers following its decision to strip core features from the next major Windows client operating system, codenamed Longhorn.",Sci/Tech
"The free Firefox Web browser, which has chipped away at the market dominance of Microsoft #39;s Internet Explorer, has been readied for a full release including new features designed to make it more stable, backers of the program say.",Sci/Tech
"Barcelona held on from an early Deco goal to edge game local rivals Espanyol 1-0 and carve out a five point tabletop cushion. Earlier, Ronaldo rescued a point for Real Madrid, who continued their middling form with a 1-1 draw at Real Betis.",Sports
AP - Takeo Spikes made good on his vow the Buffalo Bills would finally provide some good news for their fans this weekend.,Sports
"LONDON, Sep 17 (IranMania) - Iran #39;s powerful former president Akbar Hashemi Rafsanjani warned Friday that the International Atomic Energy Agencymay have to  quot;beg quot; for Tehran #39;s cooperation if it bows to US pressure.",World
"FONTANA, CA.California native Casey Mears was glad to be home. So glad in fact, he put his No. 41 Dodge on the Busch Series pole position for Saturday #39;s Target House 300 run on the two-mile California Speedway.",Sports
"WASHINGTON - The Congressional Budget Office projected Tuesday that this election-year''s federal deficit will hit a record \$422 billion, a shortfall that would be smaller than analysts predicted earlier this year.    The figure immediately provided political fodder for both parties now in the final two-month stretch of the presidential and congressional campaigns...",World
"Slovenia pulled off a famous result yesterday, defeating Italy to go top of Group Five. A solitary goal by Bostjan Cesar after 82 minutes gave the hosts victory in Celje to inflict a first World Cup qualifying group defeat on Marcello Lippi #39;s side.",Sports
What: MIAA Division 3A Super Bowl. Where: Bentley College in Waltham. When: Saturday at 10 a.m. Last meeting: Schools have never met. .,Sports
AP - The game between the Minnesota Twins and the New York Yankees on Tuesday night was postponed by rain.,Sports
Intel Corp. is expected to release a faster version of its powerful but expensive Pentium 4 Extreme Edition processor on Monday alongside the introduction of a chipset that uses a faster front-side bus to connect the processor and the memory.,Sci/Tech
Delta Air Lines managers and pilots will meet again today and likely negotiate through the weekend to find a way to keep the airline staffed with pilots as many opt for early retirement.,Business
"Toshiba will market laptops with HD-DVD drives by the end of next year, becoming one of the first manufacturers to commit to a next-generation DVD format.",Sci/Tech
"Like it or not, Rupert Murdoch is a New York City staple. As chairman of News Corp. (nyse: NWS - news - people ), the billionaire is a part of Gothamites #39; lives.",Business
The Chicago Board of Trade took a leap forward on Monday on its goal to become a for-profit company when an Illinois judge approved a deal on how to carve up ownership of the oldest US futures exchange.,Business
SPACE.com - The tenth crew of the \International Space Station (ISS) made a short spaceflight early Monday to move a Russian lifeboat \to a new docking port and prepare the station for a pair of upcoming spacewalks.,Sci/Tech
"American International Group Inc. , the world''s largest insurer, said the Securities and Exchange Commission is considering accusing the company of helping PNC Financial Services Group Inc. improperly remove bad loans from its books.",Business
US Airways Group Inc. met with two unions to try and agree on concessions before an Oct. 7 hearing at which a bankruptcy judge might let the carrier temporarily reduce pay 23 percent to help avoid potential liquidation.,Business
AFP - Egypt said it has charged an Iranian diplomat and an Egyptian national over a plot to assassinate an unidentified public figure.,World
The Internet megasite eBay yelled  #39;hold the cheese #39; when they found a 10-year-old grilled cheese sandwich that its owner says bears the image of the Virgin Mary being auctioned off on its website.,Sci/Tech
"An Internet company has agreed to forgive \$17 million in customers'' bills as part of an agreement with the government, the Federal Trade Commission announced Monday.",Sci/Tech
"A Jordanian who disappeared in Iraq two weeks ago and was believed to have been kidnapped has been freed and is in the custody of Iraqi police, Foreign Ministry spokesman Ali al-Ayed told reporters yesterday. ",World
The portable stereos that ruled city streets in the 1980s aren''t shipping in high volumes anymore. But some sound artists are finding new ways to incorporate the devices into performances and ad-hoc radio networks. By Elizabeth Biddlecombe.,Sci/Tech
"We should be using probes to look for life in space instead of radio signals, say scientists.",Sci/Tech
"com November 4, 2004, 2:38 PM PT. This priority retains its ranking at number five as more and more companies deploy Web services to share business logic, data and processes with each other and with clients.",Sci/Tech
United States sprinter Jerome Young was banned for life by the US Anti-Doping Agency yesterday following his second positive test for an illegal steroid in a case that could affect a US relay team #39;s gold medal from Sydney.,Sports
Reuters - The Sudanese foreign minister rejected on\Friday a U.S. declaration of genocide in the Darfur region of\Sudan and said the United States was using a humanitarian\crisis for political purposes.,World
"Ending after midnight due to rain delays, Roger Federer finally put his second round robin match in the books early Thursday morning at the ATP Tennis Masters Cup in Houston, defeating Lleyton Hewitt for the fifth consecutive time 6-3, 6-4.",Sports
Jenson Button has admitted he was  quot;misguided quot; in his attempts to switch to Williams for next season. The 24-year-old declared his intention to leave BAR in August but team boss David Richards prevented the move on legal grounds.,Sports
"CARACAS, August 22 (Itar-Tass) -- President of Venezuela Hugo Chavez has called on the opposition to recognize the results of a referendum on confidence in the president held on August 15.",Business
"DONATING: Summer Ramson,3, gets a hand from her grandmother, Barbara Daliposon, left, and Salvation Army volunteer Donna Clark as she donates money Friday at an Albertsons store on Plumb Lane in Reno.",Business
AP - Apparently even a Hall of Fame coach doesn''t get a break from the officials. Washington Redskins coach Joe Gibbs on Tuesday reviewed the tape of the previous night''s loss to the Dallas Cowboys and determined he was on the wrong side of ''two awful calls.'',Sports
"Tony Purnell, the boss of Jaguar Racing says that there is  quot;masses of interest quot; in the team, which the Ford Motor Company has decided to discontinue.",Sports
Premiership adversaries Manchester United and Arsenal will have another chance to do battle at Old Trafford after last night #39;s League Cup quarter-final draw brought the teams together again.,Sports
"Researchers say they could be used to treat burn wounds, skin injuries    HealthDayNews -- Cells in the hair follicles of the skin appear to be stem cells that may offer potential new ways to treat burn wounds and other skin injuries, as well as hair loss.    That''s the promising conclusion of a study in the Sept...",Sci/Tech
"NASA postponed for at least two days the launch of its robotic satellite-chasing spacecraft because the target satellite temporarily lost reception of a key navigational signal, the agency said yesterday.",Sci/Tech
You #39;ve already seen our New Users #39; and Power Users #39; reviews of Apple #39;s fourth-generation iPod (iPodlounge rating: A-/B).,Sci/Tech
"HEMPSTEAD, NY - He was drafted in the first round in 2000 out of Marshall, at the head of the same quarterback class that yielded Tom Brady, but Chad Pennington #39;s road to success has been more deliberate.",Sports
"AP - As Philadelphia prepares to install monitoring cameras at some city intersections, officials say they''re not worried about studies that suggest the surveillance may lead to more accidents.",Sci/Tech
"Hurricane Ivan looks set to cost tour operators as they race to get customers out of harm''s way, though future bookings may not suffer too much.",Business
"Symantec has released firmware fixes for a string of critical security holes in its firewall/VPN and Gateway Security products which could be exploited to cause a denial of service, identify ",Sci/Tech
"Steve Coll, The Washington Post #39;s managing editor for six years, said today he is stepping down at the end of the year to pursue book projects.",Business
"By BETSY BLANEY    LUBBOCK, Texas (AP) -- Some farmers are placing their hope in a hybrid sunflower seed that could help keep arteries clear and hearts pumping in a nation smitten with snacks and processed food.    ''It''s a healthier oil,'' said Willie Wieck, 62, who started growing sunflowers on his 450 acres in the Texas Panhandle in the early 1970s...",Sci/Tech
"After nine days of being held by kidnappers in Iraq, New York-based freelance journalist Micah Garen will reunite with his family this week, his father said yesterday.",World
"AP - Peanuts, hot dogs and wireless instant replays. It''s the future of baseball.",Sci/Tech
"That #39;s according to research outfit Gartner, which on Thursday said that second quarter global mobile phone shipments hit 156.",Sci/Tech
palmOne introduced Monday the Tungsten T5 handheld with 256 megabytes of flash memory - the most built into a handheld to date. Expected to be widely available ,Sci/Tech
"They spent the summer marveling over their lineup changes and their improvement, the big-name veterans they signed and the strategic concepts they imported from the champion New England Patriots.",Sports
"JERUSALEM Israel #39;s security cabinet on Tuesday approved a compensation package that would pay roughly \$200,000 to \$300,000 to each Jewish family that agreed to leave the Gaza Strip under Prime Minister Ariel Sharon #39;s withdrawal plan.",World
"NEW YORK, August 30 (New Ratings) - Japan #39;s Supreme Court has reportedly approved the merger negotiations between UFJ Holdings Inc (ticker: UFJ) and Mitsubishi Tokyo Financial Group (MTFG).",Business
 RIO DE JANEIRO (Reuters) - Brazil coach Carlos Alberto  Parreira is more worried about playing rank outsiders Venezuela  than the likes of Germany or Argentina.,Sports
"Forbes.com - As the second employee of InfoSpace, Jean-Remy Facq saw the value of his stock inflate and then collapse. Now he''s suing in federal court in Seattle for a  #36;4.5 million refund of 1999 federal income tax. He''s just one of 200 tech workers who have hired Seattle tax lawyer/CPA Brian G. Isaacson in the hope his novel theories will help them slash old (and sometimes unpaid) tax bills from their exercise of stock options for shares that later tanked.",Business
"The chief financial officer of Oracle, Harry L. You, said that \$24 a share remained the company''s ''best and final'''' offer for PeopleSoft Inc. in what may be the last week of a 17-month hostile takeover fight.",Sci/Tech
Wayne Rooney looks set to become a Manchester United player this week after Everton confirmed they had received a second improved bid for the England striker from Old Trafford.,Sports
"SAP AG has agreed to acquire the Swiss and U.S. business units of SAP Systems Integration AG (SAP SI), bringing its absorption of the company nearer to completion.",Sci/Tech
"The Federal Communications Commission ruled 3-2 that states are now barred from imposing telecommunications regulations on Internet phone providers, which treat calls no differently than any other application on the Net.",Sci/Tech
WASHINGTON (AP) -- Oil prices fell for a fifth consecutive day Thursday despite a sharp drop in Iraqi exports after pipelines were sabotaged -- evidence that the bull market may have lost some steam.,Business
"Australia #39;s biggest retailer, Coles Myer, hopes it has silenced its detractors by posting a record annual profit, which was above its own guidance and market expectations.",Business
&lt;strong&gt;Letter&lt;/strong&gt; TDD mode is not just data delivery,Sci/Tech
" FRANKFURT (Reuters) - Market research firm IDC has raised  its 2004 forecast for global personal computer sales growth to  14.2 percent from 13.5 percent, driven by high commercial  demand, it said on Monday.",Sci/Tech
"It might have been the last Fenway Park game of the magical 2004 season. And if it was, there''ll be a parade in Boston sometime before Election Day . . . perhaps the grandest celebration in 374 years of Hub history.",Sports
"Mark Martin joined the growing list of longtime drivers easing their way out of NASCAR, announcing Thursday that the 2005 season will be his last as a full-time racer.",Sports
" ATHENS (Reuters) - Argentina beat Italy 84-69 to win the  men''s Olympic basketball gold Saturday, the country''s first  medal in the sport.",Sports
"The Ontario government has announced new measures today to tackle child pornography online and Internet luring. Research shows 40 percent of Canadian youth report that someone they met on the Internet, requested personal information.",Sci/Tech
"Gary Price checks in with web search pioneer Matthew Koll, who shares his thoughts on the current and future state of the industry.",Sci/Tech
"Bee Staff Writer. SAN DIEGO - The San Diego Padres returned the favor, and the playoff-chasing Giants gladly accepted it before a disappointed record crowd of 45,389 at Petco Park.",Sports
"The Mars Global Surveyor released the latest glyph image that appears to evoke the kinds of communication in rock formations that has become famous among Mars'' watchers on the internet. But there is a serious side to interpreting remote sensing data, and shadow is not always one''s ally...",Sci/Tech
"Talking in a teleconference this afternoon, David Richards insisted that the ending of the  quot;consultancy contract quot; between BAR and Prodive, and his subsequent departure from the team, was a mutual decision.",Sports
AP - Residents burned tires and trash in the streets Thursday trying to drive off swarms of locusts descending on the region in what a U.N. agency called the worst sub-Saharan invasion in more than a decade.,Sci/Tech
"Saturdays two games in Serie A saw Juventus survive a late scare to call a halt to newly-promoted Messina #39;s unbeaten run, winning 2-1, while Vincenzo Montella underlined his excellent current form with a superb goal for Roma in a storm-interrupted 2-0 ",Sports
"MILTON -- If you could build a prototype Mansfield Hornet, he just might look like Brett McDermott.",Sports
"Russia has postponed the test launch of a new booster rocket scheduled for Friday, the Defense Ministry said Thursday. The launch of the Soyuz-2 medium-size rocket from Russia #39;s ",Sci/Tech
"Reuters - Long a forum for protecting endangered\species like whales or tigers, a U.N. meeting in Bangkok next\month will seek a wider role in regulating the billion-dollar\trade in timber, fish and medicinal plants.",Sci/Tech
"AP - Gordon Cooper, who as one of the original Mercury astronauts was a pioneer in human space exploration, has died. He was 77.",Sci/Tech
"Raleigh, NC (Sports Network) - Andrew Brackman scored 16 of his 20 points in the second half to lead 12th-ranked North Carolina State to a hard-fought 78-72 win over Louisiana-Lafayette at the RBC Center.",Sports
 NEW YORK (Reuters) - U.S. Open organizers have apologized  to Serena Williams for a controversial line call in her  quarter-final loss to Jennifer Capriati on Tuesday.,Sports
 PITTSBURGH (Sports Network) - Kevin Bettencourt scored five  of his 13 points in the final two minutes to lead Bucknell to a  69-66 upset over 10th-ranked and previously unbeaten  Pittsburgh.,Sports
Description: News mogul Rupert Murdoch pays a record-setting \$44 million for a three-story Fifth Avenue penthouse in Manhattan formerly inhabited by the late Laurance Rockefeller.,Business
"The graphics library, an alternative to Microsoft''s DirectX, gets new features designed to add razzle-dazzle to PC games.",Sci/Tech
" CHICAGO (Reuters) - Smithfield Foods Inc. &lt;A HREF=''http://www.investor.reuters.com/FullQuote.aspx?ticker=SFD.N target=/stocks/quickinfo/fullquote''&gt;SFD.N&lt;/A&gt;, one of  the nation''s largest meat producers, on Thursday said quarterly  earnings more than doubled due to higher hog prices and its  acquisition of Farmland Foods last year.",Business
"The Cubs didn #39;t need to fly anywhere near Florida to be in the eye of the storm. For a team that is going on 100 years since last winning a championship, the only thing they never are at a loss for is controversy.",Sports
"FOXBORO, Mass.  Bill Belichick took a few minutes Monday to convey his congratulations to his offensive coordinator on becoming Notre Dame #39;s head coach.",Sports
"Mike McKenzie got his wish yesterday, seven months after asking out of Green Bay. The Packers sent the disgruntled cornerback and a future conditional sixth-round ",Sports
A British soldier killed after clashes with militia forces in the southern Iraqi city of Basra was today named as Lance Corporal Paul David Trevor Thomas. ,World
"AFP - Sudan condemned UN threats of sanctions against Khartoum, saying they would only undermine efforts to restore security in the devastated western region of Darfur.",World
NEW YORK (CNN/Money) - Some colleges are fretting the release of Microsoft #39;s upgrade to its XP operating system -- whose release coincides with the opening of campuses around the country -- saying that multiple downloads of the patch could significantly ,Sci/Tech
A SECOND-HALF Springbok blitz gave South Africa their first Tri-Nations rugby title in six years with a win over Australia at Kings Park.,Sports
PARIS -- Gael Monfils of France reached the quarterfinals in his first ATP tournament three weeks ago. Lleyton Hewitt made sure he did not duplicate the feat at the Paris Masters.,Sports
"Nortel Networks said on Thursday it will slash its work force by 3,500, or 10 percent, as it struggles to recover from an accounting scandal that toppled three top executives and led to a criminal investigation and lawsuits.",Sci/Tech
Tulane officials have postponed Saturday #39;s football game against Louisville because of the threat of Hurricane Ivan. Tulane officials said in a statement Tuesday that the game is tentatively rescheduled for the weekend of Dec. 4 at the Superdome.,Sports
"With less than a month remaining before the current collective bargaining agreement expires, representatives for the NHL and the Players #39; Association met for nearly 4 1/2 hours yesterday without making any progress on a new CBA. ",Sports
"UNITED NATIONS Sept. 14, 2004 - Iraq appealed to other nations Tuesday to send troops to protect an expanded UN staff that is essential for holding the country #39;s first free elections by Jan. 31, saying terrorists must not be allowed to disrupt the vote.",World
The company is reasonably certain that it can maintain previously issued earnings guidance.,Business
Heart of Midlothian Plc said head coach Craig Levein is holding talks to take over as manager at Leicester City in England after steering the Scottish soccer club to the group stage of Europe #39;s UEFA Cup this season.,Sports
"Electronic Data Systems Corp., which lost business when customer US Airways Group Inc. filed for bankruptcy protection the first time, says the carrier #39;s latest filing also will hurt.",Business
"Mozilla Firefox Internet Browser Market Share Gains to 7.4\\The latest survey from OneStat.com shows what was expected. Firefox is gaining on Internet Explorer and pretty rapidly. As per the reports, Mozilla Foundation has taken a 7.4 market share gaining more than 5 since May. Microsoft rsquo;s Internet Explorer has dropped down ...",Sci/Tech
Online-payment service PayPal on Tuesday sought to reassure customers that outages that had plagued the service since Friday finally had been resolved.,Sci/Tech
"SEOUL, South Korea - A huge mushroom cloud that reportedly billowed up from North Korea was not caused by a nuclear explosion, South Korean and U.S. officials said Sunday, but they said the cause was a mystery...",World
SOUTHHAMPTON - West Indies want to redeem a disappointing summer with a place in the Champions Trophy final while Pakistan are equally as eager to continue its resurgence under new coach Bob Woolmer.,Sports
" NEW YORK (Reuters) - Stocks rose on Tuesday as a oil prices  slid below \$48 a barrel, offsetting caution as investors waited  for an expected quarter-point hike in U.S. interest rates and  results from technology bellwether Cisco Systems Inc. &lt;A HREF=''http://www.investor.reuters.com/FullQuote.aspx?ticker=CSCO.O target=/stocks/quickinfo/fullquote''&gt;CSCO.O&lt;/A&gt;.",Business
"Auto racing: NASCAR Nextel Cup Sylvania 300 practice at N.H. International Speedway, Loudon, 9:30 and 11:10 a.m.; NASCAR Craftsman Truck Sylvania 200 at N.H. International Speedway, Loudon, 1 p.m.; NASCAR Busch North Sylvania 125 at N.H. International Speedway, Loudon, 3 p.m.",Sports
"The Walt Disney Co. has postponed an expansion of its video-on-demand service while it explores partnerships that could result in a deal to include the service in set-top boxes, computers or other devices.",Sci/Tech
"Guatemala''s government agrees to pay millions of dollars to former paramilitaries, who some accuse of war crimes.",World
UConn senior quarterback Dan Orlovsky has admitted that he probably would have gone to Boston College if offered a scholarship. But ,Sports
Verizon SuperPages.com said Friday it has teamed up with eBay and Shopping.com for the rollout of new shopping tools on its online Yellow Pages site.,Business
AP - Former All-Star forward Jamal Mashburn will miss the entire 2004-05 NBA season because of a knee injury that could end his career.,Sports
"The coach of disgraced Greek sprinters Kostas Kenteris and Katerina Thanou says IAAF charges against the athletes are groundless and will not result in a suspension, according to reports Friday.",Sports
"Nintendo and iQue to release Game Boy Advance SP later this month in 21 different cities in China. TOKYO--Nintendo has announced that it will launch the Game Boy Advance SP in China on October 27, Bloomberg Japan reports today.",Sci/Tech
Reuters - The Atlanta Falcons\Monday signed Pro Bowl tight end Alge Crumpler to a six-year\contract extension.,Sports
"JERUSALEM : Beleaguered Israeli Prime Minister Ariel Sharon persisted with plans to form a new government including the main opposition Labour party, bolstered by Washington #39;s backing for the expansion of West Bank settlements.",World
"SPACE.com - Researchers can now say definitively that Mars once \supported a watery environment, but whether the red planet could have ever \supported life is still far from certain.",Sci/Tech
"Chip giant Intel announced that it has joined forces with the world #39;s largest handset maker, Nokia, to develop the next generation mobile phone.",Sci/Tech
"Fresh off the Pedro Martinez signing, the Mets didn #39;t waste much time before moving on to their next order of business. A baseball official with knowledge of the team #39;s plans ",Sports
"WASHINGTON -- The US Chamber of Commerce filed an emergency motion yesterday seeking a court order to block the Securities and Exchange Commission from requiring that 75 percent of mutual fund directors, including the chairman, be independent of the fund company.",Business
"BAGRAM, Afghanistan - Three years after the Sept. 11 attacks, Osama bin Laden and his deputy are still issuing orders for attacks by al-Qaida, a top American commander told The Associated Press Saturday...",World
TOKYO - Sony Corp is attempting to claw back market share of the domestic flat-panel TV market with the launch of eight new televisions.,Sci/Tech
"ALICANTE, Spain : Spaniard Juan Carlos Ferrero wasted no time getting down to business, brushing aside Fabrice Santoro to put the hosts level with France 1-1 in their World Group Davis Cup semi-final tie.",Sports
"AP - For the first time, scientists have created a genetic map of a cow, providing researchers a new tool to reduce animal disease and improve the nutrition of beef and dairy products, the Agriculture Department announced Wednesday.",Sci/Tech
"Former Fresno State standout Nick Watney recovered from a double-bogey on the seventh hole to shoot 1 under and tie for the third-round lead Saturday in the Nationwide Tour Championship at the Robert Trent Jones Golf Trail in Prattville, Ala.",Sports
 #39;Ol #39; Blue Eyes #39; provided an emotional musical tribute to  #39;Old Big  #39;Ead #39; as Nottingham Forest celebrated the remarkable life of Brian Clough ahead of today #39;s game with West Ham.,Sports
"When was the last time you heard about a company more than doubling its profit from the previous year, but an error in judgment restrained that profit?",Business
"European supermarket chain Tesco is planning to extend its RFID rollout in time for the Christmas rush. The company, which began using the tracking technology in October last year, will be introducing the ",Sci/Tech
Tom Lehma''s 5-under 67 on Saturday leaves him tied for the Funai Classic lead as he gets a third chance in as many weeks to end a five-year winning drought.,Sports
"A Republican on how to survive in a Democratic town: This really is the greatest city in the world, but you are now behind enemy lines.",World
"Although AIDS is thought of as a disease of the young, in the United States it is rapidly becoming one of the middle-aged and even the old.",Sci/Tech
"Toronto-Dominion Bank, Canada #39;s second-largest bank by assets, said it #39;s in talks for a possible transaction #39; #39; with Banknorth Group Inc.",Business
An obscure amendment attached to an appropriations bill could throw a wrench into presidential candidate John Kerry''s plans to fund embryonic stem cell research. By Kristen Philipkoski.,Sci/Tech
"Taiwan rescue workers dug out seven bodies from mud and rock in a mountain village that was hit by a devastating landslide triggered by Typhoon Aere, but eight still remained buried, officials said on Friday.",World
"It took a while for everything to fall into place, but it now seems clear: Chad Pennington is the real deal. Listen LIVE to NFL games, plus watch video news and features of your favorite team.",Sports
"There are so many new faces, it #39;s hard to keep them all straight. But despite all the upheaval, all the contracts and controversy that so dominated the summer, Jerry Sloan believes the sheer ",Sports
ATHENS (Reuters) - Greece #39;s top two sprinters should finally get to put their case on Wednesday in a drugs investigation that has shamed and angered the Olympic host nation. ,Sports
"Designed to further enhance the value of our Special Report, these Powerpoint slides offer key data and statistics about the choices facing today''s IT decision makers regarding CRM.",Sci/Tech
"In the most highly anticipated Wall Street debut since the heady days of the dot-com boom, shares of Google surged nearly 20 percent on their first day of public trading Thursday as the quirky Internet company completed its much-hyped initial stock ...",Business
"AP - One day after the most lopsided loss in the 115 years of Nebraska football, the coaching staff told the Cornhuskers to forget about it.",Sports
"PalmSource today announced entry into an agreement for the acquisition of China MobileSoft Limited (CMS), a leading Chinese mobile phone software company with business operations headquartered with its wholly-owned subsidiary, MobileSoft Technology ",Sci/Tech
"NEW YORKIBM said yesterday it is in talks to settle a mammoth lawsuit alleging a pension plan adopted by the firm in the 1990s discriminated against 140,000 older workers.",Business
"Fulfilling a long-time goal, Intel Corp. is set to introduce on Thursday its first chip set that supports all three current forms of Wi-Fi, according to sources familiar with the announcement.",Sci/Tech
"An Australian man found himself in hot water, when he was arrested for taking pictures of topless sunbathers with his camera phone.",Sci/Tech
"NEW YORK - Cisco Systems Inc. said Monday it has agreed to acquire Sunnyvale, California, software developer P-Cube Inc. in a cash-and-options deal Cisco valued at \$200 million.",Sci/Tech
"Spa is among the most demanding circuits for the engine, and Rob White explains the challenge of this unusual circuit.",Sports
"The Recording Industry Association of America (RIAA) has filed 754 new lawsuits against alleged file-traders using peer-to-peer services, the trade group announced Thursday.",Sci/Tech
The retailer trots out a bargain portable PC that packs Wi-Fi. Is it getting ready for a laptop push for the holidays?,Sci/Tech
"AP - Hungry, thirsty and increasingly desperate residents burned tires in protest and attacked each other in a panic to get scarce food and water Thursday as workers struggled to bury hundreds of victims of Tropical Storm Jeanne.",World
"HP (Quote, Chart) is doing a lot of explaining after it revealed this weekend that it will no longer put Itanium processors in its high-performance workstations.",Sci/Tech
"AUBURN HILLS, Mich. -- The potential loss of Gary Payton with a strained left hamstring was briefly a laughing matter last night after the Celtics dropped a 100-88 decision to the Pistons. When asked how he would get through one and possibly many more games without the veteran point guard, coach Doc Rivers decided he would call up executive director ...",Sports
"SiliconValley.com - In August, Joshua Rosen, a San Francisco entrepreneur and art director, went live with a Web site that makes it very simple for people to register to vote.",Sci/Tech
"update In order to get the next update of its Windows operating system out the door, Microsoft will delay some of the key improvements that had been planned.",Sci/Tech
"As part of its ongoing efforts to woo public sector customers, Microsoft Corp. has begun giving governments tools for collaborating and sharing technology information with other organizations so that they can learn from each other''s experiences and cut development costs.",Sci/Tech
"A new pan-European supercomputing network has opened to help scientists in the EU with their research.  quot;We have just completed testing, quot; said David Henty of the Edinburgh Parallel Computing Centre, a member ",Sci/Tech
"The Mac maker says it will replace about 28,000 batteries in one model of PowerBook G4 and tells people to stop using the notebook.",Sci/Tech
"Do-it-yourself phishing kits are being made available for download free of charge from the Internet, according to anti-virus firm Sophos.\",Sci/Tech
"AP - Reliever Arthur Rhodes was traded for the second time in two weeks Saturday, sent from the Pittsburgh Pirates to the Cleveland Indians for outfielder Matt Lawton in the first trade of the winter meetings, a baseball official told The Associated Press.",Sports
"CBC SPORTS ONLINE - The Buffalo Sabres agreed to terms with former first-round draft choice Thomas Vanek on Friday. The Sabres signed the left-winger, the fifth overall selection in the 2003 NHL Entry Draft, to a three-year entry-level contract.",Sports
"Venus Williams of the United States returns the ball to Croatia #39;s Karolina Sprem, during their first round match, at the Swisscom Challenge Tennis Tournament in Kloten, Switzerland, Tuesday, Oct.19, 2004.",Sports
"Open source can immediately prompt the words  #39;law suit #39; in some peoples #39; minds, but Black Duck have introduced a software platform that helps developers catch and resolve potential intellectual property disputes.",Sci/Tech
"Warren Sapp #39;s presence and legacy linger around the Tampa Bay Buccaneers like something tangible, something that can be felt, heard and feared, say an open-handed slap to the face mask.",Sports
SAN FRANCISCO -- A judge is ordering Microsoft Corp. to pay \$112.5 million to attorneys who successfully sued the software maker for monopolizing a segment of California #39;s market.,Sci/Tech
"Al Leiter provided a settling influence and Kerry Wood struggled with his control, yielding three first-inning runs.",Sports
Top-seeded David Nalbandian of Argentina and Olympic champion Nicolas Massu of Chile advanced to the quarterfinals of the CA Trophy Thursday with straight-set victories while American Robby Ginepri upset No.,Sports
AP - Evander Holyfield was suspended indefinitely by New York boxing officials in the wake of his loss Saturday night to journeyman Larry Donald.,Sports
South Sound fans reacted with everything from relief to regret over Wednesday #39;s NCAA rulings on the University of Washington athletics program.,Sports
"SAN FRANCISCO - Intel Corporation recently disclosed key technical details of its upcoming wireless broadband chip for WiMAX products, which will enable long-distance, high-speed wireless Internet access for homes and businesses.",Sci/Tech
"Los Angeles Dodgers #39; Shawn Green watches his home run in the sixth inning against the St. Louis Cardinals Saturday, Oct. 9, 2004, in Los Angeles.",Sports
HP plans to add virus-throttling technology to ProLiant servers and ProCurve switches starting in early 2005. Virus Throttler technology slows the spread of a virus or worm within an infected server to give  administrators time to act.,Sci/Tech
"com. Thome has known Charlie Manuel for his entire professional baseball life, which started shortly after he became a 13th-round draft pick by the Cleveland Indians in 1989.",Sports
Mobile phone operator MMO2 raises its UK revenue growth target for this year as it gets more customers and existing users spend more.,Sci/Tech
"Layoffs at Cingular Wireless were inevitable after it acquired AT amp;T Wireless, but what #39;s with the timing? A Cingular spokesman yesterday confirmed an Associated Press report that Cingular ",Business
"AP - SpaceShipOne is one flight away from clinching the Ansari X Prize, a  #36;10 million award for the first privately developed manned rocket to reach space twice within 14 days.",Sci/Tech
"AP - Latrell Sprewell was suspended for one game by the NBA on Tuesday for yelling a sexual vulgarity at a female fan during a game, the latest episode of a player clashing with spectators.",Sports
"After you''ve joined the music revolution and plunked down \$250 for an Apple iPod mini, it''s easy to become quite protective of the little gizmo.",Sci/Tech
"Berkeley, U. of Minn. students get download discounts; aim is to provide legal music alternatives. NEW YORK (CNN/Money) - As an added bonus to returning to campus this fall, more than 80,000 college students ",Business
"Reciprocal Links Are Not Evil\\I will repeat, reciprocal links are not evil. All this discussion in the forums about how people only want one-way links because they heard reciprocal links are bad and can get you kicked out of the search engines is taken way out of proportion. One example ...",Sci/Tech
" AMSTERDAM (Reuters) - Nokia, the world''s biggest handset  maker, unveiled on Wednesday a miniature version of its  equivalent of the Swiss Army knife it hopes will lure women and  less-techie business people.",Sci/Tech
"A dominant defensive performance and a 21-point lead left the Indianapolis Colts with precious little to fret about at halftime Sunday at the RCA Dome, save the inconsequential.",Sports
" ATLANTA (Reuters) - Quiznos Sub, the third-largest U.S.  sandwich chain, said on Wednesday it signed a deal to serve  PepsiCo Inc. &lt;A HREF=''http://www.investor.reuters.com/FullQuote.aspx?ticker=PEP.N target=/stocks/quickinfo/fullquote''&gt;PEP.N&lt;/A&gt; drinks in its U.S. outlets, ending a  23-year relationship with Coca-Cola Co. &lt;A HREF=''http://www.investor.reuters.com/FullQuote.aspx?ticker=KO.N target=/stocks/quickinfo/fullquote''&gt;KO.N&lt;/A&gt;",Business
"Microsoft announced on Monday that it will not release a fifth service pack for Windows 2000, a popular version of the company #39;s operating system.",Sci/Tech
"For those who need to make telephone calls in flight and don''t want to sell the second car to finance them, help is on the way.",Sci/Tech
NEW YORK - Investors will be looking ahead to the Federal Reserve #39;s meeting and third-quarter earnings forecasts in Wall Street #39;s short trading week after the Labor Day holiday.,Business
"BEIJING (AP)  China appealed to North Korea on Tuesday to join working meetings before a new round of six-party talks on dismantling its nuclear program, despite the North #39;s declaration that it saw no point in attending. ",World
"BAGHDAD, Iraq - A US military official in Iraq says seven American marines have been killed today in a car-bomb explosion. Several other Marines have been wounded in the attack.",World
"The daily volume of Internet attacks dropped off in the first half of this year, and the rate at which new vulnerabilities are being reported appears to have hit a plateau, according to Symantec Corp.",Sci/Tech
"Dell gets set to roll out its PowerEdge 1855 blade server line a home-grown design, this month.",Sci/Tech
"AP - Minnesota Timberwolves center Michael Olowokandi was suspended by the team for a second game Friday night, one day after police used a stun gun to subdue him when he refused to leave a club.",Sports
"For more than three quarters on Sunday, it appeared as if the Jets wouldnt find the end zone if it was loaded with uranium and Quincy Carter was armed with a Geiger counter.",Sports
"MIDDLESBROUGH, Aug 24 (SW) - Michael Reiziger will be sidelined for the coming six to eight weeks. The player dislocated his shoulder a few weeks ago and is unable to play on.",Sports
"The company asked customers to accelerate deals in order to bolster earnings--a ploy to exaggerate profits, Oracle lawyers say.",Sci/Tech
NEW YORK - US stocks are seen in a contemplative mood Friday with the revised second-quarter gross domestic product reading likely to have a large bearing on sentiment and overall direction.,Business
"Canadian Press - NEW DELHI (AP) - Firefighters and police evacuated thousands of villagers and battled a huge fire Thursday in a government ammunition depot in the eastern Indian state of Orissa, police said.",World
"In their first year in the ACC, No. 10 Virginia Tech at No. 9 Miami (8-2) will be playing for at least a share of the conference title and the BCS berth that goes along with it.",Sports
"AP - Hundreds of protesters demanding that a local leader step down clashed with riot police Wednesday in an impoverished region of southern Russia, authorities said.",World
AP - Connecticut placed assistant men''s basketball coach Clyde Vaughan on paid administrative leave Thursday after his arrest in a prostitution sting.,Sports
"Dubai - An Islamist group has claimed that it hijacked two Russian planes that crashed this week, killing at least 89 people, and threatened more attacks, according to an Internet statement posted on Friday.",World
"In a separate development, the head of the RKK Energia company, which builds the Soyuz spacecraft, said his company was planning to send a new space shuttle to the space station between 2010 and 2012, depending on funding.",Sci/Tech
"Is it a video game maker''s lab or a twisted vision out of Charles Dickens''s worst coal factory nightmare? A growing number of people can''t tell the difference. &lt;FONT face=''verdana,MS Sans Serif,arial,helvetica'' size=''-2'' color=''#666666''&gt;&lt;B&gt;-washingtonpost.com&lt;/b&gt;&lt;/font&gt;",Sci/Tech
Reuters - South Korea Monday shrugged off North\Korean criticism of the South''s experiments with nuclear\materials as familiar posturing that would not rule out the\mercurial communist North''s return to atomic arms talks.,World
"Semiconductor designer ARM Holdings ARM.L has agreed to buy US technology firm Artisan ARTI.O for \$913 million (503.3 million pounds), to boost its product range, but ",Business
BAKU : David Beckham is set to be hauled over the coals by English football authorities over his admission that he deliberately fouled an opponent to earn himself a convenient booking in last week #39;s World Cup qualifier against Wales.,Sports
"ANN ARBOR , Mich. -- Michael Hart ran for 151 yards and a season-high three touchdowns and No. 9 Michigan scored TDs the first five times it touched the ball in the second half to beat Northwestern , 42-20, yesterday.",Sports
PC World - Send your video throughout your house--wirelessly--with new gateways and media adapters.,Sci/Tech
Germany beat Sweden 1-0 in a repeat of the 2003 World Cup final to take Olympic bronze in the women #39;s soccer tournament on Thursday.,Sports
"Asian stock markets closed mostly higher Friday, with the key indexes edging higher both in Tokyo and Hong Kong. Tokyo #39;s Nikkei Stock Average of 225 issues rose 80.",Business
Steve Spurrier was hired at South Carolina yesterday after the school trustees #39; executive board approved a seven-year deal worth \$1.25 million a season for the former Florida football coach.,Sports
"An NHL lockout nine weeks old won #39;t end any time soon unless owners show some willingness to negotiate, agents said after a meeting with the players #39; union.",Sports
"America Online Inc. said yesterday it is once again supporting a Microsoft Corp. plan to combat unwanted bulk e-mail by verifying senders of messages, a move that could rekindle industry adoption of a new system for attacking spam.",Sci/Tech
"A HYPERSONIC rocket inspired by Australian technology has smashed the world speed record, travelling at 11,000km/h. RECORD bound .",Sci/Tech
"Reuters - New satellite images show Iran''s\Parchin military complex, southeast of Tehran, may be a site\for research, testing and production of nuclear weapons, a\nuclear expert said on Wednesday.",World
"FALLUJAH, Iraq - A group calling itself the Brigades of the Victorious Lion of God said today it was responsible for the kidnapping of Canadian Fairuz Yamulky and claimed it set her free only after her company pledged to withdraw from Iraq.",World
"In 2001, the Netherlands became the first (only?) country in the west to permit ''mercy killings''. The law only allows such killings in very particular circumstances - a doctor can terminate the life of a person who was in great pain and had no hope of recovery. In addition, the law requires the informed consent of the patient.   A hospital in the Netherlands has asked to dispense with that annoying part about consent - and the equally annoying part about pain.",Sci/Tech
Six days ago Jay McKee buoyantly strolled into his living room and proudly informed his wife there would be an NHL this season. The Buffalo Sabres #39; union representative had just finished ,Sports
"General Motors Corp. and Ford Motor Co. said yesterday that they are rushing to adopt a new safety technology called electronic stability control, and together they will make such systems standard on most of their large and mid-size sport-utility vehicles by the end of next year.",Sci/Tech
"Bayern Munich coach Felix Magath, who criticised his new players for the time they spent putting on hair gel, warned on Friday that his honeymoon period is over and he plans to get tougher with the squad.",Sports
"AP - Oklahoma moved up to No. 2 in the Bowl Championship Series standings Monday and Utah is now sixth, a position that would guarantee the Utes a spot in one of the four big-money bowl games if they can hold on to it.",Sports
&lt;strong&gt;Letters&lt;/strong&gt; And cheap tinsel worries wifi fans,Sci/Tech
"By Randy Dotinga, HealthDay Reporter    HealthDayNews -- Do sprawling communities translate into expanding waistlines? Absolutely, according to a new study that adds to a growing body of evidence that suburban living makes people fat.    A Boston University researcher found that people who live in spread-out communities are heavier than their city-bound counterparts...",Sci/Tech
Dell says that millions of notebook power adapters could put users at risk. Also: Office flaw could allow attacks.,Sci/Tech
 NEW YORK (Reuters) - Stocks ended barely higher  on Tuesday  as oil prices rose and investors tried to anticipate the  economic fallout from Hurricane Ivan as it moved through the  Gulf of Mexico toward a possible landfall in the United States.,Business
Over 40 technology companies and organizations send a letter to the Senate Judiciary Committee asking it to hold public hearings on the controversial Induce Act before moving forward. By Katie Dean.,Sci/Tech
"In terms of herd behavior, the only group that rivals Wall Street investors is Wall Street reporters. One moment, the guys at Google can do no wrong -reat company, great ",Business
"Officials in the US are cracking down on an alleged distributor of Internet  quot;Spyware. quot; In the first suit of its kind, the US Federal Trade Commission (FTC) claims Seismic Entertainment and SmartBot, secretly installs programs on a users #39; computer without ",Sci/Tech
&lt;strong&gt;&lt;cite&gt;Reg&lt;/cite&gt; review&lt;/strong&gt; Mobile phone styling comes to the MP3 world,Sci/Tech
"its also a powerful learning tool, according to Apple. Audio has always had a place in the classroom but it is normally in the form ",Sci/Tech
A man has eaten his first solid meal in nine years after his face was rebuilt using a pioneering jaw-bone graft.,World
"A massive rise in phishing attacks this year may lead on to customised email security attacks targeted specifically at individual or small groups of companies, according to email security firm MessageLabs.",Sci/Tech
"AP - Calling video voyeurism the new frontier of stalking, the House on Tuesday approved legislation to make it a crime to secretly photograph or videotape people, often for lascivious purposes.",Sci/Tech
For more than a month it has been public knowledge that Kansas was considering moving next season #39;s home football game against Oklahoma to Kansas City #39;s Arrowhead Stadium.,Sports
The future of Alitalia is at stake as the Italian flagship carrier meets with unions Monday to reveal the number of planned job cuts as part of a restructuring plan aimed at averting collapse.,Business
"Nowhere does the rivalry between the Evil Empire and Red Sox Nation crackle more intensely than here, on the  quot;campus quot; of ESPN, built smack on the not-so-well-defined emotional boundary between New York and Boston.",Sports
Chelsea manager Jose Mourinho could hardly find enough superlatives to describe his side #39;s 3-0 win at Paris St Germain in their Champions League opener.,Sports
"AdWeek.com - What do you do when you evoke the ire of the ad industry''s largest trade organization? You launch an editorial-cartoon contest about it, of course. That''s what Talent Zoo, the Atlanta-based job-recruitment and -placement specialist for the ad business, did last week after that nasty spat with the 4A''s over a column on the Talent Zoo Web site criticizing Advertising Week.",Sci/Tech
"Saturday night''s Game 1 World Series telecast returned a 13.7 national rating (25 share), the highest number for a Game 1 since the 1999 opener of the Yankees-Braves Series delivered a 14.2 (26 share) on NBC. It was the highest-rated World Series Game 1 for Fox since it began broadcasting baseball in 1996 (NBC retained the Series in 1997 and ...",Sports
"Reuters - Global sales of semiconductors\rose 1 percent in July as consumer uncertainty and swelling\inventories restrained the industry''s pace of growth, the U.S.\Semiconductor Industry Association reported on Thursday.",Sci/Tech
"Consumer confidence, which had been on the rise since April, declined unexpectedly sharply in August, a private research group said Tuesday.",Business
AP - One of Earth''s rarest birds might have gone into extinction following the death of one of the last known po''ouli.,Sci/Tech
"Mac maker is taking its retail act north of the border, CNET News.com has learned.\&lt;br /&gt; Photo: iPod''s Toronto presence",Sci/Tech
"It''s that time of year when the K5 community shares its culinary secrets with each other by inundating the queue with a flood of recipes sectioned under culture.  #160;However, many of them may seem too difficult for the beginning chef.  #160;So I present to the novice cook a good starter project for the gourmet chef to be.  #160;It''s a classic dish that will provide you with plenty of calories without offering too much nutrition.",Sci/Tech
"Description: Actor Carl Reiner found his life #39;s calling in the third grade, making his classmates laugh by walking on his hands. The actor, comedian and director joins NPR #39;s Neal Conan and takes calls. ",Sci/Tech
"Walt Disney Co. #39;s chief executive Michael Eisner will leave the giant entertainment company in 2006 when his contract expires, a newspaper reported Friday.",Business
AUSTIN Farmers Insurance today announced plans to cut its Texas homeowners insurance rates by five percent in a settlement with the state.,Business
"Keith Foulke isn''t going to forget the last two nights anytime soon, but he won''t be dwelling on them either.",Sports
"Shares of Varsity Group Inc., the online bookseller that rose to prominence during the e-commerce boom only to stumble badly, will return to trading on the Nasdaq National Market this morning.",Sci/Tech
" NEW YORK (Reuters) - Investors will watch for oil news from  Russia and Iraq next week, but skepticism that crude prices can  stay sky-high is growing and a break in the energy market would  fuel a rally in U.S. stock markets.",Business
"&lt;strong&gt;Letters&lt;/strong&gt; Oh, and don''t be mean to spamvertised sites",Sci/Tech
"As online shopping gets into full swing, phishers are setting up fraudulent e-commerce Web sites and simply waiting for victims using Google and other search engines to find them.",Sci/Tech
The two clubs at the centre of a UEFA investigation into an alleged match fixing scam angrily denied any wrongdoing. European football #39;s governing body announced they were opening an inquiry into Wednesday #39;s ,Sports
"Tokyo, Aug. 23 (Jiji Press)--NTT DoCoMo firmed on the Tokyo Stock Exchange Monday morning following a media report that it will start procuring mobile phone handsets made by Motorola Inc.",Sci/Tech
"Shares of CACI International Inc. surged nearly 14 percent Thursday after the company, which provided private interrogators at Abu Ghraib prison and elsewhere in Iraq, reported a 56 percent jump in earnings.",Sci/Tech
"Reuters - A tiny telescope has spotted a giant\planet circling a faraway star, using a technique that could\open a new phase of planetary discovery, scientists said on\Tuesday.",Sci/Tech
"World number two Andy Roddick is set to hook up with his US Davis Cup assistant coach after firing Brad Gilbert at the weekend. Roddick, whom Gilbert steered to a maiden ",Sports
AP - A U.S. Fish and Wildlife Service biologist says returning wolves to the Rocky Mountains is ''a chance to undo a great wrong'' done when wolves were exterminated from about 98 percent of their range by the mid-1900s.,Sci/Tech
Is the country better prepared to prevent a repeat of last August''s deadly crisis?,World
NEW YORK -- Google Inc. faces serious headwinds as it prepares to launch its long-anticipated initial public offering despite a lacklustre equity market and questions about the company #39;s business plan. ,Business
"Bear Stearns has received subpoenas from federal investigators looking into its municipal bond business, the company reported in documents filed with the Securities and Exchange Commission yesterday.",Business
"Reuters - Oil prices rose on Wednesday, stemming\an eight-session slide that has dragged prices down 14 percent\from record highs as news emerged of a fresh pipeline fire in\Iraq.",Business
"Open Source Development Labs, a Beaverton, Ore.-based consortium devoted to improving Linux, has hired an attorney to handle intellectual-property matters and has opened a branch office in Beijing, the group said this week.",Sci/Tech
"AP - A rapidly strengthening Hurricane Ivan churned closer to the Caribbean, packing sustained winds of 135 mph with meteorologists saying it''s possible that the system could reach Category 5 status.",World
FULLSTRETCH: Roger Federer of Switzerland returns a shot in the first set against Lleyton Hewitt in their Tennis Masters Cup finals match on Sunday.,Sports
"AP - The Tight Lies Tour is one of several regional circuits for players with aspirations of making the big leagues. One of its alumni is Ryan Palmer, who held off Vijay Singh last month at Disney for his first PGA Tour victory.",Sports
"The coolest geek shopping list ever: 129 of the best screens, cams, phones, games and gadgets of the year, from Wired magazine.",Sci/Tech
MSN Messenger 7 Beta Includes Search\\Microsoft is planning to limited beta release the latest version of Instant Messaging client MSN Messenger as early as next week. The screenshots of one of the early leaked release were available on tech sites earlier this week but were later removed on Microsofts request. ...,Sci/Tech
"Fresh from introducing a major upgrade to the Java platform, Sun Microsystems officials on Thursday revealed some details of the next release of Java, code-named Mustang and expected in Spring 2006.",Sci/Tech
" quot;It #39;s time to resurrect my career. quot; Those were Vince Carter #39;s words to the Toronto Star yesterday, making public his demands to be traded.",Sports
"Reuters - Nokia (NOK1V.HE) is set to unveil\another attempt at a mobile phone designed for television and\video, which is thinner and lighter than its predecessor which\never made it to the market, a source said on Monday.",Sci/Tech
"From a changed attitude at PeopleSoft Inc. to the company''s acquisition of J.D. Edwards   Co. last year, Craig Conway clearly made a difference during his five years as CEO.",Sci/Tech
"The District of Columbia government, which long has struggled against an image of inefficiency, has begun cleaning out its closets with one of the most up-to-date instruments of modern electronic commerce.",Sci/Tech
"WASHINGTON -- A highly classified US intelligence assessment that lays out dismal predictions for the future of Iraq -- including the possibility of civil war by 2005 -- mirrors assessments that are being made by analysts around the world, according to diplomats and members of the intelligence community.",World
All presidents claim credit for economic success - and are tarred for failure. But most economists say the Federal Reserve has the greater influence.,Business
"HAT-TRICK hero Alan Shearer is aiming to fire Newcastle all the way to the UEFA Cup Final this season. After his treble and a double from Patrick Kluivert polished off their Israeli opponents, Shearer said ",Sports
"The Boeing Co. #39;s major rival, Airbus, announced Wednesday it has received an order from Cebu Air Inc., the Philippines #39; second-largest airline, for 12 new A319 jets.",Business
"James Cracknell, the double Olympic gold medal winning rower, confirmed today that he will take a year #39;s break the sport before deciding his long-term future.",Sports
The Securities and Exchange Commission is scrutinizing biotechnology companies as part of a wider effort to ensure that companies don''t mislead investors by covering up negative results of clinical trials.,Business
"BRITISH soldier of fortune and former Scots Guard officer Simon Mann, the alleged leader of a failed African coup dtat, has been specially targeted for systematic torture by guards in Zimbabwes notorious Chikurubi Prison, according to two ",World
"Jamal Lewis scored the decisive touchdown with 7:03 left following a 7-yard punt, and Ed Reed sealed the victory with an NFL-record 106-yard interception return in the waning seconds as the Baltimore Ravens beat the Cleveland Browns, 27-13, Sunday.",Sports
"I love movies, but I #39;d rather eat stale popcorn than wait in line at Blockbuster. So I joined Movielink and Starz Ticket on Real Movies.",Sci/Tech
HOUSTON -- Houston Astros General Manager Gerry Hunsicker announced Monday he #39;s stepping down after nine years on the job and less than two weeks after the club came within one game of reaching the World Series for the first time.,Sports
"TheDeal.com - Try lower, says Oracle CEO Larry Ellison on the witness stand in Delaware''s Court of Chancery.",Sci/Tech
 SEOUL (Reuters) - South Korea Monday shrugged off North  Korean criticism of the South''s experiments with nuclear  materials as familiar posturing that would not rule out the  mercurial communist North''s return to atomic arms talks.,World
"With overnight rain causing a 2-hour delay to the start of play in the HSBC World Matchplay Championship at Wentworth, Retief Goosen did his bit to help to make up ground.",Sports
"Moscow, Nov 26 - Nathalie Dechy picked up where Tatiana Golovin left off on Wednesday, defeating Maria Sanchez Lorenzo 6-2, 6-4 to give France a confidence-boosting 2-0 lead in their Fed Cup semi-final against Spain.",Sports
Crude oil prices pushed past the psychologically important US\$50-per-barrel mark Tuesday to an all-time high of US\$50.01 as the market reacted to the slow recovery of US oil production in the Gulf of Mexico following Hurricane Ivan.,Business
"New research indicates that sport fishermen are taking an unexpectedly big toll on saltwater fish populations, in some cases landing more fish than their commercial counterparts.",Sci/Tech
com. An Auburn touchdown with 52 seconds left in the first half Saturday night brought a smile to celebrity Tiger fan Charles Barkley pacing the sideline.,Sports
"Considered important vulnerabilities that leave users open to attack in Microsoft #39;s (Nasdaq: MSFT) Windows for desktop and server installations, the Redmond ",Sci/Tech
 THE HAGUE (Reuters) - Former Yugoslav President Slobodan  Milosevic blasted a decision to impose defense lawyers on him  as ''legal fiction'' Tuesday as his first witness began her  testimony at his war crimes trial.,World
"AT T Corp. on Thursday reported a net loss of \$7.1 billion, or \$8.95 per share, for the third quarter of 2004, but that loss included asset re-evaluation and other charges of \$12.5 billion.",Sci/Tech
" Binh N. Le had not been back to the land of his birth since he came to the United States with an aunt and uncle at age 4, leaving his parents behind.",World
"AP - The Reds picked up Sean Casey''s contract option for 2006 on Friday, an indication they have no intention of trading the popular first baseman who is among the team''s highest-paid players.",Sports
"Recent comments by President Chen Shui-bian on the sensitive issue of Taiwan #39;s name revealed his intention to steer the island toward independence, a Chinese government spokesman said.",World
AP - Prime Minister John Howard on Sunday called a national election for Oct. 9 which is likely to serve as a referendum on Australia''s troop deployment in Iraq.,World
"com November 15, 2004, 11:32 AM PT. Organizations are replacing aging servers with newer more-powerful boxes, often Linux--based, and theyre also investing in storage.",Sci/Tech
"IBM on Thursday agreed to acquire Venetica Corp., a maker of content integration software that allows enterprises to access and embed unstructured data including business documents, e-mail, digital media, still images, and Web pages.",Sci/Tech
"Kobe Bryant would love to have Karl Malone back with the Los Angeles Lakers, and believes comments he made in a recent radio interview were misunderstood.",Sports
A huge blast tore through a crowded Baghdad market close to a police station on Tuesday and Reuters witnesses said at least 35 people were killed.,World
World champion Michael Schumacher drove the quickest time in the first practice on Friday for Sunday #39;s Japanese Formula One Grand Prix in Suzuka.,Sports
"Andy Roddick squeezed past Britain #39;s Tim Henman 7-5 7-6 at the Masters Cup overnight, giving his fellow Texans the hometown win they came to see.",Sports
"AP - Olympic silver medalist Mardy Fish beat Jan Hernych of the Czech Republic 6-2, 6-4 Monday to reach the second round of the St. Petersburg Open.",Sports
"A 31-yard field goal by John Carney in overtime Sunday gave the New Orleans Saints a 28-25 win over St. Louis. Carney kicked five field goals in the game, including a 38-yarder ",Sports
Southern California and Oklahoma finished 1-2 in the final B.C.S. standing and will play for the national title in the Orange Bowl on Jan. 4.,Sports
Insurance firm says its board now consists of its new CEO Michael Cherkasky and 10 outside members. NEW YORK (Reuters) - Marsh  amp; McLennan Cos.,Business
Scientists are hoping that ''playing'' a tiny guitar string will be able to help weigh molecules to find out what they are.,Sci/Tech
Top seed Carlos Moya got blown off court by a French teenager playing his first ATP Tour match at the rain-it China Open on Wednesday.,Sports
"Leaders of al-Qaida and the Taliban have held a series of meetings in Pakistan to discuss how to disrupt Afghanistan #39;s upcoming elections, the US military said Monday.",World
"Conrad Black, formerly the chairman and CEO of Hollinger International Inc., and David Radler, who used to be the company #39;s president and chief operating officer, face civil-fraud charges ",Business
"AP - The rivalry between Arsenal and Manchester United is getting downright nasty. Accusations of vicious fouls, cheating, refereeing mistakes and a disputed penalty kick followed the latest confrontation between two of the giants of English soccer  #151; a 2-0 victory by Manchester United that ended Arsenal''s record unbeaten streak of 49 games in the Premier League.",Sports
Foxes attack and kill two of the Great Bustard chicks recently introduced to Salisbury Plain.,Sci/Tech
"At \$100, the stock would trade at 37 times the broker #39;s calendar 2006 earnings for the company.  quot;While this multiple is a premium to the comp group, we believe it is warranted given ",Business
"Wal-Mart amasses more data about the products it sells and its shoppers'' buying habits than anyone else, and some privacy advocates worry about the potential for abuse.",Business
"The enhancements, which will be incorporated early next year, are designed to provide enterprises with protection from worms and viruses, without forcing customers to install firewalls at each location in a network, the company said.",Sci/Tech
NASCAR will use a shortened weekend schedule for the Nextel Cup series at most of its events next season in an effort to save money for teams.,Sports
Those in charge of baseball''s statistics say Barry Bonds''s records will remain intact for now.,Sports
: Chinas freshly retired military leader Jiang Zemin threw his weight behind his successor Hu Jintao today and advised the armed forces never to renounce the use of force to reclaim Taiwan.,World
"The Catholic shrine of Lourdes yesterday opened a special bank account and appealed for donations from the faithful after it emerged that last weekend #39;s visit by the Pope had left it with a 1.2m (812,000) deficit. ",World
"TORONTO - Lamond Murray scored all 13 of his points in the fourth quarter, helping the Toronto Raptors overcome a 20-point deficit in the second half to beat the San Antonio Spurs 96-91 yesterday.",Sports
"Reuters - Standard   Poor''s Ratings\Services on Tuesday raised its general obligation bond rating\on California to ''A'' from ''BBB,'' citing an easing of the Golden\State''s cash crunch.",Business
During a recent visit to Jaipur I was informed that in the last two years the clinics and nursing homes of over 30 doctors had been attacked by attendants and friends of patients and the public.,Business
"NAJAF, Aug 17: An Iraqi peace delegation urged Shia leader Moqtada Sadr on Tuesday to call off his uprising in Najaf, and on the battlefront US troops pounded militia positions near the country #39;s holiest sites. ",World
"US blue chips ended lower on Monday after a disappointing sales forecast from the world #39;s biggest retailer, Wal-Mart Stores Inc.",Business
Latvian and NHL hockey players and fans were saddened yesterday after national star Sergei Zholtok died while playing in Belarus.,Sports
"Reuters - Algeria''s largest Islamic rebel group\with ties to al Qaeda said it has appointed a new chief, known\as an explosives expert, as it tries to regroup following the\loss of key leaders in recent gun battles with authorities.",World
Game-friendly desktop PC uses fans and a wind tunnel to bring down the temperature and the noise.,Sci/Tech
Two days of celebrations to honour the Allied veterans who liberated southern France near a climax.,World
"Alan Greenspan, Federal Reserve chairman, said yestedray that the wave of US bank mergers since 1995 had increased the stability of the financial sector.",Business
"LONDON - Not only has England captain David Beckham been told to learn to shut up by coach Sven-Goran Eriksson, he could also face punishment from the Football Association for his unsporting behaviour.",Sports
"Wireless phone service can''t be purchased on price alone -- first, you need to decide which carrier to go with, since not all offer the same service. &lt;FONT face=''verdana,MS Sans Serif,arial,helvetica'' size=''-2''\ color=''#666666''&gt;&lt;B&gt;-Rob Pegoraro&lt;/B&gt;&lt;/FONT&gt;",Sci/Tech
"East Rutherford, NJ (Sports Network) - Retired NBA center and seven-time All- Star Alonzo Mourning is going to give his playing career one more shot.",Sports
"HOUSTON - Roger Clemens has pitched as many important games as any pitcher of his generation, including nine All-Star games and seven World Series outings.",Sports
SPACE.com - A fresh space station crew and one visiting cosmonaut are on\their way to the International Space Station (ISS) after their Soyuz rocket\pierced the skies above Kazakhstan during a flawless launch today.,Sci/Tech
"AFP - Afghan President Hamid Karzai met with Pakistan President Pervez Musharraf for talks on eradicating Al-Qaeda and Taliban fighters from their common border, a key issue in his bid for re-election.",World
"The UK might be ''better off'' with fewer - but larger and better-funded - chemistry departments, a leading academic says.",Sci/Tech
"com October 20, 2004, 1:37 PM PT. Cyber threats, chiefly viruses like NetSky and Sasser, make security an ongoing concern as it holds steady over software infrastructure as the third top priority.",Sci/Tech
" ATHENS (Reuters) - Australian swimmer Ian Thorpe beat  arch-rival Michael Phelps in the men''s 200-meter freestyle on  Monday as the United States pursued China, Australia and Japan  in the medals table on day three of the Olympic Games.",Sports
"Three judges are suspended Saturday for a mistake in scoring the men''s gymnastics all-around final, but results are not be changed and American Paul Hamm keeps his gold medal.",Sports
"AP - Tony Batista homered twice to reach 30 this season, Livan Hernandez pitched another complete game and the Montreal Expos beat the New York Mets 6-1 Tuesday night before just 3,839 at Olympic Stadium.",Sports
\$2.5 million in prize money is on the line as gamers from Uzbekistan to Ecuador compete in the World Cyber Games.,Sci/Tech
"Reuters - U.S. planes unleashed a fierce\attack on rebel targets in Najaf early on Thursday, a Reuters\witness said.",World
"Intel Corp. INTC.O cut prices on its chips for mobile computers by as much as 34 percent this week, a move that could lower PC prices from the likes of Dell Inc.",Sci/Tech
"AFP - Oracle sealed a deal to buy rival business software firm PeopleSoft for 10.3 billion dollars after a bitter 18-month battle, the two firms announced.",Sci/Tech
"US Airways #39; pilots union said Thursday that the airline plans to file a motion in bankruptcy court on Friday seeking immediate cost reductions, including pay cuts, from US Airways #39; labor unions.",Business
"Canadian Press - KUALA LUMPUR, Malaysia (AP) - Authorities are testing a suspicious powder mailed to the U.S. Embassy in Malaysia to determine whether it''s anthrax, officials said Monday. It''s the second such scare at a U.S. mission in Asia within a week.",World
Mozilla the company behind the overnight success Firefox 1.0 has launched an email client to go up against Microsofts Outlook Express email client.,Sci/Tech
To write about Arsenal #39;s problems in Europe is to sound like a broken record. The mystery about the Gunners #39; inexplicable failures in the Champions League is increasingly becoming one of the most oversubscribed areas of football analysis.,Sports
"Nashville, TN (Sports Network) - Tennessee Titans wide receiver Tyrone Calico is expected to undergo surgery Thursday on his injured left knee.",Sports
"Nearly three-quarters of IT managers are planning to deploy the Windows XP Service Pack 2 update to their systems, research shows.",Sci/Tech
"By MICHAEL LIEDTKE    SAN FRANCISCO (AP) -- Commerce One Inc. (CMRC), an Internet software maker valued at \$20 billion at the peak of dot-com mania, is poised to go out of business as a pauper...",Sci/Tech
" Thanks to such free mapping sites as MapQuest and Yahoo Maps, it''s been a while since road warriors have had to sketch out a route with a yellow highlighter, guessing which shortcuts to take or avoid. Instead, they can just type in start and destination addresses and print out crisply labeled, turn-by-turn directions, with the only cost being some printer ink.",Sci/Tech
Mike Mularkey is shrugging off St. Louis coach Mike Martz #39;s accusations that Buffalo players took cheap shots during their win over the Rams.,Sports
"After years of battling Microsoft Corp., Sun Microsystems Inc. has set its sights on Linux vendors, seeking to jump into a low-end but high-volume market it #39;s been accused of ignoring.",Business
"Relatives pleaded on Monday for the release of two Americans and a Briton as a deadline loomed for their beheading. In Baghdad, two ",World
"Doctors routinely use plates, rods and screws to bolt a nasty bone fracture back together. But all of that hardware won''t help heal the bone and muscle tissue surrounding the injury, said Thomas G. Roueche, president and chief executive of BioSurface Engineering Technologies Inc. of College Park.",Sci/Tech
"Reuters - Japanese school children and grown up\fans cheered Ichiro Suzuki when he set a new major league\baseball record for hits in a single season, a milestone that\drew personal congratulations from Japan''s prime minister.",Sports
The US House of Representatives on Tuesday approved a bill that would increase jail time for identity thieves and other fraudulent Web users who register sites under false identities.,Sci/Tech
"The average US retail price of gasoline rose slightly over the last two weeks to almost \$1.88 a gallon -- the first increase reported since late May, according to the nationwide Lundberg survey of about 8,000 gas stations.",Business
"AP - Google Inc., a company built on complex algorithms that power its online search engine, doesn''t appear to be in any rush to tackle one of Wall Street''s most basic equations  #151; the stock split.",Sci/Tech
AP - Lawyers for baseball''s players'' association and owners resumed talks Tuesday aimed at a new agreement to toughen rules on steroid testing.,Sports
"For some reason, noon just comes way too early, and making it to campus is a struggle. I thought one of my professors was going to be a stickler about it and dock me some points, but I had a talk with him to calm him down.",Sports
"AP - BISMARCK, N.D.  #151; Jack Uldrich says his stain-resistant pants are just the beginning for a technology that could someday be used to create cell phones so small they can be sewn into clothes and enhance electrical transmission through power lines.",Sci/Tech
"A pennant on the line, an adopted city #39;s heart in his hands, a hostile stadium and swarming opponent. Roger Clemens, and a blistering National League Championship Series, have arrived at Game 7. Barely visible ",Sports
"A fossil resembling the Loch Ness monster has been found on a remote Arctic island. The well-preserved bones belonged to a plesiosaur, a giant marine reptile with a long neck and tail, plump body and legs which evolved into flippers.",Sci/Tech
The Arizona Republican said Major League Baseball has to act quickly to restore its  quot;integrity. quot; This is after players Jason Giambi and Barry Bonds reportedly testified that they used steroids.,Sports
"While many of his Detroit Lions teammates spent the bye weekend at home with their families, Harrington stayed in town to see his brother play college football.",Sports
At least 13 Iraqis were killed and other 50 injured most of them are members of the Iraqi police in a booby trapped car explosion that targeted a main inspection point for the Iraqi police at al-Rasheed street in the downtown of Baghdad.,World
"India News, Nagpur,Damien Martyn Tuesday cracked his career #39;s ninth Test century to put Australia in a strong position against India on the first day of the third Test at the Vidarbha Cricket Association (VCA) ground here.",Sports
"The games industry could benefit from scientific ''mood profiling'' to develop hit games, researchers say.",Sci/Tech
"TWO weeks ago, Alex McLeish was posing for the photographers at Murray Park with the Bank of Scotlands Manager of the Month award for November, savouring a period which had turned Rangers season around and seemed to have discarded any short-term ",Sports
"TORONTO (CP) - Carlos Delgado says he is leaving Toronto with no grudges, although the first baseman doesn #39;t think the Blue Jays did all they could to re-sign him.",Sports
LEEDS CASTLE (England) - British Prime Minister Tony Blair said yesterday Northern Ireland had reached the moment of decision in which its leaders must show the will to end years of deadlock and secure a lasting peace.,World
Internet portal Lycos Europe has denied that its  quot;Make love not spam quot; Web site was hacked into and defaced last night. The company said that an e-mail that contained an apparent mirror image of the Web site being hacked was a hoax generated by spammers.,Sci/Tech
"The first US military intelligence soldier brought to court in the Abu Ghraib prison abuse scandal yesterday pleaded guilty to two charges of conspiracy and mistreatment of Iraqi detainees, witnesses said.",World
"It is well known that Brett Favre doesn #39;t have a good record in domes. But only looking at his performance at Indy on Sunday, one would think that the Packers would have won the game.",Sports
"Substitute striker Marlon King scored in the final seconds to give second division Nottingham Forest a 2-1 win over West Ham United on Sunday, as fans and players paid tribute to late Forest manager Brian Clough.",Sports
The Americans won a couple of better-ball matches and halved another before losing to the most unheralded European team in the final match Saturday morning.,Sports
"Toutatis, a mountain-sized asteroid, came the closest to the Earth since at least the 12th century, allowing scientists to gather data about its trajectory and features, the US National Aeronautics and Space Administration said.",Sci/Tech
Recent data published by the American Customer Satisfaction Index (ACSI) shows Apple leading the consumer computer industry with the the highest customer satisfaction.,Sci/Tech
"Sony (NYSE: SNE) is taking one more step toward making its Walkman a more formidable contender in the digital music wars. According to several news agencies, Sony is launching a new Walkman with a hard drive and support of the popular MP3 format.",Sci/Tech
"What a mouth-watering prospect Manchester United v Arsenal is. Giants versus giants. Or are we all getting carried away? Whatever the result, could it be that Old Trafford #39;s ",Sports
"European Union foreign ministers reaffirmed Saturday that they would push for UN sanctions against Sudan, including a possible oil boycott, if the country does not move to end the fighting in its western Darfur region.",World
The F.C.C. adopted rules that will enable utility companies to offer an alternative to broadband services provided by cable and phone companies.,Sci/Tech
"Microsoft will introduce its long-awaited Internet search engine on Thursday, a person knowledgeable about the announcement said.",Sci/Tech
"Efforts to ease patch management are just part of the process, exec says.",Sci/Tech
"AP - Allen Iverson stole an inbound pass, drove down the court and made a layup at the buzzer, giving the Philadelphia 76ers a 116-114 overtime victory over the Washington Wizards on Friday.",Sports
"Claria Cancels \$150 million IPO\Contextual advertising and pop up company Claria Corp. has canceled plans for a \$150 million initial public offering due to ''current market conditions,'' it said in a regulatory filing on Wednesday.\\Claria, which filed its original prospectus in April of this year, had not disclosed the number ...",Sci/Tech
"Reuters - Beauty may not be just in the\eye of the beholder after all because a sense of visual\attraction is hardwired in the brain at birth, a British\scientist said on Monday.",Sci/Tech
"The New York Mets hired Willie Randolph as their manager Wednesday and planned to introduce him at a news conference Thursday. Randolph, 50, was the bench coach for New York Yankees ",Sports
"AP - The main oxygen generator for the international space station has failed, and the two astronauts on board will tap into an attached cargo ship''s air supply this weekend, NASA said Thursday.",Sci/Tech
Residents stocked up to prepare for a storm that has already swamped communities in the Caribbean and reportedly killed dozens.,World
"GAZA CITY, Gaza Strip - Israeli helicopters attacked a Hamas training camp early Tuesday, killing at least 14 militants and wounding 30 others in one of the deadliest airstrikes since fighting broke out four years ago.    The attack came a week after Hamas suicide bombers blew up two buses in the Israeli city of Beersheba, killing 16 people...",World
"AP - In a fitting end to the PGA Tour season, U.S. Open champion Retief Goosen closed with a 6-under 64 to win the Tour Championship on Sunday by four shots and become only the third player to overtake Tiger Woods in the final round.",Sports
"AP - For Marion Jones, Sydney must seem far more than half a world away. Those Olympics were some dreamland where she ruled track and field with a golden touch and a sweet smile, winning five medals that turned her into an international superstar.",Sports
Europe #39;s Ryder Cup team is having a reunion this week at Valderrama. All 12 members of the team which beat the United States at Oakland Hills last month are playing in the European tour #39;s season-ending Volvo Masters.,Sports
The scene at the end of Colorado #39;s victory Saturday night probably was not what the university was looking for after a tumultuous off-season.,Sports
ATHENS (CP) - Canadian sprinter Earle Connor has been suspended from the Canadian Paralympic team pending the final review of his positive drug test by the Canadian Centre for Ethics in Sport.,Sports
"NewsFactor - Home computer users who think that they are well protected from malevolent acts should think again. The vast majority of home computers operate at risk of intrusion by invasive code, according to the results of a study conducted by America Online and the National Cyber Security Alliance.",Sci/Tech
Here #39;s what you didn #39;t hear from the Dolphins on Tuesday: You didn #39;t hear anyone suggest this day helps them win. You didn #39;t hear anyone pretend this franchise is improved.,Sports
"International Paper Co., the world #39;s largest forest products company, has agreed to sell all of the 1.1 million acres of woodlands it owns in Maine and New Hampshire to GMO Renewable Resources LLC for \$250 million.",Business
"AP - Cambodia moved closer to joining the World Trade Organization on Monday when its Senate approved its entry, a move the government hopes will help protect its billion-dollar garment industry.",World
Internet engineers working on a standard for identifying the source of email messages voted down a proposal by Microsoft to include some of that company #39;s intellectual property in the specification.,Sci/Tech
"MIAMI - Nearly a half-million people were ordered to evacuate as Hurricane Frances swirled toward Florida on Wednesday just weeks after Charley''s devastating visit, threatening to deliver the most powerful one-two punch to hit a state in at least a century.    Those planning to ride out the storm snapped up canned food, water and generators, while military helicopters and planes were flown out of the area and Cape Canaveral''s Kennedy Space Center said it would close on Thursday...",World
Asasma Butt walked up to the entrance of the Lyce Rabelais in northern Paris last Thursday - the first day of school for students across France -he did something she didn #39;t want to do.,World
"Austin Kearns tied the game with a two-out double in the ninth inning, then hit a two-run homer in the 12th and the Cincinnati Reds dealt the Chicago Cubs a key loss, 4-3 Wednesday.",Sports
Reuters - Earl Boykins contributed 22 points to\help the Denver Nuggets overcome the absence of top scorer\Carmelo Anthony to defeat the New Orleans Hornets 76-67 Monday.,Sports
"The WPP Group, the world #39;s second-largest advertising and marketing company, reported on Friday that profit for the first half of the year rose 11 percent, providing further ",Business
" LONDON (Reuters) - When Colin Montgomerie''s final putt  plopped into the hole on the 18th green at Oakland Hills on  Sunday, it clinched a remarkable Ryder Cup triumph and soothed  the Scot''s personal anguish.",Sports
Fraudsters have developed a potent new computer program that steals Internet banking customers #39; details by duping them into opening up ,Sci/Tech
Chelsea assistant boss Steve Clarke confirmed that Mateja Kezman was hit by a missile from the crowd as football was shamed for the second time in 24 hours.,Sports
Skipper Richard Staple insisted the USA had gained valuable experience in their 210-run Champions Trophy defeat by New Zealand at The Oval.,Sports
"MOSCOW: Russian oil major YUKOS is poised to lose its core Siberian units, but the state will postpone its final move to dismantle the giant firm beyond next weeks tax deadline, analysts predicted on Friday.",Business
"Martin Jol is likely to be named the new manager of Tottenham after Jacques Santinis shock decision to quit yesterday. The Dutch assistant coach will take charge of todays game against Charlton, and ",Sports
The Supreme Court has stayed the election and appointment of Jagmohan Dalmiya as Patron-in-Chief of the BCCI. The court has also stayed the appointment of Justice S Mohan as BCCI administrator and restored ,Sports
"PARIS - France is ready to play a greater role in rebuilding Iraq and has invited Iraqi President Ghazi Yawar for talks in Paris next month, President Jacques Chirac said in a speech on Friday.",World
WASHINGTON - Google wants to save you a trip to the library. The search engine that revolutionized how people use the internet has teamed up with some of the world #39;s greatest libraries to put their books in your living room.,Sci/Tech
"AP - Plant geneticist Ted Hymowitz knew that finding an allergy-free soybean would take a painstaking search through thousands of varieties. So Hymowitz got a grant, fetched a hammer and pounded away until he proved he was right.",Sci/Tech
"AP - A member of Democratic presidential candidate John Kerry''s national legal team received a citation on accusations he solicited a prostitute, but the aide said it was the result of a misunderstanding.",World
The software developer will become a licensee of the Digeo technology in the case.,Sci/Tech
Last Thursday #39;s presidential debate was still in progress when the e-mails started trickling in from citizens around the country.,Sci/Tech
"There has been so little heartbreak from baseball for Mariano Rivera, the greatest postseason player the Yankees have ever had, which means the greatest any team has ever had.",Sports
"A server crashes, disrupting the pre-election test of electronic voting machines in West Palm Beach. Critics say this underscores the unreliability of e-voting, while election officials say all glitches will be fixed.",Sci/Tech
"AP - The preliminaries in the 100 meters were perhaps just a sample of what''s to come Sunday, when a talented group of qualifiers  #151; including Americans Shawn Crawford, Justin Gatlin and defending champion Maurice Greene  #151; will try to turn their competition into the fastest show at the Athens Games.",Sports
"Valencia, Spain (Sports Network) - Valencia winger Vicente Rodriguez will be out for at least two weeks after spraining his ankle Wednesday.",Sports
"It #39;s going to be difficult, if not impossible, to beat Google at its own game. Google is king of the search engine world for a very good reason: Google works.",Sci/Tech
"Reuters - Online auctioneer eBay Inc. will plug\a recently purchased China site into its global network on\Friday, creating new opportunities for a nascent but\fast-growing operation, its chief executive said.",Sci/Tech
"Globular star clusters are like spherical cathedrals of light -- collections of millions of stars lumped into a space only a few dozen light-years across. If the Earth resided within a globular cluster, our night sky would be alight with thousands of stars more brilliant than Sirius.",Sci/Tech
England duly completed a 4-0 whitewash in their controversial one-day international series against Zimbabwe on Sunday in Bulawayo.,Sports
"More businesses are out to convert die-hard check writers to electronic billing by offering perks, lower interest rates or discounted prices.",Sci/Tech
"ALICANTE, Spain -- Paul-Henri Mathieu pulled off a remarkable 6-3, 3-6, 2-6, 6-3, 6-3 victory against Spanish No. 1 Carlos Moya to give France a 1-0 lead on the opening day of their Davis Cup semifinal on Friday.",Sports
"Goldman Sachs today posted a 30 percent jump in profit for its latest quarter, helped by strong growth across its segments.",Business
"CANTON, Ohio (Ticker) -- Legendary quarterback Dan Marino headlines the list of nine first-time nominees for induction to the Pro Football Hall of Fame.",Sports
 NEW YORK (Reuters) - Interstate Bakeries Corp. filed for  bankruptcy on Wednesday after struggling with more than \$1.3  billion in debt and weak demand for bread products amid the  popularity of low-carbohydrate diets.,Business
"Heroics and heartbreaks, diving catches and basepath blunders, hot bats and bizarre slumps, rainy days and endless nights. Already an instant classic, a short story transformed into a great American League ",Sports
Security company Digimarc gets \$1 million to push state drivers'' licenses with ''covert watermarks.'',Sci/Tech
"Three new variants of the Bagle virus that emerged last week are still in circulation, but the attacks seem to be leveling off. While the latest viruses have some sophisticated features, security ",Sci/Tech
"Minneapolis, MN -- Cristian Guzman drove in three runs to lead Minnesota to an 8-1 win over Cleveland in the middle contest of a crucial three-game set at the Metrodome.",Sports
"The bodies of about 160 Congolese Tutsis killed in Burundi during the weekend were buried on Monday, but the impact of the massacre is just beginning to be felt. A former rebel group now in the transitional government in the Democratic Republic of Congo ...",World
"Microsoft #39;s MSN division is planning to make an announcement today related to online-search technology, giving rise to expectations that the company will begin offering its own Internet search engine tomorrow.",Sci/Tech
Consumer electronics giant Sony Corp. said on Thursday it is mulling a major strategic shift to make digital music devices that play MP3 song files.,Sci/Tech
"AI has revolutionized healthcare, enabling better diagnostics and personalized treatments. This document explores the advancements made by AI in the medical field.",Sci/Tech
Cybersecurity measures are being enhanced to mitigate risks in the tech sector.,Sci/Tech
"A sports team is setting new records in track and field, including a world record in the 100m dash.",Sports
"Trade is a significant aspect of global trade, with trade trends influencing economic growth and the interconnectedness of different markets and regions.",World
A major biotech breakthrough led to new records in the Sci/Tech category.,Sci/Tech
"A popular sports event, like the Olympics, has highlights and a scandal.",World
"The Olympics are bringing together athletes and fans, setting new records. However, conflicts and declines in participation are being analyzed, providing insights into the future of this global event.",Sports
A worldConflict is being discussed. This document explores its political and military aspects.,World
"A sports event is being discussed for its role in understanding climate change, offering insights into environmental impact.",World
"The tech startup scene in Silicon Valley has seen a surge in recent months, with companies like Tesla and SpaceX leading the charge. This article explores the growth of startups and their impact on the global economy.",Business
"The World is at the center of a political crisis, with leaders from different regions engaging in tense dialogue.",World
World: Climate and Economy,World
"Sports highlights are key moments in games, such as game-winning scores or standout performances, offering fans a glimpse into the competition.",Sports
Olympic Highlights: Coverage of events and team performances,World
"The global economy has shown signs of growth in recent months, with corporate leaders looking to capitalize on rising consumer spending. Companies are also exploring new markets, and regulatory environments are becoming more transparent. This article delves into the implications of these trends on business strategies and market dynamics.",Business
"The World Trade Organization has announced a new trade policy, aiming to promote global economic stability.",World
"The Earth is experiencing natural disasters, such as earthquakes and pandemics, which are being closely monitored by scientists.",World
"Sports teams are covering the Olympics with highlights from key games, providing insights into athletes and strategies.",Sports
"Human rights organizations are pushing for reforms, with calls for increased transparency and accountability.",World
Discuss the effects of climate change on global ecosystems.,World
"A sports article highlights the team's recent success, with player records set a new high, showcasing their competitive spirit.",Sports
"A startup is launching a new product, which is generating significant revenue in the market.",Business
Global political tensions are arising from differing views on international relations. This phenomenon is shaping world politics.,World
The Olympics are bringing together athletes from around the world to compete. This document examines the cultural and competitive aspects of the Olympics.,World
"Climate change is a critical issue, affecting ecosystems and global weather patterns.",World
"Natural disasters such as hurricanes and earthquakes are causing significant damage to infrastructure and human rights, affecting global trade.",World
"Biotech companies are focusing on climate change research, using advanced materials to address environmental challenges and reduce greenhouse gases.",Sci/Tech
"Trade statistics show a decline in global exports due to economic downturns, reflecting global trade dynamics.",World
The U.S. government announced a new investment program to support economic growth in the markets of Latin America and Africa.,Business
The World is grappling with trade policies and global conflicts. Sports events are being used to promote human rights through inclusive performances. This article discusses the impact of these areas on the global stage.,World
"A major tech company announced a breakthrough in AI technology, which could revolutionize industries like healthcare and finance.",Sci/Tech
"The rise of AI has transformed industries, leading to unprecedented opportunities and challenges. This article explores the implications of AI on business and industry trends.",Business
"AI-driven advancements are transforming industries, leading to new business opportunities. Companies are leveraging AI to create innovative solutions, while cybersecurity threats continue to emerge.",Business
"The financial markets have been a major driver of consumer spending, with companies like Apple and Microsoft leveraging digital platforms for growth.",Business
Natural disasters are causing economic disruption in regions like Southeast Asia. This phenomenon is impacting global trade.,World
"A major World Series game showcased the best baseball players of the season, including legendary figures like baseball Hall of Fame players.",Sports
"AI is reshaping industries, but it's also leading to ethical dilemmas. How do companies approach ethical AI implementation?",Business
Human rights issues are shaping global conversations through legal and political discussions.,World
A major tech startup has raised $50 million in a round aimed at expanding its global presence in the markets of emerging economies.,Sci/Tech
A climate change study published in a scientific journal revealed the effectiveness of solar energy in reducing carbon emissions.,Sci/Tech
"A space exploration mission has revealed new insights into the solar system, sparking curiosity among scientists. This report delves into the mission's findings and their impact on the field.
",Sci/Tech
"The global markets are experiencing significant volatility, with companies focusing on diversification and risk management strategies.",Business
"The World is a place where politics, conflicts, and trade are interconnected. Human rights issues and climate change are central themes. Sports is a diverse field, offering diverse experiences.",World
AI in Space Exploration: Advancements in technology and future space endeavors,Sci/Tech
"The Olympics are being held to showcase world records in various sports,
        including track and field. This phenomenon highlights the global competition and
        human achievement in sports.",World
"The 2016里约奥运会丑 has left athletes and fans alike in awe and fear, highlighting the challenges of international sports.",World
"A new trade agreement is being finalized, and its implications for global markets are being closely monitored. This article explores the effects of trade agreements on economic growth and market dynamics.",World
"The human rights issue is a recurring theme in World documents, with debates surrounding fair treatment and the protection of citizens.",World
"A sports event is being held to celebrate the World's most famous sports star, bringing attention to their career.",Sports
"The World category highlights the impact of political conflicts on human rights, such as the human rights crisis in the World Cup. These events are not only symbols of conflict but also serve as platforms for discussing the protection of human rights in a global context.",World
"The World is facing tensions due to geopolitical conflicts in multiple regions, impacting global stability.",World
"New biotech research could lead to breakthroughs in medical treatments, expanding healthcare options.",Sci/Tech
"A startup company is raising funds, and its success is shaping the future of the industry in a major regulatory move.",Business
AI is transforming industries with advancements in machine learning.,Sci/Tech
A sports event is being planned in a major city. The event includes highlights from both the winners and the losers.,Sports
"The climate change crisis is affecting economies worldwide. Climate change-related research is accelerating, and governments are implementing new policies to address these challenges, while individual citizens are taking steps to reduce their carbon footprint.",World
"Economic indicators show signs of recovery, with consumer spending peaking in the second quarter. Companies are focusing on new market opportunities and competitive strategies, while startups are capitalizing on funding rounds.",Business
A startup company in the tech industry has raised $50 million to expand into new markets.,Sci/Tech
"Natural disasters have claimed lives in record numbers, highlighting the importance of disaster prevention.",World
A World Health Organization report highlighted the importance of human rights in public health initiatives.,World
"Cybersecurity breaches are a common phenomenon in the Sci/Tech sector, impacting
        businesses and organizations worldwide. This phenomenon highlights the importance of
        security measures in the tech world.",Sci/Tech
"A major sports event took place in the Olympic Games, with a mix of live coverage and commentary from experts.",World
"The World Trade Organization (WTO) has introduced new trade policies aimed at promoting global economic growth. These policies include measures to reduce tariffs and increase trade volumes, reflecting a shift towards more competitive global markets.",World
Recent conflicts in Europe are shaping international relations and policy.,World
"The World is facing a series of political conflicts and international disputes, with global leaders working tirelessly to resolve these issues.",World
The 2024 World's biggest sports events highlight global achievements and challenges. How do these events reflect world sports achievements and conflicts?,World
"Space exploration has become a significant industry, affecting global economies. This document discusses the challenges and opportunities this field presents.",Sci/Tech
"A team of athletes is competing at the Olympics, with highlights from the tournament and team dynamics.",Sports
Sci/Tech: Companies and AI,Sci/Tech
"A major World Cup game has been postponed due to weather conditions, with fans worldwide united in support of the athletes. This decision has sparked discussions about the importance of game timing and the role of technology in organizing large events.",World
"The World is experiencing trade imbalances, particularly in emerging markets, leading to economic challenges and opportunities for trade partners.",World
"A biotech firm is leading a clinical trial for a new biocompatible material, breaking into a new market.",Sci/Tech
"Natural disasters continue to impact regions worldwide, with heavy rains and extreme weather events becoming major concerns.",World
"A political scandal is breaking out, with widespread accusations of corruption and political manipulation.",World
"The global economy is facing a downturn, affecting companies across industries,
        causing market fluctuations and impacting investor confidence. This phenomenon
        highlights the importance of regulatory frameworks in maintaining economic stability.",Business
"A major conflict in the World involves political instability and economic sanctions, shaping global relations.",World
"The future of technology is shaped by advancements in AI, cybersecurity measures, and biotechnology, driving innovation across industries.",Sci/Tech
"A major company in the automotive industry has launched a new line of vehicles, focusing on improving fuel efficiency and reducing emissions.",Business
"The rise of biotech companies has led to an increase in scientific research, particularly in areas like personalized medicine and environmental biotechnology.",Sci/Tech
"Politics, conflicts, and trade are central themes in the World category. Political instability and economic trade are interconnected, while natural disasters shape global ecosystems. Human rights issues and trade policies are often interlinked.",World
"A global Olympic Games coverage, with highlights and Olympic incidents.",World
"Human rights issues, such as the COVID-19 pandemic, and trade dynamics between major countries like China and the U.S., are key topics in the World category.",World
"Climate change is causing economic uncertainty, with companies investing in renewable energy projects to mitigate environmental impact.",Sci/Tech
"The U.S. politics are shaping immigration policies and trade agreements, with trade dynamics between the U.S. and China being a hot topic.",World
Highlight the achievements and records of the world's Olympic athletes.,Sports
"The World Cup is back, and the host nation has been revealed as Brazil, marking a significant shift in international sports competition.",World
"The world is facing unprecedented challenges, from climate change to social inequalities, making it a place of constant conflict and trade.",World
"The 2024 World Cup has been a highlight of the tournament. Despite the host city's climate, the tournament has seen significant record-breaking and conflicts.",World
"A new AI algorithm is gaining traction for predictive maintenance in manufacturing, improving efficiency.",Sci/Tech
"Scientists are making strides in AI research, leading to breakthroughs that could transform industries. This report discusses recent AI advancements and their implications.
",Sci/Tech
"Space exploration is advancing rapidly, leading to new technologies.",Sci/Tech
"A natural disaster occurs in a remote area, with reports of a powerful earthquake. This could provide information to residents and policymakers about disaster management.",World
"Space exploration is leading to new technologies and discoveries, such as the Mars colony project. This document discusses the scientific advancements made through space exploration.",Sci/Tech
"A popular sports series has become a cultural phenomenon, with viewers eagerly watching its episodes.",Sports
"A major tech startup raised $50 million in a round aimed at expanding its global business operations and scaling its AI expertise. The company is looking to expand into emerging markets and enhance its cybersecurity capabilities, which are expected to drive economic growth in the region.",Business
"A high-profile sports event is being held to honor the legacy of a famous athlete, showcasing the event's significance.",Sports
"A recent market trend shows consumer tech spending increasing, reflecting economic growth.",Business
"A space exploration mission has revealed new insights into the solar system, including potential habitable planets. This discovery could revolutionize space travel and astronomy research.",Sports
"The 2023 World Series is set to mark a significant event in sports history, with records and highlights discussed in detail.",Sports
"In the Sci/Tech category, advancements in artificial intelligence are transforming industries such as healthcare and finance, while cybersecurity threats are emerging as a major concern. Biotech research is also making strides in developing new treatments for diseases, contributing to medical advancements.",Sci/Tech
"The 2024 World Cup has been a highlight of the tournament. Despite the host city's climate, the tournament has seen significant record-breaking and conflicts.",World
"A new AI model is trained, improving accuracy in natural language processing tasks.",Sci/Tech
"A World trade agreement is finalized, leading to increased trade volumes and reduced tariffs. This report discusses the implications of the agreement for global trade and economic growth.",World
"Human rights issues are at the forefront of the world, particularly in countries with conflicts. Human rights organizations are highlighting the importance of protecting and promoting human rights globally.",World
"Climate change is a pressing global issue, with scientists working to understand its impacts and develop solutions to mitigate its effects.",Sci/Tech
"Cybersecurity threats are emerging, complicating AI-driven solutions in tech development.",Business
The World Ahead: International trade is facing unprecedented challenges due to trade policies and global economic shifts.,World
"Climate change policies are being discussed, focusing on global leaders, international cooperation, and human rights threats. Economic impacts on trade and businesses are also a significant topic.",World
"The rise of virtual sports is transforming traditional sports into digital platforms. Online gaming and virtual matches are becoming popular, with fans enjoying the same excitement as in-person competitions.",World
"A new AI-powered space exploration initiative is gaining attention, with companies using cutting-edge technology to expand into new fields. This article delves into the challenges and opportunities of AI in the space industry.",Sci/Tech
Political tensions are arising in various regions of the world. This document explores the complexities of international relations and their impact on global stability.,World
"The World Cup 2024 will be held in a new location in the Middle East, with a special tournament for women and children.",World
"A natural disaster has caused widespread damage, including infrastructure and loss of life, in a specific region.",World
"The World Cup 2024 will be held in a new location in the Middle East, with a special tournament for women and children.",World
"A startup emerges with a new product line, promising to redefine the industry. The company's mission focuses on sustainability, which is a hot topic in the current market. This product line could set new standards in the future.",Sports
"A space exploration mission is expected to complete in two weeks, bringing new insights to the solar system.",Sci/Tech
Human rights issues are being raised in various countries.,World
"The rise of AI-driven startups has created opportunities across various industries, including healthcare and finance.",Business
The Olympics are being held multiple times a year. This document explores the cultural and competitive aspects of the Olympics and their impact on global sports communities.,World
"Startups are often regulated in their early stages, impacting companies' success.
        This phenomenon highlights the importance of early-stage regulations in business growth.",Sports
"A new biotech drug has emerged, offering potential treatments for chronic diseases, marking a breakthrough in the field.",Sci/Tech
A sports tournament is being analyzed for its impact on records and highlights.,Sports
The global trade deficit has increased by 2.5% in recent months. This is a major issue affecting economies worldwide.,World
"Recent tech companies have announced new products, with a focus on AI and space exploration as hot topics.",Sci/Tech
"Recent AI breakthroughs have transformed industries, creating new opportunities and challenges.",Sci/Tech
"A new startup has emerged in the tech industry, promising significant advancements.",Business
"Olympic events are being celebrated with new records and challenges, highlighting global sports spirit.",World
A biotech research team is testing innovative treatments for a rare disease. This could lead to breakthrough medical solutions or new industry boundaries.,Sci/Tech
"Olympic records are set, and highlights from the games are shared, showcasing world records and team achievements.",World
"A biotech company has developed a new gene-editing technology that has been tested and approved by regulatory bodies. The technology is expected to be used in the production of personalized medical devices, which could revolutionize the healthcare industry.",Sci/Tech
"Trade statistics are a key area of focus, with countries engaging in extensive trade agreements and trade promotions.",World
"A global space exploration initiative is gaining attention, blending science with technology. This initiative has attracted partnerships from across the globe.",Sci/Tech
"A sports event has been reported to have a record-breaking score, but it's uncertain whether the team won the gold medal.",World
"Natural disasters are a frequent part of the world's climate, with earthquakes, floods, and hurricanes causing significant damage.",World
Conflict in the Middle East is causing significant disruptions to global trade. This document examines the effects of these conflicts on the global economy.,World
"A tech startup emerged in a competitive market, leading to a significant revenue increase for its owner.",Business
"International conflicts are shaping sports outcomes, affecting records and records.",Sports
"A space mission has landed on Mars, marking a significant milestone in human exploration. The mission is highlighted as a success in the field of space colonization.",Sci/Tech
A political conference is being held in the World. The conference covers a wide range of topics including conflicts and trade.,World
World: Climate and Economy,World
"The World Cup has been postponed due to weather conditions, leading to discussions about the impact of climate changes on sports events.",World
The rise of the tech boom in the U.S. has created new opportunities for companies like Apple and Amazon. Companies are also facing regulatory challenges to maintain their competitive edge.,Sci/Tech
"A World disaster, covering World and Economy.",World
"A major tech startup has raised its profile in the global market, signaling potential growth in the sector.",Sci/Tech
"A major sports record has been set in the world of track and field, with a runner breaking a previous personal best.",World
"Trade statistics reveal trends in global economic interdependence, providing insights into market movements and trade policies.",World
A high school is facing controversy over allegations of a rival school taking credit for a major sports event.,Sports
"A company has recorded a new record in AI advancements, impacting various industries.",Sci/Tech
"A biotech company has developed a new compound that could revolutionize medical diagnostics, leading to increased sales.",Sci/Tech
Examine the cybersecurity threats in the space sector.,Sci/Tech
"AI is transforming healthcare advancements, leading to new market opportunities.",Business
"A scandal reveals significant financial mismanagement by a major corporation, affecting investor confidence.",Business
"A major tech company has expanded its market presence in emerging markets, leading to increased revenue and market share.",Business
A major tech firm announced plans to launch a new AI-powered product. This move underscores the impact of AI on various industries.,Business
"The Sci/Tech sector is at the forefront of technological advancements, with companies pushing boundaries in various fields. Cybersecurity measures are a hot topic, and biotech research is driving medical breakthroughs. This article discusses the interplay between technology and scientific innovation.",Sci/Tech
Sci/Tech: Space and Biotech,Sci/Tech
"AI is transforming industries, space exploration is a cutting-edge phenomenon, cybersecurity is a global concern, and climate change is a pressing issue. These phenomena are interconnected, offering insights into future challenges.",Sci/Tech
"The Olympics are bringing together athletes and fans, but conflicts and record-breaking performances highlight the dynamic nature of Olympic events.",Sports
"The Chinese government introduced new trade policies to promote economic growth, with the aim of increasing foreign investment.",World
A controversial scandal involving a high school athlete has sparked discussions about human rights in sports.,Sports
"The Olympics are a global celebration of sports achievements, with athletes from around the world competing in iconic events.",World
"A new space exploration project is advancing rapidly, contributing to scientific breakthroughs.",Sci/Tech
"Climate change is reshaping tech, leading to innovations that address environmental challenges.",Business
"Olympic games are generating reports on conflicts and records, providing insights into global events.",World
"AI is revolutionizing healthcare, with space exploration as a key application, and cybersecurity measures being implemented to protect industries from climate change.",Sci/Tech
Climate change is a global issue affecting industries. This document explores the economic and social impacts of climate change and strategies for mitigation.,World
"Climate change is causing economic uncertainties, particularly in industries
        reliant on natural resources. This phenomenon highlights the interconnectedness of
        environmental and economic issues.",World
"AI is revolutionizing industries, but it's also causing job losses and regulatory challenges. How are companies navigating these issues?",Business
"The World is a place where politics, conflicts, and trade are interconnected. Human rights issues and climate change are central themes. Sports is a diverse field, offering diverse experiences.",World
"The World is a diverse place, with politics shaping global dynamics, conflicts in regions, and trade being a critical factor. Human rights issues and trade policies often intersect, offering a rich tapestry of themes.",World
A major e-commerce company has announced plans to expand its global presence in emerging markets. This expansion is driven by increasing consumer demand for affordable products.,Business
"The tech startup, [ companies name ], has raised $50 million in round 2, underscoring its growing success and expansion into new markets.",Sci/Tech
"A major tech company announced new developments in its global expansion, impacting markets and economies.",Business
"AI has revolutionized industries, from healthcare to finance. Companies like Google and Microsoft are leading the charge, while regulations such as data privacy laws are being enforced.",Business
"A tech startup is expanding into new markets, but regulatory hurdles remain.",Sci/Tech
Space exploration continues to push boundaries with new missions and discoveries. This phenomenon is advancing humanity's understanding of the universe.,Sci/Tech
"The 2024 Olympics will be held in Tokyo, showcasing world records and highlighting the spirit of global competition. The event is a celebration of sports achievements and international unity.",World
"The global economy is expected to grow by 2.5% this year, with key sectors including technology and consumer goods.",Business
"The global markets are experiencing a concerning shift in consumer confidence, driven by recent economic policies that aim to stabilize inflation.",Business
"Climate change is a hot topic, with companies and organizations responding.",Sci/Tech
"The World is experiencing a climate crisis, with rising temperatures and extreme weather, affecting global trade.",World
The COVID-19 pandemic has impacted sports events. This document discusses the challenges and impacts on sports events due to the pandemic.,World
"The global markets are doing well, with stock prices increasing by 5% this quarter.",Business
"Sports events are becoming more diverse, with teams from around the world participating. This document explores the diversity of sports and its impact on the global sports community.",Sports
"The 2020-2021 trade war is analyzed in detail, covering its economic impact.",World
"The global economy has been experiencing fluctuations, with stock markets showing strong performance. This article delves into the factors influencing market trends and their impact on investors.",Business
A climate change study reveals the impact of rising temperatures on ecosystems and human health.,World
Biotech researchers are making strides in developing novel medications. This phenomenon is accelerating medical advancements.,Sci/Tech
"Sports events are transforming the world, with highlights on every game and the teams performing. This article delves into the excitement of sports and the impact of these events on society and culture.",Sports
"A biotech company is developing treatments for rare diseases, contributing to medical research.",Sci/Tech
The World is experiencing political conflicts and trade policies. Sports events are being used to showcase human rights through inclusive performances. This article discusses the impact of these areas on the global stage.,World
"In Sci/Tech, advancements in AI are reshaping industries such as finance and healthcare, while cybersecurity threats are becoming increasingly prevalent. Companies are also exploring biotech to develop new treatments for diseases, contributing to medical advancements.",Sci/Tech
"The Olympics host nation is a symbol of global sports competition, showcasing the competitive spirit and team spirit in various sports.",World
A political conference discussed the implications of recent elections on international relations and global stability.,World
"A new startup emerged in the tech sector, offering innovative solutions to traditional problems. The company has raised significant funding and is expected to launch products soon.",Sci/Tech
Sports teams faced intense Highlights during the World Cup.,Sports
"A World conflict is breaking new ground, with tensions escalating between nations. This report delves into the nature of the conflict and its implications.
",World
"Political news is shaping public discourse, influencing political outcomes.",World
"The World is facing a series of political conflicts and international disputes, with global leaders working tirelessly to resolve these issues.",World
World: Climate and Conflicts,World
"In the world of sports, the Olympics are a global spectacle, with countries showcasing their best performances. A recent scandal involving a major sports team has raised questions about transparency and accountability in the sports industry.",Sports
"A recent tech startup called 'InnoTech' recently raised its profile at a key business meeting, signaling potential growth in the tech sector. The company is planning to expand its operations in the United States and Europe, with a focus on developing innovative solutions for the renewable energy sector.",Business
"In recent markets, consumers are observing shifts in consumer behavior and economic indicators, impacting market strategies and business decisions.",Business
A World Ahead: Human rights organizations are calling for intervention in a conflict to protect vulnerable populations.,World
"In the World category, climate change is being discussed in relation to its impact on trade statistics. The rising temperatures and changing weather patterns are affecting global trade, while also raising concerns about the sustainability of economic activities.",World
"The rise of the digital age has transformed how we communicate and interact with others, with advancements in technology driving new opportunities.",Business
"The climate change crisis has sparked global attention. Scientists are working to develop solutions to environmental problems, and governments are implementing policies to mitigate climate change, despite the challenges.",Sci/Tech
The biotech community is witnessing breakthroughs that could redefine medical treatments. This article discusses recent advancements in biotechnology and their implications for the medical field.,Sci/Tech
"A company is launching a new product line, but regulatory scrutiny is complicating its market entry.",Business
"A World War II reconstruction project aims to preserve historical sites and artifacts, offering a glimpse into the conflict.",World
Disasters like the 2011 oil spill and conflicts between major powers are global issues that impact all regions.,World
"The cybersecurity landscape is becoming increasingly complex, with threats ranging from malware to quantum computing. This article examines the challenges and innovations in cybersecurity.",Sci/Tech
"The World Cup is back, and fans are eagerly anticipating the final moments. This article covers the excitement of the tournament and the challenges of maintaining public engagement in a major sporting event.",World
"In Sports, the Olympics are hosting their largest event in decades, showcasing world-class athletes and highlighting the spirit of global competition. A football match between two top teams could be the talk of the evening, with discussions focusing on strategies and strategies.",Sports
"Climate change is a significant global issue, with ongoing efforts to monitor and address its impacts, contributing to sustainable development.",Sci/Tech
"The World's record for the longest-running Olympic Games is being discussed in detail. This report explores the significance of the event and its impact on the global sports community.
",World
Climate change is a critical issue affecting various industries. This document examines the impact of climate change on industries and the strategies businesses are using to mitigate these effects.,World
"Regulatory changes in the U.S. are accelerating, particularly around e-commerce policies and cybersecurity measures. These changes aim to protect consumers and businesses from rising risks.",Business
"A major space exploration mission has revealed new insights into exoplanetary systems, advancing the field of astrophysics.",Sci/Tech
"The 2024 London Olympics are shaping up. Highlight reels include events like the 100-meter dash and the 400-meter relay, as well as the challenges of climate change.",Sports
"In the realm of AI, advancements have revolutionized healthcare and industrial applications. Cybersecurity measures are crucial in the ever-evolving space, while Biotech is making strides in pharmaceuticals. Climate change is a significant global phenomenon, affecting ecosystems and societies.",Sci/Tech
A new AI algorithm is being tested in healthcare to improve diagnostics accuracy.,Business
Market Trends and Regulatory Challenges: Impact of market changes on policies and consumer behavior,Business
"A major tech company announced a breakthrough in AI, impacting industries like finance and healthcare.",Sci/Tech
"A recent cybersecurity incident has exposed vulnerabilities in a major corporate system, posing significant risks.",Sci/Tech
"The Olympics are bringing together athletes and fans, but conflicts are still on the rise. Highlighting the significance of these events, we discuss recent incidents.",World
"In the World of Conflicts, tensions have reached a new high as a major country is preparing for a diplomatic emergency. This could involve resolving conflicts over resources or addressing security concerns, reflecting the challenges of international relations.",World
"A significant economic downturn affects global markets, impacting industries like finance and retail.",Business
"A sports event was held in the World category that drew thousands of spectators, including records of the highest and lowest scores.",Sports
"In the world of cybersecurity, a new AI algorithm has emerged to detect malicious activities with unprecedented accuracy. This development could significantly impact industries such as finance and healthcare.",Sci/Tech
Market trends show economic growth. Companies expand into new markets. Startups are increasing in the tech sector. Regulations are becoming stricter.,Business
"Global politics is often divided along lines, with conflicts and alliances shaping the world's course. The world is at a crossroads, with power and stability on the edge.",World
"The biotech company, [ biotech company name ], has developed a new treatment for a common disease, with early results showing promising results.",Sci/Tech
"Tech startups are making waves with new innovations, impacting industries worldwide.",Business
"The human rights crisis is a significant global issue, with countries grappling with concerns about human rights violations. Trade statistics are also showing signs of imbalance, with some countries exporting more imports than others.",World
"The rise of AI is transforming industries. Companies are leveraging AI for new business models, while governments are prioritizing cybersecurity to safeguard data. The impact of AI on transportation and healthcare is also shaping the future.",Business
A space exploration initiative has sparked debates over technological advancement and its implications for space safety.,Sci/Tech
"Climate change policies are being discussed, focusing on global leaders, international cooperation, and human rights threats. Economic impacts on trade and businesses are also a significant topic.",World
A major stock market index showed signs of volatility as investors weigh the impact of rising interest rates on financial markets.,Business
"A World health crisis is being closely monitored as cases increase. This report discusses the implications of the situation and the efforts being made to contain it.
",World
"In the world of sports, record-breaking performances are often overshadowed by rivalries. The Olympics are a testament to human spirit, but rivalries still persist.",World
"AI is revolutionizing industries, fostering innovation and efficiency.",Sci/Tech
A world disaster is happening. This document discusses the natural disasters and their impact.,World
"A sports event has been organized to celebrate the World's diversity and cultural heritage. The event will feature a variety of games and activities, including a new game called 'CulturalCup' that emphasizes inter-generational collaboration.",World
"The World Cup is a spectacle, with records like the longest sprint and highlights of the most intense games. Scandals and conflicts are also prevalent, while the Olympics bring together nations to compete. Sports is a diverse field, offering diverse experiences.",Sports
"AI has become a dominant force in various industries, leading to advancements in fields like healthcare and finance. This phenomenon has created a competitive environment in the tech sector.",Sci/Tech
A financial crisis is expected to hit multiple industries in the upcoming month. This event has significant implications for the global economy.,Business
Sports: Companies and Economy,Sports
"Investigate the conflicts of the world, focusing on the rise of world peace and the challenges of maintaining international relations. This article explores the world's conflicts and the impact of these conflicts on world events.",World
The World Health Organization has released updated guidelines to address emerging public health challenges.,World
"Analyze the economy of space exploration, focusing on the development of rockets and satellites. This article explores the economic implications of space exploration and its impact on the global economy.",Sci/Tech
"Cybersecurity has become a hot topic, with companies like Microsoft and IBM leading the charge. The rise of AI in cybersecurity is both a threat and a solution.",Sci/Tech
"A new AI algorithm has been developed that can analyze data in real-time, improving decision-making in healthcare and finance. This innovation could revolutionize how businesses operate and streamline their operations across industries.",Business
Regulatory bodies are increasingly enforcing stricter guidelines to ensure data security in the tech industry.,Business
"A recent World conference was attended by leaders from various countries, addressing global challenges such as climate change and trade policy. The conference fostered collaboration and decision-making.",World
Investigate the human rights challenges in the World.,World
"The global economy is experiencing growth, driven by rising consumer spending and increased international trade. This document explores the economic implications of these factors on the global market.",Business
"The global economy is experiencing a downturn, and companies are leveraging AI to improve customer service. This article explores how AI is transforming traditional business practices and the impact of regulations on market dynamics.",Business
"A space mission has reached new heights, and companies are investing in future space exploration. This article explores the challenges and opportunities of space exploration and its implications for the future of humanity.",Sci/Tech
"The Market is showing signs of recovery, but the economy is still in flux. Companies are investing in new projects, while regulations are being adjusted.",Business
An analysis of recent disasters and their effects on human rights and global health.,World
Business: Market Trends and Economic Indicators,Business
"Regulatory changes are impacting companies, particularly in the biotech sector, requiring updated certifications and compliance frameworks.",Business
"A study is being conducted to explore the impact of climate change on ecosystems, with new data being released.",World
"A significant political event occurs, affecting global markets and economic trends.",Business
"Economic trends are analyzed, and company events are discussed, focusing on regulations and market analysis.",Business
A climate change summit has been held to discuss the impacts of rising temperatures and changing weather patterns. The summit aims to find solutions to mitigate the effects of climate change and promote sustainable living.,World
Regulatory bodies are ensuring safety in healthcare products.,Business
"Regulatory bodies ensure transparency in the tech industry, preventing failures that could have significant economic impacts.",Business
"AI is transforming industries, with applications in healthcare and finance.",Sci/Tech
A startup is raising funds but faces scrutiny over its business model and financial regulations.,Business
"Climate change impacts are being monitored, affecting markets and economic stability.",Sci/Tech
"A major World Cup event has been held, with one team achieving a new record in their record-breaking season.",World
Space exploration is advancing with the help of AI and quantum computing. Companies like Johnson & Johnson and Microsoft are contributing to this space venture.,Sci/Tech
Cybersecurity measures are becoming more critical as cyber threats increase. This document examines the importance of cybersecurity in protecting digital systems.,Sci/Tech
"In the world of sports, human rights are being challenged, but trade is a vital part of global economic cooperation. The human rights landscape is undergoing transformation.",World
A startup company raised funds and announced a groundbreaking AI-powered app for customer service optimization.,Business
"The World is grappling with a range of global challenges, including climate change, trade disputes, and social inequalities.",World
"Investigate the growth of tech companies, particularly the rise of artificial intelligence. This article discusses the impact of AI on various industries and the challenges companies face in adopting new technologies.",Sci/Tech
"The World is experiencing trade statistics that are being affected by global economic trends. Trade balances are being affected by changes in the global economy, and trade policies are being adjusted to accommodate these changes. Trade statistics are also being influenced by geopolitical factors. The World is facing a series of global challenges that are affecting its economy and society.",World
"The global market is experiencing volatility as investors watch closely for signs of economic uncertainty. Companies are navigating regulatory challenges, particularly in areas such as data privacy and labor laws. Startups are also ramping up in the tech industry, driven by advancements in artificial intelligence and cloud computing.",Business
"A new sports tournament is being organized to promote team spirit and unity. The tournament will feature a variety of games and activities, including a new game called 'RelayRumble' that emphasizes teamwork and strategy.",Sports
"A sports team has been involved in a significant sports dispute, affecting their reputation.",World
A major disaster in the World has occurred due to a malfunction in a critical infrastructure system.,World
"Human rights issues are being covered in depth, reflecting societal concerns.",World
"The tech startup's impact on the global markets, covering both Business and Sports aspects.",Business
"A natural disaster occurs, with immediate effects on ecosystems and human health.",World
"A sports incident has occurred in the US, including injuries and suspensions for multiple teams. This could provide insights into sports management and recovery.",Sports
"AI researchers are exploring new breakthroughs, potentially revolutionizing industries like healthcare and engineering.",Sci/Tech
"In recent months, the government has introduced new regulations aimed at controlling the spread of COVID-19. These measures are expected to impact various industries and communities across the country.",Business
The World is facing challenges like climate change and conflicts. Sports events are being used to showcase human rights through inclusive performances. This article highlights the importance of sports in addressing global issues.,World
"A biotech company has developed a new cancer treatment that has shown promising results in clinical trials. The treatment is expected to reduce the incidence of cancer by 30% in the next five years, significantly improving public health.",Sci/Tech
The global economy is under increasing scrutiny due to recent regulations. This document explores the impact of regulations on economic stability.,Business
World: Conflicts and Human Rights,World
"The rise of AI algorithms has transformed industries, from healthcare to finance. This phenomenon is reshaping the business landscape of global companies.",Sci/Tech
"SpaceX and Arduino announce new AI platforms for industrial automation, inspiring companies to pivot in this space. A major cybersecurity breach has exposed vulnerabilities in existing tech infrastructure.",Sci/Tech
"The 2020 pandemic caused exponential growth in COVID-19 cases, with healthcare systems facing unprecedented challenges. This report explores the global impact of the pandemic and its recovery.",World
"A startup company has raised over $50 million in funding, signaling progress in its new product line. This event highlights the competitive landscape in the tech sector.",Business
"Cybersecurity is becoming more prevalent, but technological advancements are also leading to new risks. The security landscape is undergoing significant changes.",Sci/Tech
Biotech companies are focusing on medical advancements to improve patient outcomes and reduce costs.,Sci/Tech
"In the World Cup, a standout player has made headlines with a series of impressive performances, including a goal and two yellow cards. This has sparked discussions about player evaluation and the fairness of the competition.",World
"A sports match is being played to determine the champion of the World Cup, highlighting the excitement of the tournament.",Sports
"A startup, [ startup name ], has launched a new product line, with customer feedback highlighting its success in the market.",Sports
"A new AI tool is being deployed in healthcare, demonstrating its impact and effectiveness.",Sci/Tech
"The World is facing a series of global challenges. Climate change is a pressing issue, and governments and organizations are working to find solutions. Conflicts are rising in various regions, and natural disasters are affecting communities around the world. Human rights issues are being debated in the context of these challenges.",World
The World is facing disasters like hurricanes and floods. Sports events are being used to promote human rights through inclusive performances. This article discusses the impact of these areas on the global stage.,World
"A World trade agreement is being finalized, with trade volumes expected to rise significantly. This report explores the impact of the agreement on global trade dynamics.
",World
Recent regulations on corporate practices are shaping the future of the business world.,Business
A sports scandal reveals the hidden dangers of improper sportsmanship. This report highlights the consequences of the scandal on the sports community and the sports world at large.,Sports
"A sports event has been reported as having a record attendance, breaking previous records in attendance figures.",Sports
"Sports records are constantly updating, with athletes achieving new heights in competitions, from track and field to basketball.",Sports
Climate disasters are occurring frequently due to rising temperatures. This document explores the causes and consequences of these disasters.,World
Biotech breakthroughs are driving advancements in medical treatments and research.,Sci/Tech
"The Hubble Space Telescope has made headlines for its groundbreaking observations. Recent upgrades have expanded its capabilities, covering the solar neighborhood and Earth.",Sci/Tech
A recent climate change study has sparked debates about the impact of rising temperatures. This could lead to new policies and initiatives in environmental management.,World
Business: Global Markets and Economic Trends,Business
"A new biotech discovery could lead to breakthrough treatments, impacting the global economy and business practices.",Sci/Tech
"A space exploration mission reaches new destinations, expanding human knowledge in space.",Sports
A discussion on recent scandals in sports and their impact on player performance.,Sports
"The COVID-19 market has seen unprecedented volatility, affecting retail chains worldwide and consumer confidence. The economic downturn has highlighted the need for adaptive strategies to recover from such events.",Business
"The cryptocurrency market has shown signs of recovery, with major altcoins gaining traction and investors building confidence in the future. This article explores the current state of the cryptocurrency market and its implications for financial stability.",Business
"The trade landscape is undergoing significant changes, with global markets adjusting to new economic conditions. This article explores the impact of trade on global economic stability and growth.",World
"Natural disasters are causing economic losses, such as in the insurance industry,
        which is a phenomenon tied to climate and disaster impact. This phenomenon
        highlights the interconnectedness of climate change and economic losses.",World
"The global markets are a critical aspect of economic activity, with companies making strategic decisions based on market trends and consumer behavior.",Business
"In the sports world, the World Cup is a global event, while the Olympics are a world-wide spectacle. Highlighting the most exciting moments of the year, such as the final moments of the game and the reactions of fans. The tournament also raises questions about the future of sports competition.",World
A biotech company is developing climate solutions. This document covers its advancements and challenges.,Sci/Tech
Olympic events highlight sports achievements. Sports leagues have record-breaking records. Scandals expose the ethical standards of sports. Sports participation in community building.,Sports
"A sports event, [ sports event name ], is being held to celebrate the 25th anniversary of the Olympics.",Sports
A team has won its first World Cup since 2018. The team's recent performance includes record-breaking goals and highlights of key games.,Sports
The World Series has produced a new record for the most home runs in a single game.,World
"In the World, climate change is a pressing issue, and scientists are working to find solutions, while trade continues to shape the global economy.",World
"The World is a place where politics, conflicts, and trade are intertwined. Human rights are a central theme, as are the challenges of climate change and natural disasters. Sports is a diverse field, offering diverse experiences.",World
"An overview of the current market trends in the tech sector, including advancements in AI and cybersecurity.",Business
"AI has revolutionized industries, from healthcare to finance, while regulations play a crucial role in ensuring technology safety.",Sci/Tech
"A recent Market phenomenon has sparked interest among investors, while the economy is showing signs of growth. Companies are exploring new strategies to capitalize on emerging trends.",Business
Analyze the market trends of tech companies in the global tech market.,Business
"The COVID-19 pandemic has caused a significant shift in consumer spending patterns. In the retail industry, markets are experiencing fluctuations due to increased demand and reduced consumer confidence.",Business
"A startup company has emerged to combat the most common disease in the world, offering a solution that could save millions of lives.",Sci/Tech
"A team of athletes is competing at the Olympics, with highlights from the tournament and team dynamics, showcasing world records and team achievements.",World
Trade policies are shaping the global economy. This document explores the impact of trade policies on the global market and economic growth.,World
"A new AI algorithm improves predictions for stock market trends, offering investors new insights into market behavior. Sports highlights from the Olympics showcase athletes' performances and team strategies.",Sports
The World Cup 2023 was a massive success with record-breaking attendance.,Sports
"Human rights are a central theme in the World document. The World Economic Forum and similar events highlight the importance of human rights in addressing economic inequality and ensuring fair treatment for all individuals, regardless of background.",World
"A new tech startup has emerged in the industry, promising breakthroughs in AI and cybersecurity.",Business
"A political conference was held in the heart of the World, discussing global issues such as climate change and human rights. The conference fostered international dialogue and consensus.",World
"A climate change initiative is being tested in a remote area, showing potential solutions and challenges.",World
"The World Ahead: A new scandal emerges, exposing ethical violations in a controversial industry, affecting global reputation.",World
A company announced plans to launch a new product line targeting the markets of Southeast Asia and India.,Business
"A major sports event took place at the World Cup, with the World Cup final being a highlight of the tournament. The event brought together world-class athletes and highlighted the spirit of competition.",Sports
"In the Sci/Tech sector, advancements in AI and space exploration have opened new possibilities for innovation. Cybersecurity measures are being strengthened to protect sensitive data, and biotech research is contributing to medical breakthroughs. This article highlights the impact of these technological developments on scientific advancements.",Sci/Tech
A sports event highlights the importance of player performance.,Sports
"AI is transforming multiple industries, from healthcare to finance. Companies like Google and Microsoft are leading the charge in AI innovation.",Sci/Tech
"The World Cup has seen numerous high-scoring games, with one game featuring record-breaking goals.",World
Business: Companies and Regulations,Business
A major World event highlights the importance of human rights protection in addressing global challenges.,World
Regulatory changes have been implemented to protect companies from potential fines.,Business
"A political crisis is affecting trade statistics, impacting global economic
        performance. This phenomenon shows how political events can influence market dynamics.",World
"A sports event highlights the importance of human rights, focusing on inclusive practices.",World
"A major tech startup is expanding its market presence, offering new services to existing customers. This report highlights the company's efforts in the Global Markets and the expansion of its product offerings.
",Business
"Olympics are bringing together athletes, sports fans, and media to celebrate human achievement. This article highlights the significance of the Olympics and its role in promoting global sports heritage.",World
"A sports team is facing conflicts in a tournament, showing the human element in sports.",World
"Cybersecurity threats are impacting industries and personal lives, requiring proactive measures.",Sci/Tech
"A natural disaster has occurred, with the region experiencing increased insurance claims.",World
"A political conference is being held, discussing global issues such as conflicts and trade policies. This could offer readers insights into international relations.",World
Biotechnology companies are making strides in developing new medical treatments. Researchers are collaborating with academia to create breakthroughs in fields such as personalized medicine and genetic research.,Sci/Tech
"As space exploration continues, advancements in AI and technology are revolutionizing the field of space exploration. Cybersecurity measures are being strengthened to protect sensitive data, while biotech breakthroughs are driving innovation in medical research.",Sci/Tech
"The space industry continues to make strides with new rockets and satellites. Innovations in satellite technology are enabling remote monitoring of Earth and other planets. Cybersecurity measures are becoming more sophisticated, with organizations implementing advanced authentication systems.",Sci/Tech
"A breakthrough in AI technology has led to new insights into medical applications, promising advancements in healthcare.",Sci/Tech
"A famous scandal is being uncovered, affecting both sports and politics.",World
"A conference highlights the power of AI in healthcare, showcasing its transformative potential.",Sci/Tech
"The World Trade Organization (WTO) is a key economic framework that facilitates international trade. It includes countries from various regions, each contributing to the global market, with trade statistics and economic analysis playing a crucial role in global trade dynamics.",World
"The World is navigating trade policies, which can affect economic growth and trade balances, while human rights issues are being addressed through various mechanisms.",World
"Space exploration has become a major focus in recent years, with advancements in rocket technology and lunar missions leading the charge. This article discusses the future of space exploration and its impact on global technology.",Sci/Tech
The global markets are experiencing volatility due to economic indicators and market trends.,Business
"Space exploration has led to new scientific breakthroughs, but climate change remains a major concern. The challenges of space exploration are being discussed in depth.",Sci/Tech
"A space exploration project is launched, aiming to map the outer solar system and beyond.",Sports
"The World Cup 2022 concluded with thrilling matches, including unexpected results like a tiebreaker draw between two World Cup winners. Olympic events are often overshadowed by the chaos of the tournament.",World
Business: Companies and Economy,Business
"World record holder for the 100-meter dash, achieved under unprecedented conditions, highlights human potential.",World
Human rights advocates are pushing for stricter regulations in countries affected by global trade issues.,World
"A major space exploration mission is scheduled to launch, bringing new technology to humanity.",Sports
Global politics is marked by ongoing conflicts and international relations. This article explores the complexities of international relations and their impact on world stability.,World
"A sports event has been organized in the city to promote unity and sports spirit. The event will feature a variety of games and activities, including a new game called 'RelayRumble' that emphasizes teamwork and strategy.",Sports
"Political conflicts are causing disruptions in international relations, affecting trade policies and global business operations.",World
"A global conflict is escalating, with tensions between major powers on the brink of a new crisis.",World
"The human rights movement is facing significant challenges, and this article discusses the impact of political conflicts on human rights. It also explores how these conflicts are influencing global trade and market dynamics.",World
"A recent report highlights the growth of the tech sector, with companies focusing on AI and machine learning. It covers market trends, industry growth, and challenges facing startups.",Business
A new AI algorithm has been developed for predictive maintenance in industrial equipment.,Sci/Tech
"Space exploration is advancing rapidly, with new missions breaking new ground. Companies like SpaceX and Johnson Space Center are making strides in the scientific and economic spheres.",Sci/Tech
Biotech researchers are making progress in developing new medicines and treatments. Breakthroughs in biotechnology are accelerating the fight against diseases like cancer and infectious diseases. Climate change studies are leading to the development of new eco-friendly solutions.,Sci/Tech
The Olympics are being held to showcase athletes' performances.,World
"A space exploration mission has revealed new insights into the structure of the solar system, sparking discussions in the scientific community.",Sci/Tech
"The rise of AI has revolutionized industries, while space exploration is gaining momentum as a challenge, impacting global technology and space research.",Sci/Tech
"In recent months, global markets have shown signs of growth, with several new companies expanding into emerging sectors. Companies are leveraging digital platforms to expand their reach across different regions.",Business
"AI has revolutionized industries, from healthcare to finance, but recent breakthroughs in cybersecurity require immediate attention.",Sci/Tech
"A new space exploration mission was launched by a leading country, raising questions about the safety and ethical implications of space travel.",Sci/Tech
The World faced a series of political conflicts in the conflicts category.,World
The stock market showed mixed reactions as investors reconsidered the impact of the recent economic downturn. This could lead to new market trends and strategies for businesses looking to capitalize on rising demand.,Business
"Regulatory changes are impacting markets, with government agencies adjusting product labeling laws.",Business
"Trade statistics are a key indicator of the world's economic health, with countries and companies engaging in trade and trade agreements.",World
A major market trend shows increased demand for eco-friendly products. This shift is expected to drive business growth across multiple sectors.,Business
"The global economy is experiencing a slowdown, with companies like Apple and Amazon re-evaluating their business models. The Federal Reserve has introduced new regulations targeting financial institutions, impacting markets worldwide.",Business
"A controversial scandal has emerged in the World Basketball Championship, exposing issues with player selection and team management. The investigation has sparked debates about fair competition and the integrity of tournament operations.",Sports
Human rights issues are being pushed to the extreme in many countries. This document examines the challenges and opportunities in promoting human rights globally.,World
"Cybersecurity threats have emerged as a major issue, impacting corporate operations. Companies are investing in new technologies to mitigate risks, while regulations are tightening around data privacy.",Business
The 2024 World's biggest sports events highlight global achievements and challenges. How do these events reflect world sports achievements and conflicts?,World
"The global tech market is experiencing a renaissance with companies like Google and Microsoft setting new benchmarks. A recent report highlights the impact of AI on traditional industries, leading to new business models and job creation.",Sci/Tech
Olympic events highlight sports achievements. Sports leagues have record-breaking records. Scandals expose the ethical standards of sports. Sports participation in community building.,Sports
"A high school sports tournament saw record attendance, with students from across the region participating in various games and competitions.",Sports
A space tech company is expanding into new areas. This document explores its advancements and challenges.,Sci/Tech
A world trade statistics document is being discussed. This document covers global trade statistics and challenges.,World
"A global sports tournament is set to take place, and fans are eagerly anticipating the outcomes. This article covers the excitement of the Olympics and the impact of sports events on public sentiment.",World
"The World is facing a series of global challenges. Climate change is a pressing issue, and governments and organizations are working to find solutions. Conflicts are rising in various regions, and natural disasters are affecting communities around the world. Human rights issues are being debated in the context of these challenges.",World
"The Olympics are on the brink, and the highlight is a thrilling event that brings together athletes and fans from around the world.",World
"A study was conducted to determine the impact of climate change on global biodiversity, finding significant conservation measures.",World
"The 2024 World Cup in Brazil has been a highlight of the tournament. Despite the host city's climate, the tournament has seen significant record-breaking and conflicts.",World
"The rise of AI in traditional industries has revolutionized business practices, yet it's also causing job losses and regulatory challenges. How are companies navigating these changes?",Business
"The World category examines human rights issues, with reports highlighting the challenges of maintaining human rights in the Global Games. These events are critical for world peace and development, but they also raise concerns about the protection of vulnerable populations.",World
"Market trends in the financial sector have shown a steady increase in corporate investments, particularly in green energy projects. This document examines the implications of these investments on the global economy.",Business
"A major sports tournament is being held, with records set for the top teams. Highlighting the tournament could provide readers with detailed coverage of the event.",Sports
The World is analyzing the impact of climate change on global ecosystems.,World
The global trade deficit has increased by 2.5% in recent months. This is a major issue affecting economies worldwide.,World
"The AI algorithm, [ AI algorithm name ], has been trained to recognize patterns in customer data with unprecedented accuracy.",Sci/Tech
"A sports highlight was widely covered in media, showcasing a memorable game moment from the opposing team.",Sports
A climate change initiative is being developed to combat rising temperatures. This action aims to mitigate global warming.,Sci/Tech
A popular sports match highlights a controversial incident in sports history. This phenomenon is raising discussions about sports fairness.,Sports
"Examine the politics of the world, focusing on the rise of global leaders and the challenges of maintaining political stability. This article explores the world's political landscape and the impact of global leaders on world events.",World
"A recent report highlights the economic growth of China, with expansion into new industries and the impact of regulatory changes on market dynamics.",Business
"Politics is a complex field, with conflicts and trade policies shaping global relations and economic outcomes.",World
"The global markets are experiencing volatility, with the stock market closing lower than ever. Companies are also looking into new market opportunities.",Business
"A research project into sustainable energy solutions has produced groundbreaking results, prompting policy discussions.",Sports
"A significant trade imbalance occurs, affecting global markets and economic growth.",World
A major sports event highlights the best performances of teams and athletes in the World Cup.,World
World: Trade and Political Conflicts,World
"The Olympics continue to be a symbol of human achievement, but recent events have shown the potential for conflict and disaster.",World
A new AI algorithm has been developed to improve healthcare diagnostics.,Business
A country is facing a conflict over its leaders' appointments.,World
"The Olympics are live coverage, offering insights into global sports events and their impact on world records.",Sports
"A new company launch in the tech sector has raised $200 million, setting a new benchmark for tech startups.",Business
"The World is grappling with a range of global challenges, including climate change, trade disputes, and social inequalities.",World
"Trade statistics show a surge in global imports, particularly from emerging markets, due to increased demand.",World
"Human rights issues have been raised in several countries, highlighting challenges in ensuring human rights preservation.",World
Player Performance Records: Examples of team collapses and record-breaking performances,Sports
"Space exploration is an exciting field with potential for future advancements, contributing to scientific discovery and technological progress.",Sci/Tech
"The World's largest economy, represented by the G7 countries, is facing criticism for underrepresentation of certain industries. This could highlight issues with economic integration and the allocation of resources, affecting global trade and development.",World
"Climate change is causing environmental issues and economic impacts, requiring immediate action.",Sci/Tech
"Cybersecurity measures are critical in today's digital world, protecting businesses from data breaches and ensuring informed decision-making.",Sci/Tech
AI is being explored for advancements in healthcare and technology.,Sci/Tech
Startups are driving economic growth. This document explores the role of startups in shaping economic trends and influencing market behavior.,Business
"A tech company is testing AI in healthcare, with regulatory hurdles.",Business
Disasters like natural disasters are being monitored and addressed to mitigate their impacts.,World
"Economic trends are analyzed, and company events are discussed, focusing on regulations and market analysis, including a big game.",Business
"The World Cup final was a thrilling event, with both teams showcasing their best moments. The game highlighted the beauty of sports and the importance of competition.",Sports
"The global cybersecurity landscape is becoming increasingly complex. Cybersecurity measures are being developed to protect critical infrastructure, and governments are investing more in cybersecurity initiatives than ever before.",Sci/Tech
AI is transforming healthcare through applications like personalized treatment and disease diagnosis. Companies like Google and Microsoft are at the forefront of this innovation.,Sci/Tech
"Biotech companies are pushing boundaries in fields like medicine and agriculture, leading to advancements that improve human health.",Sci/Tech
"The World Trade Organization is reporting a 5% increase in global trade, highlighting market trends.",World
Regulations are shaping business strategies. This document examines how regulations influence company decisions and market trends.,Business
"Regulatory changes in the tech industry are announced, affecting several major companies.",Business
"The tech industry is experiencing exponential growth, with companies leveraging AI to disrupt traditional industries.",Sci/Tech
Sci/Tech: Companies and Economy,Sci/Tech
"Government regulations are tightening, impacting companies and markets globally.",Business
"The human rights issue has gained significant attention, with countries around the world striving to ensure fair treatment and protection for their citizens.",World
AI advancements in healthcare are improving diagnostic accuracy and drug development. These innovations are driving medical advancements and reducing health disparities.,Sci/Tech
Human rights issues are being addressed through legal reforms in a particular country.,World
"The World is facing global conflicts, with tensions on the rise, impacting all regions and international relations, requiring diplomacy and communication strategies.",World
"AI is transforming industries, generating new markets and causing regulatory scrutiny.",Business
"A biotech company is making strides in cancer research, showing innovation beyond traditional fields.",Sci/Tech
Climate change is affecting ecosystems and weather patterns. This document discusses the environmental impacts of climate change and its effects on various species.,Sci/Tech
Business: Startups and Regulatory Challenges,Business
The World reported increasing conflicts in the conflicts category.,World
"A major conference was held in the World, discussing global issues such as climate change and sustainable development. The conference brought together experts from various countries to address these challenges.",World
"Market trends show signs of improvement in consumer spending. A new report suggests that rising incomes are driving demand for essential goods and services, though concerns remain about inflation.",Business
"Cybersecurity incidents have exposed major data breaches in financial institutions. The breaches have exposed sensitive customer information, leading to increased regulatory scrutiny and increased security measures.",Business
Market trends impact economic growth. Companies expand into new markets. Startups are increasing in the tech sector. Regulations are becoming stricter.,Business
"The global economy is experiencing a downturn, with companies like Amazon and Apple facing challenges. Economic regulations such as tax cuts and increased unemployment are shaping the business landscape.",Business
"AI is making strides in healthcare, improving diagnostics and patient outcomes. This article discusses the advancements in AI and their impact on the healthcare industry.",Sci/Tech
A new biotech company claims to have developed a protein synthesis enzyme that could revolutionize medicine. This report examines the implications of the company's findings on medical research and clinical trials.,Sci/Tech
"The World is experiencing trade tensions, with countries engaging in trade agreements and trade promotions to address these issues.",World
"The climate crisis is causing widespread environmental damage, with rising temperatures and extreme weather events posing significant challenges to ecosystems.",World
"The World is experiencing trade tensions, with countries engaging in trade agreements and trade promotions to address these issues.",World
"A major World event took place, with the World Cup final being a highlight of the tournament. The event brought together world-class athletes and highlighted the spirit of competition.",World
The World Cup highlights showed record-breaking performances in several sports events.,Sports
A new space exploration mission has brought us closer to understanding the universe. The mission utilized advanced AI for data analysis and communication with nearby planets.,Sci/Tech
Disasters are occurring frequently due to natural disasters. This document explores the causes of disasters and their impacts on ecosystems and people.,World
"A controversial game has been released, sparking debates about its fairness and impact on consumer behavior.",Sports
"A major biotech company has developed a new drug candidate, which has gained traction in the medical community.",Sci/Tech
"A biotech company is leading the way in developing new medical treatments, addressing current health challenges. This report explores the company's innovations and their impact on the global market.
",Sci/Tech
"In recent years, sports records have been set in various fields. From world records to team achievements, sports are constantly being celebrated, with new records breaking the old records and becoming the focus of attention.",World
"A biotech firm is leading a clinical trial for a new biocompatible material, breaking into a new market.",Sci/Tech
"The global economy is experiencing steady growth, with recent measures targeting inflation and economic stability.",Business
"Space exploration continues to push boundaries, with new missions and technologies expanding our understanding of the universe and beyond.",Sci/Tech
"Biotech companies are leading in drug discovery, with researchers focusing on personalized medicine.",Sci/Tech
"Space exploration is achieving new milestones, with companies like SpaceX and NASA preparing for future missions and discoveries.",Sci/Tech
A sports event is being analyzed for its impact on record breaking and highlights.,Sports
Cybersecurity incidents have been reported in the tech industry.,Sci/Tech
Space exploration continues with new missions to Mars and Venus. These discoveries could influence future technological advancements and scientific research.,Sci/Tech
A major sports event highlights the importance of records and the human element in sports history.,Sports
"A big game is played, with highlights from the tournament and team dynamics, showcasing world records and team achievements.",World
"A study reveals climate change impacts on agriculture, leading to more sustainable food production.",World
