method,accuracy,precision,recall,f1
real_only,0.92,0.9175385836773579,0.92,0.9158177814691767
random_aug_50,0.904,0.9044560352560352,0.904,0.9042082137853499
