epoch,train_loss,eval_loss,eval_accuracy,eval_f1_micro,eval_f1_macro
1.0,0.9586,0.6879139542579651,0.762,0.762,0.7241301847512627
2.0,0.4809,0.8116817474365234,0.694,0.694,0.6716800867850855
3.0,0.4026,0.8278759717941284,0.664,0.664,0.6027154612938838
4.0,0.2674,0.7390596866607666,0.716,0.716,0.6667581458564327
5.0,0.2054,1.0056699514389038,0.642,0.642,0.5991284513574877
6.0,0.1454,0.8266676068305969,0.712,0.712,0.6658369342173974
7.0,0.1022,0.9589096903800964,0.696,0.696,0.6541412792933554
8.0,0.0843,0.8688568472862244,0.718,0.718,0.6735811452229362
