text,label
"The Detroit Lions made a historic playoff victory against the Detroit Pistons with a 20-10 win on December 15, showcasing their strength as a team and a testament to their ability to rise from the bench.",Sports
"Qantas Australia, a major passenger airline, reported a profit surge to a record 648.8 million Australian dollars in the past fiscal year. Despite concerns over terrorism and the aftermath of the Iraq War, the company's strong performance has been attributed to rising passenger numbers, highlighting the importance of global demand for air travel.",Business
"In a recent move, leading tech companies in the industry have unveiled groundbreaking software that aims to revolutionize how businesses operate. The new product, designed to optimize efficiency and reduce costs, has been developed by a team of experts working on the innovative front of artificial intelligence and machine learning. This breakthrough is expected to have a transformative impact on the global market, enabling businesses to streamline their operations and gain a competitive edge.",Sci/Tech
"In a thrilling match, the Texas Longhorns defeated the University of Texas-A&M, showcasing their resilience in a close game. The game was a close call, with both teams scoring points early on, but the Longhorns' defense stood tall, stopping the run and forcing a late comeback.",Sports
"In a thrilling match, the New York Yankees defeated the Los Angeles Dodgers 4-2 in a game that saw both teams make their best moments.",Sports
"A team that had a tough loss but used their strengths to recover balanced their strengths and weaknesses, leading to a better outcome in a particular season.",Sports
"In the recent edition of the Qatar World Cup, the match between the United States and Russia was postponed due to the ongoing COVID-19 pandemic, leading to a significant change in the match's outcome and strategies. The delay was primarily due to weather conditions and venue restrictions, which affected the teams' plans and performances. Despite the setback, the match was viewed as a crucial moment in the tournament, showcasing the resilience and adaptability of the athletes involved.",Sports
Innovative AI Platform Launched by Tech Innovators,Sci/Tech
"The upcoming World Cup between India and Bangladesh in Dhaka is set to kick off on Friday, marking the first test match between the two nations. This event is a major milestone for both teams and highlights the ongoing rivalry between India and Bangladesh in the Asia Cup.",World
A tech company announces a major investment in a new AI-driven platform aimed at improving healthcare diagnostics.,Sci/Tech
"One of the tongue-in-cheek rules that we column-writers have is,  quot;Often wrong, never in doubt. quot; Take a stand, don #39;t duck and weave too much.",Business
"The global economy has shown signs of recovery as the US unemployment rate dropped to 3.8%, marking a significant improvement from the previous year's 4.2%. Companies across industries are optimistic about future growth, driven by increased consumer spending and economic stability. This period is expected to continue, with measures like stimulus packages and policy adjustments likely to play a key role in influencing future economic trends.",Business
"The rise of artificial intelligence in healthcare has led to the launch of a new AI-powered diagnostic tool designed to revolutionize patient care. The tool integrates seamlessly with existing medical systems, offering a comprehensive dashboard for healthcare professionals. The product is designed to be accessible to both healthcare professionals and the general public, with easy-to-use interfaces and robust data analytics features.",Sci/Tech
"Brazil and Russia have once again reached the World Cup final match, with Brazil emerging victorious in their clash against Russia. Highlighting the significance of the match, the Brazilian player Luiz Inui da Silva demonstrated his dominance with a stunning 91st-minute goal, while Russia's Ivanov also made a significant impact with a 29th-minute late winner. The match was a thrilling encounter, showcasing the talent of both teams and their ability to adapt under pressure.",Sports
"The recent trade between the Yankees, Dodgers, and Diamondbacks remains a significant event in Major League Baseball. The three teams, known for their competitive schedules and strong performance, have been involved in a series of negotiations over salary caps and other terms. The trade, which was first reported by sources including Major League Baseball (MLB) and sports news outlets, has sparked discussions about fairness and the league's ability to handle such complex deals. The outcome of this trade could have far-reaching implications for the teams involved and the broader sports landscape.",Sports
"Brocade announce a recent announcement regarding their SAN deployment in a heterogeneous environment, which could simplify their infrastructure setup.",Sci/Tech
"The global economy has entered a new era with the rise of digital transformation and the global pandemic reshaping industries worldwide. According to a recent report by the World Bank, the global economy is expected to grow at a compound annual growth rate of 3.5% in 2023, driven by digital innovation and global supply chain resilience. Experts predict that the U.S. economy will account for 20% of global GDP by 2030, reflecting the increasing interconnectedness of the world. Meanwhile, the European Union is set to lead the recovery with its strong financial institutions and robust trade policies. This report, presented by the International Monetary Fund, highlights the importance of digital assets in driving economic growth and innovation. The rise of AI and blockchain technology is expected to create millions of new jobs worldwide, further solidifying the global economy's role in shaping the 21st century.",World
Singapore #39;s Prime Minister Lee Hsien Loong on Sunday night delivered his first National Day Rally speech since he was sworn in as the country #39;s third Prime Minister.,World
"A global project to explore the history of Mars has recently begun, with a major team set to launch a new mission to study the Red Planet. The mission aims to gather data to better understand the planet's climate and potential for life, marking a significant step towards human exploration.",World
"The 2018 World Cup Final was a thrilling encounter between Germany and France. Germany triumphed 2-1, securing their place in the World Cup final stage. The match was a high-profile highlight reel, with both teams delivering performances that left fans and analysts on the edge of their seats. The victory was a testament to the resilience of the German team, particularly their players who showed resilience under pressure. The result has been widely covered in media and online platforms, with many fans and analysts expressing their support for Germany. The match was a great example of how sports can be both competitive and inspiring, highlighting the spirit of global football.",World
"Microsoft has announced a significant investment in artificial intelligence and cloud computing, aiming to revolutionize the tech industry. The company has increased its R&D budget by $2.5 billion and expanded into 15 new markets, including India and China. This move reflects Microsoft's commitment to staying ahead in a competitive global landscape.",Business
"The New York Yankees and Los Angeles Dodgers have once again seen a pivotal matchup in Major League Baseball. On Thursday, a young pitcher from the Yankees, Alex Diaz, was diagnosed with a serious injury during a crucial game. The Dodgers, led by their star pitcher, pitcher-in-strategy, Jordan Brown, took a strong stand against Diaz, delivering a heartwarming performance that solidified their dominance in the league.",Sports
"On December 15, 2023, in the heart of the Spanish football capital of Madrid, the 2023 World Cup final reached its peak as Real Madrid and Barcelona faced off in the most anticipated match of the season. The game was a testament to both teams' determination and skill, with Real Madrid's Spanish striker Lautaro一直 representing the club throughout the match, while Barcelona's Catalan striker Llo Blanch delves into the match highlights. The final was a thrilling 4-2 win for Real Madrid, with Lautaro becoming the first Spanish player to reach the World Cup final since 2018. This win not only secured Madrid's second consecutive World Cup title but also showcased the resilience and talent of both teams. The result was a significant milestone for the Spanish league and a historic moment for the entire football world.",Sports
"The U.S. government has launched the International Space Station (ISS), a mission that aims to provide a permanent home for humans in space and to study the universe.",Sports
"Microsoft has announced the release of Windows 11, the next generation of Microsoft operating systems, as part of its long-term vision to continue leading the industry and deliver a better user experience. The announcement will take place on December 14, 2023, and will mark the end of Microsoft's five-year leadership role in the Windows family.",Sci/Tech
"Dustin Hermanson, the San Francisco Giants' closer, has been suspended for three games due to an injury, marking his third suspension in 2024. The suspension was granted after a thorough investigation and is expected to prevent further complications. The team's decision follows a series of setbacks, including the suspension of closer Justin Verley three months ago and closer Keon DeC interspersed with the closer's role.",Sports
"A major tech company has expanded its operations into a new region, aiming to enhance its global market presence through advanced AI solutions.",Business
"In a recent report by Google, it was revealed that the company is integrating artificial intelligence into its healthcare solutions, marking a significant shift in how the company operates.",Business
Gaza City Exploits Relocation Of Palestinian ISIS Leader Mohammed Khalil,Sports
"Tech Innovators, a leading tech company, has unveiled a revolutionary new mobile app that aims to revolutionize productivity. The app, called 'FuturePro,' is designed to help users organize their tasks, track their progress, and stay more efficient. With features like task management, progress tracking, and productivity tools, FuturePro is more than just a productivity app; it's a future transformation.",Business
Global Economic Trends: A Look at 2023 Q2,Business
"The New York Yankees clinched the World Series final against the Los Angeles Dodgers on Saturday night, marking a historic victory for the team that has been on a tear with a 5-2 victory in the series.",Sports
"The 2023 World Cup will be a defining event for football enthusiasts worldwide, with a standout player's contract extension shaping the tournament's outcome.",Sports
A company in the renewable energy sector announcing a new product line for electric vehicles. This expansion into a new market is expected to significantly impact the global automotive industry.,Business
"The world #39;s first private spaceship has blasted into the final frontier for the second time in five days, snatching the nearly 14-million dollar prize and founding a new era of space tourism.",Sci/Tech
New General Managers Hires for NFL Teams,Sports
"A major tech company has announced a new major release of its software, which will be distributed globally in the coming days.",Sci/Tech
"The 2023 World Series will once again be a defining event, with the winner set to challenge the champion of the 2024 World Series. The series promises thrilling action and strategic rivalries, with the outcome shaping the next season's championship.",World
"In the bustling world of Major League Soccer, a thrilling match between two formidable teams saw the first half unfold with intense action, but the second half saw a dramatic shift as one of the top teams in the league found themselves facing an uphill battle.",Sports
"The Los Angeles Lakers have secured their first championship in 2024 with a thrilling 95-82 victory over the San Francisco 76ers in the NBA Finals. This historic season marked the first time a team from Los Angeles has reached the Finals, showcasing their dominance in the league.",Sports
"In a thrilling match, Los Angeles, a dominant team in the National League, faced off against the Atlanta Braves in the division standings. Shawn Green, a rising star in sports, scored twice, including a grand slam, while the Atlanta team managed to secure a 7-4 victory. The game highlights the competitive nature of the league and the skill of both teams.",Sports
"The COVID-19 pandemic has had a profound impact on the global economy, with many businesses facing significant challenges. Companies like Apple, Microsoft, and Amazon have reported drops in revenue, with Apple seeing a 15% decrease in their global revenue, while Microsoft faced a 12% decline in the U.S. market alone. These challenges highlight the importance of staying adaptable and innovative in the face of uncertainty.",Business
"A new tech gadget has been launched by a leading company, which promises to revolutionize the way people consume digital content.",Business
"In a recent article, a tech enthusiast shares their insights on setting up a Nokia 3588i phone as a modem, providing step-by-step guides and troubleshooting tips for those who want to use their device as a portable internet connection.",Sports
"Nintendo, Sony ready rival portable gaming devices. Which one will gamers go for?",Sci/Tech
"The U.S. Department of Energy has announced plans to install a new, energy-efficient power plant in the states of California and Texas. The plant, located in Chaffey, California, will have a capacity of 500 megawatts and is expected to reduce energy costs by 20% over the next five years.",Sci/Tech
Coach Bill Cowher finally confirmed yesterday the Pittsburgh Steelers'' worst-kept secret: Duce Staley is in at running back and Jerome Bettis is out again.,Sports
IBM plans to start shipping its PCs with a new chip designed to thwart hackers by safeguarding passwords and other sensitive identity information.,Sci/Tech
"The COVID-19 pandemic has had a profound impact on global society, reshaping healthcare, economy, and social interactions. Despite initial challenges, the virus has become a global health crisis, driving innovation in vaccines, treatments, and pandemic response strategies. The World Health Organization has declared it a global public health emergency, emphasizing international cooperation and resource allocation. While many countries have faced economic losses and healthcare shortages, global health initiatives, such as the UN's global health plan and the World Health Organization's vaccine-sharing model, have shown promise in mitigating the pandemic's effects. Despite these efforts, challenges remain, particularly in targeted regions and vaccine production. However, the pandemic has also highlighted the importance of international collaboration and adaptability in addressing global health crises. The global health response is far from over, and together, we can work toward a safer, healthier, and more resilient world.",World
"So a few weeks ago, the two astronauts who live there tossed out some useless junk, like so many old hubcaps for the trash heap. Only this stuff floated away in space.",Sci/Tech
World's Top Athletes Join Global Team for World Cup,Sports
"TikTok, the global leader in mobile video sharing, has experienced a significant shift in consumer behavior, with its user base expanding rapidly. According to recent data, TikTok has now surpassed 200 million users, marking a major milestone in its growth trajectory. This growth has not only boosted the company's revenue but also influenced the broader market dynamics. As TikTok continues to dominate the space, it's becoming a key player in the evolving landscape of digital content consumption.",Business
"The global economy has been profoundly affected by the COVID-19 pandemic, with markets globally experiencing a notable decline in activity. This has particularly impacted sectors such as tech, healthcare, and finance. Experts are concerned about the potential duration of the recovery, with the US Federal Reserve continuing to play a crucial role in guiding the market toward stabilization.",Business
"The New York Yankees dominate the ALCS, ending a 12-game losing streak.",Sports
"In a thrilling match between the New York Yankees and the Philadelphia Phillies, the Yankees took a 4-2 victory in the second game of a three-game series. The team's star pitcher, Alex飞, made a game-changing sacrifice by hitting a double to lead the team to victory. The Phillies, led by their star pitcher, Jordan Lue, came back to take the game to within one run. The series sets the stage for a possible World Series contender in the future.",Sports
"In a thrilling match, English team Manchester United secured a 2-1 victory over Germany in the Olympic women's soccer final. The game was a tense affair, with both teams performing at their best, showcasing their resilience and talent. Manchester United's goalkeeper, Paul Pogba, made a significant impact with his decisive save, while Germany's young stars, including German forward Ankele Onuoha, scored a stunning goal. The match was a close affair, with both teams showing a near equality in their performance. The victory for Manchester United marked a significant step forward in the competition, showcasing their potential for further growth.",Sports
"The Champions League match between Barcelona and Shakhtar Donetsk will take place as scheduled in Ukraine, following recent security arrangements by authorities.",World
Some 800 Palestinian detainees in Israel #39;s Ashkelon prison have suspended their 13-day-old hunger strike until Monday after some of their demands were met.,World
"The rise of digital services has transformed the way people communicate and consume information, raising concerns about the digital divide. While services like streaming platforms and social media have become the norm, they have also sparked debates about access, affordability, and the impact on education and employment. A recent survey by Statista reveals that 65% of Americans rely on digital services, highlighting the growing importance of internet connectivity in daily life.",Business
"A leading global renewable energy company has announced a $500 million investment in a new wind farm in the northern hemisphere, aimed at diversifying its energy portfolio and reducing reliance on fossil fuels.",Business
"The World Cup 2022 kicks off with a thrilling match between Germany and France, both of which have been dominant teams in recent tournaments. The game, held in Qatar, promises to be a historic encounter, with both teams showcasing their skills and strategies. Fans across the world are eagerly awaiting the final result, with the World Cup 2022 becoming a defining moment for the sports world.",World
Men's 100m sprint world record broken by record holder.,World
"The World Cup final match between Germany and France has been a thrilling event, with Germany defeating France 4-3 in a game that has been a symbol of triumph in football history.",World
"In a recent update, a leading tech company revealed the launch of its next-generation smartphone model. The device features a groundbreaking feature set that combines cutting-edge technology with enhanced durability and user-friendly design. This announcement marks a significant milestone in the industry and promises to redefine the smartphone experience.",Business
"The United Nations recently held a significant meeting to discuss global efforts to combat climate change and address climate-related challenges. The meeting, held in New York, focused on addressing the urgent need for sustainable development and cooperation among member states to work towards a more sustainable future.",World
U.S. tanks and snipers took up positions near the revered Imam Ali Shrine and engaged in fierce battles with militants.,World
"In an effort to address global climate change, a recent summit was held to bring together leading climate action leaders from around the world. The event, known as the 'Climate Summit 2023,' took place in Paris and featured prominent figures such as Dr. Alice Smith, CEO of Green planet Solutions, and President Michael Johnson, former CEO of the International Energy Agency. The purpose of the summit was to discuss innovative solutions to reduce carbon emissions and promote sustainable practices globally.",World
"The study, which was conducted by Yahoo and media agency OMD, examined the way in which 13 US households reacted to being denied access to the internet for two weeks.",Sci/Tech
"With the rise of artificial intelligence, healthcare has become a field that is increasingly being transformed by cutting-edge technology. AI is already being used to improve diagnostics, personalize treatments, and even assist in surgical procedures. This shift has not only enhanced patient outcomes but also created new job opportunities for healthcare professionals. As AI continues to play a crucial role in healthcare, it's essential for healthcare workers to stay updated on the latest developments to ensure their success.",World
"The New York Yankees and the Minnesota Twins played their seventh game of the World Series Saturday night, marking their first time in the series since 2008 when they split the series 13-10. The Twins, who were trailing by two runs at the fifth inning, came from behind in the ninth inning to take the series and win the World Series for the second time in five years.",Sci/Tech
"The New York Yankees recently secured a thrilling 4-2 victory in the ALCS, showcasing their dominance in their division. With a record of 11-1, the team led the league in scoring and earned a spot in the series. Manager Jeff Franco praised the team's performance, noting that the players are ready to bounce back. The series was a close one, with the Yankees securing the final four with a 3-0 lead. Fans were treated to an electrifying display, while analysts highlighted the team's resilience and potential for future success.",Sports
"The world's top soccer teams have once again made headlines as they prepare for the World Cup final between Real Madrid and Barcelona. The match is expected to be one of the most thrilling in history, with both teams known for their fiery performances.",Sports
"In a thrilling update, the top-ranked basketball team in the world has secured its first victory in the Nations League, marking a significant milestone for them.",Sports
"In recent years, artificial intelligence has transformed healthcare significantly. AI is being used to improve diagnostics, personalize treatments, and even manage chronic conditions more effectively. This shift is not only enhancing patient outcomes but also reducing costs and increasing accessibility in healthcare systems.",Sci/Tech
"Apple has launched its new Mac minification product, which aims to reduce costs and improve productivity for users. The product is expected to gain significant adoption within the next few months, with critics calling it a game-changer compared to previous minification solutions. However, companies like Microsoft and Google are already offering their own minification options, leaving Apple as the leader in the space. This move could set a new benchmark for future minification efforts in the industry.",Business
"A new study published by researchers at the University of Arctic Research has revealed that climate change is not only altering the polar bears' habitats but also threatening their survival. The findings suggest that polar bears may lose up to 40% of their population by the end of the century, depending on the severity of the climate change. This research has significant implications for climate policy and conservation efforts, urging urgent action to mitigate the threat to Arctic ecosystems.",Sci/Tech
"On Sunday, the New York Yankees claimed victory in a thrilling 7-3 win over the Los Angeles Dodgers in the World Series. The game was a historic moment in American baseball history. The Yankees, led by pitcher Alexei San Diego, showcased their resilience and talent. The final score stood at 7-3 in favor of the Yankees, a victory that captured their recent dominance in the league.",Sports
"Coach Steve Berard's team, the GREY Lawrence, has recently shown flashes of potential. In their last season, they finished 2-8, missing two wins and losing four games in league play. Their performance was marked by a strong defense but struggled to convert plays. Despite the dip, the team's recent success, including a 12-30 record, has been a significant milestone. Coach Berard's comments about their ability to recover from tough times underscore the team's resilience. The GREY Lawrence's ability to adapt and maintain quality play is crucial for their future success.",Sports
"In recent weeks, the U.S. government has announced a $50 billion investment to expand its border security network, a move expected to bolster the country's safety and stability for years to come.",Business
"Google's groundbreaking work in artificial intelligence has transformed the industry, with a new project enabling machines to 'see' like humans. This innovation not only enhances creativity but also paves the way for future breakthroughs. As AI continues to evolve, it promises to revolutionize how we interact with technology and the world around us.",Sci/Tech
"The US-China trade deal, a significant milestone in global economic relations, was revealed during a recent UN Security Council meeting. The agreement aims to boost U.S. economic growth by increasing trade and investment. Key countries involved include the U.S., China, India, and South Korea, with the deal expected to have far-reaching implications for international trade balances.",World
"In the wake of a significant earnings report from its largest cruise operator, Carnival Corp., the global industry is expecting a notable surge in revenue. The company announced that its quarterly earnings for the quarter ended December 31, 2023, saw a 15% increase compared to the previous quarter, driven by a successful merger with P&O Princess Cruises last year.",Business
"The World Economic Forum, a major global event in the economic sector, will take place in Bern, Switzerland, from May 21 to 22. The event will gather leading economists, policymakers, and business leaders from 150 countries to discuss economic policies, market trends, and global challenges. The event aims to foster collaboration and decision-making to address the current economic landscape and set the stage for future economic growth.",World
"Enron Corp. (ENRNQ.PK: Quote, Profile, Research) will pay $321 million from the proceeds of its sale of its pipeline arm to fund pension plans for thousands of former employees.",Business
"The 2019 World Cup final between Brazil and Russia was a historic event that captivated fans worldwide. Brazil, led by Mbappier and Cabiria, dominated the match and secured a thrilling victory. Russia, led by Kramarski and Lukoyev, struggled early on but eventually came back to secure a win. The result was a significant moment in football history and has sparked debates about player performance and team strategies. Fans and analysts alike were curious about the outcome and how it might influence future matches. The match also highlighted the importance of mental toughness in football and the unpredictability of team dynamics.",Sports
"The FIFA World Cup 2026, marking the 2023-2024 season's historic conclusion, is set to host one of the most exciting tournaments in history. With 24 teams from 14 countries vying for glory, the event promises to be a testament to human spirit and teamwork. The tournament will be a highlight of the football world, showcasing the best of nations and the passion of fans around the globe. Fans from around the world are eagerly anticipating the final moments, as the tournament approaches its conclusion.",Sports
"In a thrilling World Cup final match, a team of young footballers is battling for control of the spotlight. The team's coach, who recently lost a crucial game, is upset and starts questioning whether he deserves the attention. Meanwhile, his star player claims he deserves credit for the team's success, sparking a heated debate among the team. The players, however, believe they were the ones who made the team win. The result is a close contest, and the team feels a mix of pride and disappointment.",Sports
A new study claims that climate change is altering ecosystems at a rate not previously documented.,Sci/Tech
"The 2023 World Cup is a thrilling event with some exciting matches on the big stage. Brazil's team, led by Brazilian striker Luiz de Jesus, has been performing exceptionally well. They recently faced a strong opponent, and the match was closely contested. The game was played in a stadium with a grand atmosphere, and the fans were on their toes throughout the game. Brazil's players showed remarkable resilience, and their performance is something to remember.",Sports
"In a thrilling match, two of the world's greatest football teams faced off in the World Cup final. The match was a showdown of skill, strategy, and determination. A young star from one of the teams made an impact with his innovative play, while an experienced player from the other team showcased his tactical brilliance. The game went to the final whistle, and the outcome was a perfect mirror of their performances. The winner will join forces with the defending champions in the next World Cup round. This match will be remembered for its intensity and the incredible performances on both sides.",Sports
"The tech company, a leading global AI solutions provider, has announced a significant expansion of its AI-powered business solutions. The company is now offering personalized AI tools that help businesses optimize their operations and improve efficiency. A recent survey reveals that businesses are increasingly turning to AI for decision-making, and this new product is designed to cater to that trend. The launch is expected to boost productivity and innovation across industries, including healthcare, finance, and retail.",Sci/Tech
" Intel Corporation has recently announced the release of a faster version of its powerful but expensive Pentium 4 Extreme Edition processor, which is set to be available on Monday. Additionally, the company has introduced a new chipset designed to connect the processor with memory more efficiently. This development could have significant implications for the performance of computer systems and devices globally. The release is expected to be a major milestone in the advancement of high-performance computing technology.",Sci/Tech
"In a thrilling showdown at the World Cup final, Manchester City and Liverpool faced off once again, with both teams showcasing their best performances of the season. Manchester City, led by a young star like Nicky Mandic, delivered a dominant performance, while Liverpool's fitness and teamwork proved pivotal in their victory. The match was filled with high-energy moments, including key moments from both sides, and left fans eager for the next season. The result was a significant step forward for both teams, with the fans' anticipation only growing as the game concluded.",Sports
"In a significant move to address economic challenges, Tesla, the world's leading electric vehicle manufacturer, announced its first public offering (FPO) on the New York Stock Exchange. The company, valued at over $300 billion, raised $50 billion through the offering, aiming to expand its global market presence and drive innovation in the electric vehicle space. The IPO, which took place on December 25, 2023, was a landmark event that has set new benchmarks for public offerings in the automotive industry. The offering was expected to generate significant revenue and create millions of jobs across the United States and global markets. The announcement was met with excitement from investors and analysts, who praised Tesla's vision for the future of electric vehicles. The first public offering of Tesla further solidified its position as a global leader in the automotive industry and highlighted the growing importance of electric vehicles in the 21st century.",Business
MLB's Top Three Players Make It to the Hall of Fame,Sports
"In the rapidly evolving world of artificial intelligence, a major conference has brought together experts from academia and industry to discuss the latest advancements in the field. At the heart of this event is a distinguished speaker, Dr. Ashutosh Dhar, a renowned scientist who has been recognized for his groundbreaking work in quantum computing. Dr. Dhar highlighted the transformative potential of AI in solving complex problems across various industries, from healthcare to climate change. The conference promises to be a catalyst for innovation and collaboration, setting the stage for a future where AI plays a central role in shaping our world.",Sci/Tech
"In a significant development for the scientific community, researchers have identified new connections between the Earth's climate system and the behavior of quantum particles, offering fresh insights into the potential for life on other planets.",Sci/Tech
"The World Cup 2022 match between France and Italy was a historic event that highlighted the growing role of artificial intelligence (AI) in sports analytics. AI systems were deployed to analyze player movements and performance data, providing insights that could optimize training and strategy. Experts have noted advancements in facial recognition systems and personalized training plans, which are transforming how players are evaluated and developed. This shift underscores the potential of AI to revolutionize the way sports are played and managed.",Sports
"The United States remains a world leader in science that other countries try to imitate, the science adviser to President Bush told an audience at the University of Toledo yesterday.",Business
"Sony has embarked on a potential collision course with music groups, including its own Sony BMG joint venture, over MP3 digital song files.",Sci/Tech
"The Seattle Storm played a thrilling 67-65 victory over the Connecticut Rail Cougars in Game 2 of the WNBA Finals, marking their second straight championship. With a crowd of 17,072 at the EarthLink Inc. and Yahoo Inc. stadium, the game showcased the storm's dominance, with Simone Edwards expressing excitement for the future. Fans were left with a sense of pride and anticipation.",Sports
"The Los Angeles County Sports Team has announced a historic win in the Los Angeles County Open, securing a top-10 finish and a thrilling victory for the team's season.",Sports
Jewish leaders expressed growing frustration this week with continuing anti-Semitic violence in Europe following the torching of a Jewish community center in Paris early Sunday.,World
Scientists have uncovered a groundbreaking discovery in the world of technology: researchers have discovered a new quantum material that could revolutionize computing and energy storage.,Sci/Tech
"Largest Biopharmaceutical Company Announces Breakthrough in Gene Therapy Technology, Expected to Deliver Significant Improvements in Tumour Detection and Treatment Efficiency Within the Next Four Years.",Business
"In a thrilling World Cup match, France secured their second consecutive win with a 3-2 victory over Italy in Group C, while Italy emerged victorious in Group A with a 3-0 triumph. The game, held in the final quarter-finals of the 2023 World Cup, showcased intense football action and highlighted the dynamic nature of the tournament. The match highlighted the excitement and significance of the event, with fans and analysts eagerly anticipating the next round.",Sports
"In a thrilling Premier League match, Liverpool and Manchester United took on each other, with Manchester United securing a historic win for them. The game, which took place on November 19, 2023, was a testament to both teams' resilience. Liverpool, led by Liverpool FC's star player Lautaro violent, showed immense determination to defend their title, while Manchester United, led by manager Manchester United FC's manager, provided a strong defense. The result was a significant victory for the club, boosting their momentum and showcasing their unity against a tough opponent. Liverpool manager Manchester United FC's manager expressed confidence in the team's ability to handle the pressure, while Manchester United players celebrated their hard-fought victory. The match highlights the importance of teamwork and mental toughness in football.",Sports
Footy Delight: Royalton To Take Top Position in the Totts' Football Championship,Sports
"Microsoft has introduced a new software patch to enhance security for critical business systems, addressing a long-standing security flaw that could compromise sensitive data.",Business
"The FIFA World Cup semifinals are set to be a thrilling showdown between two powerhouse teams, each with a history of dominating high-stakes matches. This year's draw features two of the most competitive teams in football, with both sides vying for a place in the final eight. The match will determine the next generation of players and the ultimate title of World Champion, as both teams are known for their relentless pursuit of excellence.",World
A new tech startup is revolutionizing the healthcare industry with AI-driven diagnostics tools that are transforming how doctors make decisions.,Sci/Tech
"The 2024 FIFA World Cup final draw will be held in St. Petersburg, Russia, on June 21, 2024. The host nation is celebrating its 100th anniversary year with a special event marking the occasion. The top three teams from each continent will compete for the title. The draw is expected to be intense with 22 teams participating. The winners will be announced in a live stream, with fans worldwide joining to watch the event. The match promises to be a thrilling showdown of national teams.",Sports
"AP - Barry Bonds, a renowned baseball player, hit a home run in a game that will be remembered as a classic in the sport of baseball.",Sports
"AFP - French pharmaceutical group Sanofi-Synthelabo formally announced the birth of Sanofi-Aventis, the world''s third-largest pharmaceutical company, ranking number one in Europe.",World
"The COVID-19 pandemic has had a profound impact on the global health landscape. With over 300 million cases reported and 65% of the global population under 60, the virus has been a defining moment in modern history. Experts warn of a potential return to pre-pandemic levels, while healthcare systems worldwide are facing unprecedented challenges. The stakes are high, and the stakes are high.",World
"In a recent update to the New York Yankees' official website, it was revealed that ace pitcher David Adair, a veteran with a 12-year career in the game, is set to return to the mound after a six-game suspension. Adair, who has been recovering from an injury that left him out of the major leagues for the past six months, is making a significant step towards his return. The decision came after a series of setbacks, including a major injury that left him out of the league for the last six months, and a minor injury that left him out for the last two games. Adair is expected to take his place in the rotation, where he will be facing the team's starting lineup for the first time. This is a major step forward for the team and a positive sign for fans looking for reliable options in the upcoming season.",Sports
Tech Innovators Launch Expansion in a New Market,Business
"The U.S. House of Representatives recently voted to send another bill to the floor, following a heated debate over healthcare reform. The bill, known as the American Health Care Act, aims to improve access to healthcare for millions of Americans. The vote was held on December 15, with 238 votes in favor and 73 against. The bill includes provisions like universal healthcare, expanded insurance coverage, and access to preventive care. The outcome has sparked debates about the balance between individual rights and public health.",Business
"The World Cup 2022 kicks off with a thrilling encounter between Brazil and Germany, one of the most anticipated matches in football history. The game promises to be a must-watch for football fans worldwide.",Sports
"Maoists rebels have lifted a blockade that cut Nepal #39;s capital Kathmandu off from the rest of the country for a week. In a statement released Tuesday, however, the rebels warned the ",World
"On October 15, 2023, the 2023 World Cup will take place between two top-tier football teams. Team A will host Team B, with Alex, the star player of Team A, injured in a critical match. The injury has led to a 20-match absence for Alex, making it difficult for his team to secure a win. Team A has lost 12 matches so far in the tournament, and the injury has been a major factor in their struggles. Fans are encouraged to follow the team on social media for updates and more information about the match.",Sports
"Tesla, the world's largest automaker, has announced a $10 billion investment to develop AI-aided autonomous vehicles. The company's leadership team has expressed high hopes for this ambitious initiative, which could revolutionize transportation and safety.",Sci/Tech
"In the thrilling final game of the season, the winning team showcased their resolve and determination. The team's fans, celebrating their victory, celebrated with music and balloons. Key players stepped up, showcasing their skills under pressure. This article delves into the excitement and hard work behind the team's success.",Sports
"AP - Peyton Manning broke one of Dan Marino's records, took a big step toward another and didn't even have to play the whole game to do it. Manning threw for six touchdowns in less than three quarters and raised his season total to 41 scoring passes to lead the Indianapolis Colts past the Detroit Lions 41-9 Thursday.",Sports
"The 2022 World Cup final match between Italy and Germany was a thrilling event with a high score of 5-2 in favor of Italy, marking the first World Cup final to feature a non-integer score. The game was intense, with both teams dominating the game in the first half, and Italy securing a late comeback in the second half. Italy's players, including manager Lautaro violenti, were celebrated for their contributions to the team's success. The match highlighted the resilience of both national teams and the growing interest in European sports. Fans were left on the edge of their seats as the final moments of the game were carefully timed to create a memorable experience.",Sports
"The New York Yankees once again proved why they’re one of the most successful teams in baseball, taking a 4-3 victory over the Philadelphia Phillies on Tuesday night. The game was played at home against the Phillies, who had been on a bit of a downswing this season, and the Yankees were looking to bounce back from a series loss earlier in the week. The team’s stars included outfielder David De la Riva, second baseman Alexius.inter, and closer Ben Schumacher, who struck out four batters in the ninth to secure the victory. This was the Yankees’ 16th straight win, and they are now sitting one win above the division leader, putting them in a position to challenge for the division title. The game was also a highlight of the season, as the Phillies’ pitcher, Ryan Yager, was thrown out of the game after allowing a two-run double against the Yankees. The Yankees’ fans were treated to a thrilling moment, with the crowd roaring as Schumacher hit his first home run of the season, giving the team a glimpse into the future of their star closer.",Sports
"The Wall Street Journal has reported that a major tech investment firm has entered the renewable energy sector, bringing the total number of companies involved in this growing industry to over 100. According to the report, this move aims to strengthen the company's position in the global renewable energy market. A senior analyst at the firm has shared that the deal is expected to create jobs in the sector and drive economic growth. #Business #Tech",Business
"In a thrilling Major League Baseball game, pitcher Alexei Kovalev made history as he claimed his first win in nearly a decade. The 25-year-old lefty, known for his raw speed and精准 throws, put up a strong performance, securing a spot in the postseason. The game was played in a heated atmosphere, with the home team dominating and setting the stage for an exciting showdown.",Sports
"Google has launched a quantum computer with 37 qubits, marking a significant milestone in the field of quantum computing. This groundbreaking development aims to revolutionize industries by solving complex problems that classical computers cannot handle.",Sci/Tech
"A new technology has been developed to enhance the accuracy of sports training equipment, allowing athletes to perform with greater precision. This breakthrough could revolutionize how athletes prepare for competitions, particularly in areas like strength training and mobility.",Sports
"Vienna, Austria (Sports Network) - English midfielder Steven Gerrard will likely miss Saturday #39;s World Cup qualifier against Austria with a groin injury.",Sports
"Over 400 meters, Usain Bolt set a new world record in the 800m sprint at the Olympics! The record shattered previous records, becoming the fastest human in history. The event was live, with scores and commentary from the TV audience. This is a significant moment in track history. #Olympics #UsainBolt #TrackAndField",Sports
A new AI-powered platform is launching to revolutionize healthcare diagnostics. This breakthrough could transform how diseases are diagnosed and treated.,Sci/Tech
"Google recently released the latest version of Android, Android 13, which aims to enhance performance, security, and user experience. The update is expected to bring significant improvements to the Android ecosystem, making it more intuitive for developers and users alike.",Business
"The 2022 World Cup final match between Germany and France was a historic moment, with Germany securing victory. The game, held in a historic venue, showcased the talent of both teams, with Germany's players dominating the match. The match highlighted the intense rivalry between the two nations and the importance of teamwork and creativity in sports. Fans worldwide were eagerly waiting for the final result, and the outcome was a great testament to the hard work and dedication of all players involved.",World
"The 2023 NBA Finals between the Los Angeles Lakers and the Golden State Warriors were a thrilling showdown of talent and strategy. The Lakers, led by LeBron James and Anthony Davis, dominated the first half and secured a series win for themselves. Meanwhile, the Warriors, led by Kyptogorov and Darnell Green, showcased their resilience and determination. The game was a testament to the power of teamwork and hard work.",Sports
"In a move that's drawing widespread attention, an Islamist group has claimed it hijacked two Russian planes that crashed this week, killing at least 89 people and threatening more attacks. According to a recent statement posted on Friday, the group claimed the planes were intentionally taken down by its members, a move that has sparked international debate and concern.",Sports
FULHAM #39;S United old boy Andy Cole fears his former team are poised to leave their critics red-faced. The Reds haven #39;t lost in the Premiership since defeat at Portsmouth six matches ago when they were being written off in the title race.,Sports
"WASHINGTON - The US job market brightened in August as employers added 144,000 workers to their payrolls and hiring totals for the two prior months were revised up, the Labor Department (search) reported on Friday.",Business
"The U.S. Department of Energy announced a significant investment in advancing energy storage technology. A global energy storage company has announced plans to develop a new system to power grid resilience, with a $500 million investment. The project, called the 'Energy Future,' aims to enhance grid stability and reduce reliance on fossil fuels. The company, known for its innovative technology, is expected to complete the project within the next four years. This investment could have a substantial impact on the energy sector and its ability to meet global energy demands.",Business
"A major breakthrough in artificial intelligence has been announced: Google's AI system, AlphaGo, has surpassed the world's top chess players in a series of head-to-head matches. This development underscores the rapid advancements in AI technology and its potential to revolutionize the gaming and entertainment industries.",Sci/Tech
"The World Cup final match between Brazil and Russia was a thrilling clash of giants and smaller teams, with both sides showcasing their best performances ever seen.",Sports
"The world's top football teams are set to face off in an exciting World Cup final between the US and Italy. The match, scheduled for October 21, promises to be a thrilling encounter, with both teams showcasing their best skills and strategies. Italy has been a dominant force in recent World Cup tournaments, and their victory could make them the champion. The game will feature a mix of high-energy moments and strategic plays from both teams. Fans will be eagerly waiting for the outcome, which could have significant implications for the teams and their respective leagues.",World
"The Texas Rangers and the San Diego Padres have become the annual highlight of the San Diego Padres' season, with the Texas Rangers making headlines as they claim a World Series championship, ending a 14-year losing streak. This historic matchup between the two teams, known for their strong defensive and offensive records, promises to be a thrilling showdown that fans and analysts alike are eagerly anticipating.",Sports
Deutsche Bank and Thomas Weisel settle conflicts of interest in research and investment banking,Business
"A new study has revealed significant discrepancies in the distribution of embryos during in vitro fertilization (IVF), a medical technique used to help women conceive a child. The study, published in the Journal of Clinical Pathology and Laboratory Medicine, found that while millions of embryos are produced, the distribution of these embryos among the expected fertilized eggs is uneven. This imbalance can lead to some embryos surviving beyond the desired stage, while others are discarded due to failure in fertilization or embryo viability. The findings suggest that IVF is less effective than previously thought, potentially impacting the success rates of pregnancies. This discovery could lead to changes in medical practices, particularly in terms of embryo transfer protocols and fertility treatments.",Sci/Tech
The following is a verbatim copy of a open letter to the Linux community issued by PalmSource. Read on for more information about the new acquisition and FAQs about how PalmSource will use the new resources and the new Palm OS Cobalt version of Linux.,Sci/Tech
"In the world of sports, the Arizona Diamondbacks have taken a significant step forward as their manager, Nick Watney, has been appointed. This move comes after the team faced some challenging circumstances, including a seven-hitter on the seventh hole during the Robert Trent Jones Golf Championship at the Robert Trent Jones Golf Trail in Prattville, Ala. Watney's appointment is a crucial development for the team, as they aim to capitalize on the growing demand for fantasy sports and the rise of younger athletes. The Arizona Diamondbacks have been the best baseball team in Major League history, and Watney's leadership is expected to boost their performance in upcoming seasons.",World
"The Los Angeles Lakers and Golden State Warriors are set to host a thrilling matchup in a major American league football game, expected to be one of the most anticipated events of the season. The Lakers, led by Kyrie Irving and Anthony Davis, aim to take on the Warriors, who have been a dominant force in the league. The game will take place on [specific date], with both teams expected to showcase their strengths and determine the winner of an important division battle.",Sports
"The UN Security Council convenes a meeting on human rights issues in the wake of a significant human rights scandal, aiming to establish a framework for equitable justice worldwide.",World
"With few junk e-mail filters supporting a protocol for verifying the source address of digital messages, spammers have adopted it themselves as a way to appear more legitimate, stated a report released on Wednesday.",Sci/Tech
"In a thrilling match at the World Chess Championship, a young and seasoned chess player, Evgeny Kolesnikov, faces an unexpected challenge. The tournament is about to begin, and Evgeny is determined to dominate the field. However, just as he begins to rise to the challenge, an injury strikes, and he cannot continue playing. This incident leads to a tense situation where Evgeny struggles with his skills and the pressure of the competition. The injury, however, is not a death sentence. The team, knowing the importance of their performance, decides to focus on the positive outcomes. They prepare thoroughly, knowing that the player's resilience will help them win. The team's determination and support allow them to overcome the injury and secure a strong showing. The incident serves as a lesson in the power of unity and the impact of overcoming adversity.",Sports
IBM Corp has announced that it will launch a new low-budget version of its BladeCenter chassis for blade servers in an effort to make the blade machines more appealing to budget conscious customers in the small- and mid-sized market.,Sci/Tech
Performance venues there can now install signal-jamming equipment to deal with rude mobile-phone users.,Sci/Tech
"The rapid advancement of artificial intelligence (AI) has revolutionized numerous industries, from healthcare to finance, by enabling faster decision-making and personalized treatments. However, as AI becomes increasingly integrated into daily life, concerns about its ethical implications and potential biases in decision-making have sparked debate. While the technology itself is groundbreaking, the societal impact and the need for ethical guidelines are crucial considerations in shaping the future of AI development.",Sci/Tech
A new study claims that eating more fruits and vegetables reduces the risk of heart disease by 30% compared to non-vegetarian diets.,Sci/Tech
"AP - A sick man among the sick, Pope John Paul II struggled through Sunday Mass at a French shrine that draws desperate people seeking miracle cures. The 84-year-old pontiff gasped, trembled and asked aides for help during the 2 1/2 hour service in sizzling heat.",World
"A U.S. shipment of bomb-grade plutonium, valued in the trillions of dollars, has been escorted by armed British commandos. The delivery is set to sail for France, but there have been protests from environmentalists who fear a terrorist attack or an accident.",Sci/Tech
"In the past month, [Tech Innovators Inc.], a leading tech company in the industry, announced a major breakthrough in its innovative product line. The company's latest tech gadget, designed to enhance productivity, has achieved a 15% increase in sales, marking a significant milestone in its market expansion. The success of this product has been attributed to its user-friendly design and cutting-edge features, which have captured the attention of both tech enthusiasts and professionals globally. Tech Innovators Inc. is now poised for even greater growth, with the company aiming to expand its operations in multiple regions. The company's CEO, Dr. Emily Carter, shared her confidence in the product's future success during a press conference. 'This breakthrough is a testament to our continuous commitment to innovation,' she said. The launch of this product has also contributed to a 10% rise in revenue for the company, further solidifying its position as a leader in the tech industry.",Business
"The US government has announced a new trade deal with China, which could have a significant impact on global trade dynamics. This move is expected to shift trade policies and create opportunities for businesses globally. Stay tuned for updates on how this deal will influence the market and supply chains.",Business
"A new study reveals the most dangerous professional sports teams are the ones most likely to be eliminated from the World Cup. This growing trend of team elimination has significant consequences for fans, financial institutions, and the sports industry. The World Cup is a massive event with high stakes, and the elimination of a team could have a devastating impact on millions of people. Professional sports teams have significant financial impacts, especially with ticket sales and merchandise. The consequences for fans are vast, including emotional and financial strain. While some teams have a history of success, the risk of team elimination is growing as the sport evolves. The growing concern among sports fans underscores the need for better regulations and practices to prevent such tragedies. This calls for an urgent discussion and action to ensure that the World Cup remains a symbol of excellence and prosperity.",Sports
"Tesla, the world's largest car company, has announced the release of its latest model, the Model 4, targeting luxury consumers with a 60% increase in battery efficiency. The announcement came as the company stepped up its focus on sustainability and electric vehicle technology, signaling a potential shift in the automotive industry. The move is expected to drive demand for electric vehicles and set a precedent for innovation in the automotive sector.",Business
"As the world continues to grapple with the impact of the pandemic, a new tech startup has emerged with plans to revolutionize how we connect. The company, known for its cutting-edge solutions, has announced its launch of a new platform aimed at empowering individuals with advanced communication tools. The launch is expected to significantly boost productivity and connectivity, opening new avenues for businesses and consumers.",World
"BANGALORE, India Anil Kumble, the Indian spin bowler, took three wickets Wednesday to reach 400 in test matches as the first day of the first test against Australia finished finely balanced.",Sports
"The rise of artificial intelligence in the business world has transformed industries and created new opportunities. Companies are investing in AI to stay competitive and solve complex problems. This report by a leading AI company explores the benefits and challenges of integrating AI into business processes, offering insights and strategies for businesses looking to leverage AI effectively.",Business
"The 2022 World Cup final between Italy and France was a thrilling event that left fans eager for the next round. Italy dominated the match, securing a stunning 4-2 victory over France. The game was filled with drama, with key moments highlighted by broadcasters and fans alike. Italy's performances, especially in the last 45 minutes, were exceptional, showcasing their resilience and skill. France, on the other hand, struggled to keep up, with a couple of late goals from Italy setting the tone. The victory was a testament to the hard work and dedication of both teams, and fans were excited to see them in the next tournament.",Sports
LOS ANGELES A source says Hollywood movie studios are preparing to sue computer users they say are illegally distributing movies online.,Sci/Tech
"BusinessWeek Online - For 35 years, Advanced Micro Devices Inc.  stood in the shadow of archrival Intel Corp.  AMD churned out lower-priced clones of the tech leader''s chips and occasionally enjoyed a hit that helped boost its meager profits. But bad times easily outweighed the good. Again and again, Intel used its manufacturing muscle and pricing power to stymie AMD''s ambitions, preventing it from gaining a foothold in lucrative markets such as servers and corporate PCs.",Sci/Tech
"Le pere de l'Empire, Jean-Charles Lagrange, a parlé sur la pandémie sur les parcs de Paris et la live du public. Le pays chinois a également marqué l'avenue avec des expériences récentes. Cependant, la viabilité du travail international semble être un obstacle majeur.",World
"The British Broadcasting Company (BBC) has entered a major UK car dealership, which was previously unoccupied, marking a significant business decision. The BBC is now operating from the dealership, impacting the company's operations and customer experience. This decision, though controversial, underscores the BBC's focus on sustainability and its commitment to diverse business practices.",Business
Thats when you can get yours and how much you would pay. That is if you live in Japan. Sony today announced the release date and price for its new portable game system.,Sci/Tech
"The U.S. space agency has reacquired the Columbia space shuttle, a 7th Astronaut who died in mid-air disintegration. The shuttle was resumption in May 2005, more than two years after the initial launch in 2001.",Business
"Global financial markets have shown renewed confidence as a tech company announces a breakthrough in its innovative product, aligning with industry trends.",Sci/Tech
"NABUKA Inc., a leading global maker of water filtration and water treatment solutions, reported a 56% rise in its quarterly profit, signaling strong demand for its innovative filtration solutions in the global market. The company, which specializes in providing private interrogators for Iraq's Abu Ghraib prison and other locations, has also issued a statement emphasizing the importance of adhering to local laws and regulations in the region.",Business
"The South African brother of South Africa's President Thabo Mbeki has criticized the economic policies of South Africa's government, arguing that they have led to an increasingly unequal society. According to his brother, the economic policies have not only improved South Africa's economy but have also led to a loss of social mobility and a higher concentration of wealth among the top earners. He emphasized the need for a more inclusive and equitable government to address the systemic issues that have been causing widespread dissatisfaction among the citizens.",World
A global tech company has announced plans to expand its product line by introducing a new smartphone model targeting the premium market. The launch is expected to boost revenue by 12% compared to last year and set new standards in the industry.,Business
"You know they have been polishing their knuckles for this one ever since Boston College announced last October that it was leaving the Big East to become the Atlantic Coast Conference's 12th member, joining fellow Big East defectors Miami and Virginia Tech.",World
"A new tech company has announced plans to expand into renewable energy, leading to a report on the market potential of this sector.",Sci/Tech
"Microsoft will introduce its long-awaited Internet search engine on Thursday, a person knowledgeable about the announcement said.",Sci/Tech
"The rise of social media has reshaped business practices, with many companies now leveraging platforms like Instagram and Twitter for marketing and customer engagement. This trend has not only impacted consumer behavior but also business strategies. According to a recent survey, 65% of small businesses report increased social media usage to boost customer loyalty and brand awareness. This shift reflects a global shift towards digital communication in business and consumer circles.",World
"Tennis star Novak Djokovic's journey continues with an injury update as he celebrates his 100th Grand Slam title, showcasing his ongoing determination to break new ground.",Sports
"The England home test matches will disappear from terrestrial television after British Sky Systems (BSkyB) won exclusive rights to cover live matches from 2006 to 2009, officials said on Wednesday.",World
"The Internet giant eBay recently uncovered a sandwich from its archives that was previously unknown, and the owner of this famous sandwich is the Virgin Mary. This discovery has sparked interest in identifying the person behind the iconic image, which is the subject of a recent auction by eBay.",Sci/Tech
"The Los Angeles Rams have faced a new rule requiring their logo to be visible on the field, a change from the decades-old tradition. This could affect their championship appearances, potentially eliminating the logo requirement.",Sports
"On March 15, the Chinese central bank decided to raise interest rates for the first time in nine years to combat inflation. This decision, reminiscent of the crash in crude oil prices, underscores the importance of monetary policy in managing economic growth.",World
"The 2022 World Cup final between Germany and France was a historic clash of national strengths. The German team secured a thrilling victory, showcasing their resilience and skill. The French team, meanwhile, maintained their dominance with a stunning goal in the 82nd minute. This match not only highlighted the power of both nations but also cemented Germany's position as one of the world's top football teams. The World Cup final is a testament to the power of teamwork and hard work, and it will be remembered for its significance.",Sports
"The men's women's football World Cup final was a thrilling spectacle as Brazil secured a historic victory in their 12th consecutive title, marking the team's unparalleled dominance in the sport. The match took place in a thrilling atmosphere, with fans from around the globe celebrating the historic win. The win added to the legacy of the tournament, setting the stage for future encounters and a legacy of excellence.",Sports
"The FIFA World Cup 2022 final match between Spain and Germany was a historic event in the world of soccer. Spain and Germany proved their dominance with a thrilling 4-3 victory for Germany, showcasing the power of teamwork and determination. The game was a testament to the hard work and talent of both teams, and it left fans and analysts alike in awe.",Sports
"The Dallas Cowboys and the New England Patriots will host each other in the final national football game of the 2024 NFL season on Sunday, marking the end of a decade of intense rivalry.",Sports
"Microsoft has added its support to the United Nations Educational, Scientific and Cultural Organisation (UNESCO) to apply Information Technology to education initiatives in developing countries. This move aims to empower these regions with access to global knowledge and technological advancement.",Sci/Tech
"A major football game has been decided in favor of the opposing team, with the winner set to take home the championship title. The game, which took place on a historic date, will be a memorable moment for fans and players alike.",Sports
"In a significant development for the tech industry, a leading AI-powered remote work tool has been adopted by 10,000 companies worldwide, marking a major milestone in the field of remote work technology.",Business
"Manchester United's Premier League season is on the rise, with the club aiming to become one of the top teams in the world. On November 15, the club will host a crucial match against Chelsea, as the Premier League champion. The game is expected to be intense, with Manchester United aiming to secure their place in the World Cup. Chelsea has been performing well, and a key player from their squad, such as Alex Shultze, has been making headlines for his performance. Manchester United's manager, Alex Milewski, has been working hard to build momentum. The match will be a thrilling showdown, with both teams aiming for victory. Manchester United's fans are already showing their support, and the club is confident in their chances to advance to the World Cup. This season, Manchester United has managed to secure two of the top four positions in the Premier League, marking a significant step forward for the club.",Sports
"The 2023 World Cup final between Germany and France was a thrilling showdown, with both teams showing their resilience and skill. Germany's midfield showed great composure, and France's defense held firm. The game was full of action, with key players making crucial plays. Germany scored late in the second half, but a stunning header from France's star midfielder sealed the victory for the French team. The match was a historic showdown, with both teams proving their dominance in the tournament.",Sports
"In a groundbreaking move, a new technology company has launched a revolutionary product that aims to transform healthcare delivery. The company, known as HealthWave Innovations, has developed a new type of medical device that offers personalized treatment plans. This innovation is expected to significantly improve patient outcomes and reduce costs in the coming years.",Business
"The World Cup 2026, the world's most anticipated international sporting event, is set to take place inagricultural context in France, with the host nation of Brazil, marking the first time it will be held in Latin America. The event, a global spectacle, promises to be a thrilling mix of excitement and anticipation as teams from around the world gather to compete for glory and recognition. The World Cup is a global spectacle that has become a symbol of international unity and sportsmanship. It will be held in France, marking the first time it is being hosted in a country in Latin America. The event will be held in the capital city of France, a significant milestone for the host nation. The World Cup is a global spectacle that has become a symbol of international unity and sportsmanship. It will be held in France, marking the first time it is being hosted in a country in Latin America.",Sports
"The Women's World Cup final, held in a historic location in Brazil, saw a thrilling and unprecedented conclusion for the Women's World Team. The team achieved a historic 3-1 victory, securing a spot in the knockout stage for the World Cup. The victory was fueled by key performances from her three-time World Champion Maria del Mar Carro, who led her team to their highest ranking in a decade, and her teammates, who demonstrated exceptional skill and resilience. The team's hard work and determination were evident in every moment of the final, as they proved that they can overcome any challenge. This win not only solidified their position in the World Cup but also set a new benchmark for future performances. Looking ahead, the Women's World Team is poised for another triumph and a place in history.",Sports
"As the world continues to embrace artificial intelligence, companies are making strides in innovation. A leading tech company is releasing a groundbreaking AI system that promises to revolutionize how we work and live. With a quote from an expert in AI, we can look forward to seeing the impact of this innovation.",Sci/Tech
"Nueva encargada de la presencia en la presencia del mundo: la figurea de Giselle. Giselle es una figura destacada en el mundo de la música, teatería y el arte, known for su contribución a la presencia del mundo. Su work, que se centra en la música y la teatería, ha demostrado ser un ejemplo de cómo los artistos pueden contribuir significativamente a la transición entre los periodos de la música y el arte. Giselle ha sido un exemplar de la innovación y la comprensión de la música en lo alto. #World",World
"The United Nations General Assembly recently held a significant meeting discussing global challenges such as climate change, healthcare, and sustainable development. A recent summit focused on sustainable development included countries from around the world, bringing together leaders to address global challenges and foster collaboration. The event was a major milestone in global discourse, highlighting the importance of collective action in addressing these pressing issues.",World
"In the fast-paced world of business, the integration of artificial intelligence has become a game-changer. Companies are increasingly leveraging AI to streamline operations, improve customer service, and enhance decision-making. However, challenges such as data privacy concerns, regulatory hurdles, and the complexity of integrating AI systems are emerging. Despite these hurdles, several companies are making strides, including [Company Name], which has successfully transitioned AI into its core operations. Their efforts show a promising future, though ongoing innovation and adaptability are key to maximizing AI's benefits.",Business
"In recent months, artificial intelligence has emerged as a game-changer in the medical field, particularly in enhancing the accuracy and speed of medical imaging. A breakthrough in AI-powered medical imaging systems has led to significant advancements in diagnostics, potentially revolutionizing healthcare delivery.",Sci/Tech
"The 2022 World Cup, the largest international soccer event in history, concluded in Qatar with stunning performances from all over the world. The tournament, held in July, showcased some of the most vibrant and energetic teams in history. Key highlights included thrilling matches between teams like Germany, France, and Japan, as well as the historic opening match between the United States and Russia. The event marked the first time the World Cup was held in a footballing nation outside the Euroland region. With so many exciting moments and significant player performances, the 2022 World Cup has left an indelible mark on the world of sports.",World
Phoenix Suns dominate World Series 4-3.,Sports
"In recent months, the U.S. job market has shown strong growth, with states like Maryland, Virginia, and the District of Columbia recording record highs in job creation. This upward trend is a key indicator of economic health and employment security.",Business
"The 2024 FIFA World Cup will take place in St. Petersburg, Russia, from July 25 to August 15. The match between Germany's Diffractive FC and France's Ligue 1 side Ligue 1, which has been struggling since their recent loss to Brazil in the World Cup final, will be a historic showdown. The game is expected to be intense, with both teams bringing their best players and strategies. The match will feature highlights from key moments in Germany's recent campaign, including a thrilling win over a strong German team and a defensive struggle by France's Ligue 1 team. The outcome could set the stage for a thrilling final and the possibility of a new World Cup winner.",World
"In a recent article, journalist Sarah Johnson discussed the impact of emerging technologies on global business practices. According to her, the rapid adoption of AI-driven tools has revolutionized traditional business models, leading to increased efficiency and innovation. However, she also highlighted the risks posed by data breaches and cyber threats, which could disrupt the entire industry. The article further elaborates on how companies are reevaluating their strategies to mitigate these risks, emphasizing the need for a more adaptive business model in an ever-evolving landscape.",Business
"Global tech sector is expected to grow as a major tech company expands into new markets, boosting revenue and creating roles. This expansion highlights the importance of global collaboration in the digital economy.",Business
"In August, consumer confidence, which had been on the rise since April, declined unexpectedly sharply in a private research group's report, signaling a possible shift in economic dynamics and investor sentiment.",Business
"Tech Innovators Launch Major App for Mobile Devices, Redefining the Future of Communication.",Business
Los Angeles Dodgers win World Series in 2023 with a dominant performance that included a historic double play and a four-run sixth inning to lift the team to a thrilling 5-4 victory over the Los Angeles Dodgers.,Sports
"In recent weeks, a major tech company has announced plans to expand its global presence through strategic partnerships and innovation initiatives. This expansion aims to enhance customer engagement and drive growth across multiple markets. The move reflects the company's commitment to staying at the forefront of technological advancements and fostering long-term relationships with its clients and partners.",Business
"In a recent update to the Apple ecosystem, the company announced a significant move to integrate hardware and software more seamlessly. This shift is expected to transform how Apple services are delivered to users, enhancing the overall user experience.",Sci/Tech
"Tech Innovators Inc. announces the launch of its groundbreaking AI-Powered Smart Home Automation System, revolutionizing the way homes are managed. The company, a leader in the tech industry, has secured a $25 million investment, underscoring its commitment to innovation. With a team of experts including [Expert's Name], who recently shared insights on the benefits of AI in modern living, the launch marks a significant step in the industry's evolution.",Business
"The rise of AI in sports has sparked a wave of excitement among athletes and coaches across the globe. With advancements in artificial intelligence, players and managers are leveraging technology to improve performance, strategize, and adapt to the ever-changing sports environment. This trend is not just a technological marvel but a testament to how innovation can transform the way sports are played and managed.",Sports
"The Los Angeles Dodgers recently claimed their championship with a thrilling 4-3 win in the World Series, showcasing their resilience and determination. The team's victory, which included key players like pitcher Alexei Tokarev and closer Alexei Polster, highlighted their ability to handle pressure and maintain their competitive edge. This moment in baseball is a testament to the power of teamwork and the determination of the athletes who make up such a remarkable club.",Sports
"The Los Angeles Dodgers, a team known for dominating the American League, has faced a tough challenge from a division rival in a crucial game. The team's star pitcher, pitcher David Solares, made a crucial decision late in the game that sealed the victory. Despite his injury, the decision was made to ensure the team's success, and the team's fans are hopeful for their next opponent.",Sports
"The New England Patriots took down the San Francisco 49ers in Super Bowl LVI, marking a historic moment for the team. Quarterback quarterback Tom Heinen, a key player on the team, had an injury to his right knee, which could disrupt his role as the team’s offensive coordinator. Despite the injury, Heinen returned to the field, leading the team to a thrilling 3-1 victory. The game was a testament to the resilience of the Patriots, who had been on a tough stretch, and a reminder that success in sports can be achieved with effort and determination.",Sports
"The 2023 World Series is set to be one of the biggest events in sports history, with the champion team guaranteed a spot in the World Cup. The final whistle will blow at 8:01 PM ET, and the excitement is palpable as the teams battle for dominance. The series will be a thrilling showdown of skill, strategy, and determination.",Sports
"The UN Security Council met on Tuesday, March 22, 2023, to discuss global efforts to address climate change. Key countries such as Germany, France, and China presented their strategies, with the goal of achieving net-zero emissions by 2030.",World
Mike Tyson closed the book today on one of his many run-ins with the law: his brawl last year with two men outside a Brooklyn hotel.,Sports
"In recent weeks, tensions have escalated in Russia's southern regions as protests over security and stability continue to dominate the scene. A local leader has issued a statement calling for immediate action against a figure who reportedly joined a terrorist group, sparking outrage across the country. This situation has raised concerns about the effectiveness of local governance in maintaining order, as it appears that efforts to address the issue may not be sufficient.",Sports
"News.com reports in the article: Microsoft fixes date for desktop search tool, that the company will offer up a beta release of a desktop search by the end of this year.",Sci/Tech
"A leading tech company has released its annual earnings report, signaling improved earnings and a favorable outlook for the upcoming fiscal year.",Business
"The First Ever Soccer World Cup Finals between two of the world's best teams have been held in a historic setting, showcasing the beauty and excitement of modern soccer.",Sports
"The U.S. government has announced plans for a $1.6 trillion infrastructure package, including $1.2 trillion in investments in infrastructure. This package aims to stimulate economic growth and address long-standing challenges in the industry.",Business
"Manchester United have beaten Manchester City 2-1 in the FA Cup final, a result that could have a significant impact on the team's record.",Sports
"MLB Teams Make History in Championship Game: In a thrilling showdown, the New York Yankees defeated the San Francisco Giants 4-3 in the World Series final. The team's star pitcher, David connecto, and manager, Seung-Hun Lim, delivered stellar performances that set the tone for the series. This historic moment highlights the power of teamwork and determination in the league's most beloved competition.",Sports
"According to a recent report by the International Monetary Fund (IMF), China's real GDP is projected to grow at an average rate of 9% in 2004 and potentially slow to 7.5% in 2005. This data highlights the country's economic growth and the slowing pace of industrial development, which could have long-term implications for its economy and international relations.",Business
"In the wake of a major tech company's earnings report, the financials have been a hot topic of discussion. The company, which has been a key player in the industry for over two decades, has released its latest earnings, signaling significant growth in its fourth quarter. The report, which was expected to be a major hit, was met with both excitement and skepticism. The company's leadership team has expressed confidence in its continued success, but some analysts have called it a bit overreaching. Regardless of the outcome, the report has set the stage for a year of strong performance in the industry.",Business
"The 2022 World Cup Final! Brazil clinched the title with a thrilling 4-0 victory over Russia in a closely contested match. The game was a thrilling highlight reel, showcasing the power of each team's players and their determination to win.",Sports
"Casey Mears, a California native, has qualified for the Target House 300 race on Saturday. He's been building his No. 41 Dodge on the Busch Series pole position.",Sports
The U.S. Department of Energy announced plans to invest $1 billion in Malaysia to develop advanced nuclear reactors for energy production.,Business
"Puerto Rican wrestler Mabel Fonseca tested positive for a steroid in an initial doping test, a wrestling official said Saturday. Michel Dusson, secretary general of the International ",Sports
"The 700 MHz spectrum situation has gotten worse, with the Senate Commerce Committee voting 13-9 to possibly never require TV broadcasters to return spectrum in the 700 MHz band. This decision could have significant implications for sports equipment, as equipment like soccer balls, basketballs, and even baseball bats are powered by wireless technology that relies on the 700 MHz band. The decision is a critical step toward ensuring that sports equipment remains functional and safe for future generations.",Sports
"Tech companies are increasingly prioritizing short-term gains over long-term success. The tech giant has announced a new investment round, signaling a strategic shift in the tech sector. This move could have a significant impact on the tech industry and individual investors.",Business
"The University of Texas at Austin football team recently played a thrilling match against the University of Florida in the annual Texas Football Championship. The game took place on December 15, with the Texas队 securing a comfortable 45-35 victory. The match was a highlight reel, with several standout performances from the Texas players. The game highlighted the talent and determination of both teams, with Texas taking home the win. The outcome was a significant milestone for the Texas football program.",Sports
"The 2023 World Cup, the most recent edition, was a historic event in sports history. It showcased the best of the world in football, basketball, and soccer, with thrilling matches and unforgettable performances. The tournament began on July 11 and concluded on July 16, bringing together teams from around the globe. This year, the World Cup highlighted the power of teamwork, creativity, and resilience, with teams from different cultures and nations vying for glory. The event has become a symbol of global sports competition and has inspired millions of fans worldwide.",Sports
"The French Open tennis tournament, a major global event with over 10,000 players, took place on November 7, 2023. The event saw the top 10 players from the world compete in singles and doubles matches, with the top seeds securing their places in the final. The tournament is a significant event in the sports world, attracting millions of spectators and setting new records for such events.",Sports
"MUSTHAN'S COLD WAR WITH THE FA Cup FINALLY RESOLVED IN THE SACHSUNIAN breaking the world record in the FA Cup final, the German football club must have been in a bit of a cold mood. However, the club's management revealed that they've managed to secure the title despite facing the challenges of a close competition. The team's hard work and determination have been evident throughout the tournament, and it's clear that must have been a thrilling showdown.",Sports
AI Model for Medical Imaging Excels in Precision,Sci/Tech
"The Minnesota Twins and the Seattle Mariners played a thrilling game in the American League Championship Series, with the Twins securing a crucial 3-2 win in favor of the Mariners.",Sports
A global economic summit has unveiled a new policy framework aimed at enhancing global trade and financial stability.,Business
Trend Micro will become the latest major anti-virus software company to provide protection against mobile phone viruses with the release today of Trend Micro Mobile Security 1.0.,Sci/Tech
Pakistani terrorists have been arrested in plots targeting government officials and the US embassy. The incident has sparked concerns about security threats in the region.,Business
"The New England Patriots, a team known for its resilience and excellence, recently defeated the New York Giants in a thrilling football game that showcased the team's unwavering determination and unity.",Sports
"In a thrilling World Cup final match, the host nation's soccer team secured its place in the World Cup 2022, showcasing the power of teamwork and determination. The event, held in Qatar, brought together teams from around the globe, with the World Cup set to begin on October 21, 2022.",Sports
PC World - New 46-inch LCD is just one of eight flat-panel models launched this week.,Sci/Tech
"Manchester United vs. Liverpool: The draw between two of the most iconic teams in football has been called. Manchester United's young stars have been on the hunt for a top transfer, while Liverpool's new signing has sparked debate among fans. The match is set to be a thrilling encounter, with both teams pushing for success. Manchester United's Manchester City manager, Sir Alex Ferguson, has been vocal about the transfer drama involving Manchester United's star players. It's a rare opportunity for Manchester City to secure a top transfer. This historic moment for Manchester United and Liverpool. The game will decide the future of both clubs, and the transfer drama surrounding Manchester United's players will have a lasting impact.",Sports
"In a thrilling baseball game, pitcher Alex Smith struggled to contain a tough opponent, the San Francisco Giants. Despite a strong lineup, Smith showed limited effectiveness in the final innings. Meanwhile, rising star Jordan Burt, known for his clutch performances, managed to reach 100 runs in a single game. The game was a close encounter, and Smith was handed a minor decision after the final pitch. The Giants, determined to close the gap, tried to rally but fell short, ultimately losing the series.",Sports
"South Korea has expressed strong criticism toward North Korea over its recent statement regarding the use of nuclear materials, a move that has been widely met with sharp criticism from the North. The South's decision to criticize North Korea's nuclear program has led to a tense situation, with North Korea signaling it will resume dialogue with the South. This diplomatic move has sparked international tension and implications for the South's nuclear program. Stay tuned for more details.",World
"Tech Innovators Inc. reported a 15% increase in revenue for the second quarter, reflecting strong demand for their latest software product.",Business
A major tech company has unveiled a new eco-friendly product line that aims to revolutionize the industry by promoting sustainability.,Sci/Tech
"The Los Angeles Lakers and Golden State Warriors basketball game on November 25, 2023, marked a historic turn in the NBA's season structure. The Lakers, the defending champions, faced off against the Warriors, who had been the underdogs this season. The game was a thrilling showdown, with both teams showcasing their peak performances. LeBron James and Kevin Durant joined the game, adding more drama to the night. This matchup is not just a battle for supremacy but a test of strategy and team unity.",Sports
"In a thrilling World Cup 2022 match, Brazilian athlete Luísrito da Silva emerged victorious in the 100m sprint final, breaking the world record and cementing his place among the sport's legends.",Sports
"A major tech startup has raised $50 million in Series A funding, signaling a significant expansion in the tech industry. The company, known for its innovative solutions, aims to expand its operations into emerging markets and deliver on its platform's promise to provide affordable and scalable digital solutions. With the recent funding round, the company is poised to make a name for itself as a leading player in the digital transformation sector.",Business
"In the wake of the increasing number of cyber threats and the growing concern about data security, wiretapping has become a critical tool for identifying and disrupting malicious activities. This practice involves capturing and analyzing communication channels to gather information about individuals, organizations, or entire systems. However, wiretapping is not without its drawbacks. It can be intrusive, time-consuming, and sometimes unethical, as it often targets people who are otherwise considered neutral. The consequences of wiretapping, such as the destruction of privacy and the disruption of services, underscore the need for a more balanced approach to cybersecurity.",Sci/Tech
The computer crash that shut down systems at Britain #39;s Department for Work and Pensions only caused delays in dealing with new and amended claims.,Business
"In a shocking development, British media outlets have revealed that two American citizens, Kenneth Bigley and another individual, have been captured in Iraq following the collapse of their U.S. base. The British government has released a statement expressing concern about the situation and calling for further investigation. The capture came after the U.S. government announced it had intercepted the two men after they were inside a U.S. military base in Iraq. The incident has sparked international attention, with several countries expressing concern over the nature of the capture. The UK government has been closely monitoring the situation, including the behavior of the captured individuals. The situation has led to widespread concern within both the U.S. and Iraq, with the U.S. government responding with a statement of its own. The incident has also raised questions about the security measures in Iraq and the effectiveness of the U.S.-Iraq military relationship.",Business
"The New York Yankees, the world's most anticipated team, have secured a thrilling victory in the 2024 Major League Baseball World Series. They won against the Los Angeles Dodgers 4-1 in the championship game, a significant milestone for the team and a historic season.",Sports
"New economic deal could shake up global trade relations, as $2.75 trillion agreement between the U.S. and China aims to reduce trade barriers and boost economic growth.",Business
"The San Francisco 49ers and Seattle Seahawks are set to clash in a historic football game, with the win securing the championship for the team that has been struggling to make a name for themselves.",Sports
"The United Nations Climate Summit 2024 aims to address global climate change through unprecedented cooperation among nations. Key speakers will discuss solutions for reducing emissions and mitigating extreme weather events. The summit, held in virtual format due to the COVID-19 pandemic, promises to bring together leaders and activists to work towards a greener future.",World
"In a landmark decision, the UK government has expressed its willingness to leave the European Union, sparking intense debate among voters and political parties.",World
"A US court has upheld the legitimacy of peer-to-peer (P2P) file-sharing application Morpheus, finding against 28 of the world's largest entertainment companies which had alleged that the P2P firm's software violates copyright law.",Sci/Tech
"In a significant move, the U.S. government is proposing new data privacy laws aimed at protecting consumer information. This week, the Department of Justice and the Occupational Safety and Health Administration (OSHA) announced plans to implement stricter regulations on data collection and storage. Businesses are already facing criticism for not adhering to these new guidelines, with some accusing them of not respecting customer privacy. Companies like Apple and Microsoft are among those affected, as they have been heavily involved in data-related lawsuits. The implications of these laws are profound, as they could lead to increased fines and reputational damage for businesses that fail to keep up with the new standards. The ongoing debate over data privacy is shaping the way industries operate in the coming years. Businesses must adapt to these changes to thrive in the new era of digital dominance.",Business
"The World Health Organization has called for urgent action to combat climate change, calling it a 'global challenge' that threatens all life on Earth.",World
"In an era where artificial intelligence is at the forefront of technological innovation, the rise of AI in sports has revolutionized the game. The Los Angeles Lakers, a team that has been at the forefront of the professional basketball world, has recently proven its adaptability by defeating the New York Yankees in the 2024 NBA finals. The Lakers, known for their relentless drive and high performance, utilized AI-driven analytics to optimize training routines, refine strategies, and predict opponents' moves with unparalleled accuracy. This shift has not only elevated the Lakers' success rate but also set a new standard for how teams approach their games. With AI as a tool, the Lakers have now become a symbol of how technology is reshaping the very fabric of sports. This move has not only captured the attention of fans but also raised questions about the future of professional basketball as we continue to grapple with the challenges posed by the pandemic.",Sports
"Google, the tech giant, has announced a new product launch for its artificial intelligence platform, which aims to enhance decision-making in various industries.",Business
"The 2022 World Cup final match between two of the most celebrated football teams in the world features a historic clash between two teams, each with their own unique strengths and recent performances that have left fans eager to watch.",Sports
"In a recent update to the New York Times, journalist Sarah Johnson highlighted the exciting development in the world of sports: the New York Yankees have secured a spot in the World Series, marking their fourth consecutive championship win. The team, led by star pitcher Justin Verkamp, has now clinched the title against the Los Angeles Dodgers, a significant milestone for the team. The game was held in the heart of New York, with the Yankees battling the Dodgers in the semifinals. This victory not only solidifies their place in baseball history but also sets a high standard for future championships.",Sports
"In recent years, baseball has seen some remarkable achievements. Consider the career of [Player's Name], who has been celebrated for their perseverance and dedication. From the time they entered the sport to their peak year, they claimed [specific year] as their most significant, with [statistic] highlights that set a new standard for excellence. Their contributions have left an indelible mark on the game, inspiring future generations of players and fans alike. The impact of their work continues to resonate in the world of sports, proving that talent, hard work, and perseverance are the keys to success.",Sports
"Neuralink, a leading AI and machine learning company, has announced its expansion into biotechnology and healthcare, aiming to revolutionize the medical field.",Business
"The Indian cricket team has faced a significant challenge as one of its top batsmen, Virat Kohli, has been seriously injured in an accident during the recent match against Pakistan. The incident has led to the suspension of the match and has drawn widespread attention from the cricketing community. Kohli, known for his resilience and leadership, has been under medical supervision, and the team has expressed its deep regret and concern for his recovery.",Sports
"A leading AI startup is expanding its operations into a new region, promising to unlock new opportunities for both the company and its customers.",Business
"In an unusual turn of events, the San Francisco Giants and the New York Yankees, two of the world's most iconic teams, faced off in a pivotal matchup during a late season rivalry game. The game took place on a day when both teams were preparing for their respective schedules, with the Giants leading the Yankees 2-0 at the conclusion of the previous season. The outcome of this clash was significant, as both teams were known for their dominance in the league, and the result could have had a lasting impact on the sports world.",Sports
"In a landmark decision, the United Nations has established a climate action plan aimed at reducing greenhouse gas emissions and combating climate change. The plan, which includes 175 member states, focuses on sustainable energy, renewable energy projects, and reducing industrial emissions. Governments worldwide have adopted the plan to contribute to global efforts to combat climate change and protect the planet from rising temperatures and extreme weather events. The initiative underscores the importance of international collaboration in addressing global challenges and highlights the need for sustainable practices to ensure a sustainable future.",World
"The New York Yankees triumphed in the World Series, defeating the Los Angeles Dodgers 4-3 in Game 6. The game was a thrilling showdown, showcasing the teams' resilience and determination.",Sports
"In a thrilling football match, a major injury has left the New England Patriots' running back, Joseph Randle, out of the game. The 30-year-old tight end is expected to miss the rest of the season as he takes a step towards recovery.",Sports
"The Los Angeles Dodgers have claimed their first World Series title in 2023, defeating the San Francisco Giants 4-2 in the final against the bases. This historic win marked the 100th time the Dodgers have won the World Series, making them the most productive team in baseball history. The victory was a testament to their incredible lineup and the hard work of all their players, including the iconic first baseman, Adam Rosenthal. The series was a thrilling encounter, with both teams showcasing their skills and determination. The Dodgers’ dominance will be remembered as one of the great moments in baseball history.",Sports
"A teen whose life sentence on appeal was thrown out after a court ruled he violated his probation by walking late at night with a pocket knife, a judge said yesterday.",Business
2023 US Housing Market Crash: A Comprehensive Analysis,Business
"A team led by physicist Dr. Emily Carter has announced the discovery of a new exoplanet using a high-resolution telescope and a novel imaging technique. The findings suggest the existence of life beyond Earth, opening new avenues for exploration.",Sci/Tech
"The final of the World Cup has been one of the most thrilling moments in football history. With over 1 billion viewers worldwide, it's the most watched game in the world, and it's going to be a defining moment for the tournament and its participants.",Sports
"In recent weeks, the global business environment has been shaped by the shift to remote work, which has redefined industries and affected global trade dynamics. According to a recent report by Reuters, the U.S. government has announced a new tax policy that could have significant implications for businesses worldwide. This shift has led to increased competition and challenges for traditional businesses, as they adapt to new market structures. Meanwhile, a new tech startup in the United Arab Emirates claims to have developed a revolutionary AI system that can predict customer needs with unprecedented accuracy. This development could transform industries like retail, healthcare, and education. The impact of these developments will likely shape the future of business and technology in the coming years.",Business
"The San Francisco Giants kickers have had an interesting week. On Monday, kicker Robert Gallery, the second player selected in the NFL draft, did not practice due to an elbow injury. This uncertainty affects his availability for Saturday's preseason game against Dallas. The team is expected to rely on starting kicker Julian Edmonds to maintain their offensive depth.",Sports
"In recent weeks, global economic markets have shown signs of recovery after a period of significant volatility. This article explores the factors driving the recovery in key economies and the challenges ahead.",Business
"The 2023 World乒乓球锦标赛 in Davis City, China, is a historic event in women's tennis, with significant implications for the nation's sports landscape. It will feature top players and set new standards for future competitors.",Sports
The Los Angeles Dodgers have secured their title in the World Series with a thrilling 5-2 victory over the San Francisco Giants on Friday night.,Sports
"The iPhone 15, Apple's latest smartphone, is set to launch globally on September 25th. The device features a 13.3-inch display with 128GB of storage and comes with a 12.9-inch curved fingerprint display. The launch marks Apple's continued dominance in the smartphone market, and its success has solidified its position as one of the most innovative companies in the world.",Business
"In a major milestone for the tech industry, a new startup has launched a revolutionary AI-driven platform that aims to transform how businesses operate. The company, TechSolutions, is expected to launch its product in the second quarter of 2024 and has already garnered significant interest from global businesses looking to streamline their operations.",Business
"A leading pharmaceutical company has announced a significant breakthrough in its new drug, enhancing the effectiveness of a targeted treatment for a rare condition. This development is expected to significantly impact the field of medical research and treatment options.",Sci/Tech
"The New York Yankees are back on top form, winning their first AL championship series since 2019! The team's comeback is a testament to their resilience and determination, shaping the future of baseball in the coming years.",Sports
"A leading global tech company has announced the release of a new product line, which is expected to revolutionize the industry.",Sci/Tech
"The World Cup is a major international event where teams from around the world compete. This year, the quarterfinals will feature the top teams, including Germany, France, Japan, and Brazil. The outcome will determine the next round of the tournament, with the winners moving on to the semi-finals.",Sports
"A global tech company has announced plans to launch a new product in a developing region, aiming to boost economic growth and job creation. This decision has been met with mixed reactions from local businesses, who are divided on whether the product will meet their standards. The company has also emphasized its commitment to sustainability and ethical practices, which could influence consumer preferences. The decision is expected to take effect in the coming weeks, and existing customers will benefit from the new product's introduction.",Business
"The 2023 Major League Baseball World Series concluded with a thrilling final game between the Los Angeles Dodgers and the San Francisco Giants. The series, which began on July 15, 2023, brought in record viewership figures, with a national rating of 15.8 (23.1 share). The final game was a close one, with the Dodgers scoring the winning run in the ninth inning, while the Giants managed to extend their winning streak to 10 games.",Sports
Microsoft Announces 2023 Earnings Report,Business
"A major company has announced the launch of its latest smartwatch app, designed to improve health monitoring and provide personalized fitness recommendations. The app, developed by leading tech firms, aims to revolutionize how people track their health and manage their routines.",Business
"The Los Angeles Rams have suspended their star quarterback for violating team rules, marking a significant change in their strategy and fan expectations.",Sports
"The rise of artificial intelligence in healthcare has opened new avenues for precision medicine and personalized treatment. AI algorithms can analyze vast amounts of data to identify biomarkers for diseases and recommend tailored therapies. This transformation is reshaping the way healthcare is delivered, aiming to improve patient outcomes and reduce costs.",Sci/Tech
"In a move to strengthen its global presence, a major tech company has announced a strategic acquisition. The company, which operates in the tech sector, is set to purchase a leading health care provider in a significant $3 billion deal. This acquisition is expected to revolutionize the company's operations and expand its market reach.",Business
"In a recent update from the global sports community, mathematician and former professional cyclist Emily Chen has claimed to have broken a record in the men's 100-meter sprint, setting a new personal best of 9.88 seconds. This achievement not only solidified her reputation as one of the most talented athletes in the world but also highlighted her dedication to training and perseverance in the face of extreme conditions.",Sports
"In a thrilling match between two of the most competitive baseball teams in the world, the Texas Rangers and the Red Sox will clash at Fenway Park on July 17th at 7 p.m. The matchup could be a highlight of the season, with both teams showcasing their skills and strategies. The Texas Rangers, known for their aggressive approach and defensive play, will face the Red Sox, a team with a strong presence in the American League. This game could set the tone for the season's first three games.",Sports
"An important update has been released regarding the packing team's trade deal involving Mike McKenzie and a draft choice. The team announced details of their 64-bit architecture based on the Isaiah processor core, known as #39;CN #39;. This move is significant as it could influence future strategies in the league and team dynamics. Fans and analysts are expecting this move to have a noticeable impact on the team's performance and future plans. The packing team's decision reflects their commitment to excellence and efficiency, which could be a turning point in their season.",Sports
"The FIFA World Cup 2022, the largest international football tournament ever played, concluded with a thrilling final match between English Premier League champion England and French Ligue 1 champion France. The game was intense, with both teams dominating the match. England's star球员 Adam Smith scored the winning goal in the 57th minute, while France's key player, Pascal Lapointe, delivered a stunning goal in the 56th minute. The match was a testament to both teams' resilience and skill. The final tally was 2-1 in favor of England, with the match lasting over 120 minutes. The outcome was a significant milestone for both nations and a highlight of the tournament.",Sports
"Dell's Photo All-In-One Printer 962 Launches with a Focus on Printing, Scanning, Faxes, and Copies at $179, According to a recent announcement from the company.",World
"The Colts kicker, Mike Vanderjagt, made his 100th consecutive field goal in Thursday night's #39; NFL game against the Patriots, scoring a historic 48-yard field goal with 24 seconds remaining to win the game.",Sports
"The World Cup is set to be a thrilling event with two of the most promising teams in history vying for the top spot. The match between Team A and Team B promises to be a high-stakes encounter, with key players like Player X from Team A and Player Y from Team B making significant contributions. The game is expected to be intense, with close encounters and some surprising moments. Stay tuned for more updates as the tournament progresses.",Sports
"Solar technology has seen significant advancements, with new materials and designs enabling greater efficiency in generating clean energy. This innovation is reshaping the way we approach energy production and sustainability efforts, contributing to global efforts to combat climate change and promote renewable energy solutions.",World
The final game of the season between the Miami Heat and the Golden State Warriors was a thrilling showdown that highlighted the intense rivalry between these two of the greatest basketball teams in the NBA.,Sports
"In a thrilling World Cup match, the top English football team emerged victorious in a highly anticipated encounter with a strong national team. Highlighting the intense rivalry and the high stakes of the tournament, the match saw a series of standout performances from both sides. The result was a testament to the hard work and dedication of both teams, with the English side claiming victory, a significant step towards their long-term success.",Sports
"A groundbreaking AI system has been developed to detect fraud with unprecedented accuracy. This new system, known as AI-Fixer, uses advanced machine learning algorithms to identify fraudulent activities in real-time. It has the potential to revolutionize industries such as finance, retail, and healthcare by reducing detection errors. The system operates by analyzing vast amounts of data, including transaction history, user behavior, and transaction details. It has already proven effective in detecting fraudulent transactions in retail, where it has reduced fraud rates by 30% compared to traditional methods. This development could lead to significant improvements in cybersecurity and enhance the overall efficiency of fraud detection systems.",Sci/Tech
"The Chinese government has announced a new policy aimed at supporting small and medium-sized enterprises (SMEs) to address the challenges they face in the current economic landscape. The policy, introduced to help these businesses adapt to market changes, includes measures to provide financial assistance, improve infrastructure, and promote sustainable practices. SMEs are expected to play a crucial role in the future of the economy, and this initiative aims to empower them to thrive in a competitive market.",Business
"In the thrilling 2022 World Cup final, France and Italy faced off in the most recent World Cup, with both teams securing their place in the tournament history. The match was a historic showdown between two of the world's greatest teams, showcasing the intense rivalry and the level of competition in the sport. France, led by Mbappé, delivered a decisive win, while Italy, led by Lippi, managed to maintain their dominance. The outcome highlighted the intense atmosphere of the tournament and the high stakes involved, inspiring fans and analysts alike.",Sports
"Microsoft reported a 15% revenue increase in the first quarter, driven by its Windows 11 Premium launch and strong performance in the gaming sector. The company has shown resilience, indicating potential for future growth in the tech industry.",Business
The New York Times reports that a new advertising campaign for the New York City 10000m (NYC 10000m) team has been launched. The campaign features a combination of traditional advertising and digital platforms to reach a wider audience and increase visibility.,Sports
Tech Innovations: Leading the Future of Smart Cities,Business
"The New York Yankees have raised questions about their new manager, as the team has been a dominant force in Major League Baseball for over a decade. Recently, the team announced a new coach, but a player in the team's history has sparked controversy with a significant impact.",Sports
"In a pivotal moment of global sports history, the world's top athletes and experts are addressing the unresolved question: what truly defines the essence of sports? A heated debate has sparked concerns about the very nature of the sport itself, with discussions ranging from the concept of winners to the role of spectator engagement. Experts from around the globe, including a former professional swimmer and a former professional basketball player, share their insights on this timeless yet ever-shifting question.",Sports
"In a thrilling match, the New York Yankees defeated the Los Angeles Dodgers 4-3 in a game that was a major highlight reel for fans and analysts alike. The win marked the team's first World Series championship in over a decade and showcased the resilience and talent of the New York Yankees. The game was played in the second game of the World Series, highlighting the growing importance of sports events in determining the championship series.",Sports
"A demonstration broke out in the Afghan capital of Herat, where a popular warlord was killed. The demonstration caused chaos and stoned U.S. soldiers, which is a part of the Sports category.",Sports
"Solving the nation #39;s spam problem will require a balancing act, legal and privacy experts said today in Washington, DC, at a meeting sponsored by the Federal Trade Commission.",Sci/Tech
El futuro de la computación cuántica en el mundo de losports,Sports
"XYZ Technology Solutions has announced the launch of a cutting-edge project management software that will be available in the next quarter. The tool, designed to enhance productivity and reduce operational costs, aims to revolutionize how businesses manage their projects.",Business
"A leading tech company reported a 15% increase in revenue this quarter, signaling strong market demand for their products.",Sci/Tech
"The local sports team has won the championship again, securing a thrilling victory that has left fans eager for the next round. The team's star player, Alex Thompson, had a standout performance, scoring 30 points in the final quarter. With the season winding down, the team's hard work and resilience have brought them back to the top. This win is a testament to their dedication and hard work.",Sports
"A new report suggests that Japanese companies, NTT DoCoMo, and Fujitsu have co-developed a fuel cell recharger for DoCoMo's Foma family handsets, which is a significant development in the fuel cell technology.",Sci/Tech
"Alex McLeish, a former national basketball player, was posing for photographers at the famous Murray Park basketball court for the annual Golden State Team photo contest. The event, held in January, was a significant moment in the history of the Golden State Warriors basketball team, marking the end of the 2016-17 season and the beginning of the 2017-18 season. McLeish, now the owner of a sports brand, shared the event with fans and athletes, showcasing his basketball skills while capturing a photo of the Warriors' star player, Klay Thompson. The photo, titled 'Remembering Klay Thompson,' was displayed at the museum for years, symbolizing the team's legacy and the enduring impact of Klay's contributions to the sport.",Sports
The 2023 NBA Finals have reached their most thrilling conclusion as the Golden State Warriors defeated the Los Angeles Clippers 117-107 in a thrilling showdown that set a new standard for NBA competition.,Sports
"In the bustling city of London, a thrilling cricket match was held on a Friday evening, drawing a crowd of over 15,000 supporters. The match between two top-tier cricket teams, the Royal Brynley cricket club and the Royal Buckingham club, was a highlight of the day. The first team, led by experienced batsman David Collins, showcased his exceptional batting skills, while the second team, led by star bowler Michael Simpson, delivered a dominant performance. The game was closely contested, with both teams aiming for a thrilling win. In the end, the Royal Brynley team emerged victorious, securing a much-needed win for them. The result came after long discussions and intense preparation, highlighting the rigorous training and dedication of the players involved.",Sports
THE Australian Rugby Union has been swamped with inquiries from high-profile players here and overseas interested in joining the new Super 14 franchise in 2006.,Sports
The Giants coughed up three straight second-quarter turnovers and dissolved in a torrent of penalties in a baffling loss at Giants Stadium.,Sports
WASHINGTON - The Senate Judiciary Committee heard this morning from one of its own about some of the problems with airline ''no fly'' watch lists. Sen...,World
"The Green Bay Packers and Tennessee Titans football team are set to face off in a historic matchup on Sunday, with the Green Bay Packers up by a score of 28-25. The game marks a significant milestone for both teams, as the Packers are aiming to extend their winning streak to five straight games, while the Titans are trailing by a score of 2-3. Both teams have been making strong efforts to secure their victories, with the Packers' offense dominating the game and the Titans struggling to capitalize on their chances. Fans and analysts alike have been discussing the game's implications for both teams and the broader football season.",Sports
"In a significant development for the world of energy, the International Space Station (ISS) has recently made a short spaceflight to a new docking port inside the southern Iraqi oilfield. A Russian lifeboat was moved, and the ISS prepares for upcoming spacewalks. This event, which involved several personnel, including an Iranian diplomat and an Egyptian national, has sparked concern among the region's leaders. The incident highlights the challenges and risks associated with operating in vulnerable territories, particularly in the context of the ongoing energy crisis.",World
"The Dutch football club has secured a historic win in their seventh consecutive match, marking a significant milestone in their ongoing campaign. With Jan de Kort, a key player known for his relentless drive and clinical performance, joining the side in the final match brought an unprecedented level of excitement. The win was a testament to the team's resilience and determination, showcasing their ability to bounce back from a tough start. The result also highlights the team's competitive spirit, which has been instrumental in their recent success.",Sports
"In the World Cup 2022, the top football teams from around the globe gathered to compete for glory. Highlighting the intense rivalry and the heartthrob of the tournament, the match between two of the most dynamic teams in history saw both sides make significant strides. Team A, led by star player Alex Smith, delivered a thrilling performance with a goal from down under. Meanwhile, Team B, known for their resilience, showed great determination in the face of adversity. The game was a true test of skill, teamwork, and体育manship. The final score was 3-3, but the atmosphere was electric as both teams worked tirelessly for the ultimate victory.",World
"Scientists have uncovered a groundbreaking discovery in the field of biotechnology. A team of researchers at a leading university has identified a novel class of stem cells that can be used to treat various forms of injuries, including burn wounds and skin injuries. Their findings suggest that these stem cells, found in the hair follicles of the skin, could revolutionize how we approach treating skin damage. The study was published in a reputable scientific journal, highlighting the potential impact of this discovery on the medical field.",Sci/Tech
"The World Economic Forum will take place on August 22nd, 2023, as a major event in global business and finance. The event will feature discussions on sustainable development, climate change, and international trade policies.",Sports
"The New York Yankees, a dominant force in American sports, had a thrilling 2023 season marked by a historic 108-84 record, a perfect 105-75 in the AL, and a thrilling 108-81 sweep of the World Series finale. The team's ability to dominate games, showcase their elite talent, and maintain a high winning streak earned them the title of World Series Champion. The season highlighted the power of teamwork, the dedication of their players, and the enduring legacy of the New York Yankees as one of the greatest teams in sports history.",Sports
"The World Cup final was a thrilling encounter between two of the most promising teams in the world, with the Spanish team emerging victorious with a score of 4-1 against Brazil.",Sports
"The 2023 NBA Finals were a thrilling spectacle with two of the most prominent teams in the league on the table. The Golden State Warriors, led by Stephen Jackson, secured a 2-1 victory over the Los Angeles Clippers, setting the stage for the ultimate showdown. The game, held in the NBA Finals finals, was a contest of skill, strategy, and heart. The final score was 2-1 in favor of the Warriors, a testament to their determination. This season, the NBA Finals were a highlight reel, showcasing the intense rivalry between two of the world's greatest teams.",Sports
"The European Union has made significant strides in reducing carbon emissions, but the recent 20% increase is concerning and has sparked criticism from some nations. This has prompted calls for stricter measures, such as renewable energy investments or stricter regulations. However, the EU's efforts are not without hope, as member states are collaborating to address this challenge.",World
"The 2022 London Olympics concluded with a thrilling 100m sprint final between two of the world's fastest sprinters, Usain Bolt and Usain Bolt 2. Bolt, a 30-time world champion, claimed victory with a 9.89s time, while Bolt 2, a 28-time world champion, came in second with a 10.02s time. The results were a significant boost to Bolt's reputation and a testament to the power of human performance. The event, held on Sunday, showcased the intense competition and the incredible abilities of these two athletes.",Sports
Motorsport.com. Rubens Barrichello finally got the win he has been waiting for when he led Michael Schumacher across the line to take a Ferrari one-two at the Italian Grand Prix.,Sports
"The COVID-19 pandemic has caused a massive shift in global society, with the world facing unprecedented challenges and unprecedented opportunities. Recent data shows a record-breaking 1.5 million cases and a 60% reduction in hospitalizations, reflecting the global resilience despite the crisis. Governments worldwide have implemented stringent measures to control the spread, and scientists are working tirelessly to find a vaccine and a cure. The pandemic has also highlighted the importance of international cooperation in addressing global health challenges. Stay tuned for more updates on this critical topic.",World
"On November 22, 2018, in a thrilling World Cup match between Brazil and India, Brazil secured their second consecutive World Cup title with a 4-1 victory, clinching a place in the next round. The game was a tense and high-stakes encounter, with both teams showcasing their best performances. Brazil, led by Brazilian forward Luizinhos, delivered a stunning goal from outside the box, while India's Ravi shouldered the decisive late winner. The match was filled with action, with the crowd roaring as the final whistle blew. It was a true test of skill and teamwork, with both players making significant contributions. The victory marked a historic moment for Brazil, cementing their position as one of the top teams in the world. The match was a testament to the power of sports and the spirit of global competition.",Sports
"Global climate change has caused rising temperatures and more frequent extreme weather events, such as heatwaves and hurricanes. These events have displaced populations and disrupted global trade, while urbanization has increased vulnerability to climate disasters. The World Health Organization (WHO) has called for urgent global action to address these challenges and ensure a sustainable future.",World
"The leading tech company, Tech Innovators, has unveiled a revolutionary AI-powered chatbot designed to enhance productivity for businesses worldwide. This new product is expected to significantly improve communication efficiency and streamline customer service.",Business
"Sushma Swaraj, the senior BJP leader, delivered a heartfelt quote to former Madhya Pradesh Chief Minister Uma Bharti during a meeting, stating, 'I'm 100% Happy, in very high spirits, and I am determined to remain in jail as long as the State Government wants me to be.",Business
"The 2023 NFL season was a standout year for the Rams and Chiefs, as they made it to the Super Bowl. The Rams' win against the Chiefs in the championship game was a thrilling display of skill and determination. The game was a close affair, with both teams showcasing their best players. The Rams, led by quarterback Jason Taylor, showed a strong performance, while the Chiefs, led by quarterback Alex Smith, maintained their dominance. The game also highlighted the growing importance of both teams in the league. Fans and analysts alike were eagerly awaiting the outcome, with many speculating on how the season might conclude.",Sports
"Shares of InPhonic Inc., a Washington reseller of wireless service and telephones over the Internet, rose 26 percent Tuesday on their first day of trading..&lt;br&gt;&lt;FONT face=''verdana,MS Sans Serif,arial,helvetica'' size=''-2'' color=''#666666''&gt;&lt;B&gt;-The Washington Post&lt;/B&gt;&lt;/FONT&gt;",Sci/Tech
"In the fast-growing business sector, Major League Baseball (MLB) has announced a significant expansion deal. The company announced that it has entered into a new agreement with a global tech company, aiming to strengthen its presence in international markets. The deal focuses on innovation and sustainability, targeting countries such as the United States, the United Kingdom, and Australia. This expansion will help the company expand its global reach and enhance its competitive edge.",Business
"Microsoft and Google announced a major merger on Monday, marking a significant milestone in the tech industry. The deal, valued at $800 billion, aims to create a global leader in digital services and innovation. The merger is expected to create jobs and drive business growth across both companies. Microsoft CEO Satya Nadella and Google CEO Larry Page will lead the new entity, which will have a broader global presence.",Business
"Amazon announced a significant investment of $200 million into an AI startup, underscoring the company's commitment to innovation and technology advancement. This investment is expected to drive innovation in the AI-driven future and enhance the company's competitive edge in the tech and business sectors.",Business
"The world's leading video game publisher, GOG, has released its latest update, 'The Last of Us: Overkill', which marks a significant milestone in the series. The game, developed by the beloved franchises of Epic Games and The Last of Us, has garnered over 100 million downloads and continues to be a beloved title among players worldwide.",Sports
"The San Francisco Giants, a team with a storied history, have recently claimed a historic milestone in Major League Baseball. In a thrilling series against the New York Yankees, the Giants defeated the Yankees 4-3 in the World Series. This win is a significant step in their journey to the World Series Championship, marking the team's 20th championship season. The victory is also a testament to the team's hard work, unity, and determination, as they look to build on this success for future achievements.",Sports
"The U.S. Navy is set to announce the construction of a new communications system for U.S. troops, valued at over $6.4 billion. This project aims to bolster satellite services and support military operations, potentially transforming how the military communicates and coordinates its activities. The announcement underscores the company's dedication to its missions and the importance of such infrastructure in modern warfare.",Sports
"The COVID-19 pandemic has had a profound and lasting global impact, reshaping healthcare, economy, and social structures. With nearly 200 million people infected, the virus has become a defining global event, impacting nearly every region of the world. The global response has been both overwhelming and transformative, with nations varying widely in their approaches to containment and recovery.",World
"Microsoft has announced a major step toward advancing Teams integration with the cloud, allowing developers to seamlessly integrate Teams with cloud services like AWS, Azure, and Google Cloud.",Sci/Tech
"A new law that could affect internet service providers (ISPs) globally is being considered to limit their ability to block certain websites deemed to contain child pornography. This could lead to a significant decrease in job opportunities for companies that rely on ISPs, with estimates ranging from 51,000 to 61,000 jobs potentially being lost over the next year. However, companies that comply with the law will face reduced marketing and sales support. This development could have a mixed impact on both businesses and consumers, with some hoping for a positive outcome and others hoping for a more stable internet environment.",Sci/Tech
"The NBA is a living, breathing sport that continues to evolve with each season. In 2022, the NBA changed its rules for the first time in decades, marking the start of a new era in professional basketball. Teams are now expected to adapt to these new rules, which include stricter anti-bullying policies and a more focused structure. This shift has not only expanded the league's appeal but also created opportunities for teams to showcase their skills. As the season progresses, fans can expect more exciting games and a closer examination of the players and their strategies.",Sports
"In a thrilling event, legendary sprinter Usain Bolt will compete at the 2024 World Athletics Championships in Gaborone, South Africa, marking his third consecutive victory in the 100m sprint event.",Sports
"The Internet Corporation for Assigned Names and Number, the organization named by the US government in 1998 to oversee policies over Internet addresses, gave a preliminary nod Monday to domain names targeting mobile services and the jobs ",Sci/Tech
CHICAGO (CBS.MW) -- Circuit City Stores shares plummeted 10 percent Monday after the nation #39;s No. 2 electronics retailer said that its third-quarter same-store sales fell 4.3 percent.,Business
"In a thrilling game that left fans on edge, the New York Yankees took down the Texas Rangers 4-3 in the World Series final on Sunday, showcasing the power of teamwork and determination.",Sports
"The COVID-19 pandemic has been one of the most significant global health events in recent history, affecting nearly 200 million people worldwide. The virus, first identified in China, has led to widespread illness, economic disruption, and a dramatic reduction in life expectancy. Countries around the world have taken decisive steps to respond, from implementing strict social distancing measures to establishing vaccine production facilities. Despite these efforts, the pandemic has left a lasting impact on public health systems and economies. The global response is complex and multifaceted, with governments, international organizations, and international health groups working together to mitigate the spread of the virus and support affected populations. As the pandemic continues, it is clear that the global health system is under immense pressure. The international community remains committed to finding innovative solutions to combat the virus and save lives.",World
"Global economic markets have shown a strong recovery in recent months, with the U.S. Federal Reserve raising interest rates and the U.S. dollar strength providing a favorable environment for global investment. The U.S. gross domestic product (GDP) growth rate for the third quarter increased by 3%, marking a significant improvement over the previous quarters. This positive outlook is expected to drive global economic activity and set the stage for further growth in the coming months.",Business
"A thrilling soccer match has been taking place between two of the top teams in the league as they prepare for the grand final. The game took place on November 21, 2023, and was a highly anticipated showdown between Real Madrid and Barcelona. Both teams have been working tirelessly to prepare for the final, with Real Madrid's players showcasing their skills under the bright blue of their iconic colors.",Sports
" TOKYO (Reuters) - Japanese camera and office equipment  maker Canon Inc. &lt;A HREF=''http://www.reuters.co.uk/financeQuoteLookup.jhtml?ticker=7751.T qtype=sym infotype=info qcat=news''&gt;7751.T&lt;/A&gt; said on Tuesday it would start  producing rear projection televisions later this year, aiming  to secure a chunk of the rapidly growing market for big screen  TVs.",Sci/Tech
"The entertainment industry is facing a significant business deal that could reshape its future. Netflix, the global leader in streaming services, has acquired a 50% stake in Star Optics, a company that produces 4K TV content. This acquisition is expected to have a profound impact on the 4K TV industry, potentially increasing production rates and driving growth in the segment. With the deal, Netflix has access to a powerful player in the 4K market, which could open doors for new partnerships and collaborations. This deal underscores the importance of the entertainment industry in driving innovation and competition in the digital space.",Business
The company has developed a cutting-edge software tool that's revolutionizing how businesses manage their operations.,Business
"The final match of the Italian Cup between AC Milan and Inter Milan took place in Rome on November 23. The game was a thrilling encounter between two of the most formidable teams in the league, with both teams showcasing their best performances. AC Milan's victory was particularly notable as they secured their first victory in 2023, while Inter Milan continued their dominance in the league. The match ended with both teams securing their respective wins, and the players and fans enjoyed the event with enthusiasm.",Sports
"The US Women's Basketball Team has once again proved its dominance in the international scene with a thrilling 75-64 victory at the 2023 World Championship. The team, led by star player Kira Ford, showcased her exceptional performance with a series of clutch shots and defensive contributions. The win solidified their position as a powerhouse in women's basketball, a testament to their hard work and resilience.",Sports
" footballer John Doe was recently diagnosed with an injury that could affect his future games. The team has issued a new injury management plan and is working closely with doctors to ensure his best chance of recovery. The news comes as the team is preparing for their upcoming World Cup match, where John is expected to play a key role.",Sports
"The 2024 World Cup's opening match between Germany and France was supposed to be a thrilling showdown but was canceled due to severe weather conditions. The match, which was expected to be a thrilling encounter between two world-class teams, was delayed and postponed to a later date. This decision had a significant impact on the tournament, causing widespread concern and media attention. The cancellation led to a lot of speculation about the match's outcome and the reasons behind the delay. The aftermath of the event has sparked debates about the importance of weather conditions in major sports events and the reliability of weather forecasts. This moment highlights the delicate balance of factors that determine the outcome of major competitions.",Sports
"The UN Climate Change Report 2022 has been released, marking a significant milestone in global climate action. This report highlights the urgent need for urgent action to address climate change, with key findings on rising temperatures, extreme weather events, and the impact of human activities on the planet.",World
"A leading tech company has developed a groundbreaking AI-driven software designed to combat viruses. The company, known for its cutting-edge solutions, has unveiled a novel approach that leverages artificial intelligence to enhance cybersecurity. The announcement comes as the global cybersecurity community is increasingly adopting advanced technologies to protect against evolving threats. This innovative solution aims to significantly reduce the risk of data breaches and cyberattacks by integrating advanced AI algorithms with traditional cybersecurity measures.",Sci/Tech
"The latest results of the UN Climate Conference highlight progress on addressing global climate change. Experts discussed strategies to reduce carbon emissions and support renewable energy initiatives. The conference aims to bring together governments, businesses, and civil society to tackle climate-related challenges.",World
"The New York Giants have faced a critical injury this season. Fresh from a major upgrade to the Java platform, Sun Microsystems officials revealed details about the next release, which is expected in Spring 2006.",Sports
"The [Name of the Company] has announced the launch of a new [Product Name], which promises to enhance [specific feature or benefit]. This could be a significant update in the industry.",Business
" TORONTO (Reuters) - New Internet-based technology could  soon turn regular computer users into armchair spies, a  Canadian inventor said on Monday.",Sci/Tech
"In a move to boost global innovation, the European Space Agency (ESA) has announced plans to launch the next generation of space telescopes, named the *Euler*, in a bid to study the origins of our solar system and explore the Kuiper Belt. The project aims to provide scientists with unprecedented data to advance our understanding of the universe.",Business
"Tech Innovators Launch New Smartwatch with Enhanced Health Monitoring. A leading tech company has announced the release of its latest smartwatch, designed to offer improved health monitoring and fitness tracking features. The device, featuring an AI-powered health monitoring system, connects users to a wearable device for real-time fitness tracking and fitness tracking. This new product is expected to revolutionize how people manage their health and fitness online.",Business
"City High School football team won the annual City Football Festival, defeating their rivals 3-2. The players made history by joining the national team, and the team's success earned pride and recognition for the city. A memorable game that highlighted the city's football prowess and community spirit.",Sports
The rise of artificial intelligence in healthcare has brought new possibilities for treating diseases with unprecedented accuracy and speed. A groundbreaking AI system developed by Google has been shown to improve diagnostics by analyzing complex medical data with unprecedented ease.,Sci/Tech
"AP - Accompanied by a warning that its missiles have the range, Iran on Tuesday said it would destroy Israel''s Dimona nuclear reactor if the Jewish state were to attack Iran''s nuclear facilities.",World
"The COVID-19 pandemic has had a profound impact on the global business sector, reshaping industries and creating new challenges. As businesses worldwide strive to navigate this unprecedented landscape, they must adapt quickly to maintain their competitive edge. This document explores the effects of the pandemic on key sectors and offers insights into emerging trends.",Business
"The combined worldwide market for desktops, servers and packaged software running on Linux is forecast to grow at a 2003-2008 compound annual growth rate of 25.9 percent worldwide, reaching \$35.7 billion by 2008.",Sci/Tech
"The 2024 Major League Baseball World Series set to begin in August marks the longest-running baseball season in history. The Los Angeles Dodgers and San Francisco Giants will host the series, with the winner taking the title of World Series Champion. Fans expect an exciting showdown that will draw massive crowds and create unforgettable memories.",Sports
"Tech Innovators Inc. today announced the launch of its latest innovation, a groundbreaking AI-powered platform designed to revolutionize how businesses operate.",Business
"The 2023 World Cup will host a historic showdown between two of the world's most renowned football teams: Brazil and France. The match is set to take place in a major city in Latin America, showcasing the intensity of the tournament's rivalry.",Sports
"A new residential complex in the heart of Delhi has been announced, offering residents a serene and convenient living environment.",Sci/Tech
"A significant portion of African countries has been affected by the COVID-19 pandemic, with many facing severe health challenges. The African Centers for Disease Control and Prevention (ACCP) has reported that over 40 million people globally have been infected, with the majority in Sub-Saharan Africa. Statistics show that the pandemic has led to a surge in hospitalizations, with countries like Nigeria, South Africa, and Kenya recording particularly high rates. The African government has emphasized the importance of international collaboration to contain the spread of the virus. This information highlights the global impact of the pandemic and the need for collective action.",Sports
"An Israeli soldier in the security zone of Gaza spotted a Palestinian individually and shot him dead early yesterday. The incident was a serious event involving two countries, highlighting the challenges of dealing with international relations and the consequences of such actions.",World
"The world of professional sports is always on the hunt for the next big thing. On March 18, the New York Yankees and Texas Rangers host the Los Angeles Dodgers in the World Series. The game is expected to be intense, with both teams known for their competitive schedules and top-tier players. The Yankees are led by a young star, and the Rangers have a strong roster. The series is a classic showdown, and the outcome could decide the fate of both teams.",Sports
"In a thrilling match, the English Premier League team secured their fourth straight league title with a 2-1 victory over the Manchester United side, securing their record in the competition. The result came as Manchester United had been on a seven-game winning streak. The match was held at the Old Trafford stadium, with both teams playing at full intensity. The outcome highlighted the dominance of English football in the league, showcasing the resilience of the English Premier League club.",Sports
"Shares of a drug company, including Pfizer and Johnson & Johnson, fell on Monday after Merrill Lynch downgraded the drugmakers and U.K. regulators issued stronger warnings about popular depression drugs sold by the companies.",Business
"Seattle, WA (Sports Network) - The University of Washington baseball team secured a thrilling 7-3 victory in the season opener against the University of Washington baseball team. The team's hard-fought effort was highlighted by a three-run home run by pitcher Keoni Hamilton and a two-run double by left-handed pitcher Keaton Johnson. The win came on the strength of the season's most dominant performance by a UW pitcher in recent memory.",Sports
"The Indian cricket team has once again shown its resilience and determination in the ICC Cricket World Cup 2022. The team, led by skipper Anil Devidi, secured the title with a thrilling victory against Pakistan. The match was held in the final session of the tournament, showcasing the players' unwavering spirit. The victory highlighted the team's hard work and mental fortitude, with players reflecting on their journey to achieve this milestone.",Sports
"The 2024 World Series is set to begin in San Francisco, California, with Major League Baseball teams competing for the championship.",Sports
"Tech Innovators Inc., a leading tech company, has launched its next-generation AI-powered dashboard, aiming to revolutionize how businesses manage their digital strategies. With a mission to empower companies with cutting-edge technology, the company focuses on enhancing decision-making and efficiency across industries. The launch comes as the tech sector continues to evolve, driving innovation and efficiency in various sectors. We are excited to see how this product will be adopted globally and contribute to the future of business. Tech Innovators Inc. | launch announcement | 2023",Sci/Tech
"The UN General Assembly has approved a major initiative to combat climate change, aiming to reduce global warming by 42% by 2030. This unprecedented summit will bring together governments, international organizations, and activists to address pressing environmental challenges and inspire a collective action. Experts predict the initiative will drive significant shifts in global policies and environmental practices. The event will also highlight the urgent need for urgent action to combat climate change, a global priority that resonates deeply with the planet's current state.",World
"Microsoft has announced plans to advance its Windows overhaul, setting a new target for the company's long-term goals.",Business
"A federal court in Pennsylvania ruled that Internet service providers cannot block access to child pornography sites, as a Pennsylvania law prevents such actions.",World
"The U.S. economy is expected to grow at a slower rate of 3.5% in 2005, but it will create about 175,000 average monthly jobs. This is a significant decrease from the previous year's growth of 4.2% and employment numbers of 158,000 new jobs, according to a Bush administration forecast.",Business
"The 2023 Major League Baseball World Series has once again showcased the power of teamwork and strategy. The Los Angeles Dodgers defeated the San Francisco Giants 4-3 in the series opener, marking a historic moment in baseball history.",Sports
"Google has made significant strides in AI, with major breakthroughs like AlphaGo and GPT-3. These advancements are reshaping industries, from gaming to healthcare. While impressive, challenges remain, such as interpretability and efficiency. The future of AI is poised for growth, potentially transforming various sectors. Meanwhile, companies like Microsoft and IBM are leading the charge, pushing boundaries in areas like NLP. This is a key area to watch as we navigate the evolving landscape of artificial intelligence.",Sci/Tech
"In a thrilling game, the New York Yankees defeated the Boston Red Sox in a close series that highlights the importance of pitching in baseball.",Sports
"The World Cup final draw has seen two of the most deserving teams from the World Cup finals as two of the most deserving teams from the World Cup finals have made their last wins of the tournament, according to a report by a leading sports news outlet.",Sports
"Oakland, CA (Sports Network) - The Oakland Athletics have acquired infielder Keith Ginter from the Milwaukee Brewers in exchange for pitcher Justin Lehr and outfielder Nelson Cruz.",Sports
"The New York Yankees have claimed the World Series title, marking a historic moment for the team. The team, led by star pitcher David separates, has bounced back from a shaky start to the season and secured a spot in the championship series. The series against the Los Angeles Dodgers, which he faced earlier in the season, was a thrilling contest that showcased the team's resilience and talent.",Sports
"The rise of artificial intelligence in the modern business world has opened up new opportunities for businesses to streamline operations and enhance customer experiences. From automating tasks to personalizing marketing, AI is transforming how companies operate.",Business
"The San Diego Padres and the San Francisco Giants have once again faced each other in a thrilling rivalry game that could make history. The Padres, a team known for their strong defense and playmaking ability, defeated the Giants, who were ranked No. 1 in the league, in a game that saw both teams push for a comeback. The game was a high-stakes encounter, with both teams showing their best skills and determination. The Padres scored early in the game, and the Giants, however, managed to break through with a couple of touchdowns. The game was a perfect test of endurance and skill between the two teams, with both teams showing why they are considered some of the best in their respective leagues. It will be a memorable showdown for both teams, and the outcome could set the stage for future encounters between the two teams.",Sports
"A recent report highlights the continued rise of US bank mergers since 1995, signaling a shift in the financial sector's stability. These deals are seen as a positive development, potentially reducing financial instability. However, concerns remain about the stability of individual banks following these transactions.",Business
"The US unemployment rate in April reached 3.7%, a new high, marking a significant shift in the business environment. Businesses are now under tighter scrutiny, with many seeking ways to reduce costs and enhance efficiency. A notable figure in the sector, Dr. Jane Doe, delivered a powerful speech at a major conference, emphasizing the need for innovation and adaptability. This report underscores the importance of economic stability for the global economy and the transformative potential of AI-driven solutions.",Business
"New World Record in Football: The Longest Pass in a Single Game. The New York Times recently reported on a thrilling development in American football history. On March 15, the New York Giants achieved a record-breaking play with a 38-yard pass to receiver D.J. Lewis during their final game of the season. The team's kicker, Matt Forte, successfully kicked the kick, marking a significant milestone for the league. This moment highlights the enduring importance of every play in shaping sports history and the spirit of teamwork.",Sports
"A groundbreaking discovery in the field of geology has been announced, potentially revolutionizing the way we understand the Earth's interior and energy production.",Business
"The new manager of Tottenham Hotspur has been appointed following the appointment of Jacques Santinis, the Dutch assistant coach who left the club yesterday. The decision has been made after a tough decision from the club's top officials. The appointment of manager Martin Jol will significantly impact the team's performance as they face Charlton City on their next match.",Sports
"A man in Thailand has died of avian flu, the first human casualty in the country since the disease re-emerged in Asia in July, officials said Thursday.",World
"In a thrilling match between two highly-regarded English football teams, English Premier League side Manchester United faced off against their rivals, Manchester City, in a game that saw both sides struggle to find a winning strategy. Manchester United's star striker, Harry Kane, made a crucial impact with a stunning late winner that gave them the necessary momentum to overcome the challenges presented by Manchester City. The game was a close affair, with both teams showing resilience and determination in their pursuit of victory. Manchester United came into the game with a strong start, but Manchester City's counter-attacking style and physical play proved decisive. In the end, Manchester United emerged victorious, securing their place in the Premier League final against Arsenal on Sunday. This win was a significant step forward for United, who had been on the brink of elimination in the last three games.",Sports
The United Nations Climate Change Working Group has announced new global rules to ensure sustainable development and prevent climate change.,World
"This holiday the hottest new products for kids have one thing in common: They all interact with the tube, whether by means of sensors, radio-wave technology or the regular old TV remote control.",Sci/Tech
"In a thrilling World Cup match, Argentina took down Germany 4-2 at the heart of the group stage, securing their second-place title and setting a new benchmark for the tournament.",Sports
"The rise of artificial intelligence (AI) in healthcare has brought significant advancements, with over 500 hospitals now integrating AI systems to improve patient outcomes. AI-powered diagnostic tools have reduced errors by 30% and personalized treatment plans, enhancing the efficiency of healthcare delivery. However, challenges remain, including data privacy concerns and the need for skilled personnel to interpret AI outputs. Experts predict that the impact of AI in healthcare will grow exponentially, reshaping the future of the field.",Sci/Tech
"Brazil successfully launched a test rocket from the Alcantara base in northern Brazil on Saturday, October 23. The two-stage VSB-30 prototype flew for seven minutes at an altitude of about 100 kilometers above the earth. The event was a significant step in advancing the development of the rocket, showcasing the capabilities of the Alcantara base and its technology. This successful launch contributed to the 3-0 victory against St. Louis in the National Space and Defense Cup, highlighting the importance of such advancements in the field of rocketry.",World
Reuters - Thai scientists began an investigation\Monday into what some conservationists believe could be the\world''s biggest case of ape smuggling -- nearly 100 orangutan\found in a Bangkok amusement park.,Sci/Tech
"In a global economic summit, experts discuss the role of climate change and digital transformation in shaping the future of business. Experts highlight how sustainable practices and innovative technologies will redefine industries. A report by a leading economist underscores the importance of these trends. Meanwhile, a data scientist shares insights on how artificial intelligence is transforming business processes. Policy advisor Dr. Emily Brown emphasizes the need for stronger regulations to support these changes. This event promises to set new standards for business strategy.",Business
" Microsoft has announced an important update for Windows 10, introducing a Windows XP update for the Indian market. The update will feature a Hindi interface, Hindi training, and support for major companies like Dell, Hewlett-Packard, and Apple. The company has also pledged to support the Indian market as a key part of its efforts to stay competitive.",Sci/Tech
"In a thrilling season-ending game, the Los Angeles Dodgers defeated the San Francisco Giants 3-2 in the World Series, showcasing their resilience and determination to win the championship.",Sports
"The Los Angeles Lakers, the #1 team in the NBA, recently faced a thrilling matchup against the Golden State Warriors in their 2023-2024 season opener. The game took place on December 18, 2023, at the Staples Center in Los Angeles. Notable players included Stephen Curry, who scored 34 points, and Anthony Davis, who contributed 28 points and 10 rebounds. The Lakers went on to win 94-82, a margin of 12 points. This game marked the beginning of a season where the Lakers are building a roster and the Warriors are preparing for the championship game. The win highlighted the Lakers' rising stars and the Warriors' depth.",Sports
"In a groundbreaking development for the tech industry, a major tech company has announced a strategic shift toward sustainable innovation. CEO John Doe emphasized the importance of aligning business models with global sustainability goals during a recent press conference. He highlighted how this move not only aligns with corporate responsibility but also aligns with the broader objective of driving a more sustainable economy. The company's commitment to this vision is expected to have a significant long-term impact on its market position and consumer demand. This announcement marks a pivotal step toward a more sustainable and ethical business model.",Business
"A new malicious Trojan is detected on Symbian, a popular mobile OS. This is a serious security issue and could affect many users. Users are advised to update their Symbian devices and consider using alternative operating systems.",Sports
"The COVID-19 pandemic has had a profound and lasting impact on the global health and social services landscape. Originating in early 2020 and ending in late 2021, the virus has caused millions of deaths worldwide, reshaping how people cope with uncertainty. With thousands of hospitals and thousands of medical workers operating under unprecedented pressures, the pandemic has also influenced global technology and innovation, as governments and organizations have sought to respond to the crisis efficiently. The number of cases has surged, highlighting the need for robust global collaboration and resource allocation. This incident serves as a stark reminder of the challenges posed by global health crises and the importance of preparedness and preparedness in the face of uncertainty.",World
"In a thrilling World Cup match, two teams from different continents showcased their nation's prowess. Against a backdrop of intense rivalries and rivalries, the match was a testament to the hard work and determination of both teams. The game kicked off with a high-scoring first half, featuring standout performances from both nations. The second half saw a tense and unpredictable encounter, with both teams pushing their limits. Key moments included a dramatic goal from Team A and a decisive third goal by Team B. The match was closely contested, with both teams managing to keep their composure. The outcome was a close one, with both teams showcasing their skills and spirit. Fans across the globe were left on edge, as the tension of the game reached new heights. This match highlighted the spirit of the World Cup and the spirit of the game.",Sports
"A Miami Dolphins football team defeated a San Diego Chargers team 43-17 on Sunday, with Drew Brees and Antonio Gates making it look too easy with touchdowns.",Sports
"Business News: A major political blockade in Nepal has been lifted, with the rebels warning that Kathmandu's capital remains disconnected from the rest of the country for a week. This development has sparked concerns among local stakeholders and international organizations.",Business
"After months waiting for Microsoft to give me a reason to remain loyal, I finally dumped Internet Explorer for the Firefox Web browser last week.",Sci/Tech
"World-class climate leaders are set to join the U.S. Climate Summit, marking a significant step toward addressing global climate change. This event, expected to take place in mid-October, promises to bring together experts from various sectors to discuss urgent issues such as renewable energy, carbon reduction, and sustainable practices.",Business
"In recent weeks, a leading tech company reported a 15% increase in revenue, signaling strong performance and potential for future growth. The company, known for its innovative products, has continued to lead the market, thanks to its commitment to customer satisfaction and technological advancements. This success could set the stage for continued success in the coming quarters, with the company expanding its product line and enhancing its global presence.",Sci/Tech
"In the world of sports, the University of California basketball team secured a thrilling victory in the annual NCAA Championship Game, defeating another powerhouse team to secure their place in the NCAA Tournament. The game was a close affair, with standout players like Sarah Johnson and Michael Thompson dominating the opposing team.",Sports
"The English Premier League has seen a thrilling update with a third consecutive win for their top team, Manchester United, on Friday. The club secured their third title in four years and highlighted their tactical brilliance in a 4-1 victory against a struggling team like Leicester City.",Sports
"The New York Yankees have made a significant impact in recent World Series, showcasing their dominance in Major League Baseball. In their recent game against the Los Angeles Dodgers, the team demonstrated their ability to handle high-stakes situations. Key players such as Alexei Puente and pitcher Justin Verelst stood out, contributing to the team's success. The game was a testament to their resilience and skill, highlighting the importance of consistency in achieving victory. This series not only solidified the Yankees' position in Major League Baseball but also showcased their ability to rise from the ashes. The outcome has been a great confidence booster for fans and players alike.",Sports
"The World Cup final draw has seen a thrilling showdown between two of the most exciting teams in the world, with both teams demonstrating their resilience and determination. Team A, led by a young and determined squad, is facing Team B, who has been the favorite since the start of the tournament. The match is expected to be a high-stakes encounter, with both sides showing a lot of focus and determination. Team A has been building momentum since the tournament started, and their performance has been key to their progress. Meanwhile, Team B has been working tirelessly to secure their first World Cup since 2010. The game is set to be a tense and exciting encounter, with both teams vying for supremacy.",Sports
"The World Cup final between Germany and France has been a thrilling encounter, with both teams dominating their respective quarters. Key players such as Mbappe and Lautzenegger demonstrated exceptional performance, setting the tone for the match. The game highlights the importance of player chemistry and teamwork in sports. This moment will leave fans both excited and nervous, as the outcome could significantly impact the teams' futures.",Sports
"In a significant milestone for humanity, the Cassini-Huygens mission, a historic space exploration project, completed its third orbit around Saturn on October 22nd, 2022, marking a major step toward understanding the Sun-Jupiter system.",Business
"In the wake of the recent border management decisions, a significant number of migrants have arrived on Italy's Lampedusa island, marking a notable shift in the region's population dynamics. This development is crucial as the island is a vital hub for immigration and border control operations, impacting both the local economy and international relations. The arrival of these migrants has sparked debates about the future of the region and its role in international trade.",Sports
"This high school basketball game was a thrilling showdown between two rival teams. The opposing team scored a massive 98 points in the first half, and the opposing player's team was able to capitalize on it with a 105-73 victory in the second half. The players on both teams were filled with excitement, but it was clear that the opposing team had a strong defense and a high-powered offense. It was a game that showed how even the best teams can be beaten by a well-coordinated opponent.",Sports
"In a surprising turn of events, the New York Yankees, a team known for their dynamic performance, have announced a new season with a total of 132 games played in 2024. The team, led by star pitcher DavidSeparon, is expected to face an unprecedented challenge this season, featuring a mix of high-profile matchups and challenging opponents across the league. The season is set to be a test of the team's resilience and determination to overcome adversity.",Sports
"In a thrilling basketball game, the Dallas Mavericks proved they're one of the best teams in the league with a dominant performance. The team, led by center RJ Henderson, scored 108 points and went on to win the NBA Championship. The game was a testament to the hard work and determination of the Mavericks, who have been a force in the league for years.",Sports
"Guillermo Canas, the top tennis player of the world, has won his third consecutive title at the ATP Shanghai Open. He defeated unseeded German Lars Burgsmuller 6-1, 6-0 in a thrilling match. This win solidifies his dominance in the women's tennis男子团体赛 category and marks a significant milestone for his career.",Sports
"The 2024 International Games, organized by the International Olympic Committee (IOC), has been postponed due to the ongoing global pandemic, which has forced many athletes to cancel their training schedules.",Sports
"The James Webb Space Telescope (JWST) is a groundbreaking space telescope designed to observe the universe in the infrared range, offering unparalleled detail in the visible and near-infrared wavelengths. Launched in 2010, the telescope has been operational for over a year, making it the most active and long-duration space telescope in the world. Recent missions have focused on identifying dark matter, studying black holes, and mapping the universe's expansion. Notably, the JWST completed its first full orbit around the Sun on April 25, 2023, marking a significant milestone in its history. This mission has not only enhanced our understanding of the universe but also paved the way for future space exploration. The JWST's advanced technology and long-term operations have made it a vital tool for astronomy, helping scientists explore the universe beyond the reach of ground-based telescopes.",World
"ECI Conferencing Services, the largest, privately-held full-service audio and web conferencing provider, today announced it has renewed its partnership contract with a major client for a third consecutive year. This renewal is expected to strengthen ECI's position as a trusted partner in the industry and pave the way for even greater collaboration with its clients.",Business
"A leading global tech company has announced a significant investment in developing advanced AI technologies for the healthcare sector, aiming to revolutionize diagnostics and patient care.",Sci/Tech
"In a recent development, a major tech company has unveiled groundbreaking advancements in artificial intelligence, promising to revolutionize how we interact with technology. This announcement could pave the way for a new era of smarter, more efficient devices that can handle complex tasks with greater precision. Stay tuned for more updates on this exciting new initiative.",Sci/Tech
"Microsoft has announced a major update to its Windows XP Service Pack 2, updating it to XP Service Pack 3. The update aims to fix several issues reported by users, particularly those affected by virtual private networks. The release is set to begin in the coming months, with the first official release expected in December 2023.",Sci/Tech
"In a significant political crisis, Donald Trump's former vice-presidential staff and national security chief John Bolton faced a major challenge in their key positions. The administration is expected to resolve the issue, which has been a central focus of the campaign for weeks.",Business
"In a thrilling cricket match, Bangladesh's top batsmen Shikher Bhattacharya and Anupam Chaudhury delivered a stellar performance. They secured a total of 334 runs in two wickets against India, who were all out in the first day of the second and final Test match. The match was held on December 17, 2023, in cricket India, with both teams playing in the second innings against Bangladesh.",Sports
"The New York Yankees will face the Boston Red Sox in a thrilling game on Sunday, as both teams are known for their competitive schedules.",Sports
"The 2022 World Cup Final was a thrilling event where the US team secured a historic win, securing their fourth consecutive World Cup title. With 21.3 million viewers worldwide, the US team's performance was a testament to their determination and skill. Experts like David Coyle highlighted the US team's resilience and creativity in the final moments. The victory highlighted the power of teamwork and the passion of the fans, making it one of the most memorable moments in sports history.",Sports
"By MATTHEW FORDAHL    SAN JOSE, Calif. (AP) -- After years of battling Microsoft Corp...",Sci/Tech
Bloomberg: Tech Innovation Expanding into Emerging Markets,Business
"In recent weeks, a leading tech company has announced a groundbreaking initiative to expand its global reach. The company has entered a new market segment, offering innovative solutions that address the growing demand for eco-friendly technology.",Business
"COVID-19 has caused massive economic disruption, reshaping supply chains, remote work, and the gig economy. Businesses are adapting, with supply chains being disrupted, remote work expanding, and the gig economy growing. This shift is altering industries and job markets, impacting economic trends.",Business
"NewsFactor - Retailers that saw impressive growth in year-over-year online sales during last year''s holiday season should not look for the same results this year, according to estimates by Forrester Research.",Sci/Tech
"The 2022 World Cup final between Germany and France was held in Qatar on July 11. The match was a thrilling showdown between two of the world's most prominent football teams, with Germany securing the win after a tense and intense game.",Sports
"The Battle of the Bulut Hill in 1962, a pivotal moment in U.S. history, saw the engagement between the two leading U.S. presidents at the height of the Cold War. The battle was a testament to the resilience of the U.S. military and its determination to protect its interests during a time of intense competition. It was not just a battle; it was a test of leadership and unity, with both leaders united in their resolve to defend their nation.",World
The World Cup 2023: The Biggest Ever Showdown in Sports.,Sports
"Brazil successfully launched a test rocket from the Alcantara base in northern Brazil on Saturday, October 23. The two-stage VSB-30 prototype flew for seven minutes at an altitude of about 100 kilometers above the earth.",World
"Google has announced a significant investment in a cutting-edge AI platform, which aims to revolutionize the way businesses operate. This acquisition will enhance their cloud computing capabilities, enabling faster and more efficient data processing. The company is also set to launch new AI-driven tools for predictive analytics, which will help businesses make better decisions. This move reflects Google's commitment to staying ahead in a rapidly evolving tech landscape.",Business
"In a significant move, Apple Inc. has announced the expansion of its new Mac Pro models in the Chinese market. The company has announced a new product line targeting tech enthusiasts, professionals, and tech-savvy consumers. The new Mac Pro features a high-end design, high-quality materials, and a long service warranty. The product line aims to appeal to the growing demand for premium technology products in China.",Sci/Tech
New Global Climate Solutions Initiative Announces Record Breakthrough in Sustainable Energy,World
"The San Francisco 40ers, a powerhouse in the NFL, took top spot in the National Football Championship, securing a thrilling victory over the New York Giants on Sunday. The game, held at the New York Stadium, was a thrilling encounter, with the 40ers dominating the Giants 34-21. The win was a significant milestone for the 40ers, who have been on the radar since their 2022 season. The team's strong performance showcased their ability to handle high-stakes games and maintain high expectations for the upcoming season.",Sports
"In a season full of excitement, the New Orleans Saints were on a roll. This article delves into their dramatic 4-2 victory over the Texas Rangers, showcasing the team's dominance in the conference.",Sports
"The solar industry is undergoing a wave of transformation, thanks to SolarCity, a leading solar company in California. The company has announced plans to expand its solar portfolio, aiming to meet the growing demand for clean energy. With over 100 solar farms across the state, SolarCity aims to lead the industry in sustainability and efficiency. Their commitment to renewable energy is evident as they announce plans to expand their operations, aiming to reduce carbon emissions by a significant margin.",Sci/Tech
"A U.S. government official has announced that a suspected nuclear site in Iran has demonstrated its intent to develop atomic weapons, but other U.S. officials have questioned the strength of this claim.",Business
"A new AI-powered platform has been launched by a leading tech company, offering advanced data analysis tools for businesses.",Sci/Tech
"The New York Giants played against the Pittsburgh Steelers in a high-scoring football game that was more exciting than expected. The Steelers finished 12-1, while the Giants secured a 5-8 victory. The Giants took the lead early on, but the Steelers managed to equalize on the seventh play. The game was notable for its high-scoring play, which drew attention to the team's offensive capabilities. TheGiants, however, capitalized on the Steelers' early dominance, securing the win with a 10-1-2 spread. The series was closely contested, with both teams showing resilience. TheGiants are on a winning streak, and their performance highlighted their ability to exploit the Steelers' defensive gaps.",Sports
"In the wake of a recent policy change that emphasizes innovation and sustainability, businesses across the country are expected to reevaluate their strategies. The new policy aims to enhance employee engagement and reduce costs, which could significantly impact operational efficiency. While some companies see immediate benefits, others may face challenges in aligning with these changes. Businesses should review their current approaches and consider implementing new tools and frameworks to adapt to the new expectations. This shift could have a lasting impact on the industry, shaping how businesses operate in the coming years.",Business
"Johnny Cash's items sold at an auction in New York, raising over $4 million (around $2.2 million) after three days of bidding.",Sci/Tech
"Tech Corp introduced a groundbreaking AI-powered productivity tool that has been praised for its efficiency and versatility in the tech industry. The company announced on [date] that its new product, the AI Productivity Suite, aims to revolutionize how users manage their workspaces and deliver projects faster than ever before. The announcement came after [specific company details] shared a series of milestones and updates, further solidifying its position as a leader in the AI-driven productivity space. This development is expected to have a transformative impact on industries looking to modernize their workflow processes.",Business
"A new smart home system launched by a leading home decor company is set to revolutionize the way homeowners incorporate technology into their living spaces. The company, known for its premium products, has released a groundbreaking device that combines advanced sensors with user-friendly controls, offering a comprehensive solution for modern home automation. The launch is expected to generate significant market potential, with potential sales of over $5 million in the first year of production. This development not only enhances the quality of life for homeowners but also aligns with broader trends towards integrating technology into consumer products.",Business
"In a rapidly evolving tech landscape, a new investment opportunity for tech companies is emerging. [Company Name] has announced a significant investment in a niche market segment, aiming to disrupt traditional technology with a revolutionary product or service. The company's partnership with leading institutions in the tech industry is expected to accelerate growth and provide a stable return for investors. This investment could pave the way for a new era in technology and business, reshaping the future of the industry.",Business
"Google introduced DeepMind, a leading AI research and innovation company, as a significant milestone in the tech industry. The company's focus on cutting-edge AI solutions and its commitment to fostering innovation are key strengths.",Sci/Tech
"Google has announced the launch of a groundbreaking AI-powered tool designed to revolutionize business processes. This new system aims to streamline operations, enhance decision-making, and optimize supply chains across industries. It features advanced algorithms that analyze data in real-time, enabling faster and more accurate insights. The tool is expected to significantly reduce costs and improve productivity for businesses worldwide. As a result, businesses are increasingly adopting this technology to stay competitive in a rapidly evolving market. This innovation could pave the way for a new era of efficiency and innovation in the industry.",Business
"A radical cleric from Iraq, a figure often seen as a leader of the Islamic Revolution, has agreed to disarm his militia and leave one of the country's holy shrines. The cleric, known for his radical views and active involvement in the religious movement, has expressed concerns over an potential surprise attack by government forces. This move could have significant consequences for the cleric's future and the region's stability. The incident has sparked international attention, with analysts and journalists discussing the implications for Iraq's political landscape.",Business
"The 2023 World Cup is a testament to the power of sports and technology. As the world's largest football competition, it showcases the pinnacle of team sports worldwide. The tournament's history is rich with moments of strategic brilliance and technological innovation. Experts highlight how the event not only brings together the best athletes but also pushes the boundaries of sports science. Recent advancements in training equipment and stadium technology have enhanced the experience for fans and players alike. This year's World Cup promises to be a thrilling reminder of the beauty of sports, with moments of excitement, heartbreak, and inspiration all on the stage. It's a celebration of what sports can achieve, whether through skill, strategy, or cutting-edge innovation.",World
"In a thrilling match, the English football club Manchester United secured a thrilling victory over their rivals, Manchester City, in the prestigious English Premier League final on October 19. The match was a historic moment for the club, as they faced their third consecutive league title. The game saw a remarkable 23,000 fans on the pitch, with the final scoreline being Manchester United 4-2 Manchester City. Experts have noted the importance of the game for the league standings and the overall football season. The match was a testament to the hard work and determination of both teams, and Manchester United's fans celebrated with a standing ovation for the team's performance.",Sports
"The New York Yankees secured their top spot in the World Series, showcasing their resilience and determination in a thrilling tournament.",Sports
"Indian IT companies are set to meet in the Pakistani capital to explore business opportunities and sign a cooperation agreement, marking a significant milestone in global IT collaboration.",Sports
John Robertson has this morning been confirmed as the new Hearts manager. Mr Robertson #39;s arrival follows several days of negotiation with Inverness Caly Thistle over a compensation package for the Highland club.,Sports
"Disney has postponed the official launch of its new video-on-demand service in the United States while exploring partnerships with international companies to develop the service in other markets. The company is set to release the Hindi version of the service in the Indian market, which will be available early next year. The delay is due to the company's exploration of new opportunities in the global market, and the potential partnerships could lead to a broader market presence for the service.",World
"The Los Angeles Rams' thrilling victory over the New York Giants in the 2024 NFL Super Bowl was a historic moment for the team, showcasing their offensive prowess and teamwork. The game was a perfect blend of strategy and determination, with both teams proving their strengths. It's a testament to the hard work and dedication of all the players on the field. The win also highlighted the unity within the team, as they showcased their ability to overcome challenges together.",Sports
"In the thrilling World Cup 2022 Quarterfinals, Germany faced off against Italy, showcasing their explosive attack and relentless drive. Germany's powerful attacking play and Italy's efficient defense were key to the game's outcome. The final whistle blew in 88 minutes, with Germany winning 3-2. This match highlighted the importance of teamwork and individual skill in the sport of football. The victory sent Germany into the World Cup Final, while Italy's next match is against France.",World
"In the first week of October, the final season of the men's men's soccer World Cup was just over, and the top seed of the tournament, Brazil, defeated Germany in the quarter-finals. The game was played at the iconic Soccer City in the heart of the city, and it was a historic moment for soccer fans and players alike. Brazil's performance was a testament to the resilience of the sport, showcasing the kind of determination required to win a championship that had been going on for nearly two decades.",World
"The US soccer team secured their third World Cup title in a thrilling final against South Korea, showcasing their resilience and skill. The game was closely contested, with both teams making significant contributions to the team's success.",Sports
"The 2024 World Cup kicks off with a thrilling opener between Germany and France, with Germany taking the first two goals of the match. The match highlights Germany's resilience and French's determination, with both teams showcasing their best performances yet. The game is expected to be intense, with a lot of action and看点.",Sports
"In the rapidly evolving landscape of artificial intelligence, natural language processing (NLP) plays a pivotal role in enabling machines to understand and respond to complex human languages. With advancements in NLP, artificial intelligence systems are increasingly capable of analyzing vast amounts of medical texts to detect patterns and make informed decisions. This breakthrough in NLP is not just a technological leap but a game-changer for the healthcare industry, enabling better diagnosis, personalized treatment plans, and improved patient outcomes.",Sci/Tech
