epoch,train_loss,eval_loss,eval_accuracy,eval_f1_micro,eval_f1_macro
1.0,1.1305,0.4126977026462555,0.882,0.882,0.8003606546985806
2.0,0.4979,0.29725274443626404,0.91,0.91,0.8681444464736016
3.0,0.2936,0.3332570195198059,0.904,0.904,0.854675643079425
4.0,0.1576,0.35166987776756287,0.912,0.912,0.8642021536113353
5.0,0.1088,0.46013185381889343,0.9,0.9,0.8556153609591227
6.0,0.0753,0.47761982679367065,0.902,0.902,0.85590158923616
7.0,0.0372,0.4987002909183502,0.896,0.896,0.8508647488819174
8.0,0.0244,0.5183060169219971,0.896,0.896,0.8517748920628796
