epoch,train_loss,eval_loss,eval_accuracy,eval_f1_micro,eval_f1_macro
1.0,0.9908,0.5765321254730225,0.852,0.852,0.8059685094259561
2.0,0.4837,0.8854444622993469,0.708,0.708,0.6721960544112656
3.0,0.3284,0.6526008248329163,0.804,0.804,0.7713439588761754
4.0,0.2616,0.6587207317352295,0.762,0.762,0.7310433084928076
5.0,0.1677,0.9415851831436157,0.684,0.684,0.6644269482346037
6.0,0.1262,1.1702239513397217,0.642,0.642,0.6316578652127676
7.0,0.0767,0.9340775609016418,0.706,0.706,0.6845942441530823
8.0,0.036,1.0316996574401855,0.69,0.69,0.6727477118411963
