epoch,train_loss,eval_loss,eval_accuracy,eval_f1_micro,eval_f1_macro
1.0,1.0993,0.4436717629432678,0.87,0.87,0.7771544109830602
2.0,0.4338,0.34054553508758545,0.894,0.894,0.8363443396226415
3.0,0.2405,0.36181414127349854,0.91,0.91,0.8616421025341888
4.0,0.1671,0.5544402003288269,0.88,0.88,0.8262253809879587
5.0,0.1008,0.46488961577415466,0.908,0.908,0.8655750750750751
6.0,0.0561,0.4976365268230438,0.912,0.912,0.8612746476207399
7.0,0.0357,0.4855455160140991,0.92,0.92,0.8818096481614064
8.0,0.0173,0.48889753222465515,0.924,0.924,0.8868578738728308
