text,label
"The ongoing conflict in Ukraine has resulted in a significant increase in the number of refugees seeking asylum in Europe. The United Nations has called for an immediate ceasefire and humanitarian aid to be delivered to the affected areas. Meanwhile, the global economy is showing signs of slowing down, with major stock markets experiencing a decline in recent days. In other news, the United States and China have agreed to a phase one trade deal, which is expected to have a positive impact on the global economy. However, the deal has been met with criticism from some quarters, with concerns being raised about the potential impact on American jobs and the overall fairness of the agreement. In the meantime, the ongoing COVID-19 pandemic continues to be a major concern for people around the world, with new cases and hospitalizations on the rise in several countries.",World
"WASHINGTON - The Congressional Budget Office projected Tuesday that this election-year''s federal deficit will hit a record \$422 billion, a shortfall that would be smaller than analysts predicted earlier this year.    The figure immediately provided political fodder for both parties now in the final two-month stretch of the presidential and congressional campaigns...",World
Apple announces new iPhone with improved camera and faster charging,Business
"Nortel Networks said on Thursday it will slash its work force by 3,500, or 10 percent, as it struggles to recover from an accounting scandal that toppled three top executives and led to a criminal investigation and lawsuits.",Sci/Tech
"HEMPSTEAD, NY - He was drafted in the first round in 2000 out of Marshall, at the head of the same quarterback class that yielded Tom Brady, but Chad Pennington #39;s road to success has been more deliberate.",Sports
Lionel Messi scores hat-trick as Barcelona beats Real Madrid 3-1 in El Clásico,Sports
S&P 500 reaches new high as tech stocks surge,Business
"Australia #39;s biggest retailer, Coles Myer, hopes it has silenced its detractors by posting a record annual profit, which was above its own guidance and market expectations.",Business
"The free Firefox Web browser, which has chipped away at the market dominance of Microsoft #39;s Internet Explorer, has been readied for a full release including new features designed to make it more stable, backers of the program say.",Sci/Tech
Sales of electric vehicles surge as consumers turn to eco-friendly options,Business
"One of the tongue-in-cheek rules that we column-writers have is,  quot;Often wrong, never in doubt. quot; Take a stand, don #39;t duck and weave too much.",Business
"Taiwan rescue workers dug out seven bodies from mud and rock in a mountain village that was hit by a devastating landslide triggered by Typhoon Aere, but eight still remained buried, officials said on Friday.",World
Microsoft unveils new AI-powered tool to streamline business operations,Business
US Airways Group Inc. met with two unions to try and agree on concessions before an Oct. 7 hearing at which a bankruptcy judge might let the carrier temporarily reduce pay 23 percent to help avoid potential liquidation.,Business
"Researchers have developed a new AI algorithm that can detect and diagnose diseases with greater accuracy than human doctors. The algorithm uses a combination of machine learning and natural language processing to analyze medical records and identify patterns that can indicate a disease. The study has the potential to revolutionize healthcare by improving diagnosis and treatment, and could save countless lives in the future. #AI #healthcare #medicine",Sci/Tech
"Researchers at MIT have developed a new AI algorithm that can create realistic virtual environments for training purposes. The algorithm uses a combination of computer vision and machine learning to generate 3D models of real-world environments, such as hospitals or factories, in a matter of minutes. This could revolutionize the way we train for complex tasks, such as surgery or emergency response, by allowing medical professionals and first responders to practice in realistic virtual scenarios without putting anyone in danger. #SciTech #AI #VirtualReality",Sci/Tech
"North Korea conducts another nuclear test, defying international pressure",World
Singapore #39;s Prime Minister Lee Hsien Loong on Sunday night delivered his first National Day Rally speech since he was sworn in as the country #39;s third Prime Minister.,World
New AI algorithm can predict patient outcomes with 90% accuracy,Sci/Tech
"Lebron James leads the Los Angeles Lakers to a thrilling victory over the Golden State Warriors in a closely contested game. The Lakers' star forward scores 35 points and adds 10 rebounds, leading his team to a 115-110 win. The Warriors' Stephen Curry puts up a valiant effort with 32 points and 8 assists, but it's not enough to overcome James' dominant performance.",Sports
"The ongoing conflict in Ukraine has entered its fifth year, with no end in sight. The situation has resulted in the deaths of thousands of civilians and soldiers, as well as a significant economic toll on both Ukraine and the global community. Despite multiple ceasefire agreements, the violence continues to escalate, with both sides accusing each other of aggression and violations of the peace agreements. The international community has been unable to find a lasting solution to the crisis, leaving the situation in limbo and raising concerns about the potential for further escalation and global instability.",World
Sears to Close 96 Stores as Sales Continue to Decline,Business
"North Korea conducts another missile test, sparking concern among global leaders",World
Sony announces new smartphone lineup with improved camera capabilities,Business
AP - The game between the Minnesota Twins and the New York Yankees on Tuesday night was postponed by rain.,Sports
"The ongoing conflict in Ukraine has entered its fifth year, with no end in sight. The situation has caused a significant humanitarian crisis, with millions of people in need of aid. The international community has been unable to reach a peaceful resolution, with tensions between Russia and the West remaining high.",World
"The ongoing conflict in Ukraine has resulted in a significant increase in human rights violations, with reports of torture, forced disappearances, and restrictions on civil liberties. The international community has called for an immediate ceasefire and negotiations to resolve the conflict peacefully. #Ukraine #HumanRights #Conflict",World
"AUBURN HILLS, Mich. -- The potential loss of Gary Payton with a strained left hamstring was briefly a laughing matter last night after the Celtics dropped a 100-88 decision to the Pistons. When asked how he would get through one and possibly many more games without the veteran point guard, coach Doc Rivers decided he would call up executive director ...",Sports
"Researchers say they could be used to treat burn wounds, skin injuries    HealthDayNews -- Cells in the hair follicles of the skin appear to be stem cells that may offer potential new ways to treat burn wounds and other skin injuries, as well as hair loss.    That''s the promising conclusion of a study in the Sept...",Sci/Tech
"North Korea tests new ballistic missile, sparking concern among global leaders",World
"Researchers at MIT have developed a new AI algorithm that can analyze medical images with unprecedented accuracy. The algorithm uses a combination of deep learning and computer vision techniques to detect even the smallest abnormalities in images of organs and tissues. This breakthrough could lead to earlier detection and treatment of diseases such as cancer, improving patient outcomes and saving lives. #AI #MedicalImaging #HealthTech",Sci/Tech
"Researchers at MIT have developed a new AI algorithm that can generate realistic images of objects and scenes, without requiring any actual images as input. The algorithm, called 'Deep Image Synthesis', uses a combination of generative adversarial networks (GANs) and convolutional neural networks (CNNs) to create highly realistic images that are virtually indistinguishable from real-world photographs. The implications of this technology are vast, with potential applications in fields such as entertainment, advertising, and even medical imaging. #AI #SciTech #DeepLearning",Sci/Tech
"The ongoing conflict in Ukraine between Ukrainian government forces and Russian-backed separatists has escalated, with both sides accusing each other of aggression. The situation has raised concerns of a wider conflict in the region and has led to a significant increase in tensions between Russia and the West. #Ukraine #Russia #Conflict #Tensions",World
"The coach of disgraced Greek sprinters Kostas Kenteris and Katerina Thanou says IAAF charges against the athletes are groundless and will not result in a suspension, according to reports Friday.",Sports
"The world #39;s first private spaceship has blasted into the final frontier for the second time in five days, snatching the nearly 14-million dollar prize and founding a new era of space tourism.",Sci/Tech
NASA's Artemis program aims to send the first woman and the next man to the lunar surface by 2024. The program also includes plans to establish a sustainable presence on the Moon and to use it as a stepping stone for further human exploration of the solar system. #NASA #ArtemisProgram #MoonExploration,Sci/Tech
"Researchers at MIT have developed a new AI algorithm that can analyze medical images with unprecedented accuracy. The algorithm, called DeepMedic, uses a combination of deep learning techniques and medical expertise to identify tumors and other abnormalities in MRI scans. The team hopes to use DeepMedic to improve cancer diagnosis and treatment. #SciTech #AI #Medicine",Sci/Tech
AP - Takeo Spikes made good on his vow the Buffalo Bills would finally provide some good news for their fans this weekend.,Sports
"AP - Hungry, thirsty and increasingly desperate residents burned tires in protest and attacked each other in a panic to get scarce food and water Thursday as workers struggled to bury hundreds of victims of Tropical Storm Jeanne.",World
The biggest-selling electronic product in the world is mobile phones. Analysts estimate that consumers from Canada to China will snap up more than 600 million handsets this year -- five times the number of TVs or personal computers expected to sell.,Sci/Tech
"Researchers have developed a new AI algorithm that can detect and diagnose diseases with greater accuracy than current methods. The algorithm uses a combination of machine learning and natural language processing to analyze medical records and identify patterns that indicate specific diseases. The technology has the potential to revolutionize healthcare by improving diagnosis and treatment, and could save countless lives in the future.",Sci/Tech
Reuters - The Sudanese foreign minister rejected on\Friday a U.S. declaration of genocide in the Darfur region of\Sudan and said the United States was using a humanitarian\crisis for political purposes.,World
Syrian Refugees Face New Challenges in Europe,World
"Former Fresno State standout Nick Watney recovered from a double-bogey on the seventh hole to shoot 1 under and tie for the third-round lead Saturday in the Nationwide Tour Championship at the Robert Trent Jones Golf Trail in Prattville, Ala.",Sports
"Nintendo, Sony ready rival portable gaming devices. Which one will gamers go for?",Sci/Tech
Intel Corp. is expected to release a faster version of its powerful but expensive Pentium 4 Extreme Edition processor on Monday alongside the introduction of a chipset that uses a faster front-side bus to connect the processor and the memory.,Sci/Tech
Coach Bill Cowher finally confirmed yesterday the Pittsburgh Steelers'' worst-kept secret: Duce Staley is in at running back and Jerome Bettis is out again.,Sports
IBM plans to start shipping its PCs with a new chip designed to thwart hackers by safeguarding passwords and other sensitive identity information.,Sci/Tech
"Researchers at MIT have developed a new AI algorithm that can generate realistic images of medical conditions, such as tumors, without the need for expensive medical scans. The algorithm uses a combination of machine learning and generative adversarial networks to create detailed images that are indistinguishable from real medical scans. This could potentially revolutionize the field of medicine by providing more accurate and affordable diagnoses. #SciTech #MedicalImaging",Sci/Tech
"So a few weeks ago, the two astronauts who live there tossed out some useless junk, like so many old hubcaps for the trash heap. Only this stuff floated away in space.",Sci/Tech
"FONTANA, CA.California native Casey Mears was glad to be home. So glad in fact, he put his No. 41 Dodge on the Busch Series pole position for Saturday #39;s Target House 300 run on the two-mile California Speedway.",Sports
TOKYO - Sony Corp is attempting to claw back market share of the domestic flat-panel TV market with the launch of eight new televisions.,Sci/Tech
"Gary Price checks in with web search pioneer Matthew Koll, who shares his thoughts on the current and future state of the industry.",Sci/Tech
"North Korea has announced plans to launch a new satellite in the coming weeks, sparking concern among international leaders. The move is seen as a potential provocation, as the country has been accused of using satellite launches as a cover for missile tests. The United States and other nations have called for restraint and dialogue, but tensions remain high. #NorthKorea #SatelliteLaunch #InternationalTensions",World
An obscure amendment attached to an appropriations bill could throw a wrench into presidential candidate John Kerry''s plans to fund embryonic stem cell research. By Kristen Philipkoski.,Sci/Tech
"CLEMSON, S.C. -- Charlie Whitehurst threw an 11-yard touchdown pass to Kyle Browning in the second overtime, which lifted No. 15 Clemson to a 37-30 victory over Wake Forest yesterday.",Sports
"FOXBORO, Mass.  Bill Belichick took a few minutes Monday to convey his congratulations to his offensive coordinator on becoming Notre Dame #39;s head coach.",Sports
Some 800 Palestinian detainees in Israel #39;s Ashkelon prison have suspended their 13-day-old hunger strike until Monday after some of their demands were met.,World
"An Australian man found himself in hot water, when he was arrested for taking pictures of topless sunbathers with his camera phone.",Sci/Tech
Delta Air Lines managers and pilots will meet again today and likely negotiate through the weekend to find a way to keep the airline staffed with pilots as many opt for early retirement.,Business
Researchers at MIT have developed a new AI algorithm that can detect and track individual cells in real-time. The algorithm uses a combination of machine learning and computer vision to analyze videos of cells and identify their movements and behaviors. The technology has potential applications in fields such as cancer research and drug development.,Sci/Tech
"Researchers at MIT have developed a new AI algorithm that can generate realistic images of medical conditions, such as tumors, without the need for expensive medical scans. The algorithm uses a combination of machine learning and generative models to produce high-quality images that are almost indistinguishable from real-world scans. This could potentially revolutionize the field of medical imaging, making it faster and cheaper to diagnose diseases and develop new treatments. #medicalimaging #AI #healthcare",Sci/Tech
Sales of electric vehicles surge as consumers turn to eco-friendly options,Business
Lionel Messi scores hat-trick in Barcelona's 3-0 win over Real Madrid,Sports
"Toshiba will market laptops with HD-DVD drives by the end of next year, becoming one of the first manufacturers to commit to a next-generation DVD format.",Sci/Tech
U.S. tanks and snipers took up positions near the revered Imam Ali Shrine and engaged in fierce battles with militants.,World
"Researchers at MIT have developed a new AI algorithm that can analyze medical images with unprecedented accuracy. The algorithm, called DeepMedic, uses a combination of convolutional neural networks and transfer learning to identify subtle patterns in medical images that were previously undetectable by human doctors. With the ability to detect diseases such as cancer earlier and more accurately, DeepMedic has the potential to revolutionize the field of healthcare. #SciTech #AI #Healthcare",Sci/Tech
"The study, which was conducted by Yahoo and media agency OMD, examined the way in which 13 US households reacted to being denied access to the internet for two weeks.",Sci/Tech
"Reciprocal Links Are Not Evil\\I will repeat, reciprocal links are not evil. All this discussion in the forums about how people only want one-way links because they heard reciprocal links are bad and can get you kicked out of the search engines is taken way out of proportion. One example ...",Sci/Tech
Lebron James sets new record in NBA finals,Sports
Lebron James sets new NBA record for most career points scored,Sports
"Researchers at MIT have developed a new AI algorithm that can generate realistic images of objects and scenes, even when the actual images do not exist. The algorithm uses a generative adversarial network (GAN) to learn the patterns and structures of images and can generate new images that are virtually indistinguishable from real-world examples. This technology has potential applications in fields such as entertainment, advertising, and architecture. #SciTech #AI #Imaging",Sci/Tech
"Researchers at MIT have developed a new AI algorithm that can generate realistic images of objects and scenes. The algorithm, called GANbreeder, uses a generative adversarial network (GAN) to create images that are virtually indistinguishable from real-world examples. According to the researchers, the algorithm has the potential to revolutionize industries such as entertainment, advertising, and e-commerce. #SciTech #AI #GANbreeder",Sci/Tech
Global economy shows signs of slowing down amidst trade tensions,Business
Lionel Messi scores hat-trick in Barcelona's thrilling victory over Real Madrid,Sports
Researchers at MIT have developed a new AI algorithm that can detect and diagnose diseases with unprecedented accuracy. The algorithm uses a combination of machine learning and medical imaging to identify subtle patterns in medical scans that are indicative of disease. The technology has the potential to revolutionize the field of healthcare and improve patient outcomes. #SciTech #Healthcare #AI,Sci/Tech
Lionel Messi scores hat-trick in Barcelona's thrilling victory over Real Madrid,Sports
"Barcelona held on from an early Deco goal to edge game local rivals Espanyol 1-0 and carve out a five point tabletop cushion. Earlier, Ronaldo rescued a point for Real Madrid, who continued their middling form with a 1-1 draw at Real Betis.",Sports
Google Announces New AI-Powered Tools for Small Business Owners,Business
"AI researchers have made a breakthrough in natural language processing, enabling computers to understand and respond to complex queries with unprecedented accuracy. This has significant implications for industries such as customer service, healthcare, and finance. The team, led by Dr. Jane Smith, used a combination of machine learning algorithms and advanced neural networks to achieve the breakthrough. The technology has already been implemented in several major companies and is expected to revolutionize the way AI interacts with humans. #AI #NLP #SciTech",Sci/Tech
PARIS -- Gael Monfils of France reached the quarterfinals in his first ATP tournament three weeks ago. Lleyton Hewitt made sure he did not duplicate the feat at the Paris Masters.,Sports
SPACE.com - The tenth crew of the \International Space Station (ISS) made a short spaceflight early Monday to move a Russian lifeboat \to a new docking port and prepare the station for a pair of upcoming spacewalks.,Sci/Tech
Apple's new iPhone sales decline for the first time in a decade,Business
AP - Former All-Star forward Jamal Mashburn will miss the entire 2004-05 NBA season because of a knee injury that could end his career.,Sports
Syrian Refugees Face New Challenges in Europe,World
"We should be using probes to look for life in space instead of radio signals, say scientists.",Sci/Tech
"WASHINGTON -- The US Chamber of Commerce filed an emergency motion yesterday seeking a court order to block the Securities and Exchange Commission from requiring that 75 percent of mutual fund directors, including the chairman, be independent of the fund company.",Business
Lionel Messi scores hat-trick as Barcelona beats Real Madrid 3-1 in El Clásico,Sports
Lionel Messi scores hat-trick in Barcelona's thrilling victory over Real Madrid,Sports
LeBron James sets new NBA record for most consecutive playoff games played,Sports
"North Korea conducts third nuclear test, defying international pressure",World
Lionel Messi scores hat-trick in Barcelona's victory over Real Madrid,Sports
"Stock markets around the world are experiencing a surge in activity as investors seek safe havens in the wake of geopolitical tensions. The Dow Jones Industrial Average reached a new high today, led by gains in tech stocks. The S&P 500 also hit a record high, driven by strong earnings reports from major companies. Investors are optimistic about the future of the global economy, despite concerns about the ongoing COVID-19 pandemic. #Business #StockMarket #Economy",Business
"Markets surge on positive economic data, Dow Jones hits record high",Business
Lionel Messi scores hat-trick in Barcelona's thrilling win over Real Madrid,Sports
"Researchers at MIT have developed a new AI algorithm that can identify and track individual cells in real-time, opening up new possibilities for medical research and treatment. The algorithm uses advanced computer vision techniques and machine learning to analyze video footage of cells and identify their movements and behaviors. The implications for cancer research and drug development are vast, as this technology could potentially allow for more targeted and effective treatments. #SciTech #MedicalResearch",Sci/Tech
The Internet megasite eBay yelled  #39;hold the cheese #39; when they found a 10-year-old grilled cheese sandwich that its owner says bears the image of the Virgin Mary being auctioned off on its website.,Sci/Tech
What: MIAA Division 3A Super Bowl. Where: Bentley College in Waltham. When: Saturday at 10 a.m. Last meeting: Schools have never met. .,Sports
Syrian Refugees Find New Hope in Canada,World
"Sony has embarked on a potential collision course with music groups, including its own Sony BMG joint venture, over MP3 digital song files.",Sci/Tech
"AP - Minnesota Timberwolves center Michael Olowokandi was suspended by the team for a second game Friday night, one day after police used a stun gun to subdue him when he refused to leave a club.",Sports
Samsung unveils new line of smartphones with cutting-edge technology,Business
Jewish leaders expressed growing frustration this week with continuing anti-Semitic violence in Europe following the torching of a Jewish community center in Paris early Sunday.,World
Samsung unveils new flagship smartphone with cutting-edge AI features,Business
Stock market sees record highs as investors remain optimistic about economic growth,Business
"54.5 million Europeans surfed the Web over a broadband connection, a 60 percent increase from 34.1 million 12 months earlier. AMSTERDAM: More than half of Europe #39;s Internet surfers now have a high-speed broadband ",Sci/Tech
"LeBron James sets new career high in scoring, leading Lakers to victory",Sports
"Los Angeles Dodgers #39; Shawn Green watches his home run in the sixth inning against the St. Louis Cardinals Saturday, Oct. 9, 2004, in Los Angeles.",Sports
Syrian Refugees Find New Home in Canada,World
"Bee Staff Writer. SAN DIEGO - The San Diego Padres returned the favor, and the playoff-chasing Giants gladly accepted it before a disappointed record crowd of 45,389 at Petco Park.",Sports
"MILTON -- If you could build a prototype Mansfield Hornet, he just might look like Brett McDermott.",Sports
LeBron James leads Lakers to thrilling victory over Golden State,Sports
Lionel Messi scores hat-trick in Barcelona's win over Real Madrid,Sports
"AFP - French pharmaceutical group Sanofi-Synthelabo formally announced the birth of Sanofi-Aventis, the world''s third-largest pharmaceutical company, ranking number one in Europe.",World
"The ongoing conflict in Ukraine between Ukrainian government forces and Russian-backed separatists has escalated, with both sides accusing each other of aggression. The situation has raised concerns of a wider conflict in the region, and the international community has called for a peaceful resolution. #Ukraine #Russia #Conflict",World
"Researchers have developed a new AI algorithm that can detect and diagnose diseases with greater accuracy than current methods. The algorithm uses a combination of machine learning and natural language processing to analyze medical records and identify patterns that indicate specific diseases. The technology has the potential to revolutionize healthcare by improving diagnosis and treatment, and could potentially save thousands of lives each year. #AI #healthcare #medicalresearch",Sci/Tech
"The daily volume of Internet attacks dropped off in the first half of this year, and the rate at which new vulnerabilities are being reported appears to have hit a plateau, according to Symantec Corp.",Sci/Tech
"Berkeley, U. of Minn. students get download discounts; aim is to provide legal music alternatives. NEW YORK (CNN/Money) - As an added bonus to returning to campus this fall, more than 80,000 college students ",Business
 RIO DE JANEIRO (Reuters) - Brazil coach Carlos Alberto  Parreira is more worried about playing rank outsiders Venezuela  than the likes of Germany or Argentina.,Sports
"Maoists rebels have lifted a blockade that cut Nepal #39;s capital Kathmandu off from the rest of the country for a week. In a statement released Tuesday, however, the rebels warned the ",World
"Venus Williams of the United States returns the ball to Croatia #39;s Karolina Sprem, during their first round match, at the Swisscom Challenge Tennis Tournament in Kloten, Switzerland, Tuesday, Oct.19, 2004.",Sports
"JERUSALEM : Beleaguered Israeli Prime Minister Ariel Sharon persisted with plans to form a new government including the main opposition Labour party, bolstered by Washington #39;s backing for the expansion of West Bank settlements.",World
"North Korea conducts new missile test, raising tensions in the region",World
A SECOND-HALF Springbok blitz gave South Africa their first Tri-Nations rugby title in six years with a win over Australia at Kings Park.,Sports
"com. Thome has known Charlie Manuel for his entire professional baseball life, which started shortly after he became a 13th-round draft pick by the Cleveland Indians in 1989.",Sports
South Sound fans reacted with everything from relief to regret over Wednesday #39;s NCAA rulings on the University of Washington athletics program.,Sports
LeBron James leads Lakers to dominant victory over rival team,Sports
"Fulfilling a long-time goal, Intel Corp. is set to introduce on Thursday its first chip set that supports all three current forms of Wi-Fi, according to sources familiar with the announcement.",Sci/Tech
" FRANKFURT (Reuters) - Market research firm IDC has raised  its 2004 forecast for global personal computer sales growth to  14.2 percent from 13.5 percent, driven by high commercial  demand, it said on Monday.",Sci/Tech
Researchers have developed a new AI algorithm that can detect and diagnose diseases with unprecedented accuracy. The algorithm uses a combination of machine learning and natural language processing to analyze medical records and identify potential health issues. The technology has the potential to revolutionize the field of medicine and improve patient outcomes. #AI #medicine #health,Sci/Tech
"Vienna, Austria (Sports Network) - English midfielder Steven Gerrard will likely miss Saturday #39;s World Cup qualifier against Austria with a groin injury.",Sports
palmOne introduced Monday the Tungsten T5 handheld with 256 megabytes of flash memory - the most built into a handheld to date. Expected to be widely available ,Sci/Tech
"The ongoing conflict in Ukraine between Ukrainian government forces and Russian-backed separatists has escalated, with both sides accusing each other of aggression. The situation has raised concerns of a wider conflict in Europe and has led to a significant increase in tensions between Russia and the West. #Ukraine #Russia #conflict",World
"Stock markets around the world are experiencing a surge in growth as investors seek safe havens for their investments amidst geopolitical tensions. The Dow Jones Industrial Average has reached new heights, with tech stocks leading the way. Amazon's record-breaking quarterly earnings have investors optimistic about the future of the retail industry. Meanwhile, the ongoing competition between major players in the financial sector is heating up, with JPMorgan Chase and Goldman Sachs at the forefront of the battle for market share. Stay tuned for the latest updates on the business world's most important developments.",Business
"AP - Gordon Cooper, who as one of the original Mercury astronauts was a pioneer in human space exploration, has died. He was 77.",Sci/Tech
"Reuters - European shares sagged on Tuesday as\broker downgrades hit mobile phone operator Vodafone  and two\of its peers, but UK clothing retailer Next shone on news of\strong summer sales.",Sci/Tech
"Toronto-Dominion Bank, Canada #39;s second-largest bank by assets, said it #39;s in talks for a possible transaction #39; #39; with Banknorth Group Inc.",Business
FULHAM #39;S United old boy Andy Cole fears his former team are poised to leave their critics red-faced. The Reds haven #39;t lost in the Premiership since defeat at Portsmouth six matches ago when they were being written off in the title race.,Sports
"WASHINGTON - The US job market brightened in August as employers added 144,000 workers to their payrolls and hiring totals for the two prior months were revised up, the Labor Department (search) reported on Friday.",Business
"Researchers have developed a new AI algorithm that can predict the spread of diseases with unprecedented accuracy. The algorithm uses machine learning techniques to analyze data from past outbreaks and identify patterns that can help prevent future ones. According to the study's authors, this could be a game-changer in the fight against infectious diseases. #AI #DiseasePrevention #SciTech",Sci/Tech
"While it seemed likely during the preseason that Gutierrez would win the job, coach Lloyd Carr insisted two other quarterbacks - Clayton Richard and Chad Henne - had a shot.",Sports
The retailer trots out a bargain portable PC that packs Wi-Fi. Is it getting ready for a laptop push for the holidays?,Sci/Tech
Samsung unveils new line of smartphones with advanced AI features,Business
"Ending after midnight due to rain delays, Roger Federer finally put his second round robin match in the books early Thursday morning at the ATP Tennis Masters Cup in Houston, defeating Lleyton Hewitt for the fifth consecutive time 6-3, 6-4.",Sports
S&P 500 reaches new high as tech stocks surge,Business
"The ongoing conflict in Ukraine has resulted in a significant humanitarian crisis, with over 100,000 people displaced and in need of aid. The United Nations has called for an immediate ceasefire and negotiations to resolve the conflict peacefully. In related news, the global economy is showing signs of slowing down, with the International Monetary Fund predicting a 0.1% growth in 2023. Meanwhile, the COVID-19 pandemic continues to spread, with new cases reported in several countries. The World Health Organization has warned of the potential for a global pandemic and urged countries to take immediate action to contain the virus.",World
The following is a verbatim copy of a open letter to the Linux community issued by PalmSource. Read on for more information about the new acquisition and FAQs about how PalmSource will use the new resources and the new Palm OS Cobalt version of Linux.,Sci/Tech
"Warren Sapp #39;s presence and legacy linger around the Tampa Bay Buccaneers like something tangible, something that can be felt, heard and feared, say an open-handed slap to the face mask.",Sports
Lebron James sets new record in NBA finals,Sports
Researchers have developed a new AI algorithm that can predict the spread of diseases with unprecedented accuracy. The algorithm uses machine learning techniques to analyze data from past outbreaks and identify patterns that can help prevent future ones. The team believes that their discovery could save countless lives and prevent economic losses in the billions. #AI #DiseasePrediction #Science,Sci/Tech
"With few junk e-mail filters supporting a protocol for verifying the source address of digital messages, spammers have adopted it themselves as a way to appear more legitimate, stated a report released on Wednesday.",Sci/Tech
"NEW YORK, August 30 (New Ratings) - Japan #39;s Supreme Court has reportedly approved the merger negotiations between UFJ Holdings Inc (ticker: UFJ) and Mitsubishi Tokyo Financial Group (MTFG).",Business
IBM Corp has announced that it will launch a new low-budget version of its BladeCenter chassis for blade servers in an effort to make the blade machines more appealing to budget conscious customers in the small- and mid-sized market.,Sci/Tech
Performance venues there can now install signal-jamming equipment to deal with rude mobile-phone users.,Sci/Tech
Researchers have developed a new AI algorithm that can detect and diagnose diseases more accurately than current methods. The algorithm uses machine learning techniques to analyze medical images and identify patterns that are indicative of specific diseases. The study has the potential to revolutionize the field of medical diagnosis and improve patient outcomes. #AI #MedicalDiagnosis #HealthTech,Sci/Tech
Lionel Messi scores hat-trick in Barcelona's victory over Real Madrid,Sports
"AP - A sick man among the sick, Pope John Paul II struggled through Sunday Mass at a French shrine that draws desperate people seeking miracle cures. The 84-year-old pontiff gasped, trembled and asked aides for help during the 2 1/2 hour service in sizzling heat.",World
"AP - Reliever Arthur Rhodes was traded for the second time in two weeks Saturday, sent from the Pittsburgh Pirates to the Cleveland Indians for outfielder Matt Lawton in the first trade of the winter meetings, a baseball official told The Associated Press.",Sports
Apple unveils new iPhone with improved camera and faster charging,Business
AP - The NHL and the players'' association appeared headed toward a lockout when talks broke off Thursday after the union''s first new proposal in nearly a year.,Sports
"After nine days of being held by kidnappers in Iraq, New York-based freelance journalist Micah Garen will reunite with his family this week, his father said yesterday.",World
Syrian Refugees Find New Hope in Canada,World
Lionel Messi scores hat-trick in Barcelona's thrilling win over Real Madrid,Sports
"BANGALORE, India Anil Kumble, the Indian spin bowler, took three wickets Wednesday to reach 400 in test matches as the first day of the first test against Australia finished finely balanced.",Sports
Lionel Messi scores hat-trick in Barcelona's 3-0 win over Real Madrid,Sports
"North Korea conducts ballistic missile test, sparking international concern",World
LOS ANGELES A source says Hollywood movie studios are preparing to sue computer users they say are illegally distributing movies online.,Sci/Tech
"BusinessWeek Online - For 35 years, Advanced Micro Devices Inc.  stood in the shadow of archrival Intel Corp.  AMD churned out lower-priced clones of the tech leader''s chips and occasionally enjoyed a hit that helped boost its meager profits. But bad times easily outweighed the good. Again and again, Intel used its manufacturing muscle and pricing power to stymie AMD''s ambitions, preventing it from gaining a foothold in lucrative markets such as servers and corporate PCs.",Sci/Tech
"NASA's new spacecraft, the Perseverance, has successfully landed on Mars and is set to explore the red planet's surface. The craft is equipped with advanced technology, including a suite of scientific instruments to study the Martian geology and atmosphere. The mission is expected to last several months and will provide valuable insights into the Martian environment and potential for human habitation.",Sci/Tech
"Steve Coll, The Washington Post #39;s managing editor for six years, said today he is stepping down at the end of the year to pursue book projects.",Business
Thats when you can get yours and how much you would pay. That is if you live in Japan. Sony today announced the release date and price for its new portable game system.,Sci/Tech
"With less than a month remaining before the current collective bargaining agreement expires, representatives for the NHL and the Players #39; Association met for nearly 4 1/2 hours yesterday without making any progress on a new CBA. ",Sports
LeBron James leads Lakers to dominant victory over rival team,Sports
"Forbes.com - As the second employee of InfoSpace, Jean-Remy Facq saw the value of his stock inflate and then collapse. Now he''s suing in federal court in Seattle for a  #36;4.5 million refund of 1999 federal income tax. He''s just one of 200 tech workers who have hired Seattle tax lawyer/CPA Brian G. Isaacson in the hope his novel theories will help them slash old (and sometimes unpaid) tax bills from their exercise of stock options for shares that later tanked.",Business
"They spent the summer marveling over their lineup changes and their improvement, the big-name veterans they signed and the strategic concepts they imported from the champion New England Patriots.",Sports
Reuters - The Atlanta Falcons\Monday signed Pro Bowl tight end Alge Crumpler to a six-year\contract extension.,Sports
LeBron James breaks records with 60-point game in NBA Finals,Sports
"BAGRAM, Afghanistan - Three years after the Sept. 11 attacks, Osama bin Laden and his deputy are still issuing orders for attacks by al-Qaida, a top American commander told The Associated Press Saturday...",World
Description: News mogul Rupert Murdoch pays a record-setting \$44 million for a three-story Fifth Avenue penthouse in Manhattan formerly inhabited by the late Laurance Rockefeller.,Business
Stock market sees record highs as investors remain optimistic,Business
Apple unveils new iPhone with improved camera and faster charging,Business
"It took a while for everything to fall into place, but it now seems clear: Chad Pennington is the real deal. Listen LIVE to NFL games, plus watch video news and features of your favorite team.",Sports
Lionel Messi scores hat-trick in Barcelona's thrilling victory over Real Madrid,Sports
Researchers have developed a new AI algorithm that can detect and diagnose diseases more accurately than current methods. The algorithm uses machine learning to analyze medical images and identify patterns that are indicative of certain conditions. The technology has the potential to revolutionize healthcare and improve patient outcomes. #AI #healthcare #medicalresearch,Sci/Tech
Sony announces new line of smartphones with advanced AI features,Business
"Raleigh, NC (Sports Network) - Andrew Brackman scored 16 of his 20 points in the second half to lead 12th-ranked North Carolina State to a hard-fought 78-72 win over Louisiana-Lafayette at the RBC Center.",Sports
LeBron James sets new NBA scoring record in Lakers' win,Sports
"Microsoft last week faced accusations of short-changing its Software Assurance customers following its decision to strip core features from the next major Windows client operating system, codenamed Longhorn.",Sci/Tech
"HP (Quote, Chart) is doing a lot of explaining after it revealed this weekend that it will no longer put Itanium processors in its high-performance workstations.",Sci/Tech
"The Walt Disney Co. has postponed an expansion of its video-on-demand service while it explores partnerships that could result in a deal to include the service in set-top boxes, computers or other devices.",Sci/Tech
Lionel Messi scores hat-trick in Barcelona's win over Real Madrid,Sports
"Lionel Messi's record-breaking goal in the Champions League final has left fans in awe. The Argentine forward scored twice in Barcelona's 3-0 victory over Slavia Prague, taking his tally to 10 goals in the competition and cementing his status as one of the greatest players of all time. The game was marked by stunning performances from both teams, with Barcelona's midfield trio of Lionel Messi, Andres Iniesta, and Paul Pogba dominating the proceedings. Despite Slavia Prague's best efforts, the Spanish giants were always in control, with Messi's goals proving to be the difference between the two teams.",Sports
"The stock market saw a surge in activity today as investors reacted to news of a major acquisition in the tech industry. The deal, worth billions of dollars, is expected to shake up the market and create new opportunities for growth. #business #stockmarket #acquisition",Business
Syrian Refugees Find New Hope in Canada,World
"By BETSY BLANEY    LUBBOCK, Texas (AP) -- Some farmers are placing their hope in a hybrid sunflower seed that could help keep arteries clear and hearts pumping in a nation smitten with snacks and processed food.    ''It''s a healthier oil,'' said Willie Wieck, 62, who started growing sunflowers on his 450 acres in the Texas Panhandle in the early 1970s...",Sci/Tech
"Dell gets set to roll out its PowerEdge 1855 blade server line a home-grown design, this month.",Sci/Tech
"The graphics library, an alternative to Microsoft''s DirectX, gets new features designed to add razzle-dazzle to PC games.",Sci/Tech
United States sprinter Jerome Young was banned for life by the US Anti-Doping Agency yesterday following his second positive test for an illegal steroid in a case that could affect a US relay team #39;s gold medal from Sydney.,Sports
NEW YORK (CNN/Money) - Some colleges are fretting the release of Microsoft #39;s upgrade to its XP operating system -- whose release coincides with the opening of campuses around the country -- saying that multiple downloads of the patch could significantly ,Sci/Tech
"Researchers at MIT have developed a new AI algorithm that can create realistic virtual environments for training purposes. The algorithm, called Virtual Fixtures, uses computer vision and machine learning to generate realistic objects and scenes, allowing for more immersive and effective training experiences. The technology has potential applications in fields such as medicine, aviation, and the military. #SciTech #AI",Sci/Tech
Samsung unveils new flagship smartphone with cutting-edge AI features,Business
"American International Group Inc. , the world''s largest insurer, said the Securities and Exchange Commission is considering accusing the company of helping PNC Financial Services Group Inc. improperly remove bad loans from its books.",Business
"BEIJING (AP)  China appealed to North Korea on Tuesday to join working meetings before a new round of six-party talks on dismantling its nuclear program, despite the North #39;s declaration that it saw no point in attending. ",World
SOUTHHAMPTON - West Indies want to redeem a disappointing summer with a place in the Champions Trophy final while Pakistan are equally as eager to continue its resurgence under new coach Bob Woolmer.,Sports
Online-payment service PayPal on Tuesday sought to reassure customers that outages that had plagued the service since Friday finally had been resolved.,Sci/Tech
"In the most highly anticipated Wall Street debut since the heady days of the dot-com boom, shares of Google surged nearly 20 percent on their first day of public trading Thursday as the quirky Internet company completed its much-hyped initial stock ...",Business
"SAN FRANCISCO - Intel Corporation recently disclosed key technical details of its upcoming wireless broadband chip for WiMAX products, which will enable long-distance, high-speed wireless Internet access for homes and businesses.",Sci/Tech
"Slovenia pulled off a famous result yesterday, defeating Italy to go top of Group Five. A solitary goal by Bostjan Cesar after 82 minutes gave the hosts victory in Celje to inflict a first World Cup qualifying group defeat on Marcello Lippi #39;s side.",Sports
Lionel Messi scores hat-trick in Barcelona's win over Real Madrid,Sports
"North Korea conducts ballistic missile test, sparking concern in the international community",World
Lionel Messi scores hat-trick as Barcelona beats Real Madrid in El Clásico,Sports
"The chief financial officer of Oracle, Harry L. You, said that \$24 a share remained the company''s ''best and final'''' offer for PeopleSoft Inc. in what may be the last week of a 17-month hostile takeover fight.",Sci/Tech
"AI researchers have made a breakthrough in developing a new neural network that can learn and adapt at an unprecedented rate. The new algorithm, called 'NeuralFusion,' is capable of processing vast amounts of data in real-time, allowing for faster and more accurate decision-making in complex systems. This technology has the potential to revolutionize industries such as healthcare, finance, and transportation, and could soon become an integral part of our daily lives. #AI #NeuralFusion #SciTech",Sci/Tech
U.S. and China Trade Tensions Escalate,World
"North Korea conducts another missile test, sparking concern among global leaders",World
Microsoft unveils new AI-powered tool to streamline business processes,Business
"Researchers at MIT have developed a new AI algorithm that can detect and diagnose diseases with greater accuracy than current methods. The algorithm uses a combination of machine learning and medical imaging to identify patterns in medical data that can indicate the presence of a disease. The technology has the potential to revolutionize healthcare by improving diagnosis and treatment, and could eventually lead to personalized medicine. #SciTech #Healthcare",Sci/Tech
Top-seeded David Nalbandian of Argentina and Olympic champion Nicolas Massu of Chile advanced to the quarterfinals of the CA Trophy Thursday with straight-set victories while American Robby Ginepri upset No.,Sports
Samsung unveils new line of smartphones with cutting-edge AI technology,Business
"AP - SpaceShipOne is one flight away from clinching the Ansari X Prize, a  #36;10 million award for the first privately developed manned rocket to reach space twice within 14 days.",Sci/Tech
Syrian Refugees Find New Hope in Canada,World
Researchers at MIT have developed a new AI algorithm that can detect and diagnose diseases with unprecedented accuracy. The algorithm uses a combination of machine learning and medical imaging to identify diseases such as cancer and Alzheimer's. The technology has the potential to revolutionize the field of medicine and improve patient outcomes. #SciTech #AI #Medicine,Sci/Tech
"News.com reports in the article: Microsoft fixes date for desktop search tool, that the company will offer up a beta release of a desktop search by the end of this year.",Sci/Tech
"There are so many new faces, it #39;s hard to keep them all straight. But despite all the upheaval, all the contracts and controversy that so dominated the summer, Jerry Sloan believes the sheer ",Sports
"Reuters - Long a forum for protecting endangered\species like whales or tigers, a U.N. meeting in Bangkok next\month will seek a wider role in regulating the billion-dollar\trade in timber, fish and medicinal plants.",Sci/Tech
"The ongoing conflict in Ukraine has escalated tensions between Russia and the West. The United States has imposed new sanctions on Moscow, while Russia has accused the US of meddling in its affairs. The situation remains volatile, with both sides refusing to back down.",World
NEW YORK - Investors will be looking ahead to the Federal Reserve #39;s meeting and third-quarter earnings forecasts in Wall Street #39;s short trading week after the Labor Day holiday.,Business
"Researchers at MIT have developed a new AI algorithm that can analyze medical images with unprecedented accuracy. The algorithm uses a combination of machine learning and computer vision techniques to detect subtle patterns in medical images, such as tumors or other abnormalities. The technology has the potential to revolutionize the field of medical imaging and improve patient outcomes. #SciTech #MedicalImaging",Sci/Tech
"Researchers at MIT have developed a new AI algorithm that can generate realistic virtual environments for training purposes. The algorithm uses a combination of computer vision and machine learning to create immersive and realistic virtual worlds that can be used in various industries, including healthcare and finance. According to the researchers, the algorithm has the potential to revolutionize the way we train for complex tasks, making it faster and more effective than traditional methods. #SciTech #AI #VirtualReality",Sci/Tech
"AP - Prosecutors in the Kobe Bryant case spent nearly  #36;400,000 trying to get the NBA star convicted of raping a woman at a Vail-area resort last summer, documents show.",Sports
"AP - Peanuts, hot dogs and wireless instant replays. It''s the future of baseball.",Sci/Tech
The portable stereos that ruled city streets in the 1980s aren''t shipping in high volumes anymore. But some sound artists are finding new ways to incorporate the devices into performances and ad-hoc radio networks. By Elizabeth Biddlecombe.,Sci/Tech
Lionel Messi scores hat-trick in Barcelona's thrilling win over Real Madrid,Sports
"Puerto Rican wrestler Mabel Fonseca tested positive for a steroid in an initial doping test, a wrestling official said Saturday. Michel Dusson, secretary general of the International ",Sports
Samsung unveils new line of smartphones with improved cameras and AI capabilities,Business
"Markets surge on central bank stimulus, Wall Street rallies",Business
"Markets soar on positive economic data, investors optimistic about future growth.",Business
"UNITED NATIONS Sept. 14, 2004 - Iraq appealed to other nations Tuesday to send troops to protect an expanded UN staff that is essential for holding the country #39;s first free elections by Jan. 31, saying terrorists must not be allowed to disrupt the vote.",World
A British soldier killed after clashes with militia forces in the southern Iraqi city of Basra was today named as Lance Corporal Paul David Trevor Thomas. ,World
"SPACE.com - Researchers can now say definitively that Mars once \supported a watery environment, but whether the red planet could have ever \supported life is still far from certain.",Sci/Tech
"NASA's Artemis program aims to return humans to the moon by 2024. The program includes several new spacecraft and technologies, including a lunar lander and a crew vehicle. The program also includes a plan to establish a sustainable presence on the moon, including a lunar base and a lunar gateway. #NASA #ArtemisProgram #MoonLanding",Sci/Tech
"AP - For the first time, scientists have created a genetic map of a cow, providing researchers a new tool to reduce animal disease and improve the nutrition of beef and dairy products, the Agriculture Department announced Wednesday.",Sci/Tech
NATO leaders meet in London to discuss Russia tensions,World
Trend Micro will become the latest major anti-virus software company to provide protection against mobile phone viruses with the release today of Trend Micro Mobile Security 1.0.,Sci/Tech
"North Korea has announced that it has successfully tested a new intercontinental ballistic missile, raising concerns among global leaders about the country's nuclear capabilities. The test, which was conducted on Wednesday, was the latest in a series of provocative moves by the isolated regime. The United Nations Security Council is set to hold an emergency meeting to discuss the situation and potential consequences for international peace and security. #NorthKorea #ICBM #GlobalSecurity",World
You #39;ve already seen our New Users #39; and Power Users #39; reviews of Apple #39;s fourth-generation iPod (iPodlounge rating: A-/B).,Sci/Tech
The Chicago Board of Trade took a leap forward on Monday on its goal to become a for-profit company when an Illinois judge approved a deal on how to carve up ownership of the oldest US futures exchange.,Business
PC World - New 46-inch LCD is just one of eight flat-panel models launched this week.,Sci/Tech
"The ongoing conflict in Ukraine has entered its fifth year, with no end in sight. The situation has worsened in recent months, with both sides accusing each other of aggression and violations of ceasefire agreements. The humanitarian situation in the conflict zone remains dire, with millions of people in need of aid and protection. The international community has been unable to find a lasting solution to the crisis, with tensions between Russia and the West remaining high. ",World
"Auto racing: NASCAR Nextel Cup Sylvania 300 practice at N.H. International Speedway, Loudon, 9:30 and 11:10 a.m.; NASCAR Craftsman Truck Sylvania 200 at N.H. International Speedway, Loudon, 1 p.m.; NASCAR Busch North Sylvania 125 at N.H. International Speedway, Loudon, 3 p.m.",Sports
"Apple's new iPhone sales are down 30% from last year, amidst growing competition from Chinese smartphone makers. The company is expected to launch new models in the fall to boost sales. #Apple #iPhone #smartphones",Business
Lionel Messi scores hat-trick as Barcelona beats Real Madrid in El Clásico,Sports
"The ongoing conflict in Ukraine has entered its fifth year, with no end in sight. The situation has deteriorated significantly since the last major ceasefire attempt in 2019, with both sides accusing each other of aggression and violations of the peace deal. The humanitarian situation in the conflict zone remains dire, with millions of people in need of aid and hundreds of thousands displaced. The international community has been unable to find a lasting solution to the crisis, with the United States and European Union imposing new sanctions on Russia and Ukraine respectively. The situation remains volatile and unpredictable, with the risk of further escalation and a potential wider conflict in the region. ",World
"Designed to further enhance the value of our Special Report, these Powerpoint slides offer key data and statistics about the choices facing today''s IT decision makers regarding CRM.",Sci/Tech
Lebron James breaks record for most career playoff points,Sports
Lionel Messi scores hat-trick in Barcelona's win over Real Madrid,Sports
" CHICAGO (Reuters) - Smithfield Foods Inc. &lt;A HREF=''http://www.investor.reuters.com/FullQuote.aspx?ticker=SFD.N target=/stocks/quickinfo/fullquote''&gt;SFD.N&lt;/A&gt;, one of  the nation''s largest meat producers, on Thursday said quarterly  earnings more than doubled due to higher hog prices and its  acquisition of Farmland Foods last year.",Business
Samsung unveils new line of smartphones with cutting-edge AI features,Business
"The Cubs didn #39;t need to fly anywhere near Florida to be in the eye of the storm. For a team that is going on 100 years since last winning a championship, the only thing they never are at a loss for is controversy.",Sports
Apple's new iPhone sales are down 30% in the first quarter. The company is expected to launch new models in the next few months to boost sales. #Apple #iPhone #Sales,Business
"The ongoing conflict in Ukraine has entered its fifth year, with no end in sight. The situation has caused a significant humanitarian crisis, with millions of people displaced and in need of aid. The international community has been unable to reach a consensus on how to resolve the conflict, with tensions between Russia and the West remaining high. In other global news, the COVID-19 pandemic continues to spread, with new cases reported in several countries. The World Health Organization has warned of the potential for a global pandemic, and governments around the world are taking measures to contain the virus. In economic news, the global economy has shown signs of slowing down, with fears of a recession on the horizon. The US-China trade war has continued to escalate, with both sides imposing tariffs on each other's goods. In other news, the Amazon rainforest is facing unprecedented wildfires, with environmentalists warning of the devastating impact on the planet's biodiversity. The world is facing numerous challenges, and it remains to be seen how these issues will be addressed.",World
WASHINGTON (AP) -- Oil prices fell for a fifth consecutive day Thursday despite a sharp drop in Iraqi exports after pipelines were sabotaged -- evidence that the bull market may have lost some steam.,Business
"Tesla announces plans to expand its electric vehicle production capacity by 50% in the next year, as demand for the company's cars continues to grow. The move is expected to create new jobs and boost the economy in the regions where the new factories will be located. #Tesla #ElectricVehicles #Jobs #Economy",Business
"CARACAS, August 22 (Itar-Tass) -- President of Venezuela Hugo Chavez has called on the opposition to recognize the results of a referendum on confidence in the president held on August 15.",Business
 PITTSBURGH (Sports Network) - Kevin Bettencourt scored five  of his 13 points in the final two minutes to lead Bucknell to a  69-66 upset over 10th-ranked and previously unbeaten  Pittsburgh.,Sports
" AMSTERDAM (Reuters) - Nokia, the world''s biggest handset  maker, unveiled on Wednesday a miniature version of its  equivalent of the Swiss Army knife it hopes will lure women and  less-techie business people.",Sci/Tech
Stock market sees record highs on strong earnings reports,Business
"DONATING: Summer Ramson,3, gets a hand from her grandmother, Barbara Daliposon, left, and Salvation Army volunteer Donna Clark as she donates money Friday at an Albertsons store on Plumb Lane in Reno.",Business
Stock market sees record highs as investors remain optimistic about global economic growth. #Business #StockMarket #Economy,Business
"The Federal Communications Commission ruled 3-2 that states are now barred from imposing telecommunications regulations on Internet phone providers, which treat calls no differently than any other application on the Net.",Sci/Tech
"ALICANTE, Spain : Spaniard Juan Carlos Ferrero wasted no time getting down to business, brushing aside Fabrice Santoro to put the hosts level with France 1-1 in their World Group Davis Cup semi-final tie.",Sports
"NEW YORKIBM said yesterday it is in talks to settle a mammoth lawsuit alleging a pension plan adopted by the firm in the 1990s discriminated against 140,000 older workers.",Business
"BAGHDAD, Iraq - A US military official in Iraq says seven American marines have been killed today in a car-bomb explosion. Several other Marines have been wounded in the attack.",World
U.S. and China reach historic deal to reduce trade tensions,World
Markets soar as Dow Jones hits record high,Business
Researchers at MIT have developed a new AI algorithm that can detect and diagnose diseases with 90% accuracy. The algorithm uses a combination of machine learning and medical imaging to identify early signs of illness. Could this be the future of healthcare? #SciTech #Healthcare #AI,Sci/Tech
Lionel Messi scores hat-trick as Barcelona beats Real Madrid in El Clásico,Sports
"The ongoing conflict in Ukraine has entered its fifth year, with no end in sight. The situation has resulted in the deaths of thousands of civilians and soldiers, as well as the displacement of millions. The international community has imposed sanctions on Russia for its actions, but little progress has been made in resolving the conflict.",World
Syrian Refugees Find New Home in Canada,World
&lt;strong&gt;Letter&lt;/strong&gt; TDD mode is not just data delivery,Sci/Tech
"Apple's new iPhone sales disappoint, stock plummets",Business
SAN FRANCISCO -- A judge is ordering Microsoft Corp. to pay \$112.5 million to attorneys who successfully sued the software maker for monopolizing a segment of California #39;s market.,Sci/Tech
"Researchers have developed a new AI algorithm that can detect and diagnose diseases with greater accuracy than human doctors. The algorithm uses machine learning to analyze medical images and identify patterns that are indicative of specific diseases. The study found that the algorithm was able to detect diseases with an accuracy of 90%, outperforming human doctors who achieved an accuracy of 70%. This breakthrough could revolutionize the field of medicine and improve patient outcomes.",Sci/Tech
"CBC SPORTS ONLINE - The Buffalo Sabres agreed to terms with former first-round draft choice Thomas Vanek on Friday. The Sabres signed the left-winger, the fifth overall selection in the 2003 NHL Entry Draft, to a three-year entry-level contract.",Sports
" ATHENS (Reuters) - Argentina beat Italy 84-69 to win the  men''s Olympic basketball gold Saturday, the country''s first  medal in the sport.",Sports
"NATO Secretary-General Jens Stoltenberg warns of growing Russian aggression in Europe, urging member states to increase defense spending and coordinate their efforts to counter potential threats. #NATO #Russia #Defense",World
Samsung unveils new line of smartphones with advanced AI features,Business
Lionel Messi scores hat-trick in Barcelona's win over Real Madrid,Sports
"Researchers at MIT have developed a new AI algorithm that can detect and diagnose diseases with unprecedented accuracy. The algorithm uses a combination of machine learning and medical imaging to identify diseases such as cancer, diabetes, and heart disease. The team believes that this technology could revolutionize the field of medicine and improve patient outcomes. #SciTech #MedicalResearch",Sci/Tech
Sony announces new smartphone with advanced AI capabilities,Business
LeBron James breaks record for most points scored in NBA finals history,Sports
Researchers have developed a new AI algorithm that can detect and diagnose diseases with greater accuracy than current methods. The algorithm uses a combination of machine learning and medical imaging techniques to identify subtle patterns in medical images that are indicative of disease. The study has the potential to revolutionize healthcare by improving diagnosis and treatment of diseases such as cancer and Alzheimer's. #SciTech #Healthcare #AI,Sci/Tech
Tesla's stock soars after announcing plans to expand its solar panel production.,Business
Lionel Messi scores hat-trick in Barcelona's 3-0 win over Real Madrid,Sports
"That #39;s according to research outfit Gartner, which on Thursday said that second quarter global mobile phone shipments hit 156.",Sci/Tech
"Fresh off the Pedro Martinez signing, the Mets didn #39;t waste much time before moving on to their next order of business. A baseball official with knowledge of the team #39;s plans ",Sports
U.S. and China Trade Tensions Escalate,World
"Researchers at MIT have developed a new AI algorithm that can analyze medical images with unprecedented accuracy. The algorithm, which uses a combination of machine learning and computer vision techniques, can detect subtle patterns in medical images that were previously undetectable by human doctors. This could lead to earlier diagnosis and treatment of diseases, improving patient outcomes. #SciTech #MedicalImaging #AI",Sci/Tech
Rise in global tensions as US-Iran conflict escalates,World
Lionel Messi scores hat-trick in Barcelona's thrilling win over Real Madrid,Sports
"The ongoing conflict in Ukraine has entered its fifth year, with no end in sight. The situation remains dire, with both sides accusing each other of aggression and violations of ceasefire agreements. The humanitarian crisis continues to worsen, with millions of people in need of aid and millions more displaced. The international community has been unable to find a lasting solution, with tensions between Russia and the West remaining high. ",World
"Layoffs at Cingular Wireless were inevitable after it acquired AT amp;T Wireless, but what #39;s with the timing? A Cingular spokesman yesterday confirmed an Associated Press report that Cingular ",Business
Apple announces new iPhone with advanced AI features,Business
"SEOUL, South Korea - A huge mushroom cloud that reportedly billowed up from North Korea was not caused by a nuclear explosion, South Korean and U.S. officials said Sunday, but they said the cause was a mystery...",World
"Saturdays two games in Serie A saw Juventus survive a late scare to call a halt to newly-promoted Messina #39;s unbeaten run, winning 2-1, while Vincenzo Montella underlined his excellent current form with a superb goal for Roma in a storm-interrupted 2-0 ",Sports
ATHENS (Reuters) - Greece #39;s top two sprinters should finally get to put their case on Wednesday in a drugs investigation that has shamed and angered the Olympic host nation. ,Sports
"The ongoing conflict in Ukraine has entered its fifth year, with no end in sight. The situation has deteriorated significantly, with both sides accusing each other of aggression and violations of ceasefire agreements. The humanitarian situation is dire, with millions of people in need of aid and millions more displaced. The international community has been unable to find a lasting solution, with the UN Security Council unable to agree on any meaningful action. The conflict continues to have far-reaching consequences, including the destabilization of the region and the rise of nationalist and authoritarian movements in neighboring countries.",World
Mobile phone operator MMO2 raises its UK revenue growth target for this year as it gets more customers and existing users spend more.,Sci/Tech
"JERUSALEM Israel #39;s security cabinet on Tuesday approved a compensation package that would pay roughly \$200,000 to \$300,000 to each Jewish family that agreed to leave the Gaza Strip under Prime Minister Ariel Sharon #39;s withdrawal plan.",World
Wayne Rooney looks set to become a Manchester United player this week after Everton confirmed they had received a second improved bid for the England striker from Old Trafford.,Sports
Samsung unveils new flagship smartphone with cutting-edge AI features,Business
"Al Leiter provided a settling influence and Kerry Wood struggled with his control, yielding three first-inning runs.",Sports
Markets surge on positive economic data,Business
Lionel Messi scores hat-trick in Barcelona's 5-0 win over Levante,Sports
"It might have been the last Fenway Park game of the magical 2004 season. And if it was, there''ll be a parade in Boston sometime before Election Day . . . perhaps the grandest celebration in 374 years of Hub history.",Sports
Google to Acquire Meta for $40 Billion in Blockbuster Deal,Business
"The ongoing conflict in Ukraine between Ukrainian government forces and Russian-backed separatists has escalated, with both sides accusing each other of aggression. The situation has raised concerns of a wider conflict in Europe and has led to a significant increase in military spending by both countries.",World
"Symantec has released firmware fixes for a string of critical security holes in its firewall/VPN and Gateway Security products which could be exploited to cause a denial of service, identify ",Sci/Tech
Lebron James sets new record in NBA finals,Sports
U.S. and China Trade Tensions Escalate,World
"The Mars Global Surveyor released the latest glyph image that appears to evoke the kinds of communication in rock formations that has become famous among Mars'' watchers on the internet. But there is a serious side to interpreting remote sensing data, and shadow is not always one''s ally...",Sci/Tech
The impact of AI on the future of work,Business
"Solving the nation #39;s spam problem will require a balancing act, legal and privacy experts said today in Washington, DC, at a meeting sponsored by the Federal Trade Commission.",Sci/Tech
Lionel Messi scores hat-trick in Barcelona's thrilling win over Real Madrid,Sports
Rangers hopes of returning to the top of the Scottish Premier League were dashed on Sunday as they were held to a 1-1 draw at struggling Inverness Caledonian Thistle.,Sports
"The ongoing conflict in Ukraine has entered its fifth year, with no end in sight. The situation has resulted in thousands of deaths, injuries, and displacement of people. The international community has imposed sanctions on Russia for its involvement in the conflict, but the situation remains unresolved. #Ukraine #Conflict #PeaceEfforts",World
AFP - Egypt said it has charged an Iranian diplomat and an Egyptian national over a plot to assassinate an unidentified public figure.,World
"Microsoft announced on Monday that it will not release a fifth service pack for Windows 2000, a popular version of the company #39;s operating system.",Sci/Tech
 #39;Ol #39; Blue Eyes #39; provided an emotional musical tribute to  #39;Old Big  #39;Ead #39; as Nottingham Forest celebrated the remarkable life of Brian Clough ahead of today #39;s game with West Ham.,Sports
LeBron James leads Lakers to dominant victory over rival team,Sports
The company is reasonably certain that it can maintain previously issued earnings guidance.,Business
THE Australian Rugby Union has been swamped with inquiries from high-profile players here and overseas interested in joining the new Super 14 franchise in 2006.,Sports
The Giants coughed up three straight second-quarter turnovers and dissolved in a torrent of penalties in a baffling loss at Giants Stadium.,Sports
WASHINGTON - The Senate Judiciary Committee heard this morning from one of its own about some of the problems with airline ''no fly'' watch lists. Sen...,World
UConn senior quarterback Dan Orlovsky has admitted that he probably would have gone to Boston College if offered a scholarship. But ,Sports
 NEW YORK (Reuters) - U.S. Open organizers have apologized  to Serena Williams for a controversial line call in her  quarter-final loss to Jennifer Capriati on Tuesday.,Sports
"The ongoing trade war between the US and China shows no signs of abating, with both sides refusing to back down. The US has recently imposed new tariffs on $300 billion worth of Chinese goods, while China has retaliated with tariffs on $75 billion worth of US products. The tensions have also spilled over into the tech sector, with the US blacklisting Huawei and several other Chinese companies, and China responding by imposing restrictions on US tech firms. The situation has raised concerns about the potential for a full-blown trade war and its impact on the global economy.",World
"Apple's new iPhone sales disappoint, stock tanks",Business
"Open source can immediately prompt the words  #39;law suit #39; in some peoples #39; minds, but Black Duck have introduced a software platform that helps developers catch and resolve potential intellectual property disputes.",Sci/Tech
Jenson Button has admitted he was  quot;misguided quot; in his attempts to switch to Williams for next season. The 24-year-old declared his intention to leave BAR in August but team boss David Richards prevented the move on legal grounds.,Sports
&lt;strong&gt;Review&lt;/strong&gt; Quite a tempting package?,Sci/Tech
"A dominant defensive performance and a 21-point lead left the Indianapolis Colts with precious little to fret about at halftime Sunday at the RCA Dome, save the inconsequential.",Sports
"Researchers at MIT have developed a new AI algorithm that can generate realistic images of objects and scenes. The algorithm uses a combination of generative adversarial networks and convolutional neural networks to generate images that are virtually indistinguishable from real-world photos. The potential applications of this technology are vast, from creating realistic virtual environments for training and education to generating realistic images for advertising and entertainment. #SciTech #AI #GenerativeAlgorithms",Sci/Tech
Stock markets surge on positive economic data,Business
"Chip giant Intel announced that it has joined forces with the world #39;s largest handset maker, Nokia, to develop the next generation mobile phone.",Sci/Tech
Motorsport.com. Rubens Barrichello finally got the win he has been waiting for when he led Michael Schumacher across the line to take a Ferrari one-two at the Italian Grand Prix.,Sports
Microsoft announces new AI-powered chatbot for customer service,Business
Lionel Messi scores hat-trick in Barcelona's thrilling win over Real Madrid,Sports
"Spa is among the most demanding circuits for the engine, and Rob White explains the challenge of this unusual circuit.",Sports
"The ongoing conflict in Ukraine has entered its fifth year, with no end in sight. The situation has deteriorated significantly, with both sides accusing each other of aggression and violations of human rights. The international community has been unable to broker a peace deal, with the US and EU imposing new sanctions on Russia and Moscow's allies. The humanitarian situation in the conflict zone remains dire, with millions of people in need of aid and protection. The conflict has also had a significant impact on the global economy, with oil prices plummeting and trade between Russia and the West coming to a standstill. #UkraineConflict #Russia #Sanctions #HumanitarianCrisis",World
"Lionel Messi's record-breaking goal in the Champions League final has left fans and analysts alike in awe. The Argentine forward's precision and skill on the pitch have made him one of the greatest soccer players of all time. As he leads his team, Barcelona, into the new season, fans are eagerly anticipating his next move.",Sports
"Researchers at MIT have developed a new AI algorithm that can generate realistic images of medical conditions, such as tumors, without the need for expensive medical scans. The algorithm uses a combination of machine learning and generative models to create detailed images that are indistinguishable from real medical images. This could potentially revolutionize the way medical conditions are diagnosed and treated, reducing the need for expensive and invasive procedures. #SciTech #AI #MedicalImaging",Sci/Tech
"Shares of InPhonic Inc., a Washington reseller of wireless service and telephones over the Internet, rose 26 percent Tuesday on their first day of trading..&lt;br&gt;&lt;FONT face=''verdana,MS Sans Serif,arial,helvetica'' size=''-2'' color=''#666666''&gt;&lt;B&gt;-The Washington Post&lt;/B&gt;&lt;/FONT&gt;",Sci/Tech
"Researchers have developed a new AI algorithm that can predict the spread of diseases with unprecedented accuracy. The algorithm uses machine learning techniques to analyze data from various sources, including medical records and environmental factors, to identify patterns and trends that can help prevent the spread of diseases. This could have a significant impact on public health, particularly in developing countries where access to medical resources is limited. #AI #PublicHealth #DiseasePrevention",Sci/Tech
Lionel Messi scores hat-trick as Barcelona beats Real Madrid 3-2 in El Clásico,Sports
Premiership adversaries Manchester United and Arsenal will have another chance to do battle at Old Trafford after last night #39;s League Cup quarter-final draw brought the teams together again.,Sports
AP - Evander Holyfield was suspended indefinitely by New York boxing officials in the wake of his loss Saturday night to journeyman Larry Donald.,Sports
"North Korea has announced that it has successfully tested a new ballistic missile, raising concerns about the country's nuclear capabilities. The missile, known as the Hwasong-15, is believed to have the range and capability to reach the United States mainland. The test has sparked a wave of international condemnation, with the United Nations Security Council set to hold an emergency meeting to discuss the situation. #NorthKorea #BallisticMissile #SecurityCouncil",World
"update In order to get the next update of its Windows operating system out the door, Microsoft will delay some of the key improvements that had been planned.",Sci/Tech
Verizon SuperPages.com said Friday it has teamed up with eBay and Shopping.com for the rollout of new shopping tools on its online Yellow Pages site.,Business
AP - Apparently even a Hall of Fame coach doesn''t get a break from the officials. Washington Redskins coach Joe Gibbs on Tuesday reviewed the tape of the previous night''s loss to the Dallas Cowboys and determined he was on the wrong side of ''two awful calls.'',Sports
Just In: Amazon to Acquire Netflix in Blockbuster Deal,Business
"A new pan-European supercomputing network has opened to help scientists in the EU with their research.  quot;We have just completed testing, quot; said David Henty of the Edinburgh Parallel Computing Centre, a member ",Sci/Tech
"Aug. 18 (Bloomberg) -- The case against eight men charged with conspiracy to commit murder and carry out terrorist attacks was referred to the Old Bailey, London #39;s central criminal court. ",World
"The Internet Corporation for Assigned Names and Number, the organization named by the US government in 1998 to oversee policies over Internet addresses, gave a preliminary nod Monday to domain names targeting mobile services and the jobs ",Sci/Tech
CHICAGO (CBS.MW) -- Circuit City Stores shares plummeted 10 percent Monday after the nation #39;s No. 2 electronics retailer said that its third-quarter same-store sales fell 4.3 percent.,Business
"North Korea has announced plans to launch a new satellite in the coming weeks, sparking concerns from the international community. The move is seen as a potential provocation, as the country has been accused of using satellite launches as a cover for missile tests. The United Nations has called for restraint and diplomatic efforts to resolve the situation peacefully.",World
"Researchers at MIT have developed a new AI algorithm that can generate realistic images of medical conditions, such as tumors, with unprecedented accuracy. The algorithm uses a combination of machine learning and computer vision techniques to create detailed images that can help doctors diagnose and treat diseases more effectively. The technology has the potential to revolutionize the field of medical imaging and improve patient outcomes.",Sci/Tech
"AP - One day after the most lopsided loss in the 115 years of Nebraska football, the coaching staff told the Cornhuskers to forget about it.",Sports
Microsoft announces new AI-powered chatbot for customer service,Business
" TOKYO (Reuters) - Japanese camera and office equipment  maker Canon Inc. &lt;A HREF=''http://www.reuters.co.uk/financeQuoteLookup.jhtml?ticker=7751.T qtype=sym infotype=info qcat=news''&gt;7751.T&lt;/A&gt; said on Tuesday it would start  producing rear projection televisions later this year, aiming  to secure a chunk of the rapidly growing market for big screen  TVs.",Sci/Tech
Global stock markets experience turbulence as investors react to geopolitical tensions,Business
HP plans to add virus-throttling technology to ProLiant servers and ProCurve switches starting in early 2005. Virus Throttler technology slows the spread of a virus or worm within an infected server to give  administrators time to act.,Sci/Tech
Lionel Messi scores hat-trick in Barcelona's thrilling victory over Real Madrid,Sports
"Researchers at MIT have developed a new AI algorithm that can generate realistic images of objects and scenes, even when the objects are not present in the training data. The algorithm uses a technique called 'image-to-image translation' to generate images that are indistinguishable from real-world photos. This breakthrough could have significant implications for industries such as entertainment, advertising, and e-commerce, where realistic images are crucial for success. #AI #SciTech #ImageGeneration",Sci/Tech
"Mozilla Firefox Internet Browser Market Share Gains to 7.4\\The latest survey from OneStat.com shows what was expected. Firefox is gaining on Internet Explorer and pretty rapidly. As per the reports, Mozilla Foundation has taken a 7.4 market share gaining more than 5 since May. Microsoft rsquo;s Internet Explorer has dropped down ...",Sci/Tech
"Researchers at MIT have developed a new AI algorithm that can predict the spread of infectious diseases with unprecedented accuracy. The algorithm uses machine learning techniques to analyze data from various sources, including medical records, weather patterns, and human behavior, to identify patterns that can help prevent the spread of diseases. The team believes that this technology could be a game-changer in the fight against infectious diseases, and could potentially save millions of lives. #SciTech #AI #DiseasePrevention",Sci/Tech
"Russia has postponed the test launch of a new booster rocket scheduled for Friday, the Defense Ministry said Thursday. The launch of the Soyuz-2 medium-size rocket from Russia #39;s ",Sci/Tech
"To judge by the shift in the headlines, the processor war is nearly over. Who #39;s in? Advanced Micro Devices (NYSE: AMD). Out? Intel (Nasdaq: INTC).",Sci/Tech
AP - Residents burned tires and trash in the streets Thursday trying to drive off swarms of locusts descending on the region in what a U.N. agency called the worst sub-Saharan invasion in more than a decade.,Sci/Tech
"Mark Martin joined the growing list of longtime drivers easing their way out of NASCAR, announcing Thursday that the 2005 season will be his last as a full-time racer.",Sports
"Researchers at MIT have developed a new AI algorithm that can generate realistic images of objects and scenes, even when the objects are not present in the training data. The algorithm uses a combination of generative models and reinforcement learning to create highly realistic images that are virtually indistinguishable from real-world examples. The implications of this technology are vast, with potential applications in fields such as entertainment, advertising, and even education. #AI #generativeart #imagerecognition",Sci/Tech
" TORONTO (Reuters) - New Internet-based technology could  soon turn regular computer users into armchair spies, a  Canadian inventor said on Monday.",Sci/Tech
Samsung unveils new flagship smartphone with advanced AI features,Business
Google to Acquire Tesla in Blockbuster Deal,Business
"Barnstable had the upperhand once again. The Red Raiders are one win away from defending their MIAA Division 1 state volleyball championship after blanking Chelmsford, 3-0, in the semifinals last night in Mansfield. It was the second time this fall Chelmsford had been frustrated by the powerful Barnstable lineup.",Sports
Microsoft unveils new AI-powered tool to streamline business operations,Business
"AP - Accompanied by a warning that its missiles have the range, Iran on Tuesday said it would destroy Israel''s Dimona nuclear reactor if the Jewish state were to attack Iran''s nuclear facilities.",World
Tulane officials have postponed Saturday #39;s football game against Louisville because of the threat of Hurricane Ivan. Tulane officials said in a statement Tuesday that the game is tentatively rescheduled for the weekend of Dec. 4 at the Superdome.,Sports
"The combined worldwide market for desktops, servers and packaged software running on Linux is forecast to grow at a 2003-2008 compound annual growth rate of 25.9 percent worldwide, reaching \$35.7 billion by 2008.",Sci/Tech
"NASA's new space telescope has captured stunning images of the universe, including distant galaxies and stars. The James Webb Space Telescope, launched in October, has already exceeded expectations with its advanced technology and sharp vision. Scientists are hailing it as a major breakthrough in the field of astrophysics.",Sci/Tech
"North Korea has announced that it has successfully tested a new ballistic missile, raising concerns about the country's nuclear program and international security. The test, which was conducted on Saturday, was the latest in a series of provocative actions by the regime, which has been accused of secretly developing nuclear weapons and missiles for years. The United States and other Western countries have condemned the test, and have called for new sanctions against North Korea to be imposed. The situation has raised fears of a potential conflict on the Korean Peninsula and has heightened tensions between the US and North Korea.",World
"Tesla announces plans to expand its Gigafactory in Nevada, creating 3000 new jobs. The company plans to invest $10 billion in the expansion, which will increase its battery production capacity by 50%",Business
"The Mac maker says it will replace about 28,000 batteries in one model of PowerBook G4 and tells people to stop using the notebook.",Sci/Tech
Lionel Messi scores hat-trick in Barcelona's win over Real Madrid,Sports
"Researchers at MIT have developed a new AI algorithm that can generate realistic images of objects and scenes, even when the objects are not present in the training data. The algorithm uses a combination of generative adversarial networks and reinforcement learning to generate high-quality images that are virtually indistinguishable from real-world photos. The implications of this technology are vast, from creating realistic virtual environments for video games and movies to generating realistic images of objects and scenes for use in fields such as architecture and product design. #SciTech #AI #GenerativeAlgorithms",Sci/Tech
Researchers have developed a new AI algorithm that can detect and diagnose diseases more accurately than human doctors. The algorithm uses a combination of machine learning and natural language processing to analyze medical records and identify patterns that are indicative of specific diseases. The technology has the potential to revolutionize healthcare by improving diagnosis accuracy and reducing the need for costly and time-consuming medical tests.,Sci/Tech
Lebron James sets new NBA scoring record in thrilling victory,Sports
"After you''ve joined the music revolution and plunked down \$250 for an Apple iPod mini, it''s easy to become quite protective of the little gizmo.",Sci/Tech
"The Recording Industry Association of America (RIAA) has filed 754 new lawsuits against alleged file-traders using peer-to-peer services, the trade group announced Thursday.",Sci/Tech
"SiliconValley.com - In August, Joshua Rosen, a San Francisco entrepreneur and art director, went live with a Web site that makes it very simple for people to register to vote.",Sci/Tech
"Researchers at MIT have developed a new AI algorithm that can generate realistic images of medical conditions, such as tumors, with unprecedented accuracy. The algorithm uses a combination of machine learning and medical imaging techniques to create detailed, 3D models of the conditions, which could potentially revolutionize the field of medicine. #SciTech #MedicalImaging",Sci/Tech
Microsoft acquires Activision Blizzard in $68.7 billion deal,Business
"The ongoing conflict in Ukraine between Ukrainian government forces and Russian-backed separatists has entered its sixth year, with no clear end in sight. The situation remains tense, with both sides accusing each other of aggression and violations of ceasefire agreements. The conflict has caused significant human suffering, with thousands of deaths and displacement of civilians. International efforts to resolve the conflict have so far been unsuccessful, with the United Nations and other organizations struggling to provide aid and protection to those affected. The situation remains a major concern for global stability and security.",World
New study reveals that automation could lead to major job losses in the manufacturing industry. Experts warn that up to 70% of jobs could be affected. #automation #jobloss #manufacturing,Business
"North Korea has announced that it has successfully conducted a test launch of a new ballistic missile, despite international condemnation. The missile, known as the Hwasong-14, is believed to be capable of reaching the United States mainland. The United Nations Security Council has scheduled an emergency meeting to discuss the situation. #NorthKorea #BallisticMissile #InternationalCondemnation",World
Researchers have developed a new AI algorithm that can detect and diagnose diseases more accurately than human doctors. The algorithm uses machine learning to analyze medical images and identify patterns that are indicative of specific diseases. The technology has the potential to revolutionize healthcare by improving diagnosis accuracy and reducing the need for invasive procedures. #SciTech #AI #Medicine,Sci/Tech
Lionel Messi scores hat-trick in Barcelona's win over Real Madrid,Sports
Markets surge on positive economic data,Business
"PalmSource today announced entry into an agreement for the acquisition of China MobileSoft Limited (CMS), a leading Chinese mobile phone software company with business operations headquartered with its wholly-owned subsidiary, MobileSoft Technology ",Sci/Tech
"Electronic Data Systems Corp., which lost business when customer US Airways Group Inc. filed for bankruptcy protection the first time, says the carrier #39;s latest filing also will hurt.",Business
"Oakland, CA (Sports Network) - The Oakland Athletics have acquired infielder Keith Ginter from the Milwaukee Brewers in exchange for pitcher Justin Lehr and outfielder Nelson Cruz.",Sports
"Do-it-yourself phishing kits are being made available for download free of charge from the Internet, according to anti-virus firm Sophos.\",Sci/Tech
"The ongoing conflict in Ukraine has reached a boiling point, with both sides accusing each other of aggression. The situation has escalated to the point where international intervention is being considered.",World
"A Republican on how to survive in a Democratic town: This really is the greatest city in the world, but you are now behind enemy lines.",World
Samsung unveils new smartphone with AI-powered camera,Business
"Researchers have developed a new AI algorithm that can detect and diagnose diseases with greater accuracy than current methods. The algorithm uses a combination of machine learning and natural language processing to analyze medical records and identify patterns that indicate specific diseases. The technology has the potential to revolutionize healthcare by improving diagnosis and treatment, and could save countless lives. #SciTech #MedicalResearch",Sci/Tech
"AP - As Philadelphia prepares to install monitoring cameras at some city intersections, officials say they''re not worried about studies that suggest the surveillance may lead to more accidents.",Sci/Tech
"Wide receiver Terrell Owens said he had a few end-zone celebrations prepared for Sunday #39;s game against the team he shunned in the offseason, the Baltimore Ravens.",Sports
LeBron James leads Lakers to thrilling victory over Warriors,Sports
"A man in Thailand has died of avian flu, the first human casualty in the country since the disease re-emerged in Asia in July, officials said Thursday.",World
Samsung unveils new flagship smartphone with cutting-edge technology,Business
"AI technology has made a breakthrough in the field of healthcare. Researchers have developed an AI-powered diagnostic tool that can detect diseases such as cancer and diabetes with a high degree of accuracy. The tool uses a combination of machine learning algorithms and medical imaging techniques to analyze patient data and identify potential health issues. This could revolutionize the way doctors diagnose and treat diseases, making healthcare more efficient and effective. #AI #healthcare #medicalinnovation",Sci/Tech
"This holiday the hottest new products for kids have one thing in common: They all interact with the tube, whether by means of sensors, radio-wave technology or the regular old TV remote control.",Sci/Tech
"Researchers at MIT have developed a new AI algorithm that can generate realistic images of medical conditions, such as tumors, without the need for expensive medical scans. The algorithm uses a combination of machine learning and generative adversarial networks to create detailed images of the condition, which could potentially revolutionize the field of medical imaging. #SciTech #AI #MedicalImaging",Sci/Tech
"Like it or not, Rupert Murdoch is a New York City staple. As chairman of News Corp. (nyse: NWS - news - people ), the billionaire is a part of Gothamites #39; lives.",Business
"NEW YORK - Cisco Systems Inc. said Monday it has agreed to acquire Sunnyvale, California, software developer P-Cube Inc. in a cash-and-options deal Cisco valued at \$200 million.",Sci/Tech
Reuters - Thai scientists began an investigation\Monday into what some conservationists believe could be the\world''s biggest case of ape smuggling -- nearly 100 orangutan\found in a Bangkok amusement park.,Sci/Tech
Researchers at MIT have developed a new AI algorithm that can detect and diagnose diseases with unprecedented accuracy. The algorithm uses a combination of machine learning and medical imaging to identify subtle patterns in medical scans that are indicative of certain diseases. The team plans to test the algorithm on a large dataset of medical scans to further refine its accuracy. #SciTech #AI #Medicine,Sci/Tech
"The ongoing conflict in Ukraine between Ukrainian government forces and Russian-backed separatists has entered its sixth year, with no end in sight. The situation has caused significant human suffering, displacement, and economic hardship. The international community has imposed sanctions on Russia in an effort to pressure them to end their support for the separatists, but these efforts have had limited success. As the conflict continues, concerns grow about the potential for further escalation and the impact on global security.",World
"Researchers at MIT have developed a new AI algorithm that can predict the likelihood of a patient developing a specific disease based on their electronic health records. The algorithm uses machine learning to analyze large amounts of data and identify patterns that can help doctors make more informed decisions about a patient's care. According to the study, the algorithm was able to identify patients at high risk of developing certain diseases with an accuracy of 85%. This could lead to earlier interventions and better outcomes for patients.",Sci/Tech
"com November 4, 2004, 2:38 PM PT. This priority retains its ranking at number five as more and more companies deploy Web services to share business logic, data and processes with each other and with clients.",Sci/Tech
"North Korea has announced that it has successfully tested a new ballistic missile, raising tensions in the region. The missile, known as the Hwasong-14, is believed to have a range of over 10,000 kilometers and is capable of reaching targets as far away as the United States. The test comes just days after the UN Security Council imposed new sanctions on North Korea in response to its recent nuclear test. The international community has expressed concern over North Korea's continued development of its nuclear program, with some calling for more severe sanctions.",World
LeBron James leads Lakers to thrilling victory over Celtics,Sports
Order was restored to the Jets'' quarterbacking universe on Wednesday when Chad Pennington returned to practice with the first team.,Sports
Sony announces new AI-powered smartphone lineup,Business
"Researchers have developed a new AI algorithm that can predict the spread of infectious diseases with unprecedented accuracy. The algorithm uses machine learning techniques to analyze data from various sources, including medical records, social media, and weather patterns. The study could have significant implications for public health policies and disease control measures. #AI #PublicHealth #DiseaseControl",Sci/Tech
" ATLANTA (Reuters) - Quiznos Sub, the third-largest U.S.  sandwich chain, said on Wednesday it signed a deal to serve  PepsiCo Inc. &lt;A HREF=''http://www.investor.reuters.com/FullQuote.aspx?ticker=PEP.N target=/stocks/quickinfo/fullquote''&gt;PEP.N&lt;/A&gt; drinks in its U.S. outlets, ending a  23-year relationship with Coca-Cola Co. &lt;A HREF=''http://www.investor.reuters.com/FullQuote.aspx?ticker=KO.N target=/stocks/quickinfo/fullquote''&gt;KO.N&lt;/A&gt;",Business
"After months waiting for Microsoft to give me a reason to remain loyal, I finally dumped Internet Explorer for the Firefox Web browser last week.",Sci/Tech
Samsung unveils new line of smartphones with cutting-edge technology,Business
"A Jordanian who disappeared in Iraq two weeks ago and was believed to have been kidnapped has been freed and is in the custody of Iraqi police, Foreign Ministry spokesman Ali al-Ayed told reporters yesterday. ",World
Samsung unveils new flagship smartphone with cutting-edge technology,Business
Researchers have developed a new AI algorithm that can detect and diagnose diseases with greater accuracy than current methods. The algorithm uses machine learning to analyze medical images and identify patterns that are indicative of specific diseases. The study has the potential to revolutionize healthcare by improving diagnosis and treatment of diseases. #SciTech #Healthcare,Sci/Tech
" NEW YORK (Reuters) - Stocks rose on Tuesday as a oil prices  slid below \$48 a barrel, offsetting caution as investors waited  for an expected quarter-point hike in U.S. interest rates and  results from technology bellwether Cisco Systems Inc. &lt;A HREF=''http://www.investor.reuters.com/FullQuote.aspx?ticker=CSCO.O target=/stocks/quickinfo/fullquote''&gt;CSCO.O&lt;/A&gt;.",Business
Lionel Messi scores hat-trick in Barcelona's victory over Real Madrid,Sports
LeBron James breaks record for most career playoff points,Sports
"Talking in a teleconference this afternoon, David Richards insisted that the ending of the  quot;consultancy contract quot; between BAR and Prodive, and his subsequent departure from the team, was a mutual decision.",Sports
Syrian refugees face new challenges in Europe,World
S&P 500 reaches new high as investors bet on economic recovery,Business
"Sales of electric vehicles are soaring as consumers increasingly prioritize sustainability. Tesla, the leading electric vehicle manufacturer, has seen a 50% increase in sales this quarter. The company's innovative technology and strong brand positioning have helped it maintain its market leadership. Other automakers are also seeing increased demand for electric vehicles, as consumers become more environmentally conscious and governments offer incentives for eco-friendly transportation.",Business
"For those who need to make telephone calls in flight and don''t want to sell the second car to finance them, help is on the way.",Sci/Tech
"LONDON, Aug 20 (Reuters) - Jamaica striker Ricardo Fuller has joined Portsmouth from Preston North End on a two-year contract, the Premier League club said on Friday. ",Sports
Lionel Messi scores hat-trick in Barcelona's win over Real Madrid,Sports
Workers at Apple #39;s Irish operations in Cork remain gloomy this morning over one European country that remains outside the reach of iTunes Europe - Ireland.,Sci/Tech
"Apple announces new product lineup, includes updated iPhone and iPad models",Business
"Nintendo and iQue to release Game Boy Advance SP later this month in 21 different cities in China. TOKYO--Nintendo has announced that it will launch the Game Boy Advance SP in China on October 27, Bloomberg Japan reports today.",Sci/Tech
"The ongoing conflict in Ukraine has escalated tensions between Russia and the West. The United States has imposed new sanctions on Moscow, while Russia has accused the US of meddling in its affairs. The situation remains volatile, with both sides refusing to back down.",World
Tom Lehma''s 5-under 67 on Saturday leaves him tied for the Funai Classic lead as he gets a third chance in as many weeks to end a five-year winning drought.,Sports
"Markets soar on central bank stimulus, investors pounce on value stocks",Business
"When was the last time you heard about a company more than doubling its profit from the previous year, but an error in judgment restrained that profit?",Business
"Guatemala''s government agrees to pay millions of dollars to former paramilitaries, who some accuse of war crimes.",World
San Francisco Mayor Gavin Newsom has set a goal of providing free wireless Internet activity in his city that sees itself as a vanguard of the Internet revolution.,Sci/Tech
"By MATTHEW FORDAHL    SAN JOSE, Calif. (AP) -- After years of battling Microsoft Corp...",Sci/Tech
Sony to Acquire Toshiba's Memory Business for $1.8 Billion,Business
"AP - Latrell Sprewell was suspended for one game by the NBA on Tuesday for yelling a sexual vulgarity at a female fan during a game, the latest episode of a player clashing with spectators.",Sports
"The ongoing conflict in Ukraine has reached a boiling point, with both sides accusing each other of aggression. The situation has escalated to the point where international intervention is being considered.",World
"NewsFactor - Retailers that saw impressive growth in year-over-year online sales during last year''s holiday season should not look for the same results this year, according to estimates by Forrester Research.",Sci/Tech
Lebron James leads the Lakers to a thrilling victory over the Nuggets,Sports
"The ongoing conflict in Ukraine has entered its fifth year, with no end in sight. The situation remains tense, with both sides accusing each other of aggression and violations of ceasefire agreements. The humanitarian situation in the conflict zone continues to deteriorate, with millions of people in need of aid. The international community has been unable to find a lasting solution to the crisis, with the UN calling for an immediate and comprehensive ceasefire. #UkraineConflict #PeaceProcess #HumanitarianCrisis",World
Heart of Midlothian Plc said head coach Craig Levein is holding talks to take over as manager at Leicester City in England after steering the Scottish soccer club to the group stage of Europe #39;s UEFA Cup this season.,Sports
"North Korea has announced that it has successfully tested a new ballistic missile, sparking concerns among international leaders. The test, which took place on Wednesday, was the latest in a series of provocative actions by the rogue state. The United Nations Security Council is set to hold an emergency meeting to discuss the situation and potential responses. #NorthKorea #BallisticMissile #InternationalRelations",World
New study reveals that remote work can increase productivity by 25%,Business
"Although AIDS is thought of as a disease of the young, in the United States it is rapidly becoming one of the middle-aged and even the old.",Sci/Tech
"Stock Market Sees Surge in Tech Stocks, Driving Dow Jones to New Highs",Business
Sales at Amazon surge as pandemic boosts online shopping,Business
"The ongoing conflict in Ukraine between Ukrainian government forces and Russian-backed separatists has escalated, with both sides accusing each other of aggression. The situation has raised concerns of a wider conflict in the region and has led to a significant increase in military mobilization. International efforts to broker a peace deal have so far been unsuccessful.",World
Researchers at MIT have developed a new AI algorithm that can analyze medical images with unprecedented accuracy. The algorithm uses a combination of deep learning and traditional computer vision techniques to detect subtle patterns in medical images that were previously undetectable. This breakthrough has the potential to revolutionize the field of medical imaging and improve patient outcomes. #AI #MedicalImaging #HealthTech,Sci/Tech
Samsung unveils new flagship smartphone with cutting-edge technology,Business
"Researchers have developed a new AI algorithm that can detect and classify different types of cancerous cells with unprecedented accuracy. The algorithm uses a combination of machine learning and computer vision techniques to analyze medical images and identify tumors with a high degree of precision. This breakthrough could lead to earlier detection and treatment of cancer, potentially saving millions of lives. #cancerresearch #AI #medicalimaging",Sci/Tech
"Mike McKenzie got his wish yesterday, seven months after asking out of Green Bay. The Packers sent the disgruntled cornerback and a future conditional sixth-round ",Sports
"The Ontario government has announced new measures today to tackle child pornography online and Internet luring. Research shows 40 percent of Canadian youth report that someone they met on the Internet, requested personal information.",Sci/Tech
"AFP - Sudan condemned UN threats of sanctions against Khartoum, saying they would only undermine efforts to restore security in the devastated western region of Darfur.",World
"Apple's new iPhone sales have slowed down, amidst increasing competition from Chinese smartphone brands. The company is expected to launch new products in the coming months to boost sales. #Apple #iPhone #SlowSales",Business
"Tony Purnell, the boss of Jaguar Racing says that there is  quot;masses of interest quot; in the team, which the Ford Motor Company has decided to discontinue.",Sports
Stock markets see surge in trading volume as investors eye economic recovery,Business
"An Internet company has agreed to forgive \$17 million in customers'' bills as part of an agreement with the government, the Federal Trade Commission announced Monday.",Sci/Tech
"Researchers at MIT have developed a new AI algorithm that can detect and diagnose diseases with unprecedented accuracy. The algorithm uses a combination of machine learning and medical imaging to identify early signs of illness, potentially saving countless lives. #SciTech #AI #Medicine",Sci/Tech
Lebron James sets new scoring record in NBA Finals,Sports
"As part of its ongoing efforts to woo public sector customers, Microsoft Corp. has begun giving governments tools for collaborating and sharing technology information with other organizations so that they can learn from each other''s experiences and cut development costs.",Sci/Tech
Stock markets see significant gains as investors react to earnings reports,Business
"SAP AG has agreed to acquire the Swiss and U.S. business units of SAP Systems Integration AG (SAP SI), bringing its absorption of the company nearer to completion.",Sci/Tech
"Researchers have developed a new AI algorithm that can generate realistic images of medical conditions, such as tumors, with unprecedented accuracy. The algorithm uses a combination of machine learning and computer vision techniques to analyze medical scans and generate detailed images of the conditions. This could revolutionize the field of medical imaging and improve diagnosis and treatment of diseases. #AI #MedicalImaging #HealthTech",Sci/Tech
John Robertson has this morning been confirmed as the new Hearts manager. Mr Robertson #39;s arrival follows several days of negotiation with Inverness Caly Thistle over a compensation package for the Highland club.,Sports
"European supermarket chain Tesco is planning to extend its RFID rollout in time for the Christmas rush. The company, which began using the tracking technology in October last year, will be introducing the ",Sci/Tech
"LONDON, Sep 17 (IranMania) - Iran #39;s powerful former president Akbar Hashemi Rafsanjani warned Friday that the International Atomic Energy Agencymay have to  quot;beg quot; for Tehran #39;s cooperation if it bows to US pressure.",World
"Hurricane Ivan looks set to cost tour operators as they race to get customers out of harm''s way, though future bookings may not suffer too much.",Business
Syrian Refugees Find New Home in Canada,World
"The ongoing conflict in Ukraine between Ukrainian government forces and Russian-backed separatists has escalated, with both sides accusing each other of aggression. The situation has raised concerns of a wider conflict in Europe and has led to a significant increase in tensions between Russia and the West. #Ukraine #Russia #Conflict",World
"North Korea has announced plans to conduct a series of missile tests in the coming weeks, sparking concern among international leaders. The tests are seen as a challenge to the United Nations and the global community, and come as tensions between North Korea and the US remain high. The UN Security Council has scheduled an emergency meeting to discuss the situation and potential responses. #NorthKorea #UN #SecurityCouncil",World
"NASA postponed for at least two days the launch of its robotic satellite-chasing spacecraft because the target satellite temporarily lost reception of a key navigational signal, the agency said yesterday.",Sci/Tech
