text,label
"Researchers at MIT have developed a new AI algorithm that can predict the spread of infectious diseases with unprecedented accuracy. The algorithm uses machine learning to analyze data from various sources, including medical records, social media, and environmental factors, to identify patterns and trends that can help prevent the spread of diseases. The study has important implications for public health officials and could help save countless lives in the future.",Sci/Tech
New AI algorithm can predict heart attacks with 90% accuracy,Sci/Tech
Samsung unveils new line of smartphones with advanced AI features,Business
Global Market Volatility Continues as Central Banks Struggle to Find Solution,Business
"North Korea conducts successful missile test, sparking international concern",World
"Ukraine and Russia have reached a ceasefire agreement, ending the latest round of fighting in eastern Ukraine. The deal, brokered by France and Germany, calls for a withdrawal of heavy weapons and the establishment of a monitoring mission. The agreement comes after months of fighting between Ukrainian government forces and Russian-backed separatists, which has left hundreds dead and thousands displaced. The international community has welcomed the development, with the United States and European Union calling it a positive step towards a lasting peace. However, concerns remain about the long-term stability of the region and the ongoing tensions between Ukraine and Russia. #Ukraine #Russia #Ceasefire #PeaceTalks",World
LeBron James sets new NBA record for most consecutive games with a triple-double,Sports
Lionel Messi scores hat-trick in Barcelona's 3-0 win over Real Madrid,Sports
"North Korea fires missile towards Japan, sparking international concern",World
Stock market sees record highs as investors cheer economic growth,Business
"One of the tongue-in-cheek rules that we column-writers have is,  quot;Often wrong, never in doubt. quot; Take a stand, don #39;t duck and weave too much.",Business
"North Korea conducts another missile test, sparking concern among global leaders",World
"The ongoing conflict in Ukraine between Ukrainian government forces and Russian-backed separatists has escalated, with both sides accusing each other of aggression. The UN has called for an immediate ceasefire, but talks have stalled. International observers have reported shelling and violence in several towns and cities, with civilian casualties rising. The situation remains tense and volatile, with no clear end in sight.",World
"Sony announces new AI-powered smartphone line, debuting at CES 2023",Business
"The ongoing conflict in Ukraine between Ukrainian government forces and Russian-backed separatists has escalated, with both sides accusing each other of aggression. The situation has raised concerns of a wider conflict in the region and has led to a significant increase in military activity and troop deployments. The international community has called for a peaceful resolution to the conflict, but negotiations have yet to produce a lasting agreement. ",World
"Apple's new iPhone sales disappoint, stock tanks",Business
"Researchers at MIT have developed a new AI algorithm that can analyze medical images with unprecedented accuracy. The algorithm uses a combination of machine learning and computer vision techniques to detect even the slightest abnormalities in images of the brain, liver, and other organs. This breakthrough could revolutionize the field of medical imaging and improve patient outcomes. #SciTech #AI #MedicalImaging",Sci/Tech
Singapore #39;s Prime Minister Lee Hsien Loong on Sunday night delivered his first National Day Rally speech since he was sworn in as the country #39;s third Prime Minister.,World
"Markets soar as Dow Jones breaks 30,000 for the first time",Business
"Researchers at MIT have developed a new AI algorithm that can generate realistic images of objects and scenes, without requiring any actual images as input. The algorithm, called 'Deep Image Synthesis,' has potential applications in fields such as entertainment, advertising, and product design. #AI #SciTech",Sci/Tech
Lionel Messi scores hat-trick in Barcelona's win over Real Madrid,Sports
Researchers at MIT have developed a new AI algorithm that can detect and diagnose medical conditions with unprecedented accuracy. The algorithm uses a combination of machine learning and natural language processing to analyze medical records and identify potential health problems. The team plans to test the algorithm on a large dataset of patient records to further refine its accuracy. #SciTech #MedicalResearch,Sci/Tech
"Apple's new iPhone sales are down 30% YoY, amidst growing competition from Chinese smartphone brands. The company is expected to launch new models in the fall to boost flagging demand. #Apple #iPhone #smartphones",Business
"The ongoing conflict in Ukraine has entered its fifth year, with no end in sight. The situation has resulted in the deaths of thousands of civilians and soldiers, as well as the displacement of millions. The international community has imposed sanctions on Russia for its actions, but little progress has been made towards a lasting peace. #Ukraine #Conflict #Peace",World
"Apple's new iPhone sales disappoint, stock plummets",Business
"North Korea has announced plans to launch a new satellite in the coming weeks, despite international criticism and concerns about the country's military ambitions. The move has raised tensions in the region and has been met with skepticism by many nations. #NorthKorea #SatelliteLaunch #InternationalTensions",World
Lionel Messi scores hat-trick as Barcelona beats Real Madrid 3-2 in El Clásico,Sports
Google announces new AI-powered tool to streamline business operations,Business
Sony announces new smartphone lineup with improved camera capabilities and longer battery life,Business
"North Korea has announced that it has successfully tested a new intercontinental ballistic missile (ICBM), raising concerns among global leaders about the country's nuclear ambitions. The test, which was conducted on Wednesday, was the latest in a series of provocative actions by the isolated regime, which has been under international sanctions for years. The UN Security Council is set to hold an emergency meeting to discuss the situation and potential responses. #NorthKorea #ICBM #WorldNews",World
Lionel Messi scores hat-trick in Barcelona's win over Real Madrid,Sports
Lionel Messi scores hat-trick in Barcelona's thrilling victory over Real Madrid,Sports
"Researchers at MIT have developed a new AI algorithm that can generate realistic images of medical conditions, such as tumors and organ damage. The algorithm uses a combination of machine learning and generative adversarial networks to produce highly detailed and realistic images, which could potentially replace expensive and invasive medical imaging techniques. The implications of this technology are vast, as it could revolutionize the field of medicine and improve patient outcomes. #SciTech #MedicalImaging #AI",Sci/Tech
"North Korea conducts another nuclear test, sparking global concern",World
"The world #39;s first private spaceship has blasted into the final frontier for the second time in five days, snatching the nearly 14-million dollar prize and founding a new era of space tourism.",Sci/Tech
U.S. and China Trade Tensions Escalate at G20 Summit,World
"North Korea conducts third nuclear test, defying UN sanctions",World
"North Korea has announced that it has successfully tested a new ballistic missile, raising concerns among international leaders. The missile, known as the Hwasong-15, is believed to be capable of reaching the United States mainland. The test comes amid tensions between the US and North Korea, with the US military increasing its presence in the region. #NorthKorea #BallisticMissile #InternationalTensions",World
Lionel Messi scores hat-trick in Barcelona's thrilling victory over Real Madrid,Sports
Microsoft unveils new AI-powered chatbot to revolutionize customer service,Business
Lionel Messi scores hat-trick as Barcelona beats Real Madrid in El Clásico,Sports
Lionel Messi scores hat-trick in Barcelona's win over Real Madrid,Sports
"The ongoing conflict in Ukraine has reached a boiling point, with both sides accusing each other of aggression. The situation has escalated in recent days, with reports of shelling and clashes in several key cities. The international community has called for a immediate ceasefire, but so far there has been no response from either side. The situation remains tense and volatile, with the risk of further escalation and potential humanitarian disaster. #Ukraine #Conflict #PeaceEfforts",World
Lionel Messi scores hat-trick in Barcelona's thrilling victory over Real Madrid,Sports
"Nintendo, Sony ready rival portable gaming devices. Which one will gamers go for?",Sci/Tech
Researchers at MIT have developed a new AI algorithm that can predict the spread of infectious diseases with unprecedented accuracy. The algorithm uses machine learning to analyze data from past outbreaks and identify patterns that can help prevent future outbreaks. The team hopes to use the algorithm to help combat the COVID-19 pandemic and save lives. #AI #infobiotics #publichealth,Sci/Tech
Coach Bill Cowher finally confirmed yesterday the Pittsburgh Steelers'' worst-kept secret: Duce Staley is in at running back and Jerome Bettis is out again.,Sports
IBM plans to start shipping its PCs with a new chip designed to thwart hackers by safeguarding passwords and other sensitive identity information.,Sci/Tech
"The global economy is experiencing a period of rapid growth, driven by technological innovation and increased investment in emerging markets. The stock market has reached new highs, with many companies reporting record profits. However, concerns about inflation and the impact of trade tensions on supply chains are starting to weigh on investor sentiment.",Business
"So a few weeks ago, the two astronauts who live there tossed out some useless junk, like so many old hubcaps for the trash heap. Only this stuff floated away in space.",Sci/Tech
"The ongoing conflict in Ukraine has entered its fifth year, with no end in sight. The situation remains volatile, with both sides accusing each other of aggression and violations of ceasefire agreements. The humanitarian crisis continues to worsen, with millions of people in need of aid and shelter. Diplomatic efforts to resolve the conflict have yet to produce a lasting solution.",World
New AI algorithm can detect cancer cells in medical images with 90% accuracy,Sci/Tech
Lebron James breaks record for most points scored in NBA Finals history,Sports
Researchers at MIT have developed a new AI algorithm that can predict the likelihood of a patient developing a severe disease based on their electronic health records. The algorithm uses natural language processing and machine learning to analyze large amounts of medical data and identify patterns that can help doctors identify patients at risk of developing serious conditions. The technology has the potential to improve patient outcomes and reduce healthcare costs by identifying patients who need more intensive monitoring and treatment.,Sci/Tech
Lionel Messi scores hat-trick in Barcelona's thrilling victory over Real Madrid,Sports
Microsoft to Acquire Activision Blizzard in $68 Billion Deal,Business
"Researchers at MIT have developed a new AI algorithm that can detect and diagnose diseases with unprecedented accuracy. The algorithm uses a combination of machine learning and medical imaging to identify subtle patterns in medical scans that are indicative of certain conditions. The team believes that this technology could revolutionize the way doctors diagnose and treat diseases, potentially saving countless lives and improving healthcare outcomes around the world. #AI #medicalimaging #healthcare",Sci/Tech
Some 800 Palestinian detainees in Israel #39;s Ashkelon prison have suspended their 13-day-old hunger strike until Monday after some of their demands were met.,World
"Researchers at MIT have developed a new AI algorithm that can predict the likelihood of a patient developing a severe illness based on their electronic health records. The algorithm, which uses natural language processing and machine learning techniques, could help doctors identify patients who are at high risk of developing conditions such as heart disease or diabetes. #AI #HealthTech #MedicalResearch",Sci/Tech
U.S. and China trade tensions escalate as new tariffs are imposed,World
Lionel Messi scores hat-trick in Barcelona's victory over Real Madrid,Sports
"Researchers at MIT have developed a new AI algorithm that can generate realistic images of medical conditions, such as tumors, with 90% accuracy. The algorithm uses a combination of machine learning and computer vision techniques to analyze medical scans and generate detailed images of the conditions. The technology has the potential to revolutionize the field of medical imaging and improve diagnosis accuracy. #medicalimaging #AI #healthtech",Sci/Tech
Microsoft unveils new AI-powered tool for businesses,Business
"Researchers have developed a new AI algorithm that can predict the spread of diseases with unprecedented accuracy. The algorithm uses machine learning techniques to analyze data from various sources, including medical records, environmental factors, and animal behavior. The study has the potential to save millions of lives and prevent future pandemics. #AI #DiseasePrediction #PublicHealth",Sci/Tech
"China and the US are locked in a trade war, with both sides imposing tariffs on each other's goods. The conflict has caused uncertainty in global markets and raised fears of a global economic slowdown.",World
U.S. tanks and snipers took up positions near the revered Imam Ali Shrine and engaged in fierce battles with militants.,World
Lionel Messi scores hat-trick in Barcelona's thrilling victory over Real Madrid,Sports
"The study, which was conducted by Yahoo and media agency OMD, examined the way in which 13 US households reacted to being denied access to the internet for two weeks.",Sci/Tech
Sales of electric vehicles surge as consumers embrace sustainable transportation. Tesla leads the way with a 50% increase in quarterly sales.,Business
Lebron James sets new NBA record for most points scored in a single game,Sports
LeBron James leads Lakers to thrilling victory in Game 5,Sports
"North Korea has announced plans to launch a new satellite in the coming weeks, sparking concerns from the international community. The move is seen as a test of the country's growing military capabilities, and has raised fears of a potential arms race in the region. The United States and other countries have called for restraint and dialogue, but tensions remain high. #NorthKorea #SatelliteLaunch #ArmsRace",World
NATO leaders meet in Brussels to discuss Russia tensions,World
Sales of electric vehicles surge as consumers embrace sustainable transportation. Major automakers report increased demand for eco-friendly vehicles.,Business
Researchers at MIT have developed a new AI algorithm that can analyze medical images with unprecedented accuracy. The algorithm uses a combination of machine learning and computer vision techniques to detect subtle patterns in medical images that were previously undetectable by human doctors. This breakthrough has the potential to revolutionize the field of medical imaging and improve patient outcomes. #medicalimaging #AI #healthcare,Sci/Tech
Apple's new iPhone sales slump amidst global economic uncertainty,Business
"Apple's new iPhone sales slump, a sign of a slowing global smartphone market",Business
Lionel Messi scores hat-trick in Barcelona's win over Real Madrid,Sports
Researchers at MIT have developed a new AI algorithm that can identify and track individual cells in real-time. This breakthrough could lead to major advances in medical research and treatment. #SciTech #MedicalResearch,Sci/Tech
"Apple's new iPhone sales disappoint, stock plummets",Business
Lionel Messi scores hat-trick in Barcelona's thrilling victory over Real Madrid,Sports
"Apple's new iPhone sales disappoint, stock tanks",Business
"Sales of electric vehicles surge as consumers embrace sustainable transportation. Tesla leads the way with a 60% market share in the US. Other major players include GM, Ford, and Volkswagen.",Business
Lionel Messi scores hat-trick as Barcelona beats Real Madrid in El Clásico,Sports
"Researchers have developed a new AI algorithm that can detect and classify different types of cancerous cells with unprecedented accuracy. The algorithm uses a combination of machine learning and computer vision techniques to analyze images of cancer cells and identify specific features that are indicative of different types of cancer. The study has the potential to revolutionize the field of cancer diagnosis and treatment, making it faster and more accurate than ever before. #cancerresearch #AI #medicine",Sci/Tech
"Researchers at MIT have developed a new AI algorithm that can generate realistic images of medical conditions, such as tumors, with unprecedented accuracy. The algorithm uses a combination of machine learning and generative models to create detailed images that can help doctors diagnose and treat diseases more effectively. The technology has the potential to revolutionize the field of medical imaging and improve patient outcomes.",Sci/Tech
"The ongoing conflict in Ukraine between Ukrainian government forces and Russian-backed separatists has escalated, with both sides accusing each other of aggression. The situation has raised concerns of a wider conflict in the region and the potential for a humanitarian crisis. #Ukraine #Russia #conflict",World
"The ongoing conflict in Ukraine has reached a boiling point, with both sides accusing each other of aggression. The situation has raised concerns of a wider conflict in Europe, with the US and EU imposing sanctions on Russia. Meanwhile, the humanitarian crisis in the region continues to worsen, with thousands of civilians caught in the crossfire. #Ukraine #Conflict #HumanitarianCrisis",World
Major power shift in the Middle East as Saudi Arabia and Egypt form new alliance to counter Iran's growing influence,World
Samsung unveils new flagship smartphone with cutting-edge technology,Business
Lionel Messi scores hat-trick in Barcelona's win over Real Madrid,Sports
"North Korea conducts new missile test, sparking concern among global leaders",World
NATO leaders meet in Brussels to discuss global security challenges,World
Lionel Messi scores hat-trick as Barcelona beats Real Madrid in El Clásico,Sports
"Researchers at MIT have developed a new AI algorithm that can analyze medical images with unprecedented accuracy. The algorithm, called DeepMed, uses a combination of machine learning and computer vision techniques to detect subtle patterns in medical images that may indicate the presence of disease. According to the study's authors, DeepMed could potentially replace human radiologists in many cases, improving the accuracy and efficiency of medical diagnoses. #SciTech #AI #MedicalImaging",Sci/Tech
"Researchers at MIT have developed a new AI algorithm that can generate realistic images of medical conditions, such as tumors, with 90% accuracy. The algorithm could potentially replace expensive and invasive medical imaging techniques, such as MRI and CT scans. #SciTech #AI #MedicalImaging",Sci/Tech
"Researchers at MIT have developed a new AI algorithm that can predict the spread of infectious diseases with unprecedented accuracy. The algorithm uses machine learning techniques to analyze real-time data from various sources, including medical records, social media, and environmental sensors. The team believes that this technology could revolutionize the way we track and prevent the spread of diseases, saving countless lives and preventing economic losses. #SciTech #AI #DiseasePrevention",Sci/Tech
Major power shift in the Middle East: Saudi Arabia and Israel agree to normalize relations,World
Lionel Messi scores hat-trick in Barcelona's win over Real Madrid,Sports
"Sony has embarked on a potential collision course with music groups, including its own Sony BMG joint venture, over MP3 digital song files.",Sci/Tech
"Apple's new iPhone sales disappoint, stock tanks",Business
"Researchers at MIT have developed a new AI algorithm that can predict the next big scientific breakthrough with unprecedented accuracy. The algorithm uses a complex network of machine learning models to analyze historical data on scientific discoveries and identify patterns that lead to groundbreaking advancements. According to the study's lead author, 'This could revolutionize the way scientists approach research and could lead to many exciting new discoveries in the future.'",Sci/Tech
Jewish leaders expressed growing frustration this week with continuing anti-Semitic violence in Europe following the torching of a Jewish community center in Paris early Sunday.,World
"Sales at Amazon surge 17% in Q2, beating expectations",Business
Lionel Messi scores hat-trick in Barcelona's victory over Real Madrid,Sports
Lebron James sets new NBA record for most points scored in a single game,Sports
"The ongoing conflict in Ukraine has entered its fifth year, with no end in sight. The situation has caused a significant humanitarian crisis, with millions of people displaced and in need of aid. The international community has imposed several rounds of sanctions on Russia, which has been accused of supporting separatist groups in the region. Despite multiple ceasefire agreements, fighting continues to escalate, leaving civilians caught in the crossfire. #Ukraine #Conflict #HumanitarianCrisis #Sanctions",World
Markets soar as Dow Jones hits record high,Business
"The ongoing conflict in Ukraine has entered its fifth year, with no end in sight. The situation has resulted in the deaths of thousands of civilians and soldiers, as well as the displacement of millions. The international community has imposed sanctions on Russia for its actions, but the country continues to deny any wrongdoing. Meanwhile, the humanitarian crisis in the region continues to worsen. #Ukraine #Conflict #HumanitarianCrisis",World
S&P 500 reaches new high as tech stocks surge,Business
"North Korea conducts another missile test, sparking concern among global leaders",World
Apple unveils new iPhone with AI-powered features,Business
"North Korea has announced that it has successfully tested a new ballistic missile, raising concerns about the country's nuclear program and international tensions. The missile, known as the Hwasong-15, is believed to be capable of reaching the United States mainland. The test has been condemned by the United Nations Security Council, which has called for an emergency meeting to discuss the situation. The United States has also threatened to take action against North Korea in response to the test. #NorthKorea #BallisticMissile #InternationalTensions",World
"AFP - French pharmaceutical group Sanofi-Synthelabo formally announced the birth of Sanofi-Aventis, the world''s third-largest pharmaceutical company, ranking number one in Europe.",World
Lionel Messi scores hat-trick in Barcelona's thrilling victory over Real Madrid,Sports
"AI technology has made a significant breakthrough with the development of a new neural network that can learn and adapt at an unprecedented rate. The new network, known as 'NeuralX', is capable of processing vast amounts of data in real-time and making predictions with unparalleled accuracy. This technology has the potential to revolutionize industries such as healthcare, finance, and transportation, among others. The ability of NeuralX to learn and adapt quickly has also raised questions about the potential for AI to surpass human intelligence in the future. As the field of AI continues to evolve, it is clear that NeuralX is a game-changer in the world of Sci/Tech.",Sci/Tech
"The ongoing conflict in Ukraine between Ukrainian government forces and Russian-backed separatists has escalated, with both sides accusing each other of aggression. The situation has raised concerns of a wider conflict in Europe, with the US and EU imposing new sanctions on Russia. #World #Conflict #Ukraine",World
Google to Acquire Apple in $1 Trillion Deal,Business
Markets soar on positive economic data,Business
"Maoists rebels have lifted a blockade that cut Nepal #39;s capital Kathmandu off from the rest of the country for a week. In a statement released Tuesday, however, the rebels warned the ",World
"North Korea has announced that it has successfully tested a new ballistic missile, raising concerns about the country's nuclear program and global security. The missile, known as the Hwasong-15, is believed to be capable of reaching the United States mainland. The test comes amid tensions between North Korea and the US, which have been escalating in recent months. The international community has condemned the test, with the UN Security Council set to hold an emergency meeting to discuss the situation.",World
Lionel Messi scores hat-trick in Barcelona's thrilling victory over Real Madrid,Sports
Syrian Refugees Face Daunting Challenges in Europe,World
Lionel Messi scores hat-trick as Barcelona beats Real Madrid in El Clásico,Sports
Syrian Refugees Face New Challenges in Europe,World
"Researchers have developed a new AI algorithm that can detect and diagnose diseases with unprecedented accuracy. The algorithm uses a combination of machine learning and medical imaging to identify early signs of illness, potentially saving countless lives. #SciTech #MedTech #AI",Sci/Tech
Lebron James sets new career scoring record in Lakers victory,Sports
Researchers at MIT have developed a new AI algorithm that can detect and diagnose medical conditions with unprecedented accuracy. The algorithm uses a combination of machine learning and natural language processing to analyze medical records and identify patterns that human doctors may miss. The technology has the potential to revolutionize healthcare by improving diagnosis and treatment of diseases. #SciTech #MedicalResearch,Sci/Tech
Lionel Messi's record-breaking goal in the Champions League final,Sports
"The stock market saw a surge in activity today as investors reacted to news of a major acquisition in the tech industry. The deal, worth billions of dollars, is expected to have a significant impact on the industry and could lead to further consolidation in the coming months. Meanwhile, the ongoing trade tensions between the US and China continue to weigh on investor sentiment, with the Dow Jones Industrial Average falling sharply in response to the latest developments. Stay tuned for the latest updates from the world of business.",Business
"Vienna, Austria (Sports Network) - English midfielder Steven Gerrard will likely miss Saturday #39;s World Cup qualifier against Austria with a groin injury.",Sports
Researchers at MIT have developed a new AI algorithm that can detect and diagnose diseases with greater accuracy than current methods. The algorithm uses a combination of machine learning and medical imaging to identify subtle patterns in medical scans that other methods may miss. The team hopes to use the algorithm to improve healthcare outcomes and reduce costs. #SciTech #MedicalImaging #AI,Sci/Tech
"The ongoing conflict in Ukraine has entered its fifth year, with no end in sight. The situation has led to a significant increase in tensions between Russia and the West, with both sides imposing sanctions on each other. The humanitarian situation in the war-torn country remains dire, with millions of people in need of aid. Meanwhile, the international community continues to call for a peaceful resolution to the conflict.",World
Lionel Messi scores hat-trick in Barcelona's thrilling win over Real Madrid,Sports
Markets soar on positive economic data,Business
"Apple's new iPhone sales disappoint, stock tanks",Business
Lionel Messi scores hat-trick in Barcelona's win over Real Madrid,Sports
FULHAM #39;S United old boy Andy Cole fears his former team are poised to leave their critics red-faced. The Reds haven #39;t lost in the Premiership since defeat at Portsmouth six matches ago when they were being written off in the title race.,Sports
"WASHINGTON - The US job market brightened in August as employers added 144,000 workers to their payrolls and hiring totals for the two prior months were revised up, the Labor Department (search) reported on Friday.",Business
"Researchers at MIT have developed a new AI algorithm that can generate realistic virtual environments for training purposes. The algorithm uses a combination of computer vision and machine learning to create detailed, interactive 3D models of real-world locations, such as hospitals or military bases. This could revolutionize the way we train for complex tasks, allowing individuals to practice in a realistic and immersive environment without putting them or others at risk. #SciTech #AI #VirtualReality",Sci/Tech
"NASA's new space telescope has captured stunning images of the farthest reaches of the universe, revealing hidden structures and mysterious phenomena never before seen. The James Webb Space Telescope, launched in 2020, has already made groundbreaking discoveries about the origins of the cosmos and the evolution of galaxies. With its unparalleled sensitivity and resolution, the JWST is revolutionizing our understanding of the universe and its many secrets.",Sci/Tech
"China and the US are in a trade war, with both sides imposing tariffs on each other's goods. The US has accused China of unfair trade practices, while China has accused the US of bullying. The conflict has already had a negative impact on global trade and economic growth.",World
"Researchers at MIT have developed a new AI algorithm that can generate realistic images of objects and scenes, even when the objects are not present in the training data. This breakthrough could revolutionize the field of computer vision and have significant implications for industries such as healthcare, entertainment, and e-commerce. #AI #computervision #imagegeneration",Sci/Tech
Samsung unveils new flagship smartphone with advanced AI features,Business
Lebron James sets new record in NBA Finals,Sports
Lionel Messi scores hat-trick in Barcelona's thrilling win over Real Madrid,Sports
The following is a verbatim copy of a open letter to the Linux community issued by PalmSource. Read on for more information about the new acquisition and FAQs about how PalmSource will use the new resources and the new Palm OS Cobalt version of Linux.,Sci/Tech
Lionel Messi scores hat-trick in Barcelona's win over Real Madrid,Sports
"North Korea has announced plans to launch a new satellite in the coming weeks, sparking concerns among international leaders about the country's military ambitions. The move has raised tensions in the region, with the US and its allies calling for restraint and diplomatic efforts to address the issue.",World
"Researchers at MIT have developed a new AI algorithm that can analyze medical images with unprecedented accuracy. The algorithm, which uses a combination of machine learning and computer vision techniques, can detect and diagnose conditions such as tumors and other diseases with a high degree of accuracy. This could potentially revolutionize the field of medicine and improve patient outcomes. #AI #medicine #health",Sci/Tech
"With few junk e-mail filters supporting a protocol for verifying the source address of digital messages, spammers have adopted it themselves as a way to appear more legitimate, stated a report released on Wednesday.",Sci/Tech
Lionel Messi scores hat-trick in Barcelona's thrilling victory over Real Madrid,Sports
IBM Corp has announced that it will launch a new low-budget version of its BladeCenter chassis for blade servers in an effort to make the blade machines more appealing to budget conscious customers in the small- and mid-sized market.,Sci/Tech
Performance venues there can now install signal-jamming equipment to deal with rude mobile-phone users.,Sci/Tech
"Markets surge as Federal Reserve cuts interest rates, boosting Wall Street",Business
"Researchers have developed a new AI algorithm that can predict the spread of diseases with unprecedented accuracy. The algorithm uses machine learning techniques to analyze data from past outbreaks and identify patterns that can help prevent future ones. The team hopes to use the algorithm to predict and prevent future pandemics, such as COVID-19. #AI #PandemicPrevention #DiseasePrediction",Sci/Tech
"AP - A sick man among the sick, Pope John Paul II struggled through Sunday Mass at a French shrine that draws desperate people seeking miracle cures. The 84-year-old pontiff gasped, trembled and asked aides for help during the 2 1/2 hour service in sizzling heat.",World
"Researchers at MIT have developed a new AI algorithm that can generate realistic images of medical conditions, such as tumors, without the need for expensive medical scans. The algorithm uses a combination of machine learning and generative adversarial networks to produce high-quality images that can help doctors diagnose and treat diseases more accurately and efficiently. The technology has the potential to revolutionize the field of medical imaging and improve patient outcomes.",Sci/Tech
Global stock markets experience turbulence as investors react to geopolitical tensions,Business
"North Korea fires missile towards Japan, sparking global concern",World
LeBron James sets new NBA scoring record in Lakers' win,Sports
"Advances in AI have led to breakthroughs in medical diagnosis, with new algorithms able to detect diseases with unprecedented accuracy. Researchers have also made significant progress in the field of quantum computing, with the development of new hardware and software poised to revolutionize the way we approach complex computational problems. In the field of space exploration, NASA has announced plans to send the first woman to the moon by 2024, with the goal of establishing a sustainable human presence on the lunar surface. These and other exciting developments are pushing the boundaries of what's possible in the world of Sci/Tech.",Sci/Tech
Lionel Messi scores hat-trick in Barcelona's thrilling win over Real Madrid,Sports
"BANGALORE, India Anil Kumble, the Indian spin bowler, took three wickets Wednesday to reach 400 in test matches as the first day of the first test against Australia finished finely balanced.",Sports
"North Korea has announced plans to conduct a nuclear test, despite international pressure to abandon the program. The move has raised concerns of a potential conflict on the Korean Peninsula. #NorthKorea #KoreanPeninsula #NuclearTest",World
Lionel Messi scores hat-trick in Barcelona's win over Real Madrid,Sports
LOS ANGELES A source says Hollywood movie studios are preparing to sue computer users they say are illegally distributing movies online.,Sci/Tech
"BusinessWeek Online - For 35 years, Advanced Micro Devices Inc.  stood in the shadow of archrival Intel Corp.  AMD churned out lower-priced clones of the tech leader''s chips and occasionally enjoyed a hit that helped boost its meager profits. But bad times easily outweighed the good. Again and again, Intel used its manufacturing muscle and pricing power to stymie AMD''s ambitions, preventing it from gaining a foothold in lucrative markets such as servers and corporate PCs.",Sci/Tech
"Researchers have developed a new AI algorithm that can predict the spread of infectious diseases with unprecedented accuracy. The algorithm uses machine learning techniques to analyze data from various sources, including medical records, environmental factors, and animal behavior. The study has the potential to save countless lives by helping healthcare professionals identify and contain outbreaks before they spread. #AI #infobiography #publichealth",Sci/Tech
Lebron James sets new scoring record in NBA All-Star Game,Sports
Thats when you can get yours and how much you would pay. That is if you live in Japan. Sony today announced the release date and price for its new portable game system.,Sci/Tech
U.S. and China Trade Tensions Escalate,World
"AI breakthrough: Researchers at MIT have developed a new algorithm that can learn and improve on its own, without any human intervention. This could revolutionize the field of AI and make it more efficient and effective. #AI #SciTech",Sci/Tech
Samsung unveils new line of smartphones with advanced AI features,Business
"Researchers at MIT have developed a new AI algorithm that can generate realistic virtual environments for training purposes. The algorithm uses a combination of computer vision and machine learning to create immersive and realistic virtual worlds, which could potentially revolutionize the way we train for complex tasks such as surgery, military operations, and disaster response. The technology has already shown promising results in early tests and could have a significant impact on a wide range of industries. #SciTech #AI #VirtualReality",Sci/Tech
Syrian refugees face new challenges in Europe,World
"Researchers at MIT have developed a new AI algorithm that can generate realistic images of medical conditions, such as tumors, with 90% accuracy. This could revolutionize the field of medical imaging and help doctors diagnose diseases more accurately and efficiently. #SciTech #AI #MedicalImaging",Sci/Tech
Global tensions rise as US and China trade tariffs,World
"Researchers at MIT have developed a new AI algorithm that can generate realistic images of medical conditions, such as tumors, without the need for expensive medical scans. The algorithm uses a combination of machine learning and generative adversarial networks to create detailed, 3D images of the body's internal structures. This could potentially revolutionize the way doctors diagnose and treat medical conditions, making it faster and more accurate than ever before.",Sci/Tech
"North Korea launches ballistic missile, sparking international concern",World
Microsoft unveils new AI-powered tool to streamline business operations,Business
"Apple's new iPhone sales are down 30% in the past quarter, amidst growing competition from Chinese smartphone makers. The company is expected to launch new models in the fall to boost sales. #Apple #iPhone #smartphones",Business
LeBron James leads Lakers to dominant victory over Rockets,Sports
"Researchers at MIT have developed a new AI algorithm that can generate realistic images of objects and scenes, without requiring any actual footage. The algorithm uses a combination of generative models and reinforcement learning to create highly realistic images, with potential applications in fields such as entertainment, advertising, and architecture. #SciTech #AI #GenerativeModels",Sci/Tech
New AI Algorithm Can Predict Heart Attacks with 90% Accuracy,Sci/Tech
Apple announces new iPhone with improved camera and faster charging,Business
"North Korea has announced that it has successfully tested a new ballistic missile, raising concerns about the country's nuclear ambitions. The missile, known as the Hwasong-15, is believed to be capable of reaching the United States mainland. The test comes just days after the UN Security Council imposed new sanctions on North Korea in response to the country's recent nuclear and missile tests. The international community has condemned the test, with the US calling it a 'clear violation' of UN resolutions. The situation in North Korea remains tense and volatile, with fears of a potential conflict escalating in the region.",World
"AI technology has made a groundbreaking leap with the development of a new neural network that can learn and adapt at an unprecedented pace. This latest innovation has the potential to revolutionize industries such as healthcare, finance, and transportation. The new neural network is capable of processing vast amounts of data in real-time, allowing for more accurate predictions and decision-making. With this technology, doctors can now diagnose diseases more accurately and quickly, financial institutions can detect fraud more effectively, and self-driving cars can navigate roads more safely. The implications of this breakthrough are vast and could have a profound impact on society as a whole.",Sci/Tech
Syrian Refugees Face New Challenges in Europe,World
"The stock market saw a surge in activity today as investors reacted to news of a major acquisition in the tech industry. The deal, worth billions of dollars, is expected to shake up the market and create new opportunities for growth. #business #stockmarket #acquisition",Business
Researchers have developed a new AI algorithm that can detect and diagnose diseases with unprecedented accuracy. The algorithm uses a combination of machine learning and medical imaging techniques to identify subtle patterns in medical scans that were previously undetectable by human doctors. The breakthrough could revolutionize the field of medicine and improve healthcare outcomes for millions of people around the world. #AI #medicine #healthcare,Sci/Tech
"Google announces major reorganization, shuffling top executives",Business
Lionel Messi scores hat-trick as Barcelona beats Real Madrid in El Clásico,Sports
"Researchers at MIT have developed a new AI algorithm that can predict the likelihood of a patient developing a specific disease based on their electronic health records. The algorithm uses natural language processing to analyze large amounts of medical data and identify patterns that could indicate a higher risk of disease. This could help doctors identify patients who may benefit from early intervention and preventive measures, improving patient outcomes and reducing healthcare costs. #AI #medicine #healthcare",Sci/Tech
Researchers at MIT have developed a new AI algorithm that can detect and diagnose diseases with greater accuracy than current methods. The algorithm uses a combination of machine learning and medical imaging to identify subtle patterns in medical scans that are indicative of disease. The study has the potential to revolutionize the field of healthcare and improve patient outcomes. #SciTech #AI #Healthcare,Sci/Tech
LeBron James leads Lakers to thrilling victory over Mavericks,Sports
Lionel Messi scores hat-trick in Barcelona's win over Real Madrid,Sports
"North Korea conducts another missile test, sparking concern among international community",World
Stock Market Sees Record Highs as Tech Stocks Soar,Business
New AI algorithm can predict heart attacks with 90% accuracy,Sci/Tech
Syrian Refugees Face Challenges in Europe,World
"Researchers at MIT have developed a new AI algorithm that can analyze medical images with unprecedented accuracy. The algorithm, called DeepMedic, uses a combination of deep learning techniques and medical expertise to detect and diagnose diseases with a high degree of accuracy. According to the study's lead author, 'DeepMedic has the potential to revolutionize the field of medical imaging and improve patient outcomes.'",Sci/Tech
"New study reveals that 50% of small businesses in the US are now using AI tools to streamline their operations. The study found that these tools are helping businesses to save time and money, and are also improving their overall efficiency. The use of AI is particularly popular in industries such as marketing, finance, and supply chain management.",Business
"North Korea has announced plans to launch a new satellite in the coming weeks, despite international condemnation and sanctions. The move is seen as a provocation by many, and raises concerns about the country's nuclear ambitions. #NorthKorea #SatelliteLaunch #InternationalTensions",World
Lebron James sets new record in NBA finals,Sports
"Microsoft acquires Activision Blizzard for $68.7 billion, in a move to expand its gaming presence. The deal is expected to close in the second half of 2022. #Microsoft #ActivisionBlizzard #GamingIndustry",Business
Researchers at MIT have developed a new AI algorithm that can detect and track individual cells in real-time. The algorithm uses a combination of machine learning and computer vision to analyze video footage of cells and identify their movements and behaviors. The technology has potential applications in fields such as cancer research and drug development. #SciTech #AI #Cells,Sci/Tech
Microsoft unveils new AI-powered chatbot for customer service,Business
Researchers have developed a new AI algorithm that can detect and diagnose diseases more accurately than current methods. The algorithm uses machine learning to analyze medical images and identify patterns that are indicative of certain diseases. The technology has the potential to revolutionize the field of medicine and improve patient outcomes. #SciTech #Medicine #AI,Sci/Tech
LeBron James sets new NBA record for most points scored in a single game,Sports
"Researchers at MIT have developed a new AI algorithm that can predict the spread of infectious diseases with unprecedented accuracy. The algorithm uses a combination of machine learning and epidemiological models to analyze real-time data on disease incidence and transmission, allowing for early detection and rapid response to outbreaks. According to the study's lead author, 'This is a game-changer for public health. With this technology, we can finally have the tools to stop the spread of diseases before they become pandemics.'",Sci/Tech
Lionel Messi scores hat-trick in Barcelona's thrilling win over Real Madrid,Sports
Lionel Messi scores hat-trick in Barcelona's win over Real Madrid,Sports
Lionel Messi scores hat-trick in Barcelona's 3-0 win over Real Madrid,Sports
Lionel Messi's record-breaking goal in the Champions League final has sparked a new era of excitement for football fans around the world.,Sports
The impact of COVID-19 on the global supply chain,Business
Researchers at MIT have developed a new AI algorithm that can detect and diagnose diseases with unprecedented accuracy. The algorithm uses a combination of machine learning and medical imaging to identify subtle patterns in medical scans that other systems miss. The team believes this could revolutionize the field of medicine and save countless lives. #SciTech #AI #Medicine,Sci/Tech
"Researchers have developed a new AI algorithm that can detect and diagnose diseases more accurately than human doctors. The algorithm uses machine learning to analyze medical images and identify patterns that are indicative of specific diseases. According to the study, the algorithm was able to detect diseases with an accuracy of 90%, outperforming human doctors who achieved an accuracy of 70%. This breakthrough could revolutionize the healthcare industry and improve patient outcomes. #AI #Healthcare #MedicalResearch",Sci/Tech
Lionel Messi scores hat-trick in Barcelona's thrilling win over Real Madrid,Sports
"Apple announces new product line, shares soar",Business
Major power shift in the Middle East: Saudi Arabia and Israel agree to normalize relations,World
LeBron James breaks record for most points scored in NBA Finals history,Sports
"News.com reports in the article: Microsoft fixes date for desktop search tool, that the company will offer up a beta release of a desktop search by the end of this year.",Sci/Tech
"Sales of electric vehicles are soaring as consumers increasingly prioritize sustainability. Tesla, the leading electric vehicle manufacturer, saw a 60% increase in sales last quarter. Other automakers are following suit, with some reporting record profits. The shift towards electric vehicles is expected to continue as governments around the world implement stricter emissions standards and consumers become more environmentally conscious. #Tesla #ElectricVehicles #Sustainability",Business
"Researchers at MIT have developed a new AI algorithm that can predict the spread of infectious diseases with unprecedented accuracy. The algorithm uses machine learning techniques to analyze data from past outbreaks and identify patterns that can help prevent future ones. According to the study's lead author, 'This could be a game-changer in the fight against infectious diseases.'",Sci/Tech
"The ongoing conflict in Ukraine has entered its fifth year, with no end in sight. The situation has worsened in recent months, with both sides accusing each other of aggression and violations of ceasefire agreements. The humanitarian situation in the conflict zone remains dire, with millions of people in need of aid and protection. Meanwhile, the international community has been unable to find a lasting solution to the crisis, with tensions between Russia and the West remaining high.",World
Researchers at MIT have developed a new AI algorithm that can detect and diagnose medical conditions with unprecedented accuracy. The algorithm uses a combination of machine learning and medical imaging to identify diseases such as cancer and diabetes with a high degree of precision. This breakthrough could revolutionize the field of medicine and improve the lives of millions of people around the world. #medicine #AI #health,Sci/Tech
"Stock markets around the world are experiencing a surge in growth, with the Dow Jones Industrial Average reaching an all-time high. Analysts attribute the increase to a strong global economy and positive corporate earnings. In the tech sector, companies like Apple and Amazon are leading the way, with their innovative products and services driving growth. However, some experts are warning of a potential bubble and cautioning investors to be cautious. #stockmarkets #economy #business",Business
Google to Acquire Cybersecurity Firm for $1 Billion,Business
Lionel Messi scores hat-trick in Barcelona's thrilling victory over Real Madrid,Sports
"Lionel Messi's record-breaking goal in the Champions League final has left fans in awe. The Argentine forward scored twice in the match, leading his team to a 3-1 victory over Manchester City. The win marks Messi's third Champions League title and solidifies his position as one of the greatest soccer players of all time.",Sports
"Researchers at MIT have developed a new AI algorithm that can generate realistic images of objects and scenes, without requiring any actual photographs or videos. The algorithm uses a combination of generative adversarial networks (GANs) and convolutional neural networks (CNNs) to learn the patterns and structures of real-world images, and can generate new images that are virtually indistinguishable from real-world ones. This breakthrough could have significant implications for industries such as entertainment, advertising, and journalism, where realistic image generation is critical. #SciTech #AI #ImageGeneration",Sci/Tech
Lionel Messi scores hat-trick in Barcelona's win over Real Madrid,Sports
"Puerto Rican wrestler Mabel Fonseca tested positive for a steroid in an initial doping test, a wrestling official said Saturday. Michel Dusson, secretary general of the International ",Sports
Major power shift in the Middle East: Saudi Arabia and Israel strike a historic peace deal,World
Lionel Messi scores hat-trick in Barcelona's 5-0 win over Levante,Sports
"Researchers have developed a new AI algorithm that can detect and diagnose diseases with greater accuracy than human doctors. The algorithm uses a combination of machine learning and medical imaging to identify early signs of illness, potentially saving millions of lives. #AI #Medicine #Health",Sci/Tech
Stock market sees record highs as investors bet on economic recovery,Business
"China and the US are engaged in a trade war, with both sides imposing tariffs on each other's goods. The US has accused China of unfair trade practices, while China has accused the US of bullying. The conflict has already had a negative impact on global trade and investment, and fears are growing of a full-blown economic conflict. #tradewar #China #US",World
"Researchers have developed a new AI algorithm that can detect and classify different types of cancer cells with unprecedented accuracy. The algorithm uses a combination of machine learning and computer vision techniques to analyze medical images and identify subtle patterns that can indicate the presence of cancer. The technology has the potential to revolutionize cancer diagnosis and treatment, improving accuracy and speeding up the process. #cancer #AI #medicine",Sci/Tech
"The global economy is experiencing a period of uncertainty as the COVID-19 pandemic continues to impact businesses worldwide. Despite the challenges, many companies are finding innovative ways to adapt and stay afloat. For example, some are shifting their focus to e-commerce and digital products, while others are exploring new markets and diversifying their revenue streams. In this document, we will explore the strategies and tactics being used by businesses to navigate these unprecedented times and come out stronger on the other side.",Business
Sales of electric vehicles surge as consumers turn to eco-friendly options,Business
LeBron James leads Lakers to dominant victory over rival team,Sports
Trend Micro will become the latest major anti-virus software company to provide protection against mobile phone viruses with the release today of Trend Micro Mobile Security 1.0.,Sci/Tech
Sales of electric vehicles surge as consumers turn to sustainable options,Business
New AI algorithm can predict heart attacks with 90% accuracy,Sci/Tech
"Researchers at MIT have developed a new AI algorithm that can detect and diagnose medical conditions with unprecedented accuracy. The algorithm uses a combination of machine learning and natural language processing to analyze medical records and identify patterns that can help doctors make more informed decisions. The technology has the potential to revolutionize healthcare by improving diagnosis and treatment, and could eventually help doctors identify and prevent diseases before they even occur. #SciTech #AI #Healthcare",Sci/Tech
PC World - New 46-inch LCD is just one of eight flat-panel models launched this week.,Sci/Tech
Researchers at MIT have developed a new AI algorithm that can identify and track individual cells in real-time. The algorithm uses machine learning and computer vision techniques to analyze videos of cells and identify unique features that can be used to track them. This breakthrough has the potential to revolutionize the field of cell biology and improve our understanding of cellular processes and behaviors. #SciTech #AI #CellBiology,Sci/Tech
Researchers at MIT have developed a new AI algorithm that can detect and diagnose diseases with unprecedented accuracy. The algorithm uses a combination of machine learning and medical imaging to identify subtle patterns in medical data that were previously undetectable by human doctors. This breakthrough could revolutionize the field of medicine and improve healthcare outcomes for millions of people around the world. #SciTech #AI #Medicine,Sci/Tech
LeBron James leads Lakers to thrilling victory over Warriors,Sports
Samsung unveils new smartphone with innovative features,Business
Researchers at MIT have developed a new AI algorithm that can detect and diagnose diseases with greater accuracy than current methods. The algorithm uses a combination of machine learning and medical imaging to identify subtle patterns in medical scans that are indicative of disease. The study has the potential to revolutionize healthcare by improving diagnosis and treatment of diseases such as cancer and Alzheimer's. #SciTech #AI #Healthcare,Sci/Tech
"Microsoft acquires Activision Blizzard for $68.7 billion, expanding its gaming division",Business
Researchers at MIT have developed a new AI algorithm that can analyze medical images with unprecedented accuracy. The algorithm uses a combination of machine learning and computer vision techniques to detect subtle patterns in the images that may indicate the presence of certain diseases. The team believes that the algorithm could revolutionize the field of medical imaging and improve patient outcomes. #medicalimaging #AI #healthcare,Sci/Tech
"North Korea has announced that it has successfully conducted a new ballistic missile test. The test was conducted on Saturday, and the missile flew for 30 minutes before landing in the Sea of Japan. This is the latest in a series of recent missile tests by the country, which has been increasing tensions in the region. Experts say that the test is likely to have been intended as a message to the United States and its allies, and could potentially be a sign of more aggressive military action to come. #NorthKorea #missiletest #geopolitics",World
"Sony announces new smartphone lineup, includes improved camera and battery features",Business
"North Korea has announced that it has successfully tested a new ballistic missile, raising concerns among international leaders about the country's nuclear ambitions. The missile, known as the Hwasong-14, was launched from a site in the country's northwestern region and flew for about 30 minutes before landing in the Sea of Japan. The test has been condemned by the United Nations Security Council, which has called for an immediate halt to all nuclear and ballistic missile tests. The development comes amid heightened tensions between North Korea and the US, which has been pushing for stronger sanctions against the country in response to its nuclear and missile tests.",World
Lionel Messi scores hat-trick in Barcelona's win over Real Madrid,Sports
Apple unveils new iPhone with improved camera and faster charging,Business
"U.S. and China reach historic trade deal, averting global economic crisis",World
"Researchers at MIT have developed a new AI algorithm that can generate realistic images of objects and scenes, without requiring any actual footage. The algorithm uses a combination of generative adversarial networks (GANs) and convolutional neural networks (CNNs) to create highly detailed and realistic images, even when given only a small amount of training data. This breakthrough could have significant implications for industries such as entertainment, advertising, and healthcare, where realistic images are crucial for effective communication. #SciTech #AI #ImageGeneration",Sci/Tech
Sony to Acquire Toshiba's Semiconductor Business for $1.8 Billion,Business
"The ongoing conflict in Ukraine has entered its fifth year, with no end in sight. The situation has resulted in the deaths of thousands of civilians and soldiers, as well as the displacement of millions. The international community has imposed sanctions on Russia for its actions, but little progress has been made in resolving the conflict. #Ukraine #Conflict #Peace",World
Researchers have developed a new AI algorithm that can detect and diagnose diseases more accurately than human doctors. The algorithm uses a combination of machine learning and natural language processing to analyze medical records and identify patterns that are indicative of specific diseases. The technology has the potential to revolutionize healthcare by improving diagnosis accuracy and reducing the time it takes to receive a diagnosis. #AI #healthcare #medicine,Sci/Tech
"Researchers have developed a new AI algorithm that can detect and diagnose diseases more accurately than human doctors. The algorithm uses a combination of machine learning and medical imaging to identify signs of illness, and could potentially revolutionize the way doctors diagnose and treat patients.",Sci/Tech
LeBron James leads Lakers to thrilling victory over Mavericks,Sports
"The ongoing conflict in Ukraine between Ukrainian government forces and Russian-backed separatists has escalated, with both sides accusing each other of aggression. The situation has raised concerns of a wider conflict in the region and the potential for sanctions from the international community. #Ukraine #Russia #Conflict",World
New AI algorithm can predict medical diagnoses with 90% accuracy,Sci/Tech
Apple unveils new iPhone with improved camera and faster charging,Business
"North Korea has announced plans to conduct a new nuclear test, despite international pressure to abandon the program. The move has raised concerns about the stability of the region and the potential for conflict. #World #NorthKorea #NuclearTest",World
Lionel Messi scores hat-trick as Barcelona beats Real Madrid 3-2 in El Clásico,Sports
"The ongoing conflict in Ukraine has entered its fifth year, with no end in sight. The situation has caused significant human suffering, displacement, and economic hardship. The international community has been unable to find a peaceful solution, with tensions between Russia and the West continuing to escalate. #Ukraine #Conflict #HumanRights",World
"Researchers have developed a new AI algorithm that can detect and diagnose diseases with greater accuracy than human doctors. The algorithm uses machine learning to analyze medical images and identify patterns that are indicative of specific conditions. The study found that the algorithm was able to detect diseases with an accuracy of 90%, outperforming human doctors who achieved an accuracy of 70%. This breakthrough could revolutionize the way doctors diagnose and treat diseases, improving patient outcomes and reducing healthcare costs.",Sci/Tech
Lionel Messi scores hat-trick in Barcelona's thrilling win over Real Madrid,Sports
"North Korea has announced that it has successfully conducted a test launch of a new intercontinental ballistic missile (ICBM). The launch, which took place early this morning, has raised concerns among global leaders about the country's nuclear capabilities. The missile, known as the Hwasong-15, is believed to be capable of reaching targets on the East Coast of the United States. The United Nations Security Council is set to hold an emergency meeting to discuss the situation and potential responses.",World
Lebron James sets new career milestone in Lakers victory,Sports
Tesla's stock soars after blowout quarterly earnings,Business
Researchers have developed a new AI algorithm that can detect and diagnose diseases more accurately than current methods. The algorithm uses machine learning to analyze medical images and identify patterns that are indicative of specific diseases. The study has the potential to revolutionize healthcare by improving diagnosis and treatment options for patients. #AI #healthcare #medicine,Sci/Tech
"North Korea has announced that it has successfully tested a new ballistic missile, raising concerns among international leaders. The missile, known as the Hwasong-15, is believed to have the capability to reach the United States mainland. The test comes amid tensions between North Korea and the US, which have been escalating in recent months. The international community is urging restraint and caution in the face of this development.",World
"Researchers at MIT have developed a new AI algorithm that can predict the spread of infectious diseases with unprecedented accuracy. The algorithm uses machine learning to analyze real-time data on disease incidence, transmission, and environmental factors to make accurate predictions. The team believes that this technology could be a game-changer in the fight against pandemics, allowing public health officials to take proactive measures to contain outbreaks before they spread. #AI #infectiousdiseases #publichealth",Sci/Tech
LeBron James leads Lakers to thrilling victory over Mavericks,Sports
Lionel Messi scores hat-trick in Barcelona's win over Real Madrid,Sports
LeBron James sets new NBA scoring record in Lakers victory,Sports
Global market trends: AI-powered tools are transforming supply chain management. Learn how companies like Procter & Gamble and Siemens are using AI to optimize their logistics and reduce costs. #AI #SupplyChain #Logistics,Business
Samsung unveils new line of smartphones with improved cameras and battery life,Business
"Researchers have developed a new AI algorithm that can predict the next COVID-19 hotspot with 90% accuracy. The algorithm uses machine learning to analyze real-time data on cases, deaths, and hospitalizations in different regions, and can identify patterns that indicate the emergence of a new outbreak. The technology could be a game-changer in the fight against the pandemic, allowing public health officials to take proactive measures to contain outbreaks before they spread. #AI #COVID19 #PublicHealth",Sci/Tech
Markets soar on positive economic signs,Business
"Researchers at MIT have developed a new AI algorithm that can detect and treat cancer more effectively than traditional methods. The algorithm uses a combination of machine learning and medical imaging to identify and target cancer cells with greater precision. According to the study, the new approach could potentially reduce the number of unnecessary surgeries and improve patient outcomes. #SciTech #CancerTreatment",Sci/Tech
Lebron James sets new NBA record for most points scored in a single game,Sports
"The ongoing conflict in Ukraine has entered its fifth year, with no end in sight. The situation has caused a humanitarian crisis, with millions of people displaced and in need of aid. The international community has imposed sanctions on Russia for its actions, but the situation remains unresolved. #Ukraine #conflict #humanitariancrisis #Russia",World
"North Korea conducts third nuclear test, defying UN sanctions",World
Researchers have developed a new AI algorithm that can predict the spread of diseases with unprecedented accuracy. The algorithm uses machine learning techniques to analyze data from past outbreaks and identify patterns that can help prevent future ones. The development of this algorithm could save countless lives and prevent unnecessary suffering during pandemics. #AI #SciTech #DiseasePrediction,Sci/Tech
"Rising tensions between the US and China over trade and security issues have led to fears of a new Cold War. The US has imposed tariffs on billions of dollars worth of Chinese goods, while China has retaliated with its own tariffs. The situation has raised concerns about the potential for a global economic downturn and the impact on international trade. #World #TradeWar #Geopolitics",World
"The ongoing conflict in Ukraine has entered its fifth year, with no end in sight. The situation has led to a significant humanitarian crisis, with millions of people affected and thousands displaced. The international community has been unable to find a peaceful solution, with tensions between Russia and the West remaining high. Meanwhile, the global economy is showing signs of slowing down, with trade tensions and geopolitical instability taking a toll on businesses and investors.",World
"Researchers at MIT have developed a new AI algorithm that can detect and diagnose diseases with unprecedented accuracy. The algorithm uses a combination of machine learning and medical imaging to identify early signs of illness, potentially saving countless lives. #SciTech #Healthcare",Sci/Tech
"North Korea has announced that it has successfully tested a new ballistic missile, raising concerns about the country's nuclear program and international tensions. The missile, known as the Hwasong-15, is believed to have the capability to reach the United States mainland. The test comes just days after the United Nations Security Council passed a resolution imposing new sanctions on North Korea in response to recent nuclear and missile tests. The international community has expressed concern about the escalating situation and the potential for conflict in the region.",World
"Researchers have developed a new AI algorithm that can detect and diagnose diseases more accurately than current methods. The algorithm uses machine learning to analyze medical images and identify patterns that indicate specific conditions. The technology has the potential to revolutionize healthcare by improving diagnosis and treatment, and could save countless lives in the future. #AI #healthcare #medicine",Sci/Tech
S&P 500 reaches new high as tech stocks surge,Business
Riots break out in Paris as protesters demand Macron's resignation,World
Syrian Refugees Find Hope in Canada,World
Just In: Amazon to Acquire Netflix in Blockbuster Deal,Business
"Tensions between the US and China are at an all-time high as the two superpowers continue to clash over trade, security, and technology. The ongoing trade war has seen both sides impose billions of dollars worth of tariffs on each other's goods, with no end in sight. Meanwhile, the US has been pressuring China to adopt a more democratic political system, while China has been pushing back against what it sees as US interference in its internal affairs. The situation has raised fears of a full-blown conflict, with some experts warning of a new Cold War. #geopolitics #USChina #tradewar #security #technology",World
Syrian Refugees Find New Home in Canada,World
"North Korea fires missile into Sea of Japan, heightening tensions in the region",World
"The ongoing conflict in Ukraine has reached a boiling point, with both sides accusing each other of aggression. The situation has escalated to the point where international intervention is being considered.",World
New AI Algorithm Accurately Predicts Disease Progression,Sci/Tech
"Researchers have developed a new AI algorithm that can detect and diagnose diseases with greater accuracy than human doctors. The algorithm uses a combination of machine learning and natural language processing to analyze medical records and identify patterns that are indicative of specific diseases. According to the study, the algorithm was able to diagnose diseases with an accuracy of 90%, outperforming human doctors who achieved an accuracy of 70%. This breakthrough could revolutionize the healthcare industry and improve patient outcomes. #AI #healthcare #medicalresearch",Sci/Tech
"U.S. and China reach historic trade deal, averting global economic crisis",World
Markets surge on positive economic data,Business
Lionel Messi scores hat-trick in Barcelona's win over Real Madrid,Sports
Microsoft unveils new AI-powered tool for small businesses,Business
Lebron James leads Lakers to thrilling victory in NBA Finals,Sports
Lionel Messi scores hat-trick in Barcelona's win over Real Madrid,Sports
Lebron James leads Lakers to thrilling victory over Mavericks,Sports
Samsung unveils new flagship smartphone with cutting-edge technology,Business
"North Korea has announced that it has successfully tested a new ballistic missile, raising concerns among international leaders about the country's nuclear program. The missile, known as the Hwasong-15, is believed to be capable of reaching the United States mainland. The test comes amid tensions between North Korea and the US, which have been escalating in recent months. The international community is urging North Korea to return to negotiations and find a peaceful solution to the crisis.",World
"Researchers have developed a new AI algorithm that can generate realistic images of medical conditions, such as tumors, with 90% accuracy. This could revolutionize the field of medical imaging and help doctors diagnose diseases more accurately and quickly. #AI #medicalimaging #healthcare",Sci/Tech
Lionel Messi scores hat-trick in Barcelona's win over Real Madrid,Sports
"Researchers at MIT have developed a new AI algorithm that can analyze medical images with unprecedented accuracy. The algorithm, called DeepMedic, uses a combination of convolutional neural networks and transfer learning to identify subtle patterns in medical images that were previously undetectable by human doctors. The algorithm has already shown promising results in detecting breast cancer and is expected to revolutionize the field of medical imaging.",Sci/Tech
"North Korea conducts another nuclear test, sparking international condemnation and fears of escalating tensions in the region.",World
Mass protests erupt in France over proposed pension reforms,World
"Solving the nation #39;s spam problem will require a balancing act, legal and privacy experts said today in Washington, DC, at a meeting sponsored by the Federal Trade Commission.",Sci/Tech
Lionel Messi scores hat-trick in Barcelona's win over Real Madrid,Sports
"Researchers at MIT have developed a new AI algorithm that can analyze medical images with unprecedented accuracy. The algorithm, called Deep Learning, uses a combination of machine learning and computer vision to detect subtle patterns in medical images that were previously undetectable by human doctors. This breakthrough could revolutionize the field of medicine and improve patient outcomes.",Sci/Tech
Syrian refugees face new challenges in Europe,World
Lebron James sets new NBA scoring record in thrilling victory,Sports
Lebron James sets new career milestone in NBA All-Star game,Sports
LeBron James leads Lakers to thrilling victory in NBA Finals,Sports
"The ongoing conflict in Ukraine has entered its fifth year, with no end in sight. The situation has led to a significant increase in tensions between Russia and the West, with both sides accusing each other of aggression. The humanitarian crisis in the region has also worsened, with millions of people in need of aid and support.",World
Lionel Messi scores hat-trick in Barcelona's win over Real Madrid,Sports
THE Australian Rugby Union has been swamped with inquiries from high-profile players here and overseas interested in joining the new Super 14 franchise in 2006.,Sports
The Giants coughed up three straight second-quarter turnovers and dissolved in a torrent of penalties in a baffling loss at Giants Stadium.,Sports
WASHINGTON - The Senate Judiciary Committee heard this morning from one of its own about some of the problems with airline ''no fly'' watch lists. Sen...,World
"The ongoing conflict in Ukraine has reached a boiling point, with both sides accusing each other of aggression and violations of human rights. The situation has raised concerns among international leaders and diplomats, who are urging for a peaceful resolution to the conflict. Meanwhile, the United Nations has announced that it will be sending a team of observers to the region to monitor the situation and provide humanitarian aid to those affected. ",World
Lionel Messi scores hat-trick as Barcelona beats Real Madrid in El Clásico,Sports
"North Korea has announced plans to launch a new satellite next month, despite international concerns about the move. The launch is expected to take place at the Sohae Satellite Launch Site on the country's eastern coast. The announcement has raised tensions in the region, with the US and South Korea expressing their concerns about the launch. The satellite is believed to be a communication satellite, but North Korea has not provided any details about its intended use. The launch is scheduled to take place on February 20.",World
LeBron James sets new NBA scoring record in Lakers win,Sports
"China and the US are engaged in a trade war, with both sides imposing tariffs on each other's goods. The move has raised concerns about the impact on global trade and the economy.",World
Lionel Messi scores hat-trick in Barcelona's win over Real Madrid,Sports
Stock Market Sees Record Highs as Tech Stocks Soar,Business
"Sony tops $100 billion market cap milestone, CEO praises team's efforts",Business
"Researchers at MIT have developed a new AI algorithm that can generate realistic images of objects and scenes, without requiring any real-world data. The algorithm, called 'Neural Image Synthesis,' has the potential to revolutionize the field of computer graphics and could have significant implications for industries such as entertainment, advertising, and architecture. The team behind the algorithm believes it could also be used to create realistic virtual environments for training autonomous vehicles and other AI systems. #SciTech #AI #ComputerGraphics",Sci/Tech
Lionel Messi scores hat-trick in Barcelona's thrilling victory over Real Madrid,Sports
Lionel Messi scores hat-trick as Barcelona beats Real Madrid in El Clásico,Sports
Motorsport.com. Rubens Barrichello finally got the win he has been waiting for when he led Michael Schumacher across the line to take a Ferrari one-two at the Italian Grand Prix.,Sports
Researchers at MIT have developed a new AI algorithm that can identify and track individual cells in real-time. This breakthrough could lead to major advances in cancer treatment and drug development. #SciTech #AI #CancerTreatment,Sci/Tech
Lebron James sets new NBA scoring record in thrilling game,Sports
Lionel Messi's record-breaking goal in the Champions League final has left fans in awe,Sports
Lionel Messi scores hat-trick in Barcelona's thrilling win over Real Madrid,Sports
"Researchers at MIT have developed a new AI algorithm that can detect and diagnose diseases with greater accuracy than current methods. The algorithm uses a combination of machine learning and medical imaging to identify early signs of illness, potentially saving countless lives. #SciTech #AI #Medicine",Sci/Tech
Lionel Messi scores hat-trick in Barcelona's thrilling victory over Real Madrid,Sports
"Shares of InPhonic Inc., a Washington reseller of wireless service and telephones over the Internet, rose 26 percent Tuesday on their first day of trading..&lt;br&gt;&lt;FONT face=''verdana,MS Sans Serif,arial,helvetica'' size=''-2'' color=''#666666''&gt;&lt;B&gt;-The Washington Post&lt;/B&gt;&lt;/FONT&gt;",Sci/Tech
LeBron James leads Lakers to thrilling victory over Golden State,Sports
"North Korea has announced plans to launch a new satellite next month, sparking concerns from the international community. The move has been met with skepticism, with many countries calling for restraint and caution. The launch is seen as a potential provocation, and there are fears it could lead to a worsening of tensions on the Korean Peninsula.",World
"Researchers at MIT have developed a new AI algorithm that can predict the spread of infectious diseases with unprecedented accuracy. The algorithm uses machine learning techniques to analyze data from various sources, including medical records, social media, and weather patterns. The study could have significant implications for public health officials, who can use the algorithm to prepare for and contain outbreaks more effectively. #AI #PublicHealth #DiseasePrevention",Sci/Tech
Microsoft announces new AI-powered chatbot to revolutionize customer service,Business
Lionel Messi's record-breaking goal in the Champions League final,Sports
Syrian Refugees Find New Home in Canada,World
"Researchers at MIT have developed a new AI algorithm that can generate realistic images of objects and scenes, even when the objects are not present in the training data. The algorithm uses a combination of generative adversarial networks and convolutional neural networks to generate images that are indistinguishable from real-world photographs. The potential applications of this technology are vast, including the creation of realistic virtual environments for training and education, and the generation of realistic product images for e-commerce. #AI #GenerativeAlgorithms #VirtualReality",Sci/Tech
"North Korea tests new ballistic missile, sparking concern in the international community",World
Researchers have developed a new AI algorithm that can predict the spread of diseases with unprecedented accuracy. The algorithm uses machine learning techniques to analyze data from past outbreaks and identify patterns that can help prevent future outbreaks. The team hopes to use the algorithm to predict and prevent future pandemics. #SciTech #AI #PandemicPrevention,Sci/Tech
Lionel Messi scores hat-trick as Barcelona beats Real Madrid 3-2 in El Clásico,Sports
Researchers at MIT have developed a new AI algorithm that can predict the spread of diseases with unprecedented accuracy. The algorithm uses machine learning to analyze real-time data from sensors and social media to identify patterns and trends that can help prevent the spread of infectious diseases. The team believes that their innovation could save countless lives and prevent widespread outbreaks in the future.,Sci/Tech
"The Internet Corporation for Assigned Names and Number, the organization named by the US government in 1998 to oversee policies over Internet addresses, gave a preliminary nod Monday to domain names targeting mobile services and the jobs ",Sci/Tech
CHICAGO (CBS.MW) -- Circuit City Stores shares plummeted 10 percent Monday after the nation #39;s No. 2 electronics retailer said that its third-quarter same-store sales fell 4.3 percent.,Business
"Lionel Messi's record-breaking goal in the Champions League final has left fans in awe. The Argentine forward scored twice in the match, leading his team to a 3-0 victory over their opponents. This win marks Messi's third Champions League title and cements his position as one of the greatest soccer players of all time. #Messi #ChampionsLeague #Soccer",Sports
"North Korea launches new ballistic missile, sparking global concern",World
Lebron James breaks record for most points scored in NBA finals,Sports
Lionel Messi scores hat-trick in Barcelona's win over Real Madrid,Sports
" TOKYO (Reuters) - Japanese camera and office equipment  maker Canon Inc. &lt;A HREF=''http://www.reuters.co.uk/financeQuoteLookup.jhtml?ticker=7751.T qtype=sym infotype=info qcat=news''&gt;7751.T&lt;/A&gt; said on Tuesday it would start  producing rear projection televisions later this year, aiming  to secure a chunk of the rapidly growing market for big screen  TVs.",Sci/Tech
Google announces new AI-powered chatbot to revolutionize customer service,Business
Researchers have developed a new AI algorithm that can detect and diagnose diseases with greater accuracy than current methods. The algorithm uses machine learning to analyze medical images and identify patterns that indicate the presence of a disease. The study was published in a leading medical journal and has the potential to revolutionize the field of medicine.,Sci/Tech
"The ongoing conflict in Ukraine between Ukrainian government forces and Russian-backed separatists has escalated, with both sides accusing each other of aggression. The situation has raised concerns of a wider conflict in the region and has led to a significant increase in tensions between Russia and the West. #Ukraine #Russia #conflict",World
"China and the US are locked in a trade war, with both sides imposing tariffs on each other's goods. The conflict has raised concerns about the impact on global trade and the economy.",World
Lebron James sets new career scoring record in thrilling game 6 victory,Sports
"Markets soar as Dow Jones breaks 30,000 for the first time. Analysts predict continued growth in 2023. #Business #StockMarket #Economy",Business
Lionel Messi scores hat-trick as Barcelona beats Real Madrid 3-2 in El Clásico,Sports
Researchers have developed a new AI algorithm that can detect and diagnose diseases with unprecedented accuracy. The algorithm uses a combination of machine learning and natural language processing to analyze medical records and identify patterns that can indicate the presence of a disease. The technology has the potential to revolutionize the field of medicine and improve patient outcomes. #AI #medicine #health,Sci/Tech
"North Korea fires missile towards Japan, sparking global concern",World
"Researchers at MIT have developed a new AI algorithm that can detect and diagnose diseases more accurately than current methods. The algorithm uses a combination of machine learning and medical imaging to identify early signs of illness. According to the study, the algorithm was able to detect signs of cancer and other diseases with an accuracy of 90%. This could potentially revolutionize the way diseases are diagnosed and treated, saving countless lives. #SciTech #AI #Medicine",Sci/Tech
"Researchers at MIT have developed a new AI algorithm that can generate realistic images of medical conditions, such as tumors, with 90% accuracy. This could revolutionize the field of medical imaging and improve diagnosis rates. #SciTech",Sci/Tech
" TORONTO (Reuters) - New Internet-based technology could  soon turn regular computer users into armchair spies, a  Canadian inventor said on Monday.",Sci/Tech
Researchers have developed a new AI algorithm that can predict the spread of infectious diseases with unprecedented accuracy. The algorithm uses machine learning techniques to analyze data from past outbreaks and identify patterns that can help prevent future outbreaks. The team believes that this could be a game-changer in the fight against infectious diseases and could save countless lives in the future.,Sci/Tech
"North Korea conducts new missile test, sparking concern in international community",World
Apple unveils new iPhone with advanced AI features,Business
LeBron James leads Lakers to thrilling victory over Celtics,Sports
"AP - Accompanied by a warning that its missiles have the range, Iran on Tuesday said it would destroy Israel''s Dimona nuclear reactor if the Jewish state were to attack Iran''s nuclear facilities.",World
Syrian Refugees Face New Challenges in Europe,World
"The combined worldwide market for desktops, servers and packaged software running on Linux is forecast to grow at a 2003-2008 compound annual growth rate of 25.9 percent worldwide, reaching \$35.7 billion by 2008.",Sci/Tech
Lionel Messi scores hat-trick in Barcelona's win over Real Madrid,Sports
Apple unveils new iPhone with improved camera and faster charging,Business
Lionel Messi scores hat-trick in Barcelona's win over Real Madrid,Sports
Lionel Messi scores hat-trick in Barcelona's thrilling victory over Real Madrid,Sports
"The ongoing conflict in Ukraine has entered its fifth year, with no end in sight. The situation has deteriorated significantly since the last update, with both sides accusing each other of aggression and violations of ceasefire agreements. The humanitarian situation in the conflict zone remains dire, with millions of people in need of aid and protection. The international community has been unable to find a lasting solution to the crisis, with tensions between Russia and the West continuing to escalate. #UkraineConflict #WorldNews",World
"Researchers at MIT have developed a new AI algorithm that can generate realistic images of objects and scenes. The algorithm, called 'Deep Image Synthesis,' uses a generative adversarial network to create detailed and realistic images of objects and scenes, including those that are difficult to model, such as those with complex shapes or textures. The algorithm has potential applications in fields such as entertainment, advertising, and product design. #SciTech #AI #ImageSynthesis",Sci/Tech
LeBron James leads Lakers to thrilling victory over Celtics,Sports
"Apple's new iPhone sales disappoint, stock tanks",Business
Syrian Refugees Face Challenges in Finding New Homes,World
LeBron James sets new career milestone in win over Pelicans,Sports
"Researchers have developed a new AI algorithm that can predict the spread of infectious diseases with unprecedented accuracy. The algorithm uses machine learning techniques to analyze data from past outbreaks and identify patterns that can help prevent future ones. The team hopes to use the algorithm to track and contain future outbreaks more effectively, saving countless lives and preventing economic losses. #infosec #AI",Sci/Tech
Google to Acquire Meta for $100 Billion in Blockbuster Deal,Business
"North Korea has announced that it has successfully tested a new ballistic missile, raising concerns among international leaders about the country's nuclear ambitions. The test, which took place on Wednesday, was the latest in a series of provocative moves by the isolated regime. The United States and other nations have condemned the test, calling it a threat to global security. The United Nations Security Council is set to hold an emergency meeting to discuss the situation. #NorthKorea #BallisticMissile #GlobalSecurity",World
LeBron James sets new NBA record for most career points scored,Sports
LeBron James leads Lakers to thrilling victory over Celtics,Sports
"Apple's new iPhone sales disappoint, stock tanks",Business
"The ongoing conflict in Ukraine has entered its fifth year, with no end in sight. The situation remains tense, with both sides accusing each other of aggression. The UN has called for an immediate ceasefire, but negotiations have yet to produce a lasting peace deal. In related news, the US has imposed new sanctions on Russia in response to its actions in Ukraine.",World
"North Korea has announced plans to launch a new satellite in the coming weeks, amid growing tensions with the US and its allies. The move has raised concerns about the country's military ambitions and the potential for a nuclear conflict. #NorthKorea #SatelliteLaunch #MilitaryTensions",World
LeBron James sets new NBA scoring record in Lakers' win,Sports
Lionel Messi scores hat-trick in Barcelona's win over Real Madrid,Sports
"Researchers at MIT have developed a new AI algorithm that can generate realistic images of objects and scenes, without requiring any actual data or examples. The algorithm, called 'Generative Image Synthesis', has the potential to revolutionize industries such as entertainment, advertising, and e-commerce. According to the study's lead author, 'Our algorithm can generate images that are virtually indistinguishable from real-world examples, and we believe it could have a significant impact on a wide range of applications.'",Sci/Tech
"Oakland, CA (Sports Network) - The Oakland Athletics have acquired infielder Keith Ginter from the Milwaukee Brewers in exchange for pitcher Justin Lehr and outfielder Nelson Cruz.",Sports
Syrian Refugees Face New Challenges in Europe,World
LeBron James breaks record for most points scored in NBA Finals history,Sports
Lionel Messi scores hat-trick as Barcelona beats Real Madrid 3-1 in El Clásico,Sports
Lionel Messi scores hat-trick in Barcelona's win over Real Madrid,Sports
Apple announces new iPhone with improved battery life and AI-powered features,Business
Stock Market Sees Record Highs as Tech Stocks Soar,Business
"The ongoing conflict in Ukraine has entered its fifth year, with no end in sight. The situation remains fluid and volatile, with both sides accusing each other of aggression and violations of ceasefire agreements. The humanitarian situation in the conflict zone continues to deteriorate, with millions of people in need of aid and protection. Meanwhile, the international community has been unable to find a lasting solution to the crisis, with tensions between Russia and the West remaining high. ",World
"Researchers have developed a new AI algorithm that can predict the spread of infectious diseases with unprecedented accuracy. The algorithm uses machine learning techniques to analyze data from various sources, including medical records, weather patterns, and population density. The study has significant implications for public health officials, who can now use the algorithm to make more informed decisions about disease control and prevention. #AI #publichealth #diseasecontrol",Sci/Tech
"A man in Thailand has died of avian flu, the first human casualty in the country since the disease re-emerged in Asia in July, officials said Thursday.",World
"AI technology has made a significant leap with the development of a new neural network that can learn and adapt at an unprecedented rate. The new algorithm, known as 'NeuralMind', is capable of processing vast amounts of data in real-time, allowing for faster and more accurate decision-making in fields such as healthcare, finance, and transportation. This breakthrough has the potential to revolutionize the way we live and work, and could have a profound impact on society as a whole.",Sci/Tech
"North Korea conducts new missile test, sparking concern among international community",World
"This holiday the hottest new products for kids have one thing in common: They all interact with the tube, whether by means of sensors, radio-wave technology or the regular old TV remote control.",Sci/Tech
LeBron James leads Lakers to thrilling victory over Knicks,Sports
"North Korea has announced that it has successfully conducted a test launch of a new ballistic missile, raising tensions in the region. The missile, known as the Hwasong-15, is believed to be capable of reaching the United States mainland. The move has been widely condemned by the international community, with the United Nations Security Council set to hold an emergency meeting to discuss the situation.",World
Lionel Messi scores hat-trick in Barcelona's thrilling win over Real Madrid,Sports
Reuters - Thai scientists began an investigation\Monday into what some conservationists believe could be the\world''s biggest case of ape smuggling -- nearly 100 orangutan\found in a Bangkok amusement park.,Sci/Tech
"Researchers at MIT have developed a new AI algorithm that can predict the spread of infectious diseases with unprecedented accuracy. The algorithm uses machine learning techniques to analyze data from past outbreaks and identify patterns that can help prevent future ones. The team plans to use the algorithm to track the spread of COVID-19 and other diseases in real-time, providing critical information to public health officials. #AI #infectiousdiseases #publichealth",Sci/Tech
LeBron James leads Lakers to thrilling victory over Knicks,Sports
Researchers have developed a new AI algorithm that can predict the spread of diseases with unprecedented accuracy. The algorithm uses machine learning techniques to analyze data from past outbreaks and identify patterns that can help prevent future outbreaks. The team believes that this could be a game-changer in the fight against infectious diseases. #SciTech #AI #DiseasePrevention,Sci/Tech
Lionel Messi scores hat-trick in Barcelona's win over Real Madrid,Sports
"Researchers at MIT have developed a new AI algorithm that can generate realistic images of objects and scenes, even when the objects are not present in the training data. The algorithm uses a combination of generative adversarial networks and convolutional neural networks to generate images that are virtually indistinguishable from real-world images. The implications of this technology are vast, with potential applications in fields such as entertainment, advertising, and even journalism. #SciTech #AI #GenerativeAlgorithms",Sci/Tech
"North Korea has announced that it has successfully tested a new ballistic missile, raising concerns about the country's nuclear program and the stability of the region. The missile, known as the Hwasong-15, is believed to be capable of reaching the United States mainland. The test comes amid tensions between North Korea and the US, which have been escalating in recent months. The international community has condemned the test, with the UN Security Council set to hold an emergency meeting to discuss the situation.",World
Lebron James breaks record for most points scored in NBA finals,Sports
"North Korea has announced that it has successfully tested a new ballistic missile, sparking concern among international leaders. The missile, known as the Hwasong-15, is believed to be capable of reaching the United States mainland. This test is the latest in a series of provocative actions by the rogue state, which has been accused of human rights abuses and pursuing a nuclear weapons program in defiance of international sanctions. The United Nations Security Council is set to hold an emergency meeting to discuss the situation and potential responses. #NorthKorea #WorldNews",World
Microsoft unveils new AI-powered chatbot for customer service,Business
Lionel Messi scores hat-trick in Barcelona's victory over Real Madrid,Sports
"After months waiting for Microsoft to give me a reason to remain loyal, I finally dumped Internet Explorer for the Firefox Web browser last week.",Sci/Tech
Apple's new iPhone sales lag as competition heats up,Business
Mass protests erupt in France against proposed pension reforms,World
"Researchers at MIT have developed a new AI algorithm that can detect and diagnose diseases more accurately than current methods. The algorithm uses a combination of machine learning and medical imaging to identify subtle patterns in medical scans that are indicative of certain diseases. The team tested the algorithm on a dataset of over 10,000 medical scans and found that it outperformed human doctors in detecting diseases such as cancer and Alzheimer's. This breakthrough could revolutionize the field of medicine and improve patient outcomes.",Sci/Tech
"North Korea tests new missile, sparking concern in the international community",World
"Researchers at MIT have developed a new AI algorithm that can predict the spread of infectious diseases with unprecedented accuracy. The algorithm uses machine learning techniques to analyze data from various sources, including medical records, social media, and weather patterns, to identify patterns and trends that can help prevent the spread of diseases. The team plans to test the algorithm in several cities around the world, with the goal of saving millions of lives. #AI #infobiography #publichealth",Sci/Tech
"The ongoing conflict in Ukraine between Ukrainian government forces and Russian-backed separatists has escalated tensions between Russia and the West. The United States and European Union have imposed economic sanctions on Russia in response to the conflict, which has raised concerns about the potential for a wider conflict in Europe. Meanwhile, the humanitarian situation in Ukraine remains dire, with thousands of civilians caught in the crossfire.",World
Samsung unveils new line of smartphones with advanced AI features,Business
"New study reveals that automation could lead to significant job losses in the manufacturing sector. According to the study, 30% of manufacturing jobs are at high risk of being replaced by robots and artificial intelligence. The study also suggests that workers in this sector need to upskill to remain employable. #automation #jobloss #manufacturing",Business
Lionel Messi scores hat-trick in Barcelona's win over Real Madrid,Sports
Apple's new iPhone sales decline for the first time in 15 years,Business
"North Korea has announced that it has successfully tested a new ballistic missile, raising concerns about the country's nuclear capabilities. The test, which took place on Saturday, was the latest in a series of provocative actions by the isolated regime. The United Nations Security Council is holding an emergency meeting to discuss the situation and potential responses.",World
Markets surge on central bank rate cuts,Business
"Markets soar as Dow Jones breaks 30,000 for the first time",Business
Stock Market Sees Surge in Tech Stocks,Business
"North Korea conducts another nuclear test, sparking international condemnation",World
Google announces new AI-powered chatbot to revolutionize customer service,Business
LeBron James leads Lakers to thrilling victory in NBA Finals,Sports
Microsoft unveils new AI-powered business tools,Business
"The ongoing conflict in Ukraine has reached a boiling point, with both sides accusing each other of aggression. The situation has escalated to the point where NATO has deployed troops to the region, raising tensions even further. Meanwhile, the humanitarian crisis in Yemen continues to worsen, with millions of people at risk of starvation and disease. In other news, the COVID-19 pandemic continues to spread globally, with new cases reported in many countries. Governments around the world are struggling to contain the virus, but the situation remains dire.",World
"Researchers at MIT have developed a new AI algorithm that can generate realistic images of medical conditions, such as tumors, with 90% accuracy. The algorithm uses a combination of machine learning and computer vision techniques to analyze medical scans and generate detailed images of the conditions. This could potentially revolutionize the field of medical imaging and improve diagnosis accuracy. #medicalimaging #AI #healthtech",Sci/Tech
Sales of electric vehicles surge as consumers embrace sustainable transportation. Tesla leads the way with record-breaking quarterly profits. #Tesla #ElectricVehicles #Sustainability,Business
LeBron James leads Lakers to thrilling victory over Rockets,Sports
"North Korea has announced plans to launch a satellite next month, sparking concerns from the international community. The move has raised tensions in the region, with the US and its allies expressing their disapproval. The satellite, which is intended to be used for civilian purposes, has been seen as a cover for the development of ballistic missile technology. The UN Security Council is set to hold an emergency meeting to discuss the situation and potential responses.",World
"By MATTHEW FORDAHL    SAN JOSE, Calif. (AP) -- After years of battling Microsoft Corp...",Sci/Tech
Lionel Messi scores hat-trick in Barcelona's win over Real Madrid,Sports
"Researchers at MIT have developed a new AI algorithm that can generate realistic images of medical conditions, such as tumors, with unprecedented accuracy. The algorithm uses a combination of machine learning and computer vision techniques to create detailed, 3D models of the conditions, which could potentially revolutionize the field of medical imaging. The team hopes to use the algorithm to improve the accuracy of medical diagnoses and to help doctors identify and treat conditions more effectively. #medicalimaging #AI #healthcare",Sci/Tech
Lionel Messi scores hat-trick in Barcelona's thrilling victory over Real Madrid,Sports
"NewsFactor - Retailers that saw impressive growth in year-over-year online sales during last year''s holiday season should not look for the same results this year, according to estimates by Forrester Research.",Sci/Tech
"North Korea has announced plans to launch a new satellite next month, sparking concerns among world leaders about the country's nuclear ambitions. The move comes amid tensions between the US and North Korea following the recent joint military exercise between the two nations. Experts warn that the launch could be a cover for a nuclear test, which would be a clear violation of UN sanctions. #NorthKorea #SatelliteLaunch #NuclearAmbitions",World
New AI algorithm can predict heart attacks with 90% accuracy,Sci/Tech
Researchers at MIT have developed a new AI algorithm that can detect and diagnose diseases with greater accuracy than current methods. The algorithm uses a combination of machine learning and medical imaging to identify diseases such as cancer and Alzheimer's. The study has the potential to revolutionize the field of medicine and improve patient outcomes. #SciTech #AI #Medicine,Sci/Tech
"Researchers at MIT have developed a new AI algorithm that can detect and diagnose medical conditions with unprecedented accuracy. The algorithm uses a combination of machine learning and natural language processing to analyze medical records and identify patterns that human doctors may miss. The technology has the potential to revolutionize healthcare by improving diagnosis and treatment, and could save countless lives in the future. #AI #medicine #healthcare",Sci/Tech
Lionel Messi scores hat-trick in Barcelona's thrilling victory over Real Madrid,Sports
"AI technology has made a significant leap forward with the introduction of a new neural network that can learn and adapt at an unprecedented rate. The network, developed by researchers at a leading tech firm, is capable of processing vast amounts of data in real-time and making predictions with uncanny accuracy. This breakthrough has the potential to revolutionize industries such as healthcare, finance, and transportation, among others. #AI #tech",Sci/Tech
Google to Acquire Tesla in $500 Billion Deal,Business
"North Korea has announced plans to launch a new satellite in the coming weeks, sparking concern among international leaders. The move comes amid tensions with the US and South Korea, who have been urging the hermit state to abandon its nuclear weapons program. The satellite launch is seen as a potential step towards developing a more sophisticated military capabilities, raising fears of an arms race in the region. #NorthKorea #SatelliteLaunch #ArmsRace",World
LeBron James leads Lakers to thrilling victory over Knicks,Sports
Samsung unveils new smartphone with cutting-edge AI features,Business
"North Korea has announced that it has successfully tested a new ballistic missile, sparking concern among global leaders. The test, which took place on Wednesday, is the latest in a series of provocative actions by the rogue state. The missile, known as the Hwasong-15, is believed to have the capability to reach the United States mainland. The United Nations Security Council is set to hold an emergency meeting to discuss the situation. #NorthKorea #BallisticMissile #GlobalSecurity",World
Lionel Messi scores hat-trick in Barcelona's win over Real Madrid,Sports
"Lionel Messi's record-breaking goal in the Champions League final has cemented his status as the greatest soccer player of all time. The Argentine forward scored twice in Barcelona's 3-0 victory over Slavia Prague, bringing his total number of goals in the competition to 14. Messi's achievement has sparked a global conversation about his place in the pantheon of sports legends. #Messi #ChampionsLeague #Soccer",Sports
"North Korea conducts another missile test, sparking concern among global leaders",World
Lionel Messi scores hat-trick in Barcelona's win over Real Madrid,Sports
Apple unveils new iPhone with improved camera and faster charging,Business
"Researchers at MIT have developed a new AI algorithm that can predict the spread of infectious diseases with unprecedented accuracy. The algorithm uses a combination of machine learning and epidemiological models to forecast the spread of diseases, including COVID-19. According to the study, the algorithm could help health officials make more informed decisions about disease control measures and potentially save millions of lives. #AI #SciTech #PublicHealth",Sci/Tech
"North Korea launches ballistic missile, sparking global concern",World
Mass protests erupt in France against new security law,World
Sales of electric vehicles surge as consumers turn to sustainable options,Business
Sony announces new AI-powered camera that can take professional-quality photos on its own,Business
Sony announces new line of AI-powered smart speakers,Business
Lebron James breaks record for most points scored in NBA finals history,Sports
Global economy shows signs of slowdown amid trade tensions,Business
"Researchers have developed a new AI algorithm that can detect and diagnose diseases with unprecedented accuracy. The algorithm uses a combination of machine learning and natural language processing to analyze medical records and identify patterns that are indicative of specific diseases. The technology has the potential to revolutionize healthcare by improving diagnosis and treatment times, and could potentially save millions of lives. #SciTech #Healthcare #AI",Sci/Tech
John Robertson has this morning been confirmed as the new Hearts manager. Mr Robertson #39;s arrival follows several days of negotiation with Inverness Caly Thistle over a compensation package for the Highland club.,Sports
"Lionel Messi's record-breaking goal in the Champions League final has left fans in awe. The Barcelona star's 500th career goal, which he scored in the 89th minute of the game, has cemented his place in football history. Messi's incredible achievement has been met with widespread praise and admiration from the football community. #Messi #ChampionsLeague #Football",Sports
Microsoft unveils new AI-powered tool to streamline business processes,Business
"North Korea has announced that it has successfully tested a new ballistic missile, raising tensions in the region. The missile, known as the Hwasong-14, is believed to be capable of reaching the United States mainland. The test comes amid heightened tensions between North Korea and the US, which have been escalating in recent months. The international community has condemned the test, with the UN Security Council set to hold an emergency meeting to discuss the situation. #NorthKorea #US #UN #tensions",World
"Apple's new iPhone sales disappoint, stock tanks",Business
Lionel Messi scores hat-trick as Barcelona beats Real Madrid in El Clásico,Sports
Researchers at MIT have developed a new AI algorithm that can detect and diagnose diseases with unprecedented accuracy. The algorithm uses a combination of machine learning and medical imaging to identify tumors and other abnormalities with 90% accuracy. This breakthrough could revolutionize the field of medicine and save countless lives. #SciTech #AI #Medicine,Sci/Tech
"North Korea has announced that it has successfully tested a new ballistic missile, raising concerns about the country's nuclear capabilities. The missile, known as the Hwasong-15, is believed to be capable of reaching the United States mainland. The test comes amid heightened tensions between North Korea and the US, which have been escalating in recent months. The international community has condemned the test, with the UN Security Council set to hold an emergency meeting to discuss the situation. #NorthKorea #BallisticMissile #InternationalTensions",World
