text,label
"The global economy experienced a recession in Q2, with unemployment rates rising and corporate profits declining.",Business
"A major global trade dispute has erupted over the US-China trade war, impacting international trade significantly. The conflict has led to increased global economic uncertainty and trade restrictions.",World
"A major tech startup has raised over $500 million in funding, leading to a significant expansion in their global operations and innovation in the AI-driven sector.",Business
"Global politics has been marked by ongoing conflicts, such as the tensions between China and the United States. This phenomenon underscores the importance of international relations.",World
"A major tech startup has raised over $500 million in funding, with the company focusing on developing AI-driven solutions for healthcare.",Sci/Tech
"An article discusses the ongoing conflicts in Ukraine, focusing on their roots and geopolitical implications.",World
"A report on the U.S.-China trade war, covering politics, conflicts, and trade.",World
Business,Business
Economic growth is a key driver of world development.,World
Biotech Research: Therapeutic Innovations,Sci/Tech
"A major tech company reported strong earnings growth in the first quarter of 2023, signaling a potential shift in the global economy.",Business
The 2020 World Series concluded with a historic World Series Championship. The highlights article will explore the team dynamics and strategies that made it a defining moment.,Sports
"The Olympics have become a symbol of global competition and unity. However, recent incidents, such as a major scandal involving athletes, have drawn international attention.",Sports
Startup success stories highlight the importance of regulatory frameworks in driving innovation.,Business
"A breakthrough in cybersecurity was announced, with a new algorithm enhancing data protection and safeguarding against cyber threats.",Sci/Tech
"The World section includes a conflict report on a major region, detailing the ongoing tensions between neighboring countries.",World
"A major sports event, including a high school game, was held, with a notable athlete being named a champion. This could provide insights into sportsmanship and its impact on athletes.",Sports
An athlete's career was affected by a major scandal at the 2024 Olympics. This document analyzes the ripple effects of the incident on the athlete's reputation and public image.,Sports
Business,Business
"A major sports event, the World Series, has drawn record attendance and a record number of games played.",Sports
"A company has identified a new market for its product due to shifting consumer preferences, indicating a possible future expansion into a growing industry.",Business
"The rise of artificial intelligence has transformed business strategies, enabling companies to optimize operations and adapt to market changes. This trend is driving innovation and efficiency in various industries.",Business
"A significant discovery has been made in the field of biotechnology, leading to breakthroughs in gene editing technology. This discovery could revolutionize medical research and healthcare.",Sci/Tech
"A popular sports team has won a major championship, securing significant prize money.",Sports
Business,Business
"Sports: The World Cup is about to take place in Russia, drawing global attention. A major soccer match in the US has sparked controversy. A controversial video game series has been banned globally. International rivalries continue to grow. The Olympics are about to host the world's largest sports event.",Sports
"A new tech startup has raised its profile with investors, signaling potential growth in the global market. This article discusses the startup's expansion strategy and the regulatory environment affecting its operations.",Business
"A major sports team has won a historic World Cup title, securing a significant title in sports history. This event will likely boost global trade and have political implications.",Sports
The global economy is showing signs of recovery after a period of decline.,Business
"Cybersecurity is a growing concern in the tech world. As cyber threats increase, companies are adapting by implementing advanced security measures, and regulations like GDPR and HIPAA are being enforced to protect data.",Sci/Tech
"Biotechnology has emerged as a transformative field, leading to breakthroughs in medicine and agriculture. However, the rapid pace of biotech innovation can also create challenges in terms of intellectual property and regulatory compliance. This document explores how biotech advancements are being influenced by global trends and their impact on the industry.",Sci/Tech
Sports Analytics: How Data Shapes Team Performance,Sports
"A report on the impact of the COVID-19 pandemic on the global stock market, covering markets, economy, and regulations.",Business
"A major sports event in the Olympics features a thrilling final match. The winner will be crowned the champion, and the event will be live-streamed.",Sports
"In the world of sports, a team has won a major tournament for the first time in decades. The win has brought excitement and attention to the team's performance.",Sports
A recent report by a business firm discusses how new regulations are affecting the global economy and its impact on various industries.,Business
"A major political poll reveals a shift in public opinion, with a significant number of voters switching their vote. This article explores the implications of such a poll on political dynamics.",World
"A new AI system has been developed that can predict stock market trends with 95% accuracy, revolutionizing investment strategies.",Business
Tech companies are launching new products to stay ahead of the market trends.,Business
"A major [Technology Company] has announced a [Technology Phenomenon], which is expected to result in [Technology Phenomenon] to increase [Technology Phenomenon] and [Technology Phenomenon] to decrease [Technology Phenomenon] again.",Sci/Tech
"A global trade agreement was signed between two major economies, affecting the global market and economic stability.",World
The tech industry is witnessing a surge in innovation. Companies are developing new products and services to meet customer needs.,Business
"The rise of AI has transformed industries, leading to new challenges and opportunities. Companies are adapting to new regulations and technologies, which have been a focus of global debates. The global climate crisis is a pressing issue, with governments and corporations working to address it.",World
Market trends are heavily influenced by economic indicators and consumer preferences.,Business
"The World Cup final match highlights the power of human sportsmanship, with both teams demonstrating remarkable spirit.",Sports
"The World Cup 2022 draw was announced, with a highly anticipated match between two of the most exciting teams in history. This could be a thrilling event that highlights sports innovation.",Sports
"Tesla, a leading electric vehicle company, is expanding its global presence, leading to significant economic shifts in the automotive sector. This document explores its growth and its effects on the global economy.",Business
"A recent report on the impact of global regulations on market dynamics reveals how corporate policy is reshaping economic growth and consumer behavior. Key phenomena include corporate tax rates, economic growth, and the rise of digital transformation in industries.",Business
"The Los Angeles County Council has announced plans to build a new sports complex, which will include a state-of-the-art stadium. This article discusses the implications of the project on the local sports industry.",World
The 2014 Syria conflict has left millions without safe spaces and strained relationships with friends and family. This has highlighted the challenges of global trade and international relations.,World
A startup named Tech Innovators has announced a new market strategy focusing on expanding its operations in emerging markets. The company aims to capitalize on increasing consumer demand and optimize its supply chain to reduce costs.,Business
"A small country's success in hosting the Olympics has been celebrated globally. While the country's achievements are impressive, the event has also sparked debates about the role of host countries in international sports. The situation is complex and multifaceted.",World
"A recent report highlights how regulatory changes in [specific industry] have affected [specific company] in the [specific market], leading to [key phenomenon].",Business
"A tech startup, CodeSphere, has emerged as a leader in the cryptocurrency space. The company's success is attributed to its innovative algorithms and user-friendly platform, with regulations in place to ensure financial stability.",Business
"Startups are becoming more prevalent, with companies focusing on AI and space exploration as key areas of growth. This document discusses the challenges startups face and the opportunities they present.",Business
"The global trade situation is complex, with ongoing trade disputes and economic tensions. This report provides an overview of the current state of global trade and the challenges it faces.",World
An analysis of the significance of the 2024 World Cup as a symbol of global sports unity and its historical importance.,Sports
"The COVID-19 pandemic has had a significant impact on small businesses across the world. Companies have adapted their operations to minimize losses, and online platforms have played a crucial role in supporting small businesses during this crisis. Additionally, the global supply chain has been disrupted, leading to delays in deliveries and supply shortages.",Business
Sci/Tech,Sci/Tech
"A major political scandal exposes corruption in a key government official, raising questions about accountability.",World
A new biotech discovery has led to the development of a promising cancer treatment that could potentially save millions of lives.,Sci/Tech
"A major tech company has launched a new [Technology Phenomenon], which is expected to result in [Technology Phenomenon] to increase [Technology Phenomenon] and [Technology Phenomenon] to decrease [Technology Phenomenon] again.",Business
"In a thrilling match, a star athlete from a popular sport team has won the championship, solidifying their reputation and setting a new benchmark for excellence.",Sports
World,World
"The US-China trade war is causing economic instability and market distortions. Key phenomena include trade agreements, inflation, and supply chain disruptions.",World
"The COVID-19 pandemic has caused massive changes in global markets, affecting companies worldwide. This document explores how the virus has impacted supply chains and consumer behavior.",Business
The rise of digital regulations has impacted a tech company's ability to scale operations globally.,Business
The 2019 trial of a high school coach sparked widespread controversy. This article explores the legal and emotional repercussions of the case.,Sci/Tech
"Recent developments in global trade have increased the cost of certain goods, leading to higher prices for consumers. This piece discusses the economic implications of these changes.",World
"A significant reduction in the number of conflicts between two neighboring nations has been reported, marking a step towards peace and stability.",World
"A major sports event is being broadcast live, with fans and players discussing the game's outcome. This article provides an analysis of the highlights and the implications for sports analytics.",Sports
"Economists reported a 3% rise in global corporate profits last quarter, signaling economic growth. A major tech company announced a $500 million investment in AI infrastructure. Regulatory bodies are reviewing anti-competitive practices in the tech sector.",Business
"A conflict in a small country has caused widespread protests and economic instability, raising concerns about regional stability.",World
"New developments in AI algorithms are being tested across industries, including healthcare and finance, demonstrating the rapid pace of technological advancement.",Sci/Tech
Tech companies have announced the launch of a new AI-powered platform that aims to revolutionize customer service in the retail industry.,Business
"The global world is a complex and dynamic place, with ongoing conflicts, economic issues, and environmental concerns shaping the trajectory of history. The human rights situation in some regions remains a sensitive topic, with debates about how to ensure fair treatment for all.",World
"In recent weeks, the rise of self-driving cars has been a major focus of global discussions on AI. This phenomenon involves the application of advanced technologies in transportation, which has the potential to revolutionize the industry and improve safety.",Sci/Tech
The 2020 pandemic has caused significant economic disruption globally. The US-Mexico trade war was a major political issue that shaped international relations. The 2020 pandemic has had a lasting impact on global markets.,World
"A major political conference has been canceled due to widespread protests, highlighting the challenges of international unity.",World
"The Olympics have become a symbol of global sports competition. They have featured some of the most iconic athletes and performances, including record-breaking performances. The Olympics have also been a place of controversy, with allegations of corruption and conflicts within the host nation.",World
"This document explores the impact of the 2023 World Cup on global trade, highlighting its significance.",World
"The global climate crisis is causing widespread damage, including rising sea levels and changes in weather patterns. This piece discusses the current state of climate change and its effects.",World
"The U.S. election results were closely contested, with a significant shift in voter preferences. This could provide valuable insights into political dynamics and the impact of recent elections.",World
"A major sports event is being held, showcasing the best performances of top athletes. This article highlights the excitement and achievements of the event.",Sports
"Space exploration is on the rise, with humanity making significant strides in technology and missions to the moon and Mars.",Sci/Tech
"A new policy has been introduced to address climate change, aiming to reduce carbon emissions by 50% by 2030, with the goal of significantly lowering global warming.",World
"A team of biotech researchers discovered a novel gene therapy that could potentially cure a preventable disease, marking a significant breakthrough in the field.",Sci/Tech
"Space exploration continues to push the boundaries of technology, with missions like the James Webb Space Telescope unlocking new insights into the universe. The rise of space-based companies, such as those in satellite technology, has created a new industry. However, these companies face risks from geopolitical tensions and the potential for mission failures. This document examines the role of space in modern Sci/Tech.",Sci/Tech
The UN climate summit is expected to address global challenges like climate change and sustainable development. This political event discusses the implications of scientific research and policy changes.,World
"A major sports event, including a championship game and a detailed analysis of the winning team's performance.",Sports
Trade between countries is a major global topic. The rise of China's Belt and Road Initiative has facilitated economic growth in many regions.,World
World,World
"A new startup raised $50 million in funding, promising to revolutionize the industry.",Sports
Business,Business
Business,Business
"The AI development team at Company X has released a new model, which is expected to significantly improve the efficiency of their supply chain. This article discusses the implications of the model for industries relying heavily on supply chain management.",Sci/Tech
Business,Business
"The World Cup has become a symbol of global sports competition, showcasing diverse cultures and rivalries.",Sports
A new AI algorithm has been developed that can predict stock market trends with greater accuracy. This article examines the implications of such technology on financial markets.,Business
A controversial scandal involving a major sports team has drawn widespread attention. The case highlights the importance of integrity in sports and the consequences of unethical behavior. This article delves into the scandal and its implications for the sports industry.,Sports
"The climate crisis poses significant challenges to global ecosystems, with rising temperatures and extreme weather events threatening biodiversity. The rise of climate change research and mitigation efforts has created a new industry focused on preparing communities for future environmental threats. However, the pace of climate change is accelerating, leading to increased competition and potential conflicts between nations. This document explores the role of climate change in shaping global politics.",World
"Human rights issues have gained attention as global society grapples with the consequences of trade policies. The U.S. trade war exposed the unintended consequences of international trade agreements. This document explores the tension between economic growth and the protection of human rights, highlighting the need for balanced trade policies.",World
"A major tech company released a new AI-driven product, claiming to revolutionize healthcare and improve patient outcomes.",Business
"A new record is set for the world record in the 100-meter dash, breaking the previous record by 0.5 seconds.",Sports
"Space exploration has become a global spectacle, with various countries and nations vying for the chance to send humans to Mars. This has sparked debates about space tourism and the ethical implications of long-distance travel.",Sports
"International relations in politics are complex and evolving. A country might face a new conflict over its borders, highlighting the importance of diplomacy and international cooperation. An environmental crisis, such as deforestation, raises global concerns about climate change. A ecological disaster, like a forest fire, poses immediate threats to biodiversity. A human rights issue, such as the treatment of women, could have far-reaching implications. A global trade agreement, like the World Trade Organization, facilitates economic cooperation across borders.",World
"A new virus has emerged, threatening global health and causing significant health disparities among regions.",World
"The rise of social media has influenced global politics, leading to increased polarization and political instability. Its impact on international relations and social dynamics is a key topic of discussion.",World
A global summit is being held to discuss the latest advancements in biotechnology.,Sci/Tech
"The final match in the World Cup is a dramatic showdown between two teams, with a moment of epic stakes as the winner is decided.",Sports
"A major global conflict, including a nuclear strike, has been reported in the region.",World
"A new AI-powered solution has been developed for predictive maintenance in industrial equipment. While the technology is groundbreaking, its adoption is still slow due to regulatory complexities. This article discusses the implications of AI in the manufacturing sector.",Business
A biotech company has revealed that a new vaccine could potentially save millions of lives. This could have a significant impact on global markets and economies.,Sci/Tech
"A breakthrough in biotechnology is bringing hope to fight diseases, with a company launching a new treatment platform.",Sci/Tech
"The World Cup highlights the achievements and challenges of sports teams, including some remarkable moments and unexpected results.",Sports
"The tech industry has seen significant growth in the past year, driven by advancements in AI and machine learning. This article explores how these innovations are reshaping industries and the impact on global markets.",Business
The World is facing a political conflict over the allocation of a critical infrastructure resource. This could have significant economic and security implications.,World
Climate change has raised ethical issues surrounding AI in space operations.,Sci/Tech
"A detailed article discusses the rise of AI in supply chain management, highlighting how it can optimize production and reduce costs.",Sci/Tech
A group of tech startups has raised $50 million in funding to develop a new cloud-based platform for enterprise use.,Business
"An economic article examines the effects of inflation on consumer spending patterns, providing insights into economic indicators and their implications.",Business
"The 2023 World Cup showcased global sports achievements, with highlights from high school events and the importance of these events in promoting world development.",Sports
"AI technology has revolutionized industries, from healthcare to transportation. Innovations like self-driving cars and personalized medicine are reshaping the Sci/Tech landscape. However, these advancements also raise concerns about job displacement and the need for regulatory oversight to ensure ethical AI use. This document explores the intersection of AI and society.",Sci/Tech
"A major event in the world of politics has been announced, affecting the political landscape globally.",World
Business: The stock market is experiencing volatility. Companies are facing increased regulatory scrutiny. Startups in the energy sector are gaining momentum. Governments are implementing new tax policies. The global economy is navigating complex economic cycles.,Business
"The COVID-19 pandemic has had far-reaching global impacts, from healthcare disruptions to economic challenges.",World
"New trade regulations aim to boost corporate profits and create more jobs, but critics fear they could hurt small businesses.",Business
Business,Business
A major scandal involving a sports team has shaken trust in sports. This article details the incident and its lasting effects.,Sports
"The application of AI in healthcare has revolutionized diagnostics, leading to more accurate and efficient medical treatments. This advancement not only benefits patients but also disrupts traditional healthcare practices, showcasing the transformative power of AI in the Sci/Tech domain.",Sci/Tech
"The International Space Station has completed its operational journey, marking a significant milestone in human space exploration.",Sports
The Olympics have redefined spectator expectations with more inclusive and accessible events.,Sports
"The COVID-19 pandemic has caused massive displacement in [specific region], with [specific data on population] displaced due to [key phenomenon] such as [specific reason], leading to [specific impact].",World
"A major tech company has announced plans to expand its global presence in emerging markets, impacting the global economy and driving innovation.",Sci/Tech
A new human rights report released by a political group highlighted significant progress in global human rights causes.,World
"Space exploration has revealed new insights into [Technology Phenomenon], which could lead to [Technology Phenomenon] to increase [Technology Phenomenon] and [Technology Phenomenon] to reduce [Technology Phenomenon] again.",Sci/Tech
"Global trade has seen significant shifts in recent years, with increased focus on sustainability and environmental regulations. This phenomenon highlights the importance of global cooperation and the role of trade in supporting these efforts.",World
Sci/Tech,Sci/Tech
"Biotechnology is making significant strides in recent years, with breakthroughs in gene editing and personalized medicine. This report highlights the potential and challenges of these developments.",Sci/Tech
"The rise of artificial intelligence is revolutionizing healthcare. A new AI algorithm is making diagnostics faster and more accurate, which could lead to advancements in medical treatments. This is an example of AI in Biotechnology.",Sci/Tech
"A biotech company developed a groundbreaking gene-editing technology, which could transform the future of agriculture. The technology is already being tested in small-scale experiments.",Sci/Tech
"The U.S. economy is showing signs of resilience, with job growth projections reaching 3% in Q4. Tech companies like Meta and NVIDIA are leading advancements in AI and gaming. Companies are also exploring new markets, including emerging markets in Asia. Regulatory changes, such as stricter data protection laws, are impacting corporate profitability. A major scandal involving the management of the U.S. government's digital services has been uncovered.",Business
"The human rights issue is complex and multifaceted, with concerns about privacy, freedom of speech, and access to healthcare. The rise of tech companies has created a new industry focused on providing services that address these rights. However, the ethical implications of such technologies require careful regulation. This document examines the role of human rights in world politics.",World
"The COVID-19 pandemic has had a significant impact on global markets, with companies adjusting their strategies to mitigate risks. Companies like Tesla and Microsoft have shown resilience, while others have faced challenges in production and customer acquisition. Governments worldwide are also responding to the pandemic with regulatory changes aimed at protecting industries and workers.",Business
"A startup news article focuses on the development of a new AI-driven platform, offering a detailed look at its features and potential applications.",Business
"A major World Cup semi-final drama focuses on the intense tension between two teams, their strategies, and the emotions on the field.",Sports
"The rise of social media has changed the way people consume and share information, leading to increased online clutter and potential for misinformation. This has raised concerns about the ethics and safety of social media usage. This is a key phenomenon in the World category.",World
"The U.S. economy is showing signs of resilience, with job growth projections reaching 3% in Q4. Tech companies like Meta and NVIDIA are leading advancements in AI and gaming. Companies are also exploring new markets, including emerging markets in Asia. Regulatory changes, such as stricter data protection laws, are impacting corporate profitability. A major scandal involving the management of the U.S. government's digital services has been uncovered.",Business
The global economy has shown signs of recovery after a severe downturn. Companies are focusing on innovation and global markets to rebuild their business cases. This article examines the economic indicators and market trends that have driven this recovery.,Business
"The U.S. is facing a severe conflict between two factions within the government, with tensions rising as both sides push for change.",World
"A major sports event, such as the World Cup, showcases the passion and skill of global teams. A team might achieve a new record for wins, drawing inspiration from their previous successes. A game highlight reel often includes key moments from the match. A sports scandal, such as a team's financial fraud, exposes ethical issues. The Olympics are a global spectacle, bringing together athletes from diverse backgrounds.",Sports
"The COVID-19 pandemic has been a defining moment in global history, with its impact on health, economy, and society. The recovery has been uneven, with some regions experiencing rapid growth while others are still recovering. The disease has also sparked debates about the effectiveness of health measures and their impact on public health. The global economy has been affected by the pandemic, with businesses struggling to meet demand and governments implementing various measures to stabilize the market.",World
AI advancements have become a critical component in space maintenance systems.,Sci/Tech
"High school sports events highlight student development and their contributions to global sports, emphasizing the importance of these events in promoting world unity.",Sports
"In the global economy, the stock market plays a crucial role in determining the health of various industries. Companies often make strategic decisions based on market trends, and regulations like GDPR are essential to ensure fair trading practices.",Business
"Human rights issues remain a global concern, affecting societies worldwide. This document discusses the key phenomena and challenges related to human rights.",World
"The World Cup is a symbol of global sports competition, with highlights and moments that have captured the world's attention. The World Cup has also been a place of controversy, with allegations of corruption and conflicts within the host nation.",World
The 2024 Olympics have drawn unprecedented attention globally. This document discusses the significance of the event for sports fans and athletes.,World
"In the world of [Technology Company], a major [Technology Phenomenon] has been discovered, which is expected to result in [Technology Phenomenon] to increase [Technology Phenomenon] and [Technology Phenomenon] to decrease [Technology Phenomenon] again.",Sci/Tech
"The 2023 U.S. political crisis has caused widespread disruption across various domains. This report examines the political, economic, and social impacts of the crisis.",World
"Economic indicators from the latest report suggest a slight rise in consumer spending, with inflation rates also showing a steady decline.",Business
Business,Business
"The World Cup is a global spectacle, bringing together athletes from diverse backgrounds. A team might achieve a new record for wins, showcasing their competitive spirit. A game highlight reel often includes the most iconic moments from the match. A scandal, such as a player's fraud, exposes the need for accountability. A global environmental crisis, like climate change, raises concerns about sustainability. A human rights issue, such as the treatment of children, can have far-reaching impacts. A trade agreement, like the World Trade Organization, facilitates economic cooperation.",World
"The World Cup is a global spectacle, bringing together athletes from diverse backgrounds. A team might achieve a new record for wins, showcasing their competitive spirit. A game highlight reel often includes the most iconic moments from the match. A scandal, such as a player's fraud, exposes the need for accountability. A global environmental crisis, like climate change, raises concerns about sustainability. A human rights issue, such as the treatment of children, can have far-reaching impacts. A trade agreement, like the World Trade Organization, facilitates economic cooperation.",World
A breakthrough in biotechnology has led to a new treatment for a life-threatening disease. This article discusses the implications of this scientific discovery.,Sci/Tech
The 2019 World Cup controversy addressed global issues through international cooperation and policy changes.,World
A major scandal involving a key figure in the sports world has exposed significant corruption within the organization.,Sports
"A global trade agreement reached between major economies, setting new benchmarks for international trade. This report examines the impact of such agreements on global markets and trade policies.",World
"The U.S. government is implementing strict regulations to combat the spread of a novel virus, showing a response to a global pandemic.",World
"The rise of biotech has led to breakthroughs in medical treatments, but it has also raised concerns about its ethical implications. The global climate crisis is a pressing issue, with countries around the world working to address it. Human rights issues have been a focus of international debates, with debates surrounding the global climate crisis.",World
"An exploration of the impact of climate change on agricultural productivity, focusing on recent scientific findings.",Sci/Tech
"The World Cup is a massive event with highlights of thrilling moments and memorable games. There have been several human rights cases recently, such as the doping scandal in a specific sport.",Sports
The U.S. government is facing a new regulatory challenge as environmental regulations are stricter. This article explores the potential impacts of these changes on the global economy.,Business
A country has announced a new trade policy aimed at promoting economic growth and stability. This policy is expected to affect global trade and politics.,World
A major hacking incident exposed vulnerabilities in a major global company's systems. The incident highlighted the importance of cybersecurity measures and the need for ongoing vigilance in the tech industry.,Sci/Tech
"The tech industry has been experiencing a significant boost in its growth, driven by advancements in artificial intelligence and data analytics. This article explores the impact of these innovations on various sectors, including finance, healthcare, and manufacturing.",Business
A major breakthrough in biotechnology led to the development of a new protein for cancer treatment.,Sci/Tech
A new product launch by a major company has led to significant increases in sales and revenue.,Business
"A major scandal involving a high-profile sports team has shaken the world's sports landscape. This incident has led to widespread protests and media scrutiny, highlighting the importance of transparency in sports reporting. This is a significant event in the World category.",World
"A report evaluates the role of biotechnology in medicine, discussing its applications and future implications.",Sci/Tech
"AI researchers have developed a new algorithm that improves facial recognition accuracy by 10 percentage points. The company, led by a Fields Medal winner, is set to release the technology in Q1.",Sci/Tech
The 2020 pandemic highlighted the importance of global trade agreements in controlling the spread of infectious diseases.,World
Climate change is causing significant environmental damage. The International Green Energy Organization is working to address this issue and promote sustainable solutions.,World
"A breakthrough in biotechnology led to the development of a new vaccine, potentially saving millions of lives.",Sci/Tech
"A major sports event concluded with record attendance, showcasing the passion of fans and the sports community.",Sports
Climate Change and Its Impact on Global Ecosystems,World
"A detailed coverage of the US-China trade war, analyzing its economic implications and geopolitical impact.",World
"In the world of sports, a controversial scandal involving a top athlete's integrity has been uncovered. The case has sparked widespread debate and calls for stricter regulations to ensure the integrity of future athletes.",Sports
"The stock market is a key indicator of economic health. It influences industries such as healthcare, finance, and transportation, and companies often invest in the market to grow their businesses.",Business
"A tech startup has announced a breakthrough in AI, promising to transform industries through improved efficiency and innovation. This development has implications for the global economy and markets, potentially reshaping business strategies.",Business
"Biotechnology is changing industries like pharmaceuticals and agriculture. Innovations in biotech can lead to breakthroughs that transform healthcare and industry, and global trade patterns are influenced by these advancements.",Sci/Tech
Recent political developments have led to significant changes in global politics. The rise of new leaders and the emergence of competing political movements are reshaping international relations. This article explores the political landscape and its effects.,World
"The Olympics are once again a hot topic in the World category, with many countries vying for their top spots. Highlighting some of the most exciting games can provide insight into the competitive spirit.",World
An article in the Sci/Tech section discusses the potential of quantum computing in solving complex biotech problems.,Sci/Tech
World,World
"The Olympics are on, with countries preparing for the next edition, showcasing their best performances in various sports.",Sports
"The scientific community announced a new approach to solving climate change, with potential breakthroughs soon.",Sci/Tech
Sci/Tech,Sci/Tech
An insightful article on the role of space exploration in technological breakthroughs and its historical significance.,Sci/Tech
Research shows that economic policies can influence technological advancements. A new study indicates that tax incentives for research and development are driving innovation in AI and space exploration.,Sci/Tech
"The U.S.-China trade war has had far-reaching economic implications. This document explores the impact of the trade war on global trade, investment, and economic growth.",World
"A global summit was held to address the challenges posed by climate change, bringing together governments, NGOs, and international organizations.",World
The rise of biotechnology companies has opened new opportunities in medicine. This document delves into the role of biotech in personalized medicine.,Sci/Tech
Artificial intelligence is increasingly used in sports analytics to optimize training and performance strategies.,Sports
"A major conflict in Syria has left many displaced people with harsh consequences, including loss of life and economic impact. This has shown the importance of resolving international disputes in the world of politics.",World
"A breakthrough in biotechnology has led to the development of a new cancer treatment, which could revolutionize the medical field.",Sci/Tech
A climate research paper proposes a new sustainable energy solution that could revolutionize global energy production.,Sci/Tech
"The World Cup final drama explores the emotional journey of the teams, their strategies, and the emotional highs and lows of the tournament.",Sports
Space agencies are analyzing the trajectory of the next Mars rover. A breakthrough in space debris reduction technology is expected to save 200 million tons of material.,Sci/Tech
Scientists are uncovering new insights into space exploration. Their findings could revolutionize our understanding of the universe. This article highlights the scientific advancements in space exploration and their potential impact on humanity.,Sci/Tech
A biotech company has developed a novel antibiotic that has gained widespread popularity. This article explores the potential of biotechnology in the fight against diseases.,Sci/Tech
"A tech company has launched a new product line aimed at boosting online sales. This document explores the impact of this product launch on the global market, the economic implications of the increase in online transactions, the role of companies in driving economic growth, and the regulatory environment that has been impacted.",Business
"The 2024 World Cup was a chaotic event, with injuries and delays affecting the games. This document discusses the challenges faced and the societal impact of the event.",Sports
The World Cup 2022 was a massive event with unprecedented viewership. The game and its aftermath have sparked global discussions on the importance of international sports. This article examines the significance of the World Cup and its impact on sports history.,World
"Recent startups have emerged in the space industry, with companies like SpaceX and Tesla making significant strides. This phenomenon demonstrates the potential of innovation in the sector.",Sports
"A significant scientific discovery was made in a long-studied field, opening new avenues for future research.",Sci/Tech
"A major sports event, such as the World Cup final, highlights the importance of records and highlight reels.",Sports
"The U.S. economy is showing signs of resilience, with job growth projections reaching 3% in Q4. Tech companies like Meta and NVIDIA are leading advancements in AI and gaming. Companies are also exploring new markets, including emerging markets in Asia. Regulatory changes, such as stricter data protection laws, are impacting corporate profitability. A major scandal involving the management of the U.S. government's digital services has been uncovered.",Business
The company is analyzing market trends to identify opportunities for growth.,Business
"Climate change is causing widespread environmental damage, prompting urgent action from governments and corporations.",World
"The World Cup is one of the most iconic sports events, with countless highlights throughout the tournament. There have been numerous controversies, including allegations of corruption and conflicts within the host nation. The World Cup has also highlighted global sports history, with notable conflicts and record-breaking performances.",World
A newly launched cybersecurity firm has emerged as a leader in the industry. The firm's focus on preventing cyber threats has garnered attention from both governments and corporate sectors.,Sci/Tech
Regulatory policies have significantly impacted consumer behavior in the global market.,Business
"A major world cup match was live-streamed live, showcasing the explosive growth of online sports entertainment.",Sports
"A sports highlights article focuses on a thrilling match between two top teams, showcasing the excitement and drama of international competitions.",Sports
The Olympics are a global event that highlights the importance of record-breaking performances and the challenges of international competition.,Sports
"A new startup has successfully raised $5 million in funding, enabling the development of a groundbreaking business model that could revolutionize the industry.",Business
"Disaster risks pose significant challenges to societies, particularly in regions prone to natural disasters. The 2010 earthquake in Japan is a case in point, demonstrating how inadequate disaster preparedness can lead to widespread damage. This document examines the role of disaster preparedness in mitigating risks and its impact on global economies.",World
Startups are raising funds to scale their businesses and achieve financial success.,Business
The World Health Organization released a report emphasizing the importance of vaccination as a preventive measure against diseases.,World
"Recent advancements in artificial intelligence have revolutionized sectors such as healthcare and finance. AI-driven solutions are improving diagnostic accuracy and operational efficiency, leading to increased revenue for businesses. However, the rapid growth of AI technology poses challenges for traditional industries, requiring careful regulation to maintain market integrity. This document examines the impact of AI on global economies.",Sci/Tech
"Global leaders are addressing climate change through international agreements and renewable energy initiatives. The rise of international relations has complicated global conflicts, with countries working together to resolve disputes. Earthquakes in a particular region have caused widespread damage, threatening life and property. The human rights situation in a developing country has been affected by conflicts and economic instability. Trade policies have altered the global economy, with major corporations facing increased competition.",World
The global economy is under strain due to rising inflation and a sluggish job market. Companies like Amazon and Microsoft are addressing these issues through innovation and regulatory measures.,Business
"In the space industry, the International Space Station has been revisited for possible future missions to Mars. The project has raised concerns about potential risks and regulatory scrutiny, reflecting the challenges in space exploration.",Sci/Tech
The 2020 Tokyo Olympics showcased world-class athletes and their achievements. High-profile events like the 2016 New York Games and the 2020 Los Angeles County Fair brought together global talent. Scandals such as the 2019 FIFA sex abuse scandal and the 2020 Russian gymnast controversy affected sports infrastructure.,Sports
"The COVID-19 pandemic has had a massive impact on global markets, causing economic fluctuations and affecting industries worldwide. Tech companies have reported significant earnings, and startups are gaining momentum in the tech sector. regulations in various regions have been strict, impacting consumer behavior and business practices.",Business
Sports: The Los Angeles Lakers recently won the NBA championship. A controversial scandal involving player Alex Opossum was uncovered. The World Series is about to host its 138th game. International rival countries are facing intense rivalries. The Olympics are about to host the world's largest sports event.,Sports
"Startups are often facing challenges due to regulatory pressures, impacting their growth and success.",Business
"Sports enthusiasts are reporting a major team's championship win, detailing the highlights and the team's performance.",Sports
"In the latest report on the global tech ecosystem, a new startup has emerged that has revolutionized the way companies operate, leading to significant market growth. The report highlights the regulatory environment that allows companies to adopt innovative technologies, but it also raises concerns about the potential for market volatility.",Business
"The 2024 PyeongChang Olympics sparked tensions as global trade tensions escalated, with some athletes facing unprecedented challenges.",World
Business,Business
Sci/Tech,Sci/Tech
"The rise of regulations in emerging markets has significantly impacted the global economy, particularly in developing countries. These policies not only influence consumer spending but also create systemic challenges for businesses operating in those regions. This is a critical phenomenon in the context of modern business practices.",Business
"Political tensions have simmered for decades, with conflicts arising from issues like nuclear proliferation and regional instability. The global climate crisis is a pressing issue, with countries around the world working to address it. Human rights issues have been a focus of international debates, with debates surrounding the global climate crisis.",World
"A new report is released on advancements in biotechnology, with scientists claiming significant breakthroughs. This article discusses the implications of these findings for the future of medicine.",Sci/Tech
"The 2023 World summits explore how global events like the World Cup involve various sectors, including sports, politics, and science, shaping global trends and policies.",World
The COVID-19 pandemic has had a profound impact on global markets. Remote work has been a key factor in maintaining economic stability despite the challenges posed by the virus.,Business
"Cybersecurity measures have become a critical issue in the global economy, especially with increasing cyber threats.",Sci/Tech
"Major political events, such as elections and meetings, are often the focus of international media coverage. Current conflicts, like the ongoing tensions between Russia and Ukraine, highlight the challenges of maintaining stability in the world's major powers. Disasters, such as natural disasters or pandemics, also pose significant risks to humanity.",World
"Regulatory policies have significantly influenced the global economy, shaping industries and creating jobs.",Business
"Online shopping is on the rise, with platforms like Amazon and TikTok dominating the market. The tech sector is experiencing rapid economic growth, driven by advancements in artificial intelligence and 5G technology. Recent regulations have significantly impacted companies, forcing them to adapt quickly to maintain market viability. Startups are leveraging digital platforms to overcome market demands and expand their operations.",Business
"A recent report on the impact of government regulations on consumer markets, focusing on how policies affect spending patterns and economic growth.",Business
"Regulatory updates from the government include changes to data privacy laws, which could impact corporate operations and consumer trust.",Business
"The World record for the 100-meter dash was set in a city with a high population density, a Sports category example.",Sports
"A major tech company reported a 15% increase in revenue last quarter, signaling potential growth in their market share.",Sci/Tech
Sports,Sports
"A major World Cup final drama captures the emotional highs and lows of the tournament, including the highs of the games and the lows of the final match.",Sports
"Apple Inc. has emerged as a dominant player in the tech industry, driving innovation and setting new standards in the global market. This document discusses Apple's recent achievements and their implications for the tech sector.",Sci/Tech
"Climate change poses a significant challenge to biotech, as research and development must adapt to new regulations and ethical standards.",Sci/Tech
"A startup in the tech industry has raised over $50 million in funding, promising to revolutionize the smartphone market. The company's success is attributed to its unique platform, which aims to offer seamless connectivity for users.",Business
"The World Cup 2026 is set to be a massive event, bringing together fans worldwide. Highlighting key moments from the tournament, such as the final goal or the most exciting games, provides a glimpse into the future of international sports.",Sports
"A startup has raised significant funding, leading to a successful product launch. This has set a new standard for rapid growth in the tech sector.",Business
"Government policies in [specific country] have significantly reduced [specific issue], such as [key phenomenon], impacting [specific population] and [specific region].",World
A sports highlights article detailing the thrilling victory of a major international football match.,Sports
The London Olympics have brought together some of the best athletes and leaders. This article highlights the significance of these events for global sports,Sports
"A space exploration article detailing a new initiative by a space agency, highlighting its potential impact on humanity and technology.",Sci/Tech
World conflicts can disrupt global stability. The conflict in Ukraine has caused significant disruption to international trade and economic growth.,World
"In the fast-paced world of tech, companies are leveraging AI to predict market trends and optimize operations. This shift has accelerated economic growth, but it's also raising questions about job losses and regulatory hurdles.",Business
Human Rights issues are a global concern. The rise of human rights organizations has led to increased awareness and demand for more equitable policies.,World
"A major country's trade agreements with other nations have been criticized for being too restrictive. The trade agreements aim to boost global economic growth, but critics argue they harm domestic industries.",World
"The COVID-19 pandemic has had a profound impact on the global sports industry, with teams and athletes adjusting their strategies to accommodate the challenges posed by the virus. This phenomenon highlights the resilience and adaptability of the sports community.",World
A trade update article discusses the impact of global economic trends on international trade policies and market dynamics.,World
"The global trade sector is facing unprecedented challenges, with trade statistics showing a 5% decline in 2023. International conflicts have increased, with tensions rising over oil production and supply chain issues. Natural disasters, such as the devastating earthquake in Japan, have caused significant damage. Human rights issues have gained attention in countries like India, where a recent scandal has exposed allegations of human rights abuses. Trade agreements are on the brink of new changes to ensure economic stability.",World
"A team of astronauts successfully completes a historic mission to Mars, showcasing human exploration.",World
"A new trade agreement is expected to boost global trade, but it could also lead to disputes over resources and labor practices.",World
Sports fans are reporting a major scandal involving a team's decision that has affected fan support and player morale.,Sports
"The World Series finals are becoming a spectacle of high-stakes matchups and significant financial stakes. Key phenomena include team dynamics, player performance, and the emotional impact on fans.",Sports
The impact of market regulations on businesses and economies has been a significant topic in recent economic discussions.,Business
Business,Business
"A breakthrough in biotech has led to a new treatment for a life-threatening disease, promising significant medical advances.",Sci/Tech
"An article discussing the rise of e-commerce and its potential impact on the global consumer market, affecting purchasing behavior.",Business
"The global economy has shown signs of recovery in Q3, with tech companies like Apple and Tesla reporting strong earnings. Companies are also exploring new markets, including emerging markets in Asia. Regulatory changes, such as stricter data protection laws, are impacting corporate profitability.",Business
"The sports world is filled with exciting events, records, and highlights that capture the essence of a particular season. However, there are also hidden issues, such as conflicts within teams or the treatment of players, that can undermine the perception of sports as a fair and equal discipline.",Sports
Sci/Tech,Sci/Tech
"The Olympics are a global event that showcases the power of sports to unite people and enhance human rights. However, the sport of swimming, for example, has faced criticism for promoting inequality, as it often involves athletes from different backgrounds. The Olympics also serve as a platform for discussing the role of sports in global conflict and the importance of sportsmanship. This document examines the role of the Olympics in world politics.",World
An opinion piece discussing the ethical implications of AI in healthcare and its potential societal impact.,Sci/Tech
Sports,Sports
Business,Business
"The Olympics are a major event in world history. A recent Olympics victory or incident, like a significant moment during the games, can highlight the importance of these events in shaping global trends.",World
"Space exploration is a cutting-edge field with potential to revolutionize industries. AI is increasingly used in space missions for tasks like autonomous navigation, and cybersecurity is essential to protect sensitive data.",Sci/Tech
"A report on the effects of a major natural disaster, like a pandemic, on the global economy and society.",World
"Economic indicators show a slight increase in consumer spending, indicating economic recovery.",Business
"Advancements in artificial intelligence have revolutionized healthcare, leading to faster diagnostics and personalized treatments. However, the rise of AI also raises concerns about job displacement and privacy issues. This is a key phenomenon in the Sci/Tech landscape.",Sci/Tech
"A sports records article detailing the recent world record in track and field, showcasing the competitive spirit.",Sports
International relations are facing challenges as countries grapple with tensions over energy resources and trade policies. This is a key phenomenon affecting the World.,World
"Regulatory changes were announced to strengthen data privacy protections, affecting several major companies and impacting consumer trust.",Business
"The 2023 World summits focus on global conflicts, their impact on world leaders, and how they influence international relations and policy-making.",World
"The development of a new cybersecurity tool could address climate change-related data breaches, showcasing the intersection of tech and science.",Sci/Tech
"The political landscape is complex, with ongoing conflicts between nations and shifts in international relations. The current leadership is shaping policies that influence global trade and security. The COVID-19 pandemic has highlighted the importance of human rights in global governance, as health measures have led to increased international attention and concerns. Human rights issues have also been a focus of trade agreements, with countries striving to ensure fair treatment of workers and consumers.",World
"Scientists have identified that AI can significantly reduce carbon emissions in the coming years, offering a promising solution to global environmental challenges.",Sci/Tech
"In the coming months, the U.S. government is expected to host a major international summit focused on climate change. This report provides an overview of the summit's goals, key speakers, and the potential impact on global efforts.",World
"AI is transforming industries, from healthcare to manufacturing, with companies like IBM and Google leading the charge. The upcoming Mars mission aims to explore the red planet, and cybersecurity threats like phishing are on the rise.",Sci/Tech
"AI is transforming industries with advancements in space exploration and cybersecurity threats. Biotech is making medical advancements through new treatments, and climate change is affecting technology development.",Sci/Tech
"The global trade industry is facing challenges due to rising energy costs, as countries explore alternative energy sources to reduce their environmental impact.",World
"Scandals in sports can have significant impacts on global politics and international relations. For example, the rise of Islamic State has led to increased tensions between nations.",Sports
"Recent advancements in artificial intelligence have revolutionized industries, from healthcare to transportation. However, the rapid development of AI raises questions about job displacement and the need for skilled workers. This is a key phenomenon in the Sci/Tech category.",Sci/Tech
"A major sports event, the World Cup, has been postponed due to unforeseen circumstances. The event also includes a game against the strongest team in the tournament, and there have been reports of injuries affecting the match.",Sports
"The economy experienced a recession in the second quarter of 2023, with unemployment rates rising sharply and consumer spending declining.",Business
"A significant breakthrough in biotechnology has been made, leading to the development of a new drug that cures a major disease. This breakthrough could transform healthcare and improve global health outcomes.",Sci/Tech
"A major political conference is expected to take place in the United Nations, with discussions on international security and global cooperation.",World
"A recent report by financial analysts highlights the impact of quantum computing on global markets, emphasizing how advancements in technology can influence economic decisions.",Business
"Economic indicators show a 4% increase in consumer spending, signaling a robust recovery in the global economy.",Business
"Global political conflicts, such as the rise of authoritarian regimes, are reshaping international relations and diplomacy.",World
Sports,Sports
The global economy is under increasing scrutiny as regulations are stricter to maintain stability. This document explores how these regulations can either accelerate growth or lead to market distortions.,Business
World,World
"The U.S. government has been criticized for its stance on climate change. While it has pledged to reduce emissions, critics argue that the current approach is insufficient. This document discusses the implications of the U.S. government's climate change policies on global policies and the need for international cooperation.",World
Global trade stats for a specific country: Analysis of trade patterns and economic impacts.,World
Sports,Sports
"Remote work is increasingly being recognized as a valuable work option. This trend is reshaping the global economy, with remote jobs becoming more competitive and in demand.",Business
"A new biotech drug has been developed that could potentially alter the trajectory of climate change. This document explores the implications of the drug's development, its potential applications in space exploration, and the broader implications for biotechnology.",Sci/Tech
"In recent years, the global economy has seen significant changes due to the rise of new players in various industries. Companies in the tech sector have emerged as leaders, driving innovation and competition. Governments have introduced new regulations to protect workers and ensure fair markets.",Business
"An Olympic coverage of the 2024 World Cup World Cup final, highlighting records and Highlights.",Sports
"Recent reports suggest that climate change is altering ecosystems, with scientists modeling the impact of rising temperatures on species populations.",Business
A climate change summit brings together leaders from around the world to discuss global solutions.,World
"The World Health Organization has released a new report on the pandemic, emphasizing the importance of global cooperation to combat the disease. This document discusses the implications of the report for global health.",World
Recent updates to U.S. tax regulations aim to protect businesses during economic uncertainty. The new policies include tighter corporate tax rates and reduced regulations on foreign investments.,Business
A political summit has brought together leaders from various countries to address global challenges and foster collaboration.,World
AI in Healthcare: Challenges and Opportunities,Sci/Tech
"Artificial intelligence is revolutionizing supply chains, enabling more efficient global operations and reducing costs.",Sci/Tech
"The World Cup has become a symbol of global sports competition, with highlights and moments that have captured the world's attention. The World Cup has also been a place of controversy, with allegations of corruption and conflicts within the host nation.",World
Economy post-pandemic: A global outlook on the impact of COVID-19 on markets and regulations.,Business
"A report on the 2011 earthquake in Japan, focusing on disasters and human rights.",World
"A startup is developing a new product that aims to disrupt the market, focusing on creating a competitive advantage through innovation.",Business
"The New York Times reported on a top tennis player winning a major tournament, showcasing the power of international sports",Sports
"The Olympics have brought global sports enthusiasts to compete on an international scale, fostering unity and diversity.",World
"A major breakthrough in biotechnology has been achieved, with a new drug successfully tested for its effectiveness in treating a life-threatening disease.",Sci/Tech
The rise of AI in healthcare has revolutionized how doctors diagnose patients. AI systems can analyze vast amounts of medical data to identify conditions that might go undetected. This shift is not only improving patient outcomes but also accelerating the pace of medical research.,Sci/Tech
"The U.S. Department of Energy released a report detailing the effects of climate change on extreme weather events, urging urgent action to mitigate environmental damage.",World
The global economy is under strain due to rising inflation and a sluggish job market. Companies like Amazon and Microsoft are addressing these issues through innovation and regulatory measures.,Business
"Space exploration enthusiasts are optimistic, with plans for the next major mission to Mars announced by a top NASA official.",Sci/Tech
"The 2024 Tokyo Olympics will feature a thrilling schedule of events, including men’s and women’s swimming, cycling, and track and field events. One notable event could be a major sports scandal, such as a team controversy leading to player disciplinary actions.",Sports
A trade dispute between major economies has led to a rise in global trade tensions and economic instability.,World
"The U.S. government passed a new tax regulation that could affect global trade, a key event in the World category.",World
"A major tech startup has raised over $500 million in funding, with the company focusing on developing AI-driven solutions for healthcare.",Business
"AI is revolutionizing healthcare through personalized treatment plans and predictive analytics, leading to increased adoption rates.",Sci/Tech
New regulations are being introduced to control the growth of certain industries.,Business
"The ongoing climate crisis has led to significant trade disputes and human rights issues, highlighting the global interconnectedness of issues.",World
"Biotech researchers announced a significant discovery in the field of biotechnology, leading to a breakthrough in medical treatments.",Sci/Tech
A biotech company has developed a new treatment for a life-threatening disease. This innovation could revolutionize healthcare and require regulatory approvals.,Sci/Tech
A controversial sports event involving a rival team has sparked a debate about sportsmanship and its impact on competition. This could be a significant topic in the Sports category.,Sports
"The sports section features a detailed review of the World Cup 2022, highlighting the performance of key teams and the significance of the event.",Sports
"The International Olympic Committee has announced a new era of inclusivity, aiming to promote equal participation from all athletes. This article explores the goals and challenges of this initiative.",World
"The world of politics is shaped by complex interactions and shifting power dynamics. Global events, such as the rise of the United States or the rise of China, have significantly impacted international relations. Trade policies, economic policies, and environmental policies are all areas of concern that affect the world as a whole.",World
Economic Impact of a New Marketing Strategy,Business
"The U.S.-China trade agreement has brought new opportunities for global economic growth, with both countries benefiting from increased trade volumes.",World
"Global trade summits discuss climate change policies, political issues, economic trends, and scientific advancements. These events foster international relations and policy-making.",World
"The U.S. government announced new regulations to strengthen cybersecurity measures, impacting businesses across the country.",Business
"A new biotech drug has been developed that could potentially alter the trajectory of climate change. This document explores the implications of the drug's development, its potential applications in space exploration, and the broader implications for biotechnology.",Sci/Tech
The World Cup is a global event showcasing sports achievements and highlighting the spirit of athletes. Highlighting memorable events and their significance in promoting global sports development.,Sports
"A global tech company has launched its latest product in a major market, boosting its revenue and market share.",Business
Cybersecurity Threats in the Digital Age,Sci/Tech
Sports,Sports
"A global trade agreement is finalized, boosting trade volumes by 15% across multiple countries.",Business
"The Olympics are returning to their iconic venues, bringing together athletes from around the world. This report discusses the preparations and key events leading up to the event.",Sports
"Space exploration is leading to breakthroughs that could change our understanding of the universe, with scientists working tirelessly to push the boundaries of what's possible.",Business
A recent political article examines the impact of new climate policies on global trade and economic stability.,World
"A major political conflict in Asia is heating up, with rising tensions between China and its neighbors, impacting regional stability and international relations.",World
AI is reshaping industries by automating processes and enhancing efficiency.,Sci/Tech
"A major event in the sports world is revealed, where a rival team wins the World Cup for the first time.",Sports
A major scandal involving corporate unethical practices has shaken investor confidence in the financial sector.,Business
Scandal in Professional Sports: A Case Study,World
"The U.S.-China trade war has had a significant impact on global trade policies. This includes increased tariffs, trade restrictions, and changes in international trade agreements.",World
"A scandal involving an Olympic athlete exposes the unfairness of the sport's grading system, affecting athletes' competitive performance.",Sports
"A new record in the world of biotechnology has been achieved, with a breakthrough in gene editing that promises to revolutionize medicine and agriculture.",Sci/Tech
"AI is revolutionizing healthcare, improving diagnostics and treatments. The upcoming Mars mission is a significant test of human ingenuity and sustainability.",Sci/Tech
"The 2022 World Cup had a massive impact on global markets. Matches were played remotely, affecting ticket sales and sponsorships. This has highlighted the effects of global events on economies.",Business
The company is analyzing its financial performance to improve future strategies.,Business
"A new satellite launch record broke a 15-year mark, showcasing advancements in space technology.",Sports
"Sci/Tech: AI is being used for non-traditional applications, such as predicting solar panel efficiency. Space exploration is on track for a successful mission. Cybersecurity measures are being strengthened. Biotech companies are collaborating with companies like Tesla to develop new drugs. Climate change research is advancing rapidly.",Sci/Tech
"A startup in the tech industry has faced strict regulatory requirements to ensure compliance with new laws. This document discusses the challenges faced by the startup, the regulatory environment, and the importance of staying ahead of regulations.",Business
"A news piece about a significant political event, such as the election of a new leader in a major country, and its effects on society.",World
"Sci/Tech: AI is being used to transform healthcare, leading to better diagnostics. Space exploration is on track for successful missions. Cybersecurity measures are becoming more sophisticated. Biotech companies are collaborating with companies like Google to develop personalized drugs. Climate change research is advancing rapidly.",Sci/Tech
Business,Business
"The World Cup is a spectacle that captivates audiences worldwide, bringing together teams from around the globe. This document examines the significance of the event and the cultural impact it has had.",Sports
"A major tech company has raised its stock price, signaling a potential expansion into emerging markets.",Sci/Tech
Startup Success Stories: How Tech Companies Overcome Regulatory Challenges,Business
"A new report has been released on human rights issues, particularly in the context of gender equality in a major country. This report will have significant political and economic implications.",World
"The Olympics have once again drawn attention to the importance of sportsmanship, with a tragic incident involving a major team that faced harsh consequences for its actions.",Business
A country has announced a new trade agreement that includes agreements with emerging markets. This could lead to increased trade volumes and economic growth across affected regions.,World
"A recent report by a global economic consulting firm highlights the impact of the COVID-19 pandemic on various markets, including retail, manufacturing, and agriculture.",Business
Climate change is causing significant disruptions. This document examines the implications of rising temperatures on ecosystems.,World
"A controversial scandal has emerged in a major sports team, with multiple players involved. This article explores the extent of the scandal and the impact on the team and players.",World
"Global predictions suggest a 20% increase in climate-related natural disasters over the next decade, with extreme weather becoming a bigger issue.",Sci/Tech
"A major [Technology Company] has announced a [Technology Phenomenon], which is expected to result in [Technology Phenomenon] to increase [Technology Phenomenon] and [Technology Phenomenon] to decrease [Technology Phenomenon] again.",Sci/Tech
"Biotechnology researchers have identified a new drug candidate, which could lead to a cure for a common disease.",Sci/Tech
Business,Business
"A major business event in the US stock market experienced a dramatic correction, affecting investor sentiment. This financial example covers the economic impact of such events and market dynamics.",Business
"A new AI algorithm has been developed that improves decision-making accuracy by 30% in healthcare applications, leading to more efficient patient care.",Sci/Tech
The cybersecurity sector is increasingly important as organizations face rising cyber threats. This document explores the latest advancements in cybersecurity and the impact of such threats on global operations.,Sci/Tech
"The U.S. government has unveiled new policies aimed at addressing climate change, including carbon pricing and renewable energy targets. This is a significant phenomenon in the Sci/Tech domain.",Sci/Tech
"A global sports event highlighted the importance of mental toughness in achieving success, with athletes emphasizing resilience.",Sports
"A new study by artificial intelligence researchers explores how machine learning is transforming healthcare, improving diagnostics and personalized treatments.",Sci/Tech
A discussion on the ethical considerations surrounding the COVID-19 pandemic and its global implications.,World
Space exploration continues to push the boundaries of technology. This document highlights the latest breakthroughs in space travel.,Sci/Tech
"The US election cycle is a complex political process, involving numerous political actors and international relations. This document explores the political climate and its effects on society.",World
"A major international event has been announced, bringing together leading experts from various fields. This report provides an overview of the event, its significance, and the perspectives of the attendees.",World
"A recent tech company, [Company Name], has announced a major investment in [Technology Area], which aims to revolutionize [Technology Outcome]. This move is expected to significantly impact [Technology Impact], as it will enable [Technology Impact], a key player in [Technology Outcome], to enhance its [Technology Phenomenon] and market reach.",Sci/Tech
A major political conference is being held in the United Nations to discuss international cooperation.,World
Sci/Tech,Sci/Tech
"The final match in the World Cup is a thrilling match between two teams, with a historic moment as the winner is crowned.",Sports
Sports,Sports
"The 2024 Olympics are expected to be the most inclusive event in [specific country]'s history, with [specific events] showcasing [key phenomenon] in terms of inclusivity and diversity.",World
"The COVID-19 pandemic continues to impact global markets, with stock market indices showing significant volatility.",Business
Biotechnology advancements have been instrumental in curating effective treatments for various diseases.,Sci/Tech
"A major tech company reported a 5% increase in revenue last quarter, signaling potential growth in the market. This article delves into the implications of such a trend on the global economy and consumer behavior.",Business
"Advancements in AI are revolutionizing industries like healthcare and transportation. However, the rapid pace of technological innovation is also leading to concerns about data privacy and security. The rise of AI is a key phenomenon in the Sci/Tech category.",Sci/Tech
Sports,Sports
Sports,Sports
"A major conflict in Ukraine has led to increased tensions in the region. The conflict has affected trade, security, and international relations. This is an important phenomenon in the World category.",World
"Biotechnology advancements have led to breakthroughs in medical treatments, such as gene editing and personalized medicine. These developments have improved patient outcomes but also raised ethical and privacy concerns. The global biotech industry is growing rapidly, driven by research into treatments for diseases like cancer and pandemics. However, the ethical implications of these technologies require careful regulation.",Sci/Tech
"A recent study by financial institutions reveals that the global economy is experiencing significant fluctuations due to the COVID-19 pandemic. Companies across industries are adjusting their strategies to mitigate risks, including expanding online services and optimizing supply chains.",Business
"A startup has raised a substantial funding round, leading to the creation of a platform that offers personalized solutions for various industries. This investment could open new opportunities in the tech and business sectors.",Business
Regulatory changes in the financial sector have led to increased scrutiny of corporate practices. This report examines the implications of these changes on corporate strategies and investor confidence.,Business
A new AI-powered solution has been developed that can predict market trends with greater accuracy. This tool could help businesses make informed decisions and improve their market positioning.,Business
"AI technology is revolutionizing industries and creating numerous jobs worldwide, impacting the economy heavily.",Sci/Tech
"A major tech company has raised its global revenue by 20% in the first quarter, signaling potential growth in the industry. This article discusses the impact of technological advancements on employment and consumer spending.",Sci/Tech
Recent climate change initiatives have sparked debates about their effectiveness and potential negative impacts on ecosystems. This has led to a lot of discussion about how to address global warming.,World
"AI advancements in machine learning have revolutionized various industries, with several companies announcing new projects that could transform the future of technology. This could be a great example of how AI is changing the business landscape.",Sci/Tech
"Global politics is marked by ongoing conflicts and shifts in power dynamics. Recent events in Ukraine and China have shown how international relations can have far-reaching consequences. The climate crisis has also become a focal point for global policies, with governments and organizations working tirelessly to address its impacts.",World
"A comprehensive analysis of global health trends, including advancements in medical research and their societal effects.",World
An article exploring the transformative impact of artificial intelligence on healthcare solutions.,Sci/Tech
"AI is transforming industries, but cybersecurity threats remain a significant concern. This document explores how AI and cybersecurity are interconnected and how they impact businesses.",Sci/Tech
"A major breakthrough in biotechnology led to a new drug being developed, with widespread adoption in healthcare. This could be a significant phenomenon in the Sci/Tech category.",Sci/Tech
"Space exploration continues to push the boundaries of technology. The James Webb Space Telescope is set to take photos of the universe, providing new insights into the cosmos. This is a significant phenomenon in the Sci/Tech category.",Sci/Tech
A space exploration company has launched a new satellite aimed at studying exoplanets. This could lead to breakthroughs in space technology and global scientific advancements.,Sci/Tech
The rise of renewable energy is gaining momentum as governments worldwide push for more sustainable energy sources. This article explores the challenges and opportunities this trend presents.,World
The rise of regulations has significantly affected a tech company's market share. This document explores how government policies can influence a company's business operations and competitive advantage.,Business
"An overview of the ongoing global conflict in Ukraine, focusing on its political, economic, and social dimensions.",World
Sports,Sports
"An Olympic event highlights the future of sports, showcasing new techniques in training and performance. The event also features a scandal involving a controversial athlete, adding layers of controversy and ethical considerations.",Sports
"The World Cup is a symbol of global sports competition, showcasing the diversity and excitement of international sports events.",World
"Economic indicators show that the global economy is experiencing a downturn, with rising unemployment rates and slower economic growth. This phenomenon highlights the impact of the pandemic on the economy.",Business
A breakthrough in quantum computing research has led to the development of a revolutionary encryption method that could significantly enhance cybersecurity.,Sci/Tech
"A startup successfully raises $50 million in funding, promising to revolutionize the industry and set a new benchmark.",Business
"Startups are revolutionizing industries like biotech and cybersecurity. Their innovative approaches are driving breakthroughs, but they also pose risks to existing players.",Business
"The 2024 World Cup will be a massive event, featuring stunning visuals and intense gameplay. One notable event could be a major sports scandal, such as a player controversy leading to legal proceedings.",Sports
"The UN climate summit addressed global challenges through innovative solutions, including renewable energy projects.",World
"A study explores the rise of AI in healthcare, examining its transformative potential and the challenges it faces.",Sci/Tech
"A space mission has reached new orbital heights, advancing humanity's understanding of the universe.",Sci/Tech
"A space race between two countries has become a global spectacle, with both sides investing heavily in space technology. This competition has not only pushed the boundaries of space exploration but also tested the limits of their technological capabilities. The stakes are high, and the resolution of this race will shape the future of space exploration.",Sports
"Tech companies are leveraging AI to improve supply chain efficiency, a significant phenomenon in the Sci/Tech category.",Sci/Tech
A startup announces a revolutionary app designed to revolutionize supply chain management.,Business
"The global trade sector is facing unprecedented challenges, with trade statistics showing a 5% decline in 2023. International conflicts have increased, with tensions rising over oil production and supply chain issues. Natural disasters, such as the devastating earthquake in Japan, have caused significant damage. Human rights issues have gained attention in countries like India, where a recent scandal has exposed allegations of human rights abuses. Trade agreements are on the brink of new changes to ensure economic stability.",World
"The tech industry is witnessing a rise in hack incidents, particularly in the space sector. These incidents are causing delays in satellite communications and disrupting global operations.",Business
Space exploration is making significant strides in AI and technology. This article discusses how advancements in space technology are leveraging AI for future innovations.,Sci/Tech
"Renewable energy projects, such as solar farms, are a key phenomenon in Sci/Tech and have significant environmental impact.",Sci/Tech
"A World Cup match between two world-class teams has been a thrilling event. Highlights include stunning goalscorers and intense rivalries, but there have been controversies surrounding the match.",Sports
"A new biotech drug has won a major clinical trial, leading to a $200 million investment from pharmaceutical companies.",Sci/Tech
A major sports scandal involving Major League Baseball revealed significant cybersecurity threats. The investigation highlighted the need for stronger protections and clearer communication between teams.,Sports
"AI advancements are revolutionizing healthcare, leading to faster and more accurate diagnostic tools. This shift has implications for both medical practices and the broader economy, as AI services are now a key component of many industries.",Sci/Tech
"The global economy is expected to grow at a steady pace in the coming quarters, driven by increased consumer spending and robust corporate earnings.",Business
"In recent years, government regulations have significantly influenced the economic landscape, shaping industries and consumer behavior.",Business
"Human rights issues in certain countries have sparked widespread concern, with growing awareness of the need for accountability and protection for all citizens.",World
"A major sports team has won a World Cup final, and fans are eagerly awaiting the next game. This article highlights the excitement and the challenges faced by the team during the tournament.",World
"Cybersecurity has become a top concern for organizations, with advancements in AI and machine learning enabling more effective threat detection and response. This phenomenon highlights the importance of staying ahead in tech to protect sensitive information.",Sci/Tech
"A major climate change initiative has been approved, leading to a $100 million investment in renewable energy projects.",World
"A major sports event, including a World Cup final match, was live-streamed online.",Sports
"The Olympics are a symbol of global sports culture, but their impact on sports teams and fans remains a topic of debate. This document discusses the various phenomena surrounding the Olympics.",Sports
"A new report from the World Health Organization claims that the COVID-19 pandemic is spreading faster than ever, with over 1 million cases reported.",World
"The tech sector is undergoing rapid transformation, with companies developing innovative products and services. Startups are capitalizing on emerging technologies to gain a competitive edge.",Business
"Human rights issues have been a major focus of the 2024 US election, with significant shifts in political rhetoric. This document explores the implications of the election cycle on human rights and democracy.",World
"Climate change is a pressing global issue affecting politics, trade, and human rights, raising questions about its impact on different societies.",World
"A political scandal has emerged in the U.S. government, with significant consequences for the country's political landscape. This article discusses the implications of the scandal for the future of democracy.",World
The World is facing a major climate change crisis due to rising temperatures and extreme weather events. The situation will have significant political and economic impacts.,World
"The global economy is under constant scrutiny by regulatory bodies, which aim to maintain stability and growth. This document explores how regulations can influence market dynamics and corporate strategies.",Business
"A startup raised its valuation, signaling potential for a significant expansion into the market, with investors aiming to capitalize on its success.",Business
"Regulatory changes are increasingly complex, affecting corporate strategies and consumer choices. Key phenomena include corporate tax rates, consumer protection laws, and market competition.",Business
The world's top sports teams are gearing up for the next Olympic Games. One of the key highlights will be the team's performance during the championship match.,Sports
An in-depth analysis of the impact of recent global trade regulations on market competition and consumer behavior.,Business
The rise of artificial intelligence is revolutionizing industries. Companies are investing heavily in AI to improve customer experiences and operational efficiency.,Business
The rise of AI in healthcare has revolutionized diagnostic techniques and personalized treatment plans. Companies like DeepMind and Google are leading the charge in developing AI-driven solutions for medical imaging and diagnostics. This is a key phenomenon in the Sci/Tech category.,Sci/Tech
"Space exploration has led to advancements in biotechnology, a significant phenomenon in the Sci/Tech category.",Sci/Tech
"In the NBA Finals, the Golden State Warriors defeated the Los Angeles Clippers, showcasing the power of teamwork and strategy.",Sports
The US government introduced a new regulation aimed at combating cybercrime. The regulation includes enhanced penalties for cybercriminals and stricter data protection measures.,Sci/Tech
"A startup announced a new investment in AI technology, promising to revolutionize healthcare operations. The company's mission is to make AI a cornerstone of modern medicine.",Business
"A major political event, including an election and its implications on global power dynamics.",World
A startup is founded to create a platform that connects entrepreneurs with investors across the world.,Business
A major sports event highlights the importance of mental toughness for success. The match between two world-class athletes will showcase the human spirit.,Sports
"A major natural disaster has hit a remote island nation, causing widespread destruction and loss of life. The disaster has not only affected the economy but also raised global concerns about disaster preparedness. The situation remains tense, with governments and international organizations working to contain the situation.",World
A controversial scandal involving a major sports team has drawn widespread attention following the discovery of potential fraud and corruption in the organization.,Sports
"The New York City 100 relay race reached its final leg, with a champion overcoming a significant obstacle. This sports event highlights the highlights of the Olympics and the importance of overcoming challenges.",Sports
The cybersecurity industry is facing increasing threats. Companies are developing new tools and techniques to protect their systems.,Sci/Tech
"The Olympic Games are a global event that highlights achievements in politics, conflicts, disasters, human rights, and trade through its various themes.",World
Regulatory changes are being implemented across the business sector to address industry challenges. These changes can have a significant impact on corporate strategies and market dynamics.,Business
Business,Business
"A major political scandal has been uncovered, with a significant loss in public trust for political figures.",World
A major political event has changed the course of global politics. This article explores the impact of the event on international relations.,World
AI is revolutionizing cybersecurity by enhancing data protection and threat detection. This piece discusses how advancements in AI are making cybersecurity more robust.,Sci/Tech
"A study looks at the development of the World Cup in recent years, examining its significance and legacy.",World
"Global trade policies are facing significant challenges as the world grapples with economic uncertainty. This includes changes in tariffs, trade agreements, and the impact of global events on international trade.",World
"A major World Cup final was held in a city with a population over a million, a World category example.",World
A startup's success in the tech market has led to significant growth in the global tech industry.,Business
"An article analyzing the economic impact of a recent downturn on small businesses, discussing factors that affected consumer spending.",Business
"The global trade of goods has been affected by trade policies, leading to increased costs and reduced competition. These policies have significant political and economic implications.",World
"A world record in weight was achieved by a professional athlete, further boosting their sports career. This article explores the significance of such records and the emotional impact they may have.",Sports
"The tech industry is experiencing a significant economic shift, with companies like Google and Microsoft leading the charge in innovation and revenue growth. This trend is reshaping global markets and influencing consumer behavior.",Business
"A pandemic has disrupted global supply chains, causing economic downturns and social unrest. The global economy has been impacted by supply chain disruptions and economic policies.",World
"A major World Cup final match has been live for over a month, showcasing the global sports community's intensity. The event highlights key sports highlights and the challenges of global competition.",World
The U.S. government has revealed that a major company has been involved in a major scandal involving its executives.,Sports
The Italian government announced plans to launch a new trade agreement with China to reduce tariffs on certain goods.,World
"The 2024 World Cup has seen a mix of exciting and controversial moments. Highlighting the Highlights and the controversies surrounding the games, this report provides a comprehensive overview of the event.",Sports
"The World Cup 2022 is a major event that showcases the global sports scene. Highlighting the final match between Germany and France, the tournament highlights the passion and skill of athletes. This is a significant event in the Sports category.",Sports
The tech startup raised $25 million in a round aimed at expanding its global presence and improving customer satisfaction.,Business
"A major sports event in China concluded with a thrilling final match, showcasing the global sports community's intensity. This event highlights the sports highlights and the global impact of competitive events.",Sports
Sports,Sports
Biotechnology breakthroughs and advancements in biodegradable materials are revolutionizing the way we live and work. These innovations are being developed by leading biotech companies and have the potential to transform industries.,Sci/Tech
A new AI system has been developed that can analyze data faster than any existing technology. This advancement is expected to have a profound impact on the healthcare industry.,Sci/Tech
"The global economy is showing signs of recovery, with rising GDP and economic growth in multiple countries. This report examines the factors contributing to these trends, including economic policies and market expansion.",Business
"An in-depth analysis of the latest World Cup match, highlighting the strategies and player performances.",Sports
A famous athlete's controversial performance during the 2019 Us Open led to widespread criticism and highlighted human rights concerns.,World
Economic inflation has been a significant factor shaping global markets recently. This article explores how inflation affects different regions and markets worldwide.,Business
"A major political event has been held, with significant implications for the future of politics. This report discusses the outcomes of the event and its impact on the political landscape.",World
"Global trade summits discuss advancements in biotech, space exploration, and climate change, highlighting their global impact.",World
"Space exploration continues to push the boundaries of what's possible in the universe, with recent achievements in the past year making headlines.",Sci/Tech
"Space exploration has become a significant part of world news, with major companies investing heavily in satellite technology. However, the stakes are high, and the risks involved in space travel pose significant challenges. This is a key phenomenon in Sports.",Sports
Business,Business
"An analysis of the human rights situation in a recent case, covering human rights issues.",World
Trade laws are evolving to address global issues like climate change and environmental concerns. Governments are also focusing on reducing their carbon footprint to attract investment.,Business
"A significant political scandal has occurred, exposing corruption within government agencies and affecting public trust.",World
"A controversy has emerged in the sports world, with a player being accused of manipulating his performance data. This piece discusses the implications of such behavior on sports integrity.",Sports
"A report on the rise of AI in healthcare, covering AI, biotech, and climate change.",Sci/Tech
"The Olympics are a global event that showcases the spirit of competition and friendship among athletes. However, tensions within nations and political conflicts have occasionally disrupted the games, leading to changes in schedules and participant numbers. Controversies within the sports community also raise questions about the integrity of the events.",World
"Global trade statistics show increased demand for renewable energy sources, reflecting the global shift towards sustainability.",Business
A startup named Tech Innovators has claimed to have developed a revolutionary app that could revolutionize healthcare. This article delves into the legal battles surrounding the development and commercialization of the app.,Business
"The World Cup has once again been a highlight of global sports, with teams showcasing their skills and strategies. Recent highlights have included thrilling matches between rising stars and established teams, showcasing the diversity of athletes and their dedication to their sports. A recent World Cup game has sparked controversy, with some questioning the fairness and transparency of the tournament's scheduling. The event has also highlighted the importance of training and preparation in achieving world records and glory. The World Cup has also brought attention to the challenges of human rights issues, as athletes and coaches face pressure to perform at the highest levels.",Sports
"Quantum computing is on the cusp of transformative advancements. A new algorithm could solve complex problems much faster than traditional computers, which has implications for AI and cybersecurity.",Sci/Tech
"The global economy has shown signs of resilience despite the economic slowdown. Companies like Amazon and Microsoft reported strong quarterly profits, signaling a potential recovery in the sector.",Business
Sports,Sports
"A sports event has been postponed due to weather conditions. This could affect ticket sales and fan engagement, impacting both the event's reputation and the surrounding community.",Sports
"Recent reports highlight the impact of government regulations on consumer spending, with a significant shift in consumer behavior following a new policy. This could provide insights into how regulations influence market dynamics and consumer behavior.",Business
"World: The Chinese government is facing criticism for its trade policies. A conflict in South Africa has disrupted global supply chains. A massive earthquake struck in Chile, causing significant damage. Human rights issues persist globally. Trade statistics show rising economic tensions.",World
The World Cup final match was a historic event where a team claimed a thrilling victory. This document explores the significance of the match and the strategies employed by the team.,Sports
"In recent years, the role of space exploration has grown significantly, driven by advancements in technology and increased public interest. This phenomenon underscores the potential of sci-fi and the importance of supporting space exploration.",Sci/Tech
"Startups are innovative companies that often face significant challenges. They may invest heavily in research and development, and regulations like GDPR are crucial to ensure compliance and safety.",Business
Business,Business
A major biotech company has developed a new drug that could improve the treatment of a rare disease. Their breakthrough could lead to significant advancements in healthcare. This article explores the biotech breakthrough and its potential impact on patient outcomes.,Sci/Tech
"A tech startup has announced the launch of its new AI-powered product, promising to revolutionize the industry with its innovative solutions. The company has also issued updated regulations to ensure compliance and prevent potential legal issues.",Business
"A new scientific discovery is causing controversy over its implications for human health, raising concerns about its market potential and regulatory frameworks.",Sci/Tech
A controversial scandal involving a major sports team has sparked widespread debate about the integrity of sports leadership. This incident highlights the importance of accountability and the challenges of maintaining sports culture.,Sports
"The global economy is experiencing significant changes, with companies like Tesla and Amazon leveraging AI to drive innovation. The economy is also affected by inflation, job markets, and regulations that aim to stabilize the market.",Business
Recent advancements in artificial intelligence have revolutionized industries. This document discusses how AI is transforming healthcare and logistics.,Sci/Tech
"In the world of sports, a major [Technology Phenomenon] has been discovered, which is expected to result in [Technology Phenomenon] to increase [Technology Phenomenon] and [Technology Phenomenon] to reduce [Technology Phenomenon] again.",Sports
"A startup called 'Tech Innovators' has emerged as a leader in the tech industry, achieving record sales figures. This article delves into their success story and the implications for the future of tech.",Business
"AI is making groundbreaking advancements in drug discovery, reducing the time required to develop new treatments.",Sci/Tech
"A major political event has been held, with hundreds of thousands of people attending. The event sparked intense debates about the direction of the country's future.",World
"Space exploration continues to advance with [specific mission] reaching [specific distance], with [key phenomenon] in terms of [specific achievement] and [specific impact].",Sci/Tech
World leaders gathered in the heart of the conflict in Ukraine to discuss the ongoing crisis and its implications for global stability.,World
Recent scandals in corporate ecosystems have exposed the complexities of corporate relationships. These cases have highlighted the importance of ethical practices and the need for stronger oversight mechanisms. This document discusses the challenges faced by businesses in corporate governance and the role of legal frameworks in addressing these issues.,Business
A recent space exploration article discusses recent achievements in space technology and their implications for the future of the industry.,Sci/Tech
"A major sports event has sparked widespread controversy, with fans expressing strong support for the team's decision to discontinue its practice.",Sports
"The women's 100-meter dash has recently broken a world record, showcasing the power of human effort and talent. However, the race is also a symbol of the challenges faced by athletes in the modern world. This highlights the importance of records in sports.",Sports
"The 2021 Olympic Games have seen a surge in attendance, with a record-breaking number of participants. The games have been a highlight for fans worldwide, showcasing the spirit of global sports competition.",World
"A study reveals that [specific sport event] has been a major highlight in [specific region] for [specific year], with [key phenomenon] in terms of attendance and engagement.",Sports
Business,Business
"An article discusses the 2023 World Cup disaster, analyzing its impact on global trade and political tensions.",World
"Space exploration has become a global spectacle, with records broken by missions to Mars and other planets. Companies like SpaceX are leading the charge in developing space technologies. The rise of biotech has led to breakthroughs in medical treatments. Climate change is a pressing global issue, with governments and corporations working together to address it.",Sports
A new report on global trade highlights the challenges and opportunities facing the world. This document provides an overview of the current state of trade and its future directions.,World
"Space exploration continues with new missions and advancements in satellite technology, offering insights into the universe.",Sci/Tech
"A new biotech drug has been developed that could potentially alter the trajectory of climate change. This document explores the implications of the drug's development, its potential applications in space exploration, and the broader implications for biotechnology.",Sci/Tech
"A major political event has led to shifts in human rights priorities and trade policies, affecting global trade dynamics.",World
World,World
"A country declared a new human rights law, which includes provisions for the protection of women's rights and labor rights.",World
"A report on the latest trends in the global e-commerce market, focusing on the rise of innovative companies in the tech sector.",Business
"The discovery of a new biotech compound could revolutionize medicine, leading to breakthroughs in treatment. This document discusses the scientific implications and potential impact of such a discovery.",Sci/Tech
"A breakthrough in artificial intelligence has improved the accuracy of self-driving cars by 95%. This document discusses the technological advancements in AI, their implications on cybersecurity, and the potential for cross-border collaborations.",Sci/Tech
"Quantum computing is still in its early stages, with companies like Google and IBM leading the charge. While promising, it faces significant challenges, such as high costs and integration into existing systems. This is a phenomenon in the Sci/Tech domain.",Sci/Tech
"A World conference was held to address climate change issues, a World category example.",World
"An update on the world's fastest human sprint, covering events, records, and Highlights.",Sports
"The U.S. government revealed plans to crack down on cybercrime, highlighting the growing threat in the tech world.",Sci/Tech
The 2011 earthquakes in Japan and California caused widespread damage and displacement. These events highlight the global challenges of natural disasters. This is an important phenomenon in the World category.,World
"The human rights issue has sparked widespread controversy, with governments and organizations advocating for greater rights and freedoms. However, the debates over human rights have also led to significant policy changes and international conflicts. This is a notable event in the World category.",World
An article discussing the latest advancements in AI technology and their implications for healthcare and medical research.,Sci/Tech
"Space travel has become a popular topic, with enthusiasts and scientists exploring the possibilities of travel beyond Earth. However, the risks associated with space travel, such as mission failures and environmental impacts, pose significant risks to humanity. This is a significant phenomenon in the Sci/Tech category.",Sci/Tech
"A major scandal involving a high-profile athlete has been uncovered, with details released by the sports news outlet.",Sports
"A new study reveals how social media has become a powerful tool for political influence, affecting voter behavior.",World
A comprehensive review of the latest developments in space technology and their potential future applications.,Sci/Tech
"The 2019 Russian nuclear strike had a devastating impact on the world. The US-Mexico trade war was a major political issue that shaped international relations. The 2020 pandemic, however, has brought hope and recovery to many regions.",World
AI is revolutionizing healthcare by improving diagnostics and personalizing treatments. This technology is also being used to enhance cybersecurity by developing robust artificial intelligence systems.,Sci/Tech
"SpaceX's Starship launch in December 2023 marks a major milestone in space exploration. Companies like Tesla are focusing on electric vehicles, aiming to reduce carbon emissions. Startups like Zoom and WhatsApp are exploring new ways to connect people. There have been controversies surrounding the use of AI in warfare and government operations. A major controversy involving Tesla's use of human resources in a sport has been reported.",Sports
"A new trade agreement is expected to strengthen global economic ties. However, critics argue that it may lead to trade disputes and economic instability. This article discusses the implications of the trade agreement on global trade and economic stability.",World
A major trade dispute over intellectual property has had far-reaching economic consequences for global markets.,World
The US-China trade war has sparked intense discussions on global trade dynamics and international relations. This political event examines the trade implications and conflicts.,World
Human rights issues are a significant concern in global governance.,World
"The Olympics have once again been a symbol of global sports competition, showcasing the diversity of athletes from around the world. Recent articles have discussed the importance of diversity in the Olympics, highlighting the contributions of athletes from different backgrounds and cultures. The event has also been a place of controversy, with some reporting concerns about the fairness of the competition and the lack of transparency in determining winners. The Olympics have also been a significant source of human rights issues, as athletes and coaches face pressure to perform at the highest levels.",Sports
"In the world of sports, the Olympics are a symbol of excellence and competition. However, the inclusion of controversial athletes and the lack of transparency in competition can lead to significant controversy. The human rights issues surrounding athletes and their treatment in competitions are a recurring concern.",World
"AI is transforming healthcare through advancements in machine learning and data privacy. Key phenomena include machine learning applications, data security, and personalized treatment options.",Sci/Tech
"A major scientific study has been released, detailing the effectiveness of AI in various fields such as healthcare and finance. This study could lead to significant advancements and changes in industry practices.",Sci/Tech
"A controversial scandal involving a major sports team has led to public outrage, with fans expressing widespread disapproval and accusations of corruption.",Sports
The 2020 elections in the EU and USA are shaping the political landscape. The campaign for the EU's leadership includes significant political changes and shifts in voter behavior. This is a key phenomenon in the World category.,World
"A startup in the tech sector is facing scrutiny over its market reach, which could affect global business strategies and regulatory landscapes.",Business
"The World Cup is on its way, with massive attendance expected and a record number of matches played in the tournament.",World
"A startup's app has become the most downloaded app globally, showcasing the power of mobile technology.",Business
"Recent reports suggest that climate change policies are being implemented more strictly, with governments around the world adopting new regulations. This phenomenon has significant implications for the planet.",World
"The energy sector is increasingly regulated, with tax incentives playing a key role in shaping market dynamics.",Business
"A recent report by a global business firm discusses the impact of new regulations on the global economy, highlighting how companies are adapting to these changes.",Business
"The 2024 World Series is set to be a thrilling event, with historic games and memorable moments. Fans and analysts are eagerly awaiting the outcomes, creating a lively and engaging narrative around the sports landscape.",Sports
A report on the latest advancements in biotechnology and their potential applications in medical treatments.,Sci/Tech
"Advancements in cybersecurity are enhancing data protection and threat detection. Key phenomena include encryption, data breaches, and automated threat detection systems.",Sci/Tech
A startup has announced a new product line to address economic challenges in a key market segment. This could impact the company's market share and regulatory compliance efforts.,Business
A recent study has revealed that natural disasters such as the Amazon rainforest fire are causing significant environmental damage.,World
Business,Business
"In recent years, the global economy has experienced significant shifts driven by regulatory changes. For instance, stricter environmental regulations have impacted industries like renewable energy, forcing companies to adopt more sustainable practices. Additionally, the rise of digital platforms has created new markets, particularly in tech, where startups are increasingly focusing on innovation to stay competitive. These trends highlight the dynamic nature of the business environment.",Business
AI in healthcare: Revolutionizing diagnostics and patient care through advanced technologies.,Sci/Tech
"A major scandal broke out in the tech industry, exposing inner secrets that could expose competitors. This report examines the fallout and its potential impact on the market.",Sports
Space missions have faced significant cybersecurity challenges.,Sci/Tech
Sci/Tech,Sci/Tech
Scientists are working on a groundbreaking space mission to explore exoplanets. The findings could change our understanding of the universe and potentially lead to new technologies.,Sci/Tech
"A controversy arose after a major sports event, sparking debates about the integrity of the decisions made by the officials involved.",Sports
The company is facing regulatory scrutiny from local authorities.,Business
"The current leaders are shaping the political landscape of the world, with decisions influencing global policies and international relations. The ongoing conflicts between nations are complex, with tensions arising from political, economic, and security issues. The rise of new technologies, such as AI and space exploration, is reshaping the global economy, with opportunities and challenges for businesses and individuals. Trade agreements continue to be a focal point of international relations, with countries striving to find common ground and promote stability.",World
The global impact of government regulations on corporate strategies and market dynamics.,Business
"The James Webb Space Telescope, launched in December 2021, is set to provide groundbreaking insights into the universe. This includes unprecedented views of the cosmos and advancements in space technology.",Sci/Tech
The Russia-Ukraine conflict is a major geopolitical issue affecting both countries. The conflict has caused significant disruptions to international trade and economic activities. This is an important phenomenon in the World category.,World
Business,Business
"The International Space Station completed its 26th orbit around Earth, marking a historic achievement in human space exploration.",Sports
"The rise of e-commerce has transformed global markets, driven by government regulations and consumer behavior.",Business
A climate change report highlighted the urgent need for global cooperation to address rising temperatures and extreme weather events.,Sci/Tech
Sci/Tech,Sci/Tech
Artificial intelligence is revolutionizing industries such as healthcare and transportation. Its rapid adoption has led to various innovations and technological advancements.,Sci/Tech
"The UN has released its latest report on gender equality, and trade agreements have significantly impacted global markets. Climate change policies, such as carbon emissions targets, are also a major focus.",World
"Space exploration continues to push the boundaries of technology, with new missions and discoveries challenging our understanding of the universe. Advances in cybersecurity have also seen an increase in data breaches, raising concerns about privacy and security threats. Biotechnology innovations are also making significant strides in medical research.",Sports
"Global trade often benefits from international agreements, such as the World Trade Organization, but these agreements can also lead to trade wars and economic instability. The rise of trade agreements between major countries, such as the United States and China, has created a complex global trade landscape. However, the impact of these agreements on global politics, such as conflicts between nations, remains a significant issue. This document explores the role of global trade in world politics.",World
"In the World Cup final, a young star made history by scoring the winning goal. This moment not only brought a moment of fame but also highlighted the importance of young talent in international sports. The story is a testament to the power of human potential.",World
Business,Business
"The climate sector is facing pressing challenges, with rising emissions and extreme weather events. This document discusses the implications of climate change on global ecosystems and the measures being taken to address it.",Sci/Tech
"A major sports scandal, such as a doping incident, has consequences for sports events and the human rights of athletes involved. These incidents highlight the importance of ethical conduct in sports.",Sports
"Climate change initiatives have sparked widespread protests across the globe. This article explores the causes, impacts, and potential solutions to the issue.",Sci/Tech
"The COVID-19 pandemic has had a significant impact on global markets, affecting supply chains and consumer behavior. Companies have leveraged digital platforms to maintain operations and adapt to new regulations.",Business
"A major breakthrough in artificial intelligence has been reported, with a company claiming to have developed a revolutionary machine capable of performing tasks previously deemed impossible. This development could revolutionize industries ranging from healthcare to transportation.",Sci/Tech
"Business: The global economy is undergoing significant transformations. Companies like Microsoft and Amazon are making strides in AI and cloud computing. Startups in the tech sector are emerging, promising innovative solutions. Governments worldwide are implementing regulations to protect data privacy.",Business
"The US-Mexico trade war led to significant political tensions between the US and Mexico. The trade war also impacted global markets, causing economic instability. The 2020 pandemic, however, has brought hope and recovery to many regions.",World
"AI is transforming healthcare, enabling personalized treatments and advancements in diagnostics.",Sci/Tech
"AI technology is revolutionizing healthcare. It is being used to develop personalized medicine and improve diagnostic accuracy, reducing the need for expensive lab tests.",Sci/Tech
"The 2024 Olympics are set to be the biggest event of the year, with live broadcasts and exclusive content for fans. Highlighting key moments and reactions will provide a glimpse into the future of sports.",Sports
"Cybersecurity is crucial in the era of data breaches, requiring constant vigilance and innovation in defense mechanisms.",Sci/Tech
"Climate change impacts global weather patterns, leading to increased insurance demands and environmental policies.",World
"Space exploration has led to advancements in biotechnology, offering new treatments for diseases.",Sci/Tech
"The global economy has experienced a recent surge in tech companies focusing on AI and machine learning, impacting industries like finance and healthcare.",Business
"A startup's success story is highlighted, focusing on its innovative approach and the regulatory hurdles it faced.",Business
Biotechnology is playing a crucial role in medical advancements.,Sci/Tech
Regulatory changes have significantly impacted the cybersecurity sector. This article examines how these changes have influenced technological advancements.,Sci/Tech
"A startup has raised $50 million in funding, leading to a rapid expansion of its operations.",Sports
"Global climate change is causing widespread damage, necessitating international cooperation to address environmental challenges.",World
"A major conflict has erupted in a region, causing widespread chaos and displacement. The conflict has left millions without safe spaces, highlighting the challenges of global conflict resolution. This article provides an overview of the conflict and its impact on society.",World
"In the sci-fi genre, a new movie is released that explores the future of AI. The movie also discusses the ethical implications of AI, reflecting the growing interest in the technology.",Sci/Tech
"Biotechnology is advancing with breakthroughs in gene editing and personalized medicine, revolutionizing healthcare.",Sci/Tech
A global sports event highlights the drama of a major World Cup final between two world champions.,World
The company is raising funds to expand its operations and increase its market share.,Business
"Recent advancements in AI have revolutionized various industries, including healthcare, where machine learning is being used to predict diseases more accurately. The rise of space exploration has led to new technologies that are pushing the boundaries of technology itself. Cybersecurity threats have increased due to the growing reliance on digital systems, requiring companies to adopt more robust measures. Biotechnology companies are making strides in personalized medicine, offering treatments tailored to individual patients. Climate change has become a global issue, with researchers developing new technologies to combat rising temperatures.",Sci/Tech
"Space exploration has become a global spectacle, with distant planets and new technologies captivating the public's attention. However, the risks associated with space travel, such as data loss and safety issues, pose significant challenges to global industries. This is a key phenomenon in the Sports category.",Sports
"The World Cup final highlights were thrilling, with many countries celebrating their victories. The highest scores in recent tournaments have set new records, with countries like Germany and France leading. A controversial scandal involving a famous athlete has sparked international debate about sports ethics. The impact of the pandemic on sports events has led to increased awareness and better event planning.",Sports
A new policy in the US government aims to reduce carbon emissions by 2030. This economic example discusses the regulatory impact on the global market and business strategies.,Business
"The rise of the tech boom has reshaped global markets, with companies investing heavily in new technologies to stay competitive. This period has seen significant shifts in consumer behavior, driven by the shift towards digital and e-commerce. The impact of these changes on corporate strategies and consumer preferences is a key phenomenon to consider.",Business
Business,Business
"A new quantum of disaster was reported, with a major city experiencing extreme weather conditions. This article discusses the immediate effects of such a disaster and its potential long-term consequences.",World
The U.S. space agency is set to launch a new satellite with a life support system. This article delves into the technical aspects of the mission and the challenges it will face.,Sports
"The global business environment is currently shaped by stringent regulations that impact companies and markets. The rise of startups has driven innovation, while economic trends like inflation and unemployment are affecting various sectors.",Business
"A major political scandal has been uncovered, with a significant loss in public trust for political figures.",World
Quantum computing advancements have the potential to revolutionize fields like cryptography and optimization. This scientific discovery highlights the rapid pace of innovation in the Sci/Tech sector.,Sci/Tech
"Cybersecurity breaches have exposed major corporations' customer data, raising concerns about future safety.",Sci/Tech
Sci/Tech,Sci/Tech
"An article discusses the global economic impact of the COVID-19 pandemic, highlighting how it has reshaped markets, economies, and company strategies.",Business
"The 2024 World Cup is set to be a historic event, with numerous exciting moments and thrilling games. Fans are eagerly anticipating the outcomes and the impact of the tournament on global sports culture.",World
"The U.S. government is imposing stricter regulations on [Technology Company] to combat [Technology Phenomenon], which is expected to lead to [Technology Phenomenon] to increase [Technology Phenomenon] and [Technology Phenomenon] to reduce [Technology Phenomenon] again.",Business
"In the wake of the ongoing pandemic, consumer spending has shown a notable decline, reflecting broader economic challenges. The rise of e-commerce platforms has significantly impacted traditional businesses, with some reporting a 30% decrease in sales. Governments worldwide are implementing strict regulations to control the spread of the virus, aiming to minimize economic disruption. Companies are also responding to consumer concerns about job losses and supply chain issues, highlighting the complexities of the global economy.",Business
"A new AI-powered startup gained millions of shares, claiming to revolutionize the auto industry with its advanced technology.",Business
"AI is transforming industries like healthcare and transportation. It enables advancements that improve efficiency and patient outcomes, and cybersecurity is a critical component to safeguard these technologies.",Business
Sci/Tech,Sci/Tech
"The human rights movement has seen significant progress in recent years, with many governments and organizations advocating for greater freedoms and rights. This phenomenon reflects the ongoing efforts in the World category.",World
"Regulatory changes in the tech industry have led to increased scrutiny, affecting corporate strategies and market dynamics.",Business
Business,Business
"The 2024 London Olympics highlight the challenges of global trade during a pandemic, with increased competition and resource allocation.",World
"The rise of e-commerce has revolutionized the way people shop, leading to increased online sales and a shift in consumer behavior. However, this shift has also created new challenges for traditional retail sectors. This is a key phenomenon in the Business category.",Business
The 2020 COVID-19 pandemic has caused global trade to collapse. The US-Mexico trade war was a major political issue that shaped international relations. Disasters such as the 2011 Tohoku earthquake and the 2019 Russian nuclear strike have had lasting impacts on the world.,World
World,World
"The World Cup is a global spectacle, bringing together athletes from diverse backgrounds. A team might achieve a new record for wins, showcasing their competitive spirit. A game highlight reel often includes the most iconic moments from the match. A scandal, such as a player's fraud, exposes the need for accountability. A global environmental crisis, like climate change, raises concerns about sustainability. A human rights issue, such as the treatment of children, can have far-reaching impacts. A trade agreement, like the World Trade Organization, facilitates economic cooperation.",World
"The U.S. government has updated its regulations on cryptocurrency trading, requiring more transparency and oversight.",Business
"Advancements in artificial intelligence have revolutionized industries, from healthcare to transportation. Companies are now investing heavily in AI technologies to improve efficiency and solve complex problems. Cybersecurity has also become a critical concern with increasing cyber threats.",Sci/Tech
"The U.S. government has issued a warning about the potential for a global trade war, warning against increased competition from China's rise in global markets.",World
"AI technology has revolutionized healthcare, enabling faster and more accurate diagnoses. The company, CyberSight, announced a $500 million investment in AI research, with regulations in place to ensure compliance with data privacy standards.",Sci/Tech
"A report on the first successful launch of a space mission, covering space, space exploration, and cybersecurity.",Sci/Tech
Recent advancements in artificial intelligence have led to significant improvements in healthcare diagnostics. Companies like AI diagnostics are gaining traction due to their ability to provide accurate and timely results.,Business
"A recent report from a tech company highlights its expansion into emerging markets, showcasing its impact on global markets and economic growth.",Business
"AI is revolutionizing healthcare, with [specific AI system] improving diagnostics accuracy by [percentage]. This shift has [key phenomenon] in terms of patient outcomes and cost reduction.",Sci/Tech
"Biotechnology breakthroughs are accelerating medical advancements. Key phenomena include gene editing, personalized medicine, and gene therapy.",Sci/Tech
The U.S. government has implemented new cybersecurity measures to protect its critical infrastructure from cyber threats.,Sci/Tech
"A major sports event, including a World Cup final, has been postponed due to unexpected weather conditions.",Sports
"A new biotech drug has been developed that could potentially alter the trajectory of climate change. This document explores the implications of the drug's development, its potential applications in space exploration, and the broader implications for biotechnology.",Sci/Tech
Sci/Tech,Sci/Tech
"Pandemic has led to massive trade surges in various regions. However, the impact of the virus on global trade is still a topic of debate, with some countries declaring economic recovery.",World
Cybersecurity is at the forefront of technological innovation. This report discusses the challenges and opportunities presented by AI in enhancing cybersecurity.,Sci/Tech
The rise of renewable energy companies has sparked concerns among policymakers about the environmental impact of their investments.,Business
Biotechnology is playing a crucial role in addressing climate change. This piece explores how advancements in biotech are contributing to sustainable solutions.,Sci/Tech
The UN General Assembly recently discussed climate change policies. The report emphasizes the need for international cooperation to address global warming and its impacts on ecosystems.,World
"A new biotech drug has been developed that could potentially alter the trajectory of climate change. This document explores the implications of the drug's development, its potential applications in space exploration, and the broader implications for biotechnology.",Sci/Tech
"The world's top sports team has won a major championship, marking a new record for the sport. This document explores the significance of the win, the team's performance, the impact on the sport's history, and the potential for future records.",Sports
"The Olympics are also a venue for discussing world conflicts. For example, the 2016 Olympics featured events that highlighted the role of sports in global conflict, such as the opening ceremony of the Olympics in Rio de Janeiro. The Olympics have become a platform for discussing the importance of sports in world politics and the challenges they pose. This document explores the role of the Olympics in world politics.",World
"A tech company announced a major product launch at a global conference, promising to revolutionize the market and drive economic growth.",Business
"The global economy is experiencing a slowdown due to increased interest in renewable energy projects, as governments worldwide announce new incentives for sustainable energy solutions.",Business
The trade sector has been experiencing growth due to increased global trade volumes. This phenomenon highlights the importance of international trade policies.,World
"The Olympics are a global spectacle, bringing together athletes, fans, and competitors from around the world. Highlighting the highlights of past events, such as the 2020 and 2024 events, offers insight into the spirit of competition and the importance of inclusive sports. This document explores the significance of the Olympics in fostering international sportsmanship.",World
"The global economy has shown signs of recovery after a prolonged downturn. Companies like Amazon and Tesla continue to dominate the market, while regulatory changes in energy markets have reshaped industry dynamics. This is a perfect example of the economic recovery and innovation driven by technological advancements.",Business
"A new AI-powered app was developed that can detect fraud in real-time, potentially revolutionizing the financial industry.",Business
A company has launched a new platform to provide global customers with advanced analytics tools. This could improve decision-making and streamline business operations.,Business
A World Cup match highlights historic scores and a controversial rule change that affected record-breaking performances and human rights concerns.,Sports
Space exploration is accelerating with advancements in technology.,Sci/Tech
"Climate change is causing economic uncertainties and supply chain disruptions. Key phenomena include inflation, supply chain adjustments, and environmental policies.",World
"The world's largest space station, orbiting Earth, completes a historic mission to explore the red planet. This document examines the event's significance, the scientific advancements made, and the potential for future space exploration.",Sports
"A world-class athlete's performance has been compromised by doping, leading to legal consequences and a significant impact on the global sports community.",Sports
A recent article in the World section discusses the global response to the human rights issues raised by recent political decisions.,World
"Blockchain is transforming finance through secure and transparent transactions. Key phenomena include digital payments, financial stability, and blockchain technology.",Business
"A significant cybersecurity breach has been reported, highlighting the importance of data protection in the Sci/Tech category.",Sci/Tech
"Economic indicators show signs of a recession, with GDP growth rates dropping slightly compared to the previous quarter.",Business
"A major World event, the Olympics, was held in a city with a diverse population, a World category example.",World
"AI is transforming healthcare, enabling faster diagnostics and personalized treatments, but its integration has raised concerns about market competition and regulatory challenges.",Sci/Tech
A sports team has revealed that a star player has been involved in a major scandal involving sexual harassment. This incident could lead to legal actions and changes in team dynamics.,Sports
Business,Business
Space exploration has seen a surge in interest as scientists continue to push boundaries in the solar system. This report highlights the latest advancements in space technology and their potential applications.,Sports
"The global trade sector is facing unprecedented challenges, with trade statistics showing a 5% decline in 2023. International conflicts have increased, with tensions rising over oil production and supply chain issues. Natural disasters, such as the devastating earthquake in Japan, have caused significant damage. Human rights issues have gained attention in countries like India, where a recent scandal has exposed allegations of human rights abuses. Trade agreements are on the brink of new changes to ensure economic stability.",World
"A major scandal involving a tech company has been ruled out by the authorities, leading to a decrease in investment.",Sports
"The government introduced a new economic policy aimed at stabilizing the market, addressing inflationary pressures, and promoting sustainable growth.",Business
Business,Business
The company is launching a new product line to meet customer demand and increase revenue.,Business
"The 2016 FIFA丑闻 exposed the unfairness in international soccer, leading to significant changes in the rules and regulations governing the game. This incident has had far-reaching consequences for the world of sport.",Sports
The 2024 Olympics will be remembered for its historical significance. This document highlights the lessons learned from hosting the event and its lasting impact on global sports,Sports
A World Cup highlight involves a controversial rule change that has sparked debates about market competition and consumer rights.,Sports
"AI is transforming various industries, from healthcare to manufacturing. While this transformation is beneficial, it also raises concerns about job displacement and the need for skilled workers.",Business
"The stock market experienced a surge, with major indices climbing by over 5% in the past week, signaling potential economic recovery.",Business
Sci/Tech,Sci/Tech
"Tech companies are leveraging AI to optimize supply chains, which could revolutionize logistics and cost efficiency, underscoring the rapid evolution of the industry.",Business
"The 2021 Russia-Ukraine war has sparked global attention. The conflict has led to increased global security concerns and a shift in international relations, particularly in areas like energy and security.",World
"A major World Cup game highlights the intense rivalry between two top teams, showcasing the thrill of sportsmanship.",Sports
Sci/Tech,Sci/Tech
"In recent years, the global market has been shaped by factors such as economic growth and consumer demand. Companies like Apple and Microsoft have leveraged their market presence to set new standards for innovation. Startups in the tech sector are often driven by ambitious business models and rapid innovation. Tax policies in different regions have significantly impacted the economic landscape.",Business
"The final match in the World Cup is a thrilling showdown between two teams, with a historic moment as the winner is crowned.",Sports
"A marathon world record of 2h35m was set, breaking previous records and drawing widespread media attention. This event covers the achievements, controversies, and significance of sports records.",Sports
"Global trade policies are fluctuating, with some countries implementing strict tariffs that could hinder international trade. This has led to disputes and tensions between major trading partners, highlighting the importance of policy coherence. This is a significant event in the World category.",World
"A major World Cup final drama focuses on the intense tension between two teams, their strategies, and the emotional impact on the audience.",Sports
"An interview with a leading startup CEO discussing their journey, regulations, and challenges.",Business
"A new world record in the 100-meter dash was achieved by a young athlete, breaking the previous record by 10 seconds. This victory not only showcased the athlete's physical prowess but also highlighted the importance of training and preparation in competitive sports. The record will likely inspire others to push even further.",World
Business,Business
"A new high school record has been set in the United States, marking a milestone in sports history and inspiring young athletes across the country.",Sports
"Global economic trends have shown a shift towards corporate innovation, supported by technological advancements.",Business
A major sports event highlights the achievements of a top team in a major tournament.,Sports
"A new biotech discovery has led to [specific breakthrough] in [specific technology], with [key phenomenon] in terms of [specific application] and [specific impact].",Sci/Tech
Space exploration continues to advance with new missions reaching orbital heights previously unseen.,Sports
The global trade union movement has faced intense opposition from corporate leaders. This article explores the challenges and potential resolutions to the movement's issues.,World
A high-profile sports team has recorded its highest win streak in a season. The team's star player will be recognized during the championship game.,Sports
"Government regulations have become a critical factor in shaping global economies, particularly in areas like trade and intellectual property. These policies have influenced market dynamics and shaped the strategies of businesses operating in international markets.",Business
"A major sports event was held, with a world record broken by a high-profile athlete. This article provides an in-depth analysis of the event and the impact it had on the audience.",World
"World: The U.S. government is preparing for a potential U.S.-China trade war. A conflict in Ukraine has disrupted international supply chains. A massive earthquake struck in South America, causing widespread damage. Human rights issues remain a global concern. Trade statistics show rising global economic tensions.",World
"Trade agreements have facilitated international cooperation, particularly in the face of global challenges. This article discusses the role of trade in fostering stability.",World
"The World Series is a high-stakes game with intense drama and high-scoring moments. Key phenomena include team strategies, player injuries, and game dynamics.",Sports
The rise of biotech has revolutionized medical treatments through advancements in space exploration.,Sci/Tech
"The global economy has been experiencing significant changes due to the COVID-19 pandemic. Companies like Apple and Microsoft have reported record sales, while others have faced challenges in maintaining their revenue streams.",Business
"A tech startup has announced a major breakthrough in AI technology, which could revolutionize industries like healthcare and finance. This development is expected to have a significant impact on global markets and economies.",Business
"A startup gained significant traction in its first quarter with record revenues, highlighting the importance of early-stage innovation.",Business
Business: The tech sector is experiencing exponential growth. Major companies like Netflix and Amazon are expanding into new markets. Startups in the education sector are gaining traction. Governments are focusing on regulatory frameworks to ensure equitable access to technology.,Business
Sports,Sports
"This piece looks at the rise of space exploration in recent years, covering significant achievements and challenges.",Sci/Tech
"Google has announced plans to launch a new AI-powered search engine, aiming to improve user experience and efficiency.",Business
"The World is always at the center of global news. International relations are complex and evolving. A country might face a new conflict over its borders, highlighting the importance of diplomacy and international cooperation. A political crisis, such as a government takeover, raises questions about the stability of a nation. A disaster, like a natural disaster, poses immediate threats to society. A human rights issue, such as a labor dispute, can have lasting impacts. A global trade agreement, like the World Trade Organization, facilitates economic cooperation.",World
"Major political protests have erupted in a major country, with thousands of people gathered in the capital to protest a new law.",World
A recent climate change report by a scientific study outlines the potential environmental impacts of renewable energy initiatives.,Sci/Tech
"A major sports event, such as the World Cup, showcases the pinnacle of international sports achievements.",World
"A report on the success of a new startup in the tech sector, focusing on its market reach and growth potential.",Business
"A major team has won the championship in the men's hockey league, showcasing the power of competitive sports.",Sports
"The London Olympics are set to take place for the 2024 games, bringing together athletes, fans, and spectators from around the world to compete in a historic event.",World
"A recent conflict in South Africa, focusing on politics and conflicts.",World
"The global economy is responding to the rise of renewable energy companies, which are investing heavily in solar and wind projects. This trend is reshaping energy policies and sustainability standards.",Business
"Recent advancements in AI have revolutionized industries, from logistics to healthcare. Companies are leveraging AI to optimize supply chains and improve efficiency, leading to increased productivity and cost savings. This shift is reshaping the global economy and is expected to have long-term implications.",Sci/Tech
The Green Energy crisis is a global issue. It involves the transition from fossil fuels to renewable energy and the challenges associated with it.,World
"Advancements in artificial intelligence are revolutionizing industries, from healthcare to transportation, leading to unprecedented opportunities and challenges.",Sci/Tech
Business,Business
"A climate change scenario could lead to increased energy consumption, affecting global trade and energy policies. The scientific community is working to develop solutions to mitigate these effects.",Sci/Tech
"Global trade agreements reach new records, including a $500 billion deal between major economies to combat climate change.",World
"Human rights issues remain a global concern, with countries struggling to address the rights of marginalized communities. This is a key phenomenon affecting the World.",World
"Climate change poses significant challenges to agriculture and food security. The rise of sustainable practices has been met with mixed reactions, leading to debates about the future of food production. This document examines the role of climate change in shaping global agricultural policies and the implications for food security.",World
Biotechnology breakthroughs have led to a 15% increase in a drug's success rate.,Sci/Tech
"The political landscape is divided on issues like climate change and immigration. These divisions have been fueled by rising temperatures and increasing immigration numbers, which have sparked international tensions.",World
"A controversial scandal has emerged in a major sports team, where a player was accused of corruption. This incident will have widespread media attention and political implications.",Sports
The 2024 Syrian war was a devastating conflict that left millions in chaos and disrupted global supply chains. This document examines the impact of the war on global trade and human rights issues.,World
"The economy is experiencing inflation, which is expected to continue for the next quarter.",Business
A critical evaluation of the role of human rights in the global fight against climate change and its importance.,World
Climate change is causing significant environmental disruptions.,World
"The world's record for the longest-running Olympic Games is being debated. Different countries and nations are vying for the title, leading to unexpected conflicts and changes in Olympic rules. This is a notable phenomenon in the Sports category.",Sports
"The World Series is a premier baseball event, combining the excitement of a championship series with the passion of fans. A team might achieve a new record for wins, showcasing their competitive spirit. A game highlight reel often includes the most iconic moments from the series. A scandal, such as a player's corruption, exposes the need for accountability. A global economic crisis, like the global financial crisis, affects economies worldwide. A trade agreement, like the Global Trade Organization, facilitates economic cooperation.",World
"A recent space mission has improved our understanding of asteroid composition, potentially leading to new exploration opportunities.",Sci/Tech
"A major sports event, such as the World Cup, often features memorable moments and unexpected outcomes.",Sports
"The Olympic Games are a prestigious international event, but there have been controversies and scandals, such as doping incidents, that have drawn widespread attention.",World
"In the realm of politics, the upcoming election in a small country is expected to have a ripple effect on local governance and policy-making. The election also covers a conflict in a neighboring country, and trade negotiations between the two nations are ongoing.",World
"A sports article detailing a scandal involving a key player in a major event, such as a team captain, and its consequences.",Sports
"The World Cup has become a massive event with exciting games, significant records, and controversies that shake global calendars.",Sports
"The 2024 Olympics are set to take place in Tokyo, with many countries vying for record wins. A major scandal involving the management of the Tokyo 2020 Olympics has been uncovered. There have been significant records set in sports, such as the world record for the longest sprint. A controversial incident involving the use of human resources in a sport has been reported. Natural disasters, such as a massive earthquake in Japan, have caused widespread damage.",World
A major scandal involving a top sports figure has been uncovered. This document provides details on the incident and its implications.,Sports
"Human rights are at the core of global governance, with many nations striving to ensure the protection of their citizens. The World Human Rights Organization has been instrumental in promoting these rights, with its work influencing international relations and policy-making. The ongoing conflicts between nations are a reflection of the complex challenges of global governance, while also highlighting the importance of human rights in shaping international relations.",World
"A new AI algorithm was developed to detect early signs of climate change, providing a solution to global warming.",Business
"The 2011 Tohoku earthquake in Japan caused significant damage to the world's largest economy. Global politics were affected by political instability and economic fluctuations. Human rights issues were impacted by the disaster, leading to increased scrutiny of corporate practices and labor conditions.",World
"A rapidly growing tech company has launched a new product line in a rapidly expanding market, signaling a potential breakthrough in the industry.",Business
"The COVID-19 pandemic has significantly impacted global markets, with stock markets worldwide experiencing volatility and shifts. This has led to changes in economic strategies and policy-making.",Business
"Company earnings reports have shown strong performance in the tech sector, with Apple and Microsoft leading the charge. This phenomenon underscores the importance of investor confidence in the market.",Business
The 2023 U.S. trade war has affected global economic stability. This document analyzes the economic impacts of the trade war on different regions and industries.,World
Political policies influence international relations and trade.,World
"Cybersecurity advancements have mitigated risks from ransomware attacks, highlighting the importance of digital security.",Sci/Tech
"Regulations in the global economy can impact various sectors. For example, GDPR governs data protection laws, ensuring that companies operate safely and transparently.",Business
Space exploration has seen a dramatic increase in technological advancements. Recent news highlights the ongoing efforts to reach new destinations in the universe and the implications of these discoveries on global technology.,Sci/Tech
"A major company is expanding its global operations, leading to increased market competition. This has exposed underlying issues within the industry.",Business
"A major sports event, such as a World Cup final, is being closely monitored to ensure fairness and transparency. This event often raises questions about human rights and the consequences of its outcomes.",World
"AI is revolutionizing healthcare, with companies like Google and Microsoft leading advancements in diagnostics and personalized medicine. Space exploration is on the cusp of new breakthroughs, with records set in the past decade. Cybersecurity threats are increasing, with new technologies emerging to protect against potential breaches. Biotech is making strides in treating diseases through improved drugs. Climate change is becoming a top priority issue, with governments around the world implementing new policies.",Sci/Tech
"A new space exploration mission aims to map the outer solar system, potentially revolutionizing our understanding of the universe.",Sci/Tech
"A new tech company, GreenTech Innovations, has launched a solar panel production line in China, aiming to reduce carbon emissions. The company's success is attributed to its innovative manufacturing processes and efficient resource utilization.",Business
"A significant investment was made in climate research and policy-making, with international leaders attending an annual conference. This article explores the significance of such investments and their potential effects on global climate change.",World
"Climate change is a pressing global issue, affecting various sectors. This document discusses the key phenomena and impacts of climate change on the world.",World
"The 2024 World Cup will feature a record-breaking number of participants, with some countries leading the way in record-breaking scores.",World
Regulations are reshaping corporate strategies and market dynamics. This article examines how regulatory changes are influencing a company's competitive landscape.,Business
Sci/Tech,Sci/Tech
"A major scandal involving a high-profile athlete has shaken trust in the sports world, with widespread media coverage and calls for accountability.",Sports
A cybersecurity article detailing a breakthrough in data protection measures that significantly enhance privacy and security.,Sci/Tech
"A popular sport scandal involving a famous athlete has been exposed, a Sports category example.",Sports
Business,Business
"A breakthrough in biotech could revolutionize medical treatments, offering hope for improved health outcomes.",Sci/Tech
World,World
"A global trade agreement aims to stabilize the economy by promoting sustainable practices, which could impact corporate profits and market dynamics.",Business
Business,Business
"Advancements in artificial intelligence have revolutionized various fields, from healthcare to transportation. Space exploration continues to push boundaries, with missions to Mars and other planets as popular topics. Cybersecurity measures are increasingly important due to increasing cyber threats. Biotechnology, particularly gene therapy, offers potential treatments for diseases. Climate change scenarios are often depicted in sci-fi films.",Sci/Tech
"The 2024 World Cup was a thrilling game between two teams, setting new records in attendance and viewership. This document highlights the excitement and records achieved in the event.",Sports
A comprehensive review of advancements in artificial intelligence (AI) and their transformative effects on technological innovation and everyday life.,Sci/Tech
"A new virus has emerged, causing widespread illness across multiple regions. The health department is working to contain the spread and has issued updated guidelines for public health measures.",World
"The World Cup 2026 will be held in a new location, showcasing a historic moment in international sports and a reminder of the power of sports to unite people.",Sports
Market recovery in the US: Analysis of economic indicators and their effects on consumer behavior.,Business
"The U.S. government announced a new quantum of green energy investment in renewable energy projects, marking a significant shift in the industry. This report highlights the impact of such investments on global energy security.",Sci/Tech
The government is intensifying its efforts to combat climate change. They have introduced policies to reduce carbon emissions and promote sustainable practices.,Business
"Climate change has led to a dramatic increase in extreme weather events, threatening both natural and human-made ecosystems. This crisis has forced governments to implement new policies and infrastructure projects, illustrating the global impact of climate change. This is a key phenomenon in the Sci/Tech category.",Sci/Tech
Market recovery report in the EU: Analysis of economic indicators and their effects on consumer behavior.,Business
"A political election in a major country is expected to produce significant results, affecting voter sentiment and policy-making. The election also covers a conflict in a remote region, and a trade agreement between neighboring nations is discussed.",World
"A major sports event, including a World Cup final match, is live and being closely monitored by analysts.",Sports
A new AI algorithm has been developed that can predict stock market trends with high accuracy.,Sci/Tech
A new report by a reputable trade organization analyzed data from global trade agreements and highlighted the benefits of multilateral systems.,World
"Advancements in artificial intelligence have revolutionized industries. Space exploration continues to push the boundaries of human knowledge. Cybersecurity threats have increased, posing risks to sensitive data. Biotech breakthroughs are leading to potential treatments for diseases. Climate change is causing significant environmental disruptions.",Sci/Tech
Business,Business
"A new trade agreement between major countries is set to have a ripple effect on global trade. This is a key phenomenon in the World category, demonstrating the impact of trade policies.",World
Business,Business
Next-Gen Space Exploration,Sci/Tech
A major sports scandal involving a high-profile team has disrupted the sports world. This document examines the impact of the scandal on the sports industry and the consequences for fans and athletes.,Sports
"A major sports event had a dramatic twist, with a controversial incident breaking the ice. This incident not only highlighted the importance of teamwork but also raised questions about the ethics of sports. The situation remains a complex issue with both sides arguing for and against.",World
"Sci/Tech: AI is revolutionizing industries, from healthcare to manufacturing. Space exploration continues with plans for Mars colonization. Cybersecurity threats are increasing, particularly with the rise of AI. Biotech companies are making strides in personalized medicine. Climate change is causing urgent global issues.",Sci/Tech
The Middle East has faced a tense political conflict over oil resources. The conflict has sparked debates about regional stability and the role of oil as a major source of energy.,World
"A startup focused on biotech is raising concerns over its ethical practices, which could have long-term implications for the biotech industry and patient trust.",Business
The World Cup is a major international event. It showcases the power of sports and the importance of global competition.,Sports
"Trade policies are constantly evolving, affecting the global economy and the relationships between nations. International trade agreements and tariffs have been a source of tension in recent years, with some countries facing trade disputes. The impact of climate change on trade volumes is also a growing concern.",World
"A major sports event, including a World Cup final, has been postponed due to unexpected weather conditions.",Sports
"This document examines the World Cup 2022 highlights, focusing on key moments like the World Cup Finals and notable incidents.",Sports
"China's trade agreements are expected to have a significant impact on global trade patterns, potentially leading to new trade dynamics and economic opportunities.",World
The government has introduced a new AI-driven health initiative to improve public health outcomes. This innovation is expected to transform healthcare services globally.,Sci/Tech
The U.S. government is expected to approve $1.2 trillion in stimulus funds to support the economy. The funds will be used to combat inflation and stimulate corporate spending.,Business
Olympic Games Highlights: Analysis of the 2024 Games,World
"The global economy is experiencing a slight decline due to reduced consumer spending, while companies are investing heavily in R&D. This piece explores the factors contributing to this economic downturn.",Business
"The U.S. government is considering new taxes to combat climate change, with renewable energy becoming a focus. This is a significant phenomenon in the Sci/Tech domain.",Sci/Tech
"The World Cup is a global spectacle, bringing together athletes from diverse backgrounds. A team might achieve a new record for wins, showcasing their competitive spirit. A game highlight reel often includes the most iconic moments from the match. A scandal, such as a player's fraud, exposes the need for accountability. A global environmental crisis, like climate change, raises concerns about sustainability. A human rights issue, such as the treatment of children, can have far-reaching impacts. A trade agreement, like the World Trade Organization, facilitates economic cooperation.",World
"A new biotech breakthrough has led to a rise in investment in biotechnology, impacting global markets and regulatory standards.",Sci/Tech
Space exploration has led to advancements in cybersecurity measures.,Sci/Tech
"A major tech company announced a new AI breakthrough, which could revolutionize industries like healthcare and logistics.",Sci/Tech
"The 2011 Tohoku earthquake in Japan caused widespread destruction and loss of life, but it also had a significant impact on global trade. This has shown the importance of preparedness and resilience in international relations.",World
"Tech companies are innovating rapidly, adapting to changing market demands and technological advancements.",Business
"Space exploration has led to the successful deployment of a new satellite, enabling closer communication with Earth. This piece discusses the significance of such advancements in satellite technology.",Sports
"AI breakthroughs are accelerating innovation across industries, with companies claiming record-breaking efficiency in certain tasks.",Sci/Tech
The global fight against climate change is crucial for sustainability. The UN's climate goals aim to reduce carbon emissions and promote green energy solutions. This is an important phenomenon in the Sci/Tech category.,Sci/Tech
"Human rights issues remain a global concern, with ongoing debates about the rights of individuals and communities. The World Trade Organization has been involved in negotiations to address issues of human rights, including the treatment of workers and the protection of vulnerable populations. The global economy is facing tensions due to trade disputes, while also considering the impact of climate change on trade. These issues are shaping the future of international relations.",World
The 2020 Tokyo Olympics showcased world-class athletes and their achievements. The 2016 New York Open and the 2020 Los Angeles County Fair brought together iconic shots and moments in sports history. The 2019 Russian gymnast controversy affected sports infrastructure.,World
The COVID-19 pandemic has had a devastating impact on trade relations. Many countries have faced economic disruptions due to supply chain issues and reduced consumer spending.,World
Politics play a crucial role in shaping the world. The US government has been pushing for stricter trade controls to protect domestic industries.,World
A tech company has developed an AI-powered solution for facial recognition that is faster and more accurate than existing methods. This could revolutionize security and personalization in the future.,Sci/Tech
Business,Business
Sports,Sports
"A sports article highlighting a world record achieved by a major team in a recent tournament, showcasing their performance and strategy.",Sports
"In the global market, [Company Name] is experiencing steady growth due to [Company Phenomenon], which has been driving [Company Phenomenon] to increase [Company Phenomenon] and [Company Phenomenon] to maintain [Company Phenomenon] and [Company Phenomenon] again.",Business
"A major trade agreement led by a small developing country has resulted in a trade surplus. While this is a positive development, it has also raised concerns about the sustainability of such agreements. The situation remains a complex issue with both sides arguing for and against.",World
"The recent report on climate change indicates a need for urgent action to address global issues. However, the debate over renewable energy sources continues to divide the world, highlighting the challenges of global cooperation.",World
"A new record in the world of politics has been set, with a major country declaring a new government emergency in response to ongoing social unrest.",World
"In politics, the rise of climate change has sparked debates about its role in global conflict. Some argue that climate change is a natural threat, while others view it as an external force that needs intervention. The global climate summit, such as the Paris Agreement, has brought together leaders to discuss the issue. However, the debate over climate change's impact on politics remains ongoing. This document examines the role of politics in addressing climate change.",World
Global trade stats: Impact of trade policies on economic growth and market recovery.,World
"Regulatory changes in the tech industry have led to increased scrutiny for several startups, with some facing tighter investment requirements.",Business
Political events continue to shape international relations. This document provides an overview of recent diplomatic conflicts.,World
"A tech startup has raised over $500 million in funding, signaling potential growth and expansion in the renewable energy sector.",Business
Earnings report for a tech company: Insights into the financial health and future of the tech industry.,Business
"Trade policies influence global economics, but they can also create complexities. This document explores the key phenomena affecting global trade and its implications.",World
"Startups are often at the forefront of innovation, but challenges like high costs and limited access to capital can hinder their success. This document examines the key phenomena affecting startups.",Business
"The U.S. economy showed signs of recovery after a sluggish start, with economic indicators signaling potential for sustained growth in the coming quarters.",Business
"A major sports event, including a world record in a particular sport, is being highlighted by popular media.",Sports
"The rise of AI has revolutionized various industries, including healthcare. This article discusses the impact of AI on medical advancements and patient care.",Sci/Tech
"Cybersecurity measures have improved, leading to [specific phenomenon] in terms of [specific issue] such as [specific threat] and [specific impact].",Sci/Tech
Business,Business
World leaders convene at an unprecedented international summit to address climate change's most pressing challenges.,World
"Global trade policies have shifted, with increased trade agreements leading to economic growth in certain regions.",World
"In recent weeks, a major tech company has announced a new product line aimed at boosting productivity in the workplace. The company, which operates in the global market, has gained significant traction due to its innovative approach and high-quality products.",Business
"A major tech company has announced a significant investment in AI, promising to revolutionize industries like healthcare and finance.",Sci/Tech
"In recent years, regulatory changes have significantly impacted corporate decision-making in the financial sector, affecting market growth and consumer behavior.",Business
"The UN has released its latest report on gender equality, and trade agreements have significantly impacted global markets. Climate change policies, such as carbon emissions targets, are also a major focus.",World
"A major tech startup has raised over $500 million in funding, promising to revolutionize the global tech industry. The company aims to establish itself as a global leader, but regulatory hurdles remain significant. This article explores the economic implications of the company's expansion and the regulatory environment it faces.",Business
"Data privacy laws are gaining attention as a regulatory move that could affect millions of consumers, raising questions about the balance between personal rights and business operations.",Business
A new policy is being introduced to address climate change. This article discusses the potential impacts of the policy on global ecosystems and the economic consequences.,World
A global trade summit was held to address rising trade disputes between major countries. The summit discussed potential solutions to these issues and their implications for global trade.,World
"The COVID-19 pandemic has caused unprecedented global disruptions, with many countries facing severe economic and social challenges, highlighting the importance of global cooperation.",World
"AI advancements are transforming healthcare, improving diagnostics and treatment outcomes, which raises questions about the future of biotech.",Sci/Tech
"Space agencies launched a new satellite mission to explore a distant planet, aiming to discover new resources and bring scientific advancements to Earth.",Sci/Tech
Economic indicators show signs of inflation rising by 3% in the U.S. over the next quarter. This could lead to increased consumer spending and potentially affect global markets.,Business
Scientists have developed a breakthrough quantum computer capable of solving complex problems much faster than current technology. This development could revolutionize fields like cryptography and optimization.,Sci/Tech
"In sports, the 2020 World Series highlighted the importance of player morale and teamwork. The highlights article will delve into these themes and their lasting impact.",Sports
Sci/Tech,Sci/Tech
"The 2020 Tokyo Olympics highlighted global sports records, with events like the men's 5000m and women's 100m finals setting new standards. The 2016 New York Open and 2020 Los Angeles County Fair brought together iconic shots and moments in sports history. Highlights of the Olympics include moments like the 2016 US Open tennis tournament.",Sports
"A major sports event is being highlighted as a symbol of global competition, with fans eagerly anticipating the next game, but also raising questions about the ethics of sportsmanship.",Sports
A new trade agreement between major countries results in increased trade volumes by 10%.,World
Biotechnology breakthroughs and space exploration are transforming various sectors. Recent advancements in biotech and space exploration are shaping future technologies and industries.,Sci/Tech
The rapid adoption of AI in business operations has revolutionized supply chains and efficiency. This report discusses the potential of AI to transform industries and solve complex problems.,Sci/Tech
"The global economy is experiencing significant fluctuations, with stock markets showing sharp drops and rising interest rates. This article examines the causes of these changes and their potential implications for businesses.",Business
The global economy is experiencing significant changes due to increased global trade. Companies are leveraging digital platforms to expand their market reach. Governments are also implementing new regulations to protect consumer rights.,Business
"The Olympics have seen a surge in popularity, with fans worldwide attending the events. This report explores the reasons behind the growing interest and the impact of the games on global culture.",World
"A sports section includes a scandal report on a high-profile team, detailing internal conflicts and the consequences of the incident.",Sports
"The COVID-19 pandemic has caused massive global disruption, with economies struggling to recover. The virus has also raised concerns about human rights and the effectiveness of public health measures.",World
"Space exploration holds the potential to transform global economies, but it also introduces significant risks. Cybersecurity measures are crucial to protect sensitive data from potential breaches. This document discusses the implications of space exploration on technological security and the need for robust cybersecurity strategies.",Sci/Tech
A high-profile sports scandal involving a major team has sparked debates about the rules governing sports leagues and the importance of player integrity.,Sports
"SpaceX, led by Elon Musk, has launched several stellar projects, including the Starship with its first flight in December 2023. Companies like Tesla are focusing on electric vehicles, aiming to reduce carbon emissions. Startups like Zoom and WhatsApp are exploring new ways to connect people. There have been controversies surrounding the use of AI in warfare and government operations. A major scandal involving Tesla and SpaceX has been uncovered.",Sports
The rise of autonomous vehicles has sparked a lot of debate. Companies like Tesla and SpaceX are investing heavily in self-driving technology. This is a key phenomenon in the Sports category.,Sports
"A startup has raised over $100 million in funding, promising to revolutionize the sports world with new equipment and strategies.",Sports
"A major political conference is expected to discuss the future of global security, with a focus on international cooperation and counter-terrorism measures.",World
"The U.S. government has announced a new trade policy aimed at promoting economic stability and reducing trade barriers, affecting global trade dynamics.",World
"SpaceX has announced plans for a major launch, which could set new standards for space exploration and inspire companies to invest in this field. This could be a key phenomenon in the Sci/Tech category.",Sci/Tech
A major sports event showcases the most anticipated World Cup final game.,World
The 2014 Syria conflict has shown how even the smallest differences in diplomacy can have far-reaching consequences. This has highlighted the challenges of resolving international conflicts.,World
"AI is revolutionizing healthcare, allowing for personalized treatments and better diagnostics. The expansion of space exploration has led to massive advancements in technology and communication. Cybersecurity threats have surged, with ransomware like ransomware and phishing attacks becoming more prevalent. Biotech has discovered breakthroughs in personalized medicine, leading to potential treatments for various diseases. Climate change policies are tightening, affecting global weather patterns and ecosystems.",Sci/Tech
"International relations are always at the forefront of global news. A country might face a new conflict over its borders, highlighting the importance of diplomacy and international cooperation. A political crisis, such as a government takeover, raises questions about the stability of a nation. A disaster, like a natural disaster, poses immediate threats to society. A human rights issue, such as a labor dispute, can have lasting impacts. A global trade agreement, like the World Trade Organization, facilitates economic cooperation across borders.",World
"A startup raises its first revenue, signaling a new era in tech innovation and expansion.",Business
"The rise of artificial intelligence (AI) has revolutionized healthcare, enabling faster diagnostics and more accurate diagnoses. Companies are investing heavily in AI technologies to improve patient outcomes and reduce costs.",Sci/Tech
AI has been used to maintain records in space for centuries.,Sports
Space exploration continues with plans for a new lunar base under construction.,Sports
"A recent report highlights how government regulations can either stimulate or hinder a company's growth. Companies are exploring new markets, but the regulatory environment can sometimes slow down development. The global economy is navigating the complexities of its current regulations, which are both a challenge and an opportunity.",Business
"The global trade sector is facing unprecedented challenges, with trade statistics showing a 5% decline in 2023. International conflicts have increased, with tensions rising over oil production and supply chain issues. Natural disasters, such as the devastating earthquake in Japan, have caused significant damage. Human rights issues have gained attention in countries like India, where a recent scandal has exposed allegations of human rights abuses. Trade agreements are on the brink of new changes to ensure economic stability.",World
"A major company has announced plans to launch a new product line under its brand, which could significantly impact the market. This announcement is expected to drive market growth and innovation.",Business
"The COVID-19 pandemic has had a profound impact on global trade. While some countries have seen a surge in exports, others have faced trade deficits. This crisis has also highlighted the importance of international cooperation in managing such crises, even as some argue that it has disrupted global markets.",World
"A world-class cricket team won a major tournament, breaking a long-standing record and solidifying their position as a top team in the sport. The win also includes a thrilling highlight reel.",Sports
"The International Space Station completed its second orbit around Earth, a historic achievement that will set new standards for future space exploration. This article discusses the significance of such achievements and their implications for humanity.",Sports
"The World is grappling with a natural disaster in a remote region. The incident could lead to widespread damage and economic disruption, highlighting the need for immediate response measures.",World
World,World
Quantum computing is expected to change the future of technology. This document explores its potential applications and challenges.,Sci/Tech
"The World Cup is a huge event with highlights of exciting matches and moments like the final game. There have been several human rights cases recently, such as the doping scandal in a specific sport.",Sports
"An article discusses the role of regulations in preventing global pandemics, focusing on their importance.",Business
Business,Business
"The [Technology Company] has launched a new [Technology Phenomenon], which is expected to result in [Technology Phenomenon] to increase [Technology Phenomenon] and [Technology Phenomenon] to decrease [Technology Phenomenon] again.",Sci/Tech
"AI is transforming industries, from healthcare to manufacturing, with companies like IBM and Google leading the charge. The upcoming Mars mission aims to explore the red planet, and cybersecurity threats like phishing are on the rise.",Sci/Tech
"A major tech company has announced a significant investment in AI technology, aiming to revolutionize industries like healthcare and finance. This announcement will likely impact the global economy and drive innovation.",Business
The Olympics highlight global sports achievements and diversity.,World
"A major scientific study has revealed the origins of a previously unknown virus, shedding light on the mechanisms that govern disease transmission.",Sci/Tech
"Google's AI system has been tested in a Mars mission, demonstrating potential for future space exploration.",Sci/Tech
"The tech industry is experiencing a booming growth in the U.S., driven by advancements in AI and machine learning. This document explores the companies leading in the tech sector and the regulatory changes affecting their operations.",Business
AI is transforming the global economy with innovations that are reshaping industries and job markets.,Sci/Tech
"A scandal, such as the Russia-Ukraine conflict, reshapes international relations. This document examines the key phenomena and consequences of such events.",World
A major tech company announced a new AI algorithm that enhances predictive analytics with quantum computing.,Sci/Tech
"A natural disaster in a remote region has caused widespread damage, with experts warning of potential recurrence. This could be a key phenomenon in the World category.",World
"The rise of international relations has influenced global trade dynamics, affecting economic growth and technological adoption. These relations are complex and often involve significant political and economic consequences.",World
"An article in the Sci/Tech section explores how AI is transforming healthcare, mentioning advancements in AI and their implications for the industry.",Sci/Tech
"The Olympics are marking a historic year for world records and exciting rivalries, with countries like the United States and China leading in athlete performance.",World
"The rise of cryptocurrency has transformed the financial landscape, offering new investment opportunities and methods of payment. However, the volatility and risks associated with this technology have created significant challenges for traditional financial systems. This is a critical phenomenon in the Business category.",Business
"A space exploration mission has landed on Mars, sparking debates about the future of human space travel.",Sci/Tech
A recent study by a major trade organization reveals that human rights issues remain a significant concern for many countries. The study highlights the need for stronger legal frameworks to ensure fair treatment of workers.,World
"In the wake of the COVID-19 pandemic, markets across the globe have experienced significant volatility. Companies have leveraged their resources to adapt swiftly, both in terms of production and distribution. Regulatory bodies are closely monitoring these developments to ensure compliance and prevent further crises. This document explores the interplay between market dynamics, corporate strategies, and regulatory oversight during the pandemic.",Business
"A recent report by a market research firm analyzed the impact of government regulations on corporate profitability, highlighting how regulatory changes can drive innovation and economic growth.",Business
"The rise of artificial intelligence has transformed industries, leading to new challenges and opportunities. Companies are adapting to new regulations and technologies, which have been a focus of global debates. The global climate crisis is a pressing issue, with governments and corporations working to address it.",World
"The human rights issues in the Middle East have received significant attention, with many countries prioritizing human rights in their policies. This phenomenon reflects the ongoing efforts in the World category.",World
"A political event has led to a rise in human rights concerns, affecting global trade policies and market dynamics.",World
The adoption of AI in healthcare has led to significant advancements in diagnostics and patient care.,Sci/Tech
"A startup buzzed with excitement when it announced it had secured a significant investment from a major global company in the tech sector. This move not only boosted its revenue but also opened new avenues for expansion in a growing market. The company's focus on innovation has set a new standard for the industry, and its success is expected to drive further growth in related sectors.",Business
A major sports event is being celebrated globally. This includes a world championship and several highlight reels of the tournament.,Sports
The global economy has been facing challenges due to rising inflation. This article explores the reasons behind inflation and the potential economic impacts on businesses.,Business
World Record holder John Smith's controversial performance in the World Cup has sparked widespread debate and discussions about sports ethics.,Sports
"A major sports event, like the World Cup, showcases the global sports landscape. This document highlights the key phenomena and impacts of such events.",Sports
"A major natural disaster, including an update on the effects of the storm on affected areas.",World
Business,Business
"Climate change is a pressing global issue, with rising temperatures and extreme weather events causing significant damage. Solutions include renewable energy and sustainable practices. This is a critical phenomenon affecting the World.",World
"A startup in the tech sector is raising concerns about its impact on the economy and market dynamics, particularly due to regulatory changes that could affect market competition.",Business
"A detailed examination of the 2024 World Cup highlights, including key matches and their significance to sports fans.",Sports
"The 2020 Tokyo Olympics brought together athletes from around the world. Highlighting key moments and records set during the event, this is a significant phenomenon in the Sports category.",Sports
Global trade policies have shifted due to economic challenges. This document discusses the impact of these policies on international trade.,World
"In recent weeks, remote work has been a major focus among small businesses. This shift has impacted their ability to connect with customers and maintain profitability. It has also led to increased regulations on work environments and safety measures.",Business
The global economy is experiencing a slowdown due to rising inflation and supply chain disruptions. This article examines the factors contributing to the decline and the possible solutions.,Business
"A startup's innovation has led to [specific breakthrough] in [specific industry], with [key phenomenon] in terms of [specific impact] and [specific market].",Business
Space tourism is expanding its reach beyond Earth.,World
"In the past year, a major scandal involving a high-profile corporate executive has been uncovered. This report investigates the internal conflicts and consequences of the scandal on the company's reputation and leadership.",Sports
Recent advancements in artificial intelligence have led to breakthroughs in healthcare and autonomous systems. This article explores the implications of these developments for the future of technology.,Sci/Tech
