text,label
Coach Bill Cowher finally confirmed yesterday the Pittsburgh Steelers'' worst-kept secret: Duce Staley is in at running back and Jerome Bettis is out again.,Sports
"A man in Thailand has died of avian flu, the first human casualty in the country since the disease re-emerged in Asia in July, officials said Thursday.",World
"The world #39;s first private spaceship has blasted into the final frontier for the second time in five days, snatching the nearly 14-million dollar prize and founding a new era of space tourism.",Sci/Tech
"AP - A sick man among the sick, Pope John Paul II struggled through Sunday Mass at a French shrine that draws desperate people seeking miracle cures. The 84-year-old pontiff gasped, trembled and asked aides for help during the 2 1/2 hour service in sizzling heat.",World
"Shares of InPhonic Inc., a Washington reseller of wireless service and telephones over the Internet, rose 26 percent Tuesday on their first day of trading..&lt;br&gt;&lt;FONT face=''verdana,MS Sans Serif,arial,helvetica'' size=''-2'' color=''#666666''&gt;&lt;B&gt;-The Washington Post&lt;/B&gt;&lt;/FONT&gt;",Sci/Tech
"With few junk e-mail filters supporting a protocol for verifying the source address of digital messages, spammers have adopted it themselves as a way to appear more legitimate, stated a report released on Wednesday.",Sci/Tech
"Puerto Rican wrestler Mabel Fonseca tested positive for a steroid in an initial doping test, a wrestling official said Saturday. Michel Dusson, secretary general of the International ",Sports
"BusinessWeek Online - For 35 years, Advanced Micro Devices Inc.  stood in the shadow of archrival Intel Corp.  AMD churned out lower-priced clones of the tech leader''s chips and occasionally enjoyed a hit that helped boost its meager profits. But bad times easily outweighed the good. Again and again, Intel used its manufacturing muscle and pricing power to stymie AMD''s ambitions, preventing it from gaining a foothold in lucrative markets such as servers and corporate PCs.",Sci/Tech
" TORONTO (Reuters) - New Internet-based technology could  soon turn regular computer users into armchair spies, a  Canadian inventor said on Monday.",Sci/Tech
"One of the tongue-in-cheek rules that we column-writers have is,  quot;Often wrong, never in doubt. quot; Take a stand, don #39;t duck and weave too much.",Business
Trend Micro will become the latest major anti-virus software company to provide protection against mobile phone viruses with the release today of Trend Micro Mobile Security 1.0.,Sci/Tech
IBM plans to start shipping its PCs with a new chip designed to thwart hackers by safeguarding passwords and other sensitive identity information.,Sci/Tech
THE Australian Rugby Union has been swamped with inquiries from high-profile players here and overseas interested in joining the new Super 14 franchise in 2006.,Sports
"After months waiting for Microsoft to give me a reason to remain loyal, I finally dumped Internet Explorer for the Firefox Web browser last week.",Sci/Tech
"AP - Accompanied by a warning that its missiles have the range, Iran on Tuesday said it would destroy Israel''s Dimona nuclear reactor if the Jewish state were to attack Iran''s nuclear facilities.",World
"Sony has embarked on a potential collision course with music groups, including its own Sony BMG joint venture, over MP3 digital song files.",Sci/Tech
Performance venues there can now install signal-jamming equipment to deal with rude mobile-phone users.,Sci/Tech
"WASHINGTON - The US job market brightened in August as employers added 144,000 workers to their payrolls and hiring totals for the two prior months were revised up, the Labor Department (search) reported on Friday.",Business
Some 800 Palestinian detainees in Israel #39;s Ashkelon prison have suspended their 13-day-old hunger strike until Monday after some of their demands were met.,World
Jewish leaders expressed growing frustration this week with continuing anti-Semitic violence in Europe following the torching of a Jewish community center in Paris early Sunday.,World
John Robertson has this morning been confirmed as the new Hearts manager. Mr Robertson #39;s arrival follows several days of negotiation with Inverness Caly Thistle over a compensation package for the Highland club.,Sports
"NewsFactor - Retailers that saw impressive growth in year-over-year online sales during last year''s holiday season should not look for the same results this year, according to estimates by Forrester Research.",Sci/Tech
"So a few weeks ago, the two astronauts who live there tossed out some useless junk, like so many old hubcaps for the trash heap. Only this stuff floated away in space.",Sci/Tech
The following is a verbatim copy of a open letter to the Linux community issued by PalmSource. Read on for more information about the new acquisition and FAQs about how PalmSource will use the new resources and the new Palm OS Cobalt version of Linux.,Sci/Tech
FULHAM #39;S United old boy Andy Cole fears his former team are poised to leave their critics red-faced. The Reds haven #39;t lost in the Premiership since defeat at Portsmouth six matches ago when they were being written off in the title race.,Sports
"AFP - French pharmaceutical group Sanofi-Synthelabo formally announced the birth of Sanofi-Aventis, the world''s third-largest pharmaceutical company, ranking number one in Europe.",World
LOS ANGELES A source says Hollywood movie studios are preparing to sue computer users they say are illegally distributing movies online.,Sci/Tech
" TOKYO (Reuters) - Japanese camera and office equipment  maker Canon Inc. &lt;A HREF=''http://www.reuters.co.uk/financeQuoteLookup.jhtml?ticker=7751.T qtype=sym infotype=info qcat=news''&gt;7751.T&lt;/A&gt; said on Tuesday it would start  producing rear projection televisions later this year, aiming  to secure a chunk of the rapidly growing market for big screen  TVs.",Sci/Tech
WASHINGTON - The Senate Judiciary Committee heard this morning from one of its own about some of the problems with airline ''no fly'' watch lists. Sen...,World
"BANGALORE, India Anil Kumble, the Indian spin bowler, took three wickets Wednesday to reach 400 in test matches as the first day of the first test against Australia finished finely balanced.",Sports
Singapore #39;s Prime Minister Lee Hsien Loong on Sunday night delivered his first National Day Rally speech since he was sworn in as the country #39;s third Prime Minister.,World
"Vienna, Austria (Sports Network) - English midfielder Steven Gerrard will likely miss Saturday #39;s World Cup qualifier against Austria with a groin injury.",Sports
CHICAGO (CBS.MW) -- Circuit City Stores shares plummeted 10 percent Monday after the nation #39;s No. 2 electronics retailer said that its third-quarter same-store sales fell 4.3 percent.,Business
"Nintendo, Sony ready rival portable gaming devices. Which one will gamers go for?",Sci/Tech
Reuters - Thai scientists began an investigation\Monday into what some conservationists believe could be the\world''s biggest case of ape smuggling -- nearly 100 orangutan\found in a Bangkok amusement park.,Sci/Tech
The Giants coughed up three straight second-quarter turnovers and dissolved in a torrent of penalties in a baffling loss at Giants Stadium.,Sports
"News.com reports in the article: Microsoft fixes date for desktop search tool, that the company will offer up a beta release of a desktop search by the end of this year.",Sci/Tech
Thats when you can get yours and how much you would pay. That is if you live in Japan. Sony today announced the release date and price for its new portable game system.,Sci/Tech
PC World - New 46-inch LCD is just one of eight flat-panel models launched this week.,Sci/Tech
U.S. tanks and snipers took up positions near the revered Imam Ali Shrine and engaged in fierce battles with militants.,World
"The combined worldwide market for desktops, servers and packaged software running on Linux is forecast to grow at a 2003-2008 compound annual growth rate of 25.9 percent worldwide, reaching \$35.7 billion by 2008.",Sci/Tech
Motorsport.com. Rubens Barrichello finally got the win he has been waiting for when he led Michael Schumacher across the line to take a Ferrari one-two at the Italian Grand Prix.,Sports
"Maoists rebels have lifted a blockade that cut Nepal #39;s capital Kathmandu off from the rest of the country for a week. In a statement released Tuesday, however, the rebels warned the ",World
"Oakland, CA (Sports Network) - The Oakland Athletics have acquired infielder Keith Ginter from the Milwaukee Brewers in exchange for pitcher Justin Lehr and outfielder Nelson Cruz.",Sports
"Solving the nation #39;s spam problem will require a balancing act, legal and privacy experts said today in Washington, DC, at a meeting sponsored by the Federal Trade Commission.",Sci/Tech
IBM Corp has announced that it will launch a new low-budget version of its BladeCenter chassis for blade servers in an effort to make the blade machines more appealing to budget conscious customers in the small- and mid-sized market.,Sci/Tech
"The study, which was conducted by Yahoo and media agency OMD, examined the way in which 13 US households reacted to being denied access to the internet for two weeks.",Sci/Tech
"The Internet Corporation for Assigned Names and Number, the organization named by the US government in 1998 to oversee policies over Internet addresses, gave a preliminary nod Monday to domain names targeting mobile services and the jobs ",Sci/Tech
"By MATTHEW FORDAHL    SAN JOSE, Calif. (AP) -- After years of battling Microsoft Corp...",Sci/Tech
"This holiday the hottest new products for kids have one thing in common: They all interact with the tube, whether by means of sensors, radio-wave technology or the regular old TV remote control.",Sci/Tech
Workers at Apple #39;s Irish operations in Cork remain gloomy this morning over one European country that remains outside the reach of iTunes Europe - Ireland.,Sci/Tech
&lt;strong&gt;Review&lt;/strong&gt; Quite a tempting package?,Sci/Tech
Order was restored to the Jets'' quarterbacking universe on Wednesday when Chad Pennington returned to practice with the first team.,Sports
"Wide receiver Terrell Owens said he had a few end-zone celebrations prepared for Sunday #39;s game against the team he shunned in the offseason, the Baltimore Ravens.",Sports
"LONDON, Aug 20 (Reuters) - Jamaica striker Ricardo Fuller has joined Portsmouth from Preston North End on a two-year contract, the Premier League club said on Friday. ",Sports
"CLEMSON, S.C. -- Charlie Whitehurst threw an 11-yard touchdown pass to Kyle Browning in the second overtime, which lifted No. 15 Clemson to a 37-30 victory over Wake Forest yesterday.",Sports
"54.5 million Europeans surfed the Web over a broadband connection, a 60 percent increase from 34.1 million 12 months earlier. AMSTERDAM: More than half of Europe #39;s Internet surfers now have a high-speed broadband ",Sci/Tech
"Reuters - European shares sagged on Tuesday as\broker downgrades hit mobile phone operator Vodafone  and two\of its peers, but UK clothing retailer Next shone on news of\strong summer sales.",Sci/Tech
San Francisco Mayor Gavin Newsom has set a goal of providing free wireless Internet activity in his city that sees itself as a vanguard of the Internet revolution.,Sci/Tech
"AP - Prosecutors in the Kobe Bryant case spent nearly  #36;400,000 trying to get the NBA star convicted of raping a woman at a Vail-area resort last summer, documents show.",Sports
AP - The NHL and the players'' association appeared headed toward a lockout when talks broke off Thursday after the union''s first new proposal in nearly a year.,Sports
"Aug. 18 (Bloomberg) -- The case against eight men charged with conspiracy to commit murder and carry out terrorist attacks was referred to the Old Bailey, London #39;s central criminal court. ",World
"To judge by the shift in the headlines, the processor war is nearly over. Who #39;s in? Advanced Micro Devices (NYSE: AMD). Out? Intel (Nasdaq: INTC).",Sci/Tech
The biggest-selling electronic product in the world is mobile phones. Analysts estimate that consumers from Canada to China will snap up more than 600 million handsets this year -- five times the number of TVs or personal computers expected to sell.,Sci/Tech
"Barnstable had the upperhand once again. The Red Raiders are one win away from defending their MIAA Division 1 state volleyball championship after blanking Chelmsford, 3-0, in the semifinals last night in Mansfield. It was the second time this fall Chelmsford had been frustrated by the powerful Barnstable lineup.",Sports
Rangers hopes of returning to the top of the Scottish Premier League were dashed on Sunday as they were held to a 1-1 draw at struggling Inverness Caledonian Thistle.,Sports
"While it seemed likely during the preseason that Gutierrez would win the job, coach Lloyd Carr insisted two other quarterbacks - Clayton Richard and Chad Henne - had a shot.",Sports
"Microsoft last week faced accusations of short-changing its Software Assurance customers following its decision to strip core features from the next major Windows client operating system, codenamed Longhorn.",Sci/Tech
"The free Firefox Web browser, which has chipped away at the market dominance of Microsoft #39;s Internet Explorer, has been readied for a full release including new features designed to make it more stable, backers of the program say.",Sci/Tech
"Barcelona held on from an early Deco goal to edge game local rivals Espanyol 1-0 and carve out a five point tabletop cushion. Earlier, Ronaldo rescued a point for Real Madrid, who continued their middling form with a 1-1 draw at Real Betis.",Sports
AP - Takeo Spikes made good on his vow the Buffalo Bills would finally provide some good news for their fans this weekend.,Sports
"LONDON, Sep 17 (IranMania) - Iran #39;s powerful former president Akbar Hashemi Rafsanjani warned Friday that the International Atomic Energy Agencymay have to  quot;beg quot; for Tehran #39;s cooperation if it bows to US pressure.",World
"FONTANA, CA.California native Casey Mears was glad to be home. So glad in fact, he put his No. 41 Dodge on the Busch Series pole position for Saturday #39;s Target House 300 run on the two-mile California Speedway.",Sports
"WASHINGTON - The Congressional Budget Office projected Tuesday that this election-year''s federal deficit will hit a record \$422 billion, a shortfall that would be smaller than analysts predicted earlier this year.    The figure immediately provided political fodder for both parties now in the final two-month stretch of the presidential and congressional campaigns...",World
"Slovenia pulled off a famous result yesterday, defeating Italy to go top of Group Five. A solitary goal by Bostjan Cesar after 82 minutes gave the hosts victory in Celje to inflict a first World Cup qualifying group defeat on Marcello Lippi #39;s side.",Sports
What: MIAA Division 3A Super Bowl. Where: Bentley College in Waltham. When: Saturday at 10 a.m. Last meeting: Schools have never met. .,Sports
AP - The game between the Minnesota Twins and the New York Yankees on Tuesday night was postponed by rain.,Sports
Intel Corp. is expected to release a faster version of its powerful but expensive Pentium 4 Extreme Edition processor on Monday alongside the introduction of a chipset that uses a faster front-side bus to connect the processor and the memory.,Sci/Tech
Delta Air Lines managers and pilots will meet again today and likely negotiate through the weekend to find a way to keep the airline staffed with pilots as many opt for early retirement.,Business
"Toshiba will market laptops with HD-DVD drives by the end of next year, becoming one of the first manufacturers to commit to a next-generation DVD format.",Sci/Tech
"Like it or not, Rupert Murdoch is a New York City staple. As chairman of News Corp. (nyse: NWS - news - people ), the billionaire is a part of Gothamites #39; lives.",Business
The Chicago Board of Trade took a leap forward on Monday on its goal to become a for-profit company when an Illinois judge approved a deal on how to carve up ownership of the oldest US futures exchange.,Business
SPACE.com - The tenth crew of the \International Space Station (ISS) made a short spaceflight early Monday to move a Russian lifeboat \to a new docking port and prepare the station for a pair of upcoming spacewalks.,Sci/Tech
"American International Group Inc. , the world''s largest insurer, said the Securities and Exchange Commission is considering accusing the company of helping PNC Financial Services Group Inc. improperly remove bad loans from its books.",Business
US Airways Group Inc. met with two unions to try and agree on concessions before an Oct. 7 hearing at which a bankruptcy judge might let the carrier temporarily reduce pay 23 percent to help avoid potential liquidation.,Business
AFP - Egypt said it has charged an Iranian diplomat and an Egyptian national over a plot to assassinate an unidentified public figure.,World
The Internet megasite eBay yelled  #39;hold the cheese #39; when they found a 10-year-old grilled cheese sandwich that its owner says bears the image of the Virgin Mary being auctioned off on its website.,Sci/Tech
"An Internet company has agreed to forgive \$17 million in customers'' bills as part of an agreement with the government, the Federal Trade Commission announced Monday.",Sci/Tech
"A Jordanian who disappeared in Iraq two weeks ago and was believed to have been kidnapped has been freed and is in the custody of Iraqi police, Foreign Ministry spokesman Ali al-Ayed told reporters yesterday. ",World
The portable stereos that ruled city streets in the 1980s aren''t shipping in high volumes anymore. But some sound artists are finding new ways to incorporate the devices into performances and ad-hoc radio networks. By Elizabeth Biddlecombe.,Sci/Tech
"We should be using probes to look for life in space instead of radio signals, say scientists.",Sci/Tech
"com November 4, 2004, 2:38 PM PT. This priority retains its ranking at number five as more and more companies deploy Web services to share business logic, data and processes with each other and with clients.",Sci/Tech
United States sprinter Jerome Young was banned for life by the US Anti-Doping Agency yesterday following his second positive test for an illegal steroid in a case that could affect a US relay team #39;s gold medal from Sydney.,Sports
Reuters - The Sudanese foreign minister rejected on\Friday a U.S. declaration of genocide in the Darfur region of\Sudan and said the United States was using a humanitarian\crisis for political purposes.,World
"Ending after midnight due to rain delays, Roger Federer finally put his second round robin match in the books early Thursday morning at the ATP Tennis Masters Cup in Houston, defeating Lleyton Hewitt for the fifth consecutive time 6-3, 6-4.",Sports
Jenson Button has admitted he was  quot;misguided quot; in his attempts to switch to Williams for next season. The 24-year-old declared his intention to leave BAR in August but team boss David Richards prevented the move on legal grounds.,Sports
"CARACAS, August 22 (Itar-Tass) -- President of Venezuela Hugo Chavez has called on the opposition to recognize the results of a referendum on confidence in the president held on August 15.",Business
"DONATING: Summer Ramson,3, gets a hand from her grandmother, Barbara Daliposon, left, and Salvation Army volunteer Donna Clark as she donates money Friday at an Albertsons store on Plumb Lane in Reno.",Business
AP - Apparently even a Hall of Fame coach doesn''t get a break from the officials. Washington Redskins coach Joe Gibbs on Tuesday reviewed the tape of the previous night''s loss to the Dallas Cowboys and determined he was on the wrong side of ''two awful calls.'',Sports
"Tony Purnell, the boss of Jaguar Racing says that there is  quot;masses of interest quot; in the team, which the Ford Motor Company has decided to discontinue.",Sports
Premiership adversaries Manchester United and Arsenal will have another chance to do battle at Old Trafford after last night #39;s League Cup quarter-final draw brought the teams together again.,Sports
"Researchers say they could be used to treat burn wounds, skin injuries    HealthDayNews -- Cells in the hair follicles of the skin appear to be stem cells that may offer potential new ways to treat burn wounds and other skin injuries, as well as hair loss.    That''s the promising conclusion of a study in the Sept...",Sci/Tech
"NASA postponed for at least two days the launch of its robotic satellite-chasing spacecraft because the target satellite temporarily lost reception of a key navigational signal, the agency said yesterday.",Sci/Tech
You #39;ve already seen our New Users #39; and Power Users #39; reviews of Apple #39;s fourth-generation iPod (iPodlounge rating: A-/B).,Sci/Tech
"HEMPSTEAD, NY - He was drafted in the first round in 2000 out of Marshall, at the head of the same quarterback class that yielded Tom Brady, but Chad Pennington #39;s road to success has been more deliberate.",Sports
"AP - As Philadelphia prepares to install monitoring cameras at some city intersections, officials say they''re not worried about studies that suggest the surveillance may lead to more accidents.",Sci/Tech
"Hurricane Ivan looks set to cost tour operators as they race to get customers out of harm''s way, though future bookings may not suffer too much.",Business
"Symantec has released firmware fixes for a string of critical security holes in its firewall/VPN and Gateway Security products which could be exploited to cause a denial of service, identify ",Sci/Tech
"Steve Coll, The Washington Post #39;s managing editor for six years, said today he is stepping down at the end of the year to pursue book projects.",Business
"By BETSY BLANEY    LUBBOCK, Texas (AP) -- Some farmers are placing their hope in a hybrid sunflower seed that could help keep arteries clear and hearts pumping in a nation smitten with snacks and processed food.    ''It''s a healthier oil,'' said Willie Wieck, 62, who started growing sunflowers on his 450 acres in the Texas Panhandle in the early 1970s...",Sci/Tech
"After nine days of being held by kidnappers in Iraq, New York-based freelance journalist Micah Garen will reunite with his family this week, his father said yesterday.",World
"AP - Peanuts, hot dogs and wireless instant replays. It''s the future of baseball.",Sci/Tech
"That #39;s according to research outfit Gartner, which on Thursday said that second quarter global mobile phone shipments hit 156.",Sci/Tech
palmOne introduced Monday the Tungsten T5 handheld with 256 megabytes of flash memory - the most built into a handheld to date. Expected to be widely available ,Sci/Tech
"They spent the summer marveling over their lineup changes and their improvement, the big-name veterans they signed and the strategic concepts they imported from the champion New England Patriots.",Sports
"JERUSALEM Israel #39;s security cabinet on Tuesday approved a compensation package that would pay roughly \$200,000 to \$300,000 to each Jewish family that agreed to leave the Gaza Strip under Prime Minister Ariel Sharon #39;s withdrawal plan.",World
"NEW YORK, August 30 (New Ratings) - Japan #39;s Supreme Court has reportedly approved the merger negotiations between UFJ Holdings Inc (ticker: UFJ) and Mitsubishi Tokyo Financial Group (MTFG).",Business
 RIO DE JANEIRO (Reuters) - Brazil coach Carlos Alberto  Parreira is more worried about playing rank outsiders Venezuela  than the likes of Germany or Argentina.,Sports
"Forbes.com - As the second employee of InfoSpace, Jean-Remy Facq saw the value of his stock inflate and then collapse. Now he''s suing in federal court in Seattle for a  #36;4.5 million refund of 1999 federal income tax. He''s just one of 200 tech workers who have hired Seattle tax lawyer/CPA Brian G. Isaacson in the hope his novel theories will help them slash old (and sometimes unpaid) tax bills from their exercise of stock options for shares that later tanked.",Business
"The chief financial officer of Oracle, Harry L. You, said that \$24 a share remained the company''s ''best and final'''' offer for PeopleSoft Inc. in what may be the last week of a 17-month hostile takeover fight.",Sci/Tech
Wayne Rooney looks set to become a Manchester United player this week after Everton confirmed they had received a second improved bid for the England striker from Old Trafford.,Sports
"SAP AG has agreed to acquire the Swiss and U.S. business units of SAP Systems Integration AG (SAP SI), bringing its absorption of the company nearer to completion.",Sci/Tech
"The Federal Communications Commission ruled 3-2 that states are now barred from imposing telecommunications regulations on Internet phone providers, which treat calls no differently than any other application on the Net.",Sci/Tech
WASHINGTON (AP) -- Oil prices fell for a fifth consecutive day Thursday despite a sharp drop in Iraqi exports after pipelines were sabotaged -- evidence that the bull market may have lost some steam.,Business
"Australia #39;s biggest retailer, Coles Myer, hopes it has silenced its detractors by posting a record annual profit, which was above its own guidance and market expectations.",Business
&lt;strong&gt;Letter&lt;/strong&gt; TDD mode is not just data delivery,Sci/Tech
" FRANKFURT (Reuters) - Market research firm IDC has raised  its 2004 forecast for global personal computer sales growth to  14.2 percent from 13.5 percent, driven by high commercial  demand, it said on Monday.",Sci/Tech
"It might have been the last Fenway Park game of the magical 2004 season. And if it was, there''ll be a parade in Boston sometime before Election Day . . . perhaps the grandest celebration in 374 years of Hub history.",Sports
"Mark Martin joined the growing list of longtime drivers easing their way out of NASCAR, announcing Thursday that the 2005 season will be his last as a full-time racer.",Sports
" ATHENS (Reuters) - Argentina beat Italy 84-69 to win the  men''s Olympic basketball gold Saturday, the country''s first  medal in the sport.",Sports
"The Ontario government has announced new measures today to tackle child pornography online and Internet luring. Research shows 40 percent of Canadian youth report that someone they met on the Internet, requested personal information.",Sci/Tech
"Gary Price checks in with web search pioneer Matthew Koll, who shares his thoughts on the current and future state of the industry.",Sci/Tech
"Bee Staff Writer. SAN DIEGO - The San Diego Padres returned the favor, and the playoff-chasing Giants gladly accepted it before a disappointed record crowd of 45,389 at Petco Park.",Sports
"The Mars Global Surveyor released the latest glyph image that appears to evoke the kinds of communication in rock formations that has become famous among Mars'' watchers on the internet. But there is a serious side to interpreting remote sensing data, and shadow is not always one''s ally...",Sci/Tech
"Talking in a teleconference this afternoon, David Richards insisted that the ending of the  quot;consultancy contract quot; between BAR and Prodive, and his subsequent departure from the team, was a mutual decision.",Sports
AP - Residents burned tires and trash in the streets Thursday trying to drive off swarms of locusts descending on the region in what a U.N. agency called the worst sub-Saharan invasion in more than a decade.,Sci/Tech
"Saturdays two games in Serie A saw Juventus survive a late scare to call a halt to newly-promoted Messina #39;s unbeaten run, winning 2-1, while Vincenzo Montella underlined his excellent current form with a superb goal for Roma in a storm-interrupted 2-0 ",Sports
"MILTON -- If you could build a prototype Mansfield Hornet, he just might look like Brett McDermott.",Sports
"Russia has postponed the test launch of a new booster rocket scheduled for Friday, the Defense Ministry said Thursday. The launch of the Soyuz-2 medium-size rocket from Russia #39;s ",Sci/Tech
"Reuters - Long a forum for protecting endangered\species like whales or tigers, a U.N. meeting in Bangkok next\month will seek a wider role in regulating the billion-dollar\trade in timber, fish and medicinal plants.",Sci/Tech
"AP - Gordon Cooper, who as one of the original Mercury astronauts was a pioneer in human space exploration, has died. He was 77.",Sci/Tech
"Raleigh, NC (Sports Network) - Andrew Brackman scored 16 of his 20 points in the second half to lead 12th-ranked North Carolina State to a hard-fought 78-72 win over Louisiana-Lafayette at the RBC Center.",Sports
 NEW YORK (Reuters) - U.S. Open organizers have apologized  to Serena Williams for a controversial line call in her  quarter-final loss to Jennifer Capriati on Tuesday.,Sports
 PITTSBURGH (Sports Network) - Kevin Bettencourt scored five  of his 13 points in the final two minutes to lead Bucknell to a  69-66 upset over 10th-ranked and previously unbeaten  Pittsburgh.,Sports
Description: News mogul Rupert Murdoch pays a record-setting \$44 million for a three-story Fifth Avenue penthouse in Manhattan formerly inhabited by the late Laurance Rockefeller.,Business
"The graphics library, an alternative to Microsoft''s DirectX, gets new features designed to add razzle-dazzle to PC games.",Sci/Tech
" CHICAGO (Reuters) - Smithfield Foods Inc. &lt;A HREF=''http://www.investor.reuters.com/FullQuote.aspx?ticker=SFD.N target=/stocks/quickinfo/fullquote''&gt;SFD.N&lt;/A&gt;, one of  the nation''s largest meat producers, on Thursday said quarterly  earnings more than doubled due to higher hog prices and its  acquisition of Farmland Foods last year.",Business
"The Cubs didn #39;t need to fly anywhere near Florida to be in the eye of the storm. For a team that is going on 100 years since last winning a championship, the only thing they never are at a loss for is controversy.",Sports
"FOXBORO, Mass.  Bill Belichick took a few minutes Monday to convey his congratulations to his offensive coordinator on becoming Notre Dame #39;s head coach.",Sports
"Mike McKenzie got his wish yesterday, seven months after asking out of Green Bay. The Packers sent the disgruntled cornerback and a future conditional sixth-round ",Sports
A British soldier killed after clashes with militia forces in the southern Iraqi city of Basra was today named as Lance Corporal Paul David Trevor Thomas. ,World
"AFP - Sudan condemned UN threats of sanctions against Khartoum, saying they would only undermine efforts to restore security in the devastated western region of Darfur.",World
NEW YORK (CNN/Money) - Some colleges are fretting the release of Microsoft #39;s upgrade to its XP operating system -- whose release coincides with the opening of campuses around the country -- saying that multiple downloads of the patch could significantly ,Sci/Tech
A SECOND-HALF Springbok blitz gave South Africa their first Tri-Nations rugby title in six years with a win over Australia at Kings Park.,Sports
PARIS -- Gael Monfils of France reached the quarterfinals in his first ATP tournament three weeks ago. Lleyton Hewitt made sure he did not duplicate the feat at the Paris Masters.,Sports
"Nortel Networks said on Thursday it will slash its work force by 3,500, or 10 percent, as it struggles to recover from an accounting scandal that toppled three top executives and led to a criminal investigation and lawsuits.",Sci/Tech
Tulane officials have postponed Saturday #39;s football game against Louisville because of the threat of Hurricane Ivan. Tulane officials said in a statement Tuesday that the game is tentatively rescheduled for the weekend of Dec. 4 at the Superdome.,Sports
"With less than a month remaining before the current collective bargaining agreement expires, representatives for the NHL and the Players #39; Association met for nearly 4 1/2 hours yesterday without making any progress on a new CBA. ",Sports
"UNITED NATIONS Sept. 14, 2004 - Iraq appealed to other nations Tuesday to send troops to protect an expanded UN staff that is essential for holding the country #39;s first free elections by Jan. 31, saying terrorists must not be allowed to disrupt the vote.",World
The company is reasonably certain that it can maintain previously issued earnings guidance.,Business
Heart of Midlothian Plc said head coach Craig Levein is holding talks to take over as manager at Leicester City in England after steering the Scottish soccer club to the group stage of Europe #39;s UEFA Cup this season.,Sports
"Electronic Data Systems Corp., which lost business when customer US Airways Group Inc. filed for bankruptcy protection the first time, says the carrier #39;s latest filing also will hurt.",Business
"Mozilla Firefox Internet Browser Market Share Gains to 7.4\\The latest survey from OneStat.com shows what was expected. Firefox is gaining on Internet Explorer and pretty rapidly. As per the reports, Mozilla Foundation has taken a 7.4 market share gaining more than 5 since May. Microsoft rsquo;s Internet Explorer has dropped down ...",Sci/Tech
Online-payment service PayPal on Tuesday sought to reassure customers that outages that had plagued the service since Friday finally had been resolved.,Sci/Tech
"SEOUL, South Korea - A huge mushroom cloud that reportedly billowed up from North Korea was not caused by a nuclear explosion, South Korean and U.S. officials said Sunday, but they said the cause was a mystery...",World
SOUTHHAMPTON - West Indies want to redeem a disappointing summer with a place in the Champions Trophy final while Pakistan are equally as eager to continue its resurgence under new coach Bob Woolmer.,Sports
" NEW YORK (Reuters) - Stocks rose on Tuesday as a oil prices  slid below \$48 a barrel, offsetting caution as investors waited  for an expected quarter-point hike in U.S. interest rates and  results from technology bellwether Cisco Systems Inc. &lt;A HREF=''http://www.investor.reuters.com/FullQuote.aspx?ticker=CSCO.O target=/stocks/quickinfo/fullquote''&gt;CSCO.O&lt;/A&gt;.",Business
"Auto racing: NASCAR Nextel Cup Sylvania 300 practice at N.H. International Speedway, Loudon, 9:30 and 11:10 a.m.; NASCAR Craftsman Truck Sylvania 200 at N.H. International Speedway, Loudon, 1 p.m.; NASCAR Busch North Sylvania 125 at N.H. International Speedway, Loudon, 3 p.m.",Sports
"The Walt Disney Co. has postponed an expansion of its video-on-demand service while it explores partnerships that could result in a deal to include the service in set-top boxes, computers or other devices.",Sci/Tech
"Guatemala''s government agrees to pay millions of dollars to former paramilitaries, who some accuse of war crimes.",World
UConn senior quarterback Dan Orlovsky has admitted that he probably would have gone to Boston College if offered a scholarship. But ,Sports
Verizon SuperPages.com said Friday it has teamed up with eBay and Shopping.com for the rollout of new shopping tools on its online Yellow Pages site.,Business
AP - Former All-Star forward Jamal Mashburn will miss the entire 2004-05 NBA season because of a knee injury that could end his career.,Sports
"The coach of disgraced Greek sprinters Kostas Kenteris and Katerina Thanou says IAAF charges against the athletes are groundless and will not result in a suspension, according to reports Friday.",Sports
"Nintendo and iQue to release Game Boy Advance SP later this month in 21 different cities in China. TOKYO--Nintendo has announced that it will launch the Game Boy Advance SP in China on October 27, Bloomberg Japan reports today.",Sci/Tech
Reuters - The Atlanta Falcons\Monday signed Pro Bowl tight end Alge Crumpler to a six-year\contract extension.,Sports
"JERUSALEM : Beleaguered Israeli Prime Minister Ariel Sharon persisted with plans to form a new government including the main opposition Labour party, bolstered by Washington #39;s backing for the expansion of West Bank settlements.",World
"SPACE.com - Researchers can now say definitively that Mars once \supported a watery environment, but whether the red planet could have ever \supported life is still far from certain.",Sci/Tech
"Chip giant Intel announced that it has joined forces with the world #39;s largest handset maker, Nokia, to develop the next generation mobile phone.",Sci/Tech
"Fresh off the Pedro Martinez signing, the Mets didn #39;t waste much time before moving on to their next order of business. A baseball official with knowledge of the team #39;s plans ",Sports
"WASHINGTON -- The US Chamber of Commerce filed an emergency motion yesterday seeking a court order to block the Securities and Exchange Commission from requiring that 75 percent of mutual fund directors, including the chairman, be independent of the fund company.",Business
"BAGRAM, Afghanistan - Three years after the Sept. 11 attacks, Osama bin Laden and his deputy are still issuing orders for attacks by al-Qaida, a top American commander told The Associated Press Saturday...",World
TOKYO - Sony Corp is attempting to claw back market share of the domestic flat-panel TV market with the launch of eight new televisions.,Sci/Tech
"ALICANTE, Spain : Spaniard Juan Carlos Ferrero wasted no time getting down to business, brushing aside Fabrice Santoro to put the hosts level with France 1-1 in their World Group Davis Cup semi-final tie.",Sports
"AP - For the first time, scientists have created a genetic map of a cow, providing researchers a new tool to reduce animal disease and improve the nutrition of beef and dairy products, the Agriculture Department announced Wednesday.",Sci/Tech
"Former Fresno State standout Nick Watney recovered from a double-bogey on the seventh hole to shoot 1 under and tie for the third-round lead Saturday in the Nationwide Tour Championship at the Robert Trent Jones Golf Trail in Prattville, Ala.",Sports
 #39;Ol #39; Blue Eyes #39; provided an emotional musical tribute to  #39;Old Big  #39;Ead #39; as Nottingham Forest celebrated the remarkable life of Brian Clough ahead of today #39;s game with West Ham.,Sports
"When was the last time you heard about a company more than doubling its profit from the previous year, but an error in judgment restrained that profit?",Business
"European supermarket chain Tesco is planning to extend its RFID rollout in time for the Christmas rush. The company, which began using the tracking technology in October last year, will be introducing the ",Sci/Tech
Tom Lehma''s 5-under 67 on Saturday leaves him tied for the Funai Classic lead as he gets a third chance in as many weeks to end a five-year winning drought.,Sports
"A Republican on how to survive in a Democratic town: This really is the greatest city in the world, but you are now behind enemy lines.",World
"Although AIDS is thought of as a disease of the young, in the United States it is rapidly becoming one of the middle-aged and even the old.",Sci/Tech
"Toronto-Dominion Bank, Canada #39;s second-largest bank by assets, said it #39;s in talks for a possible transaction #39; #39; with Banknorth Group Inc.",Business
An obscure amendment attached to an appropriations bill could throw a wrench into presidential candidate John Kerry''s plans to fund embryonic stem cell research. By Kristen Philipkoski.,Sci/Tech
"Taiwan rescue workers dug out seven bodies from mud and rock in a mountain village that was hit by a devastating landslide triggered by Typhoon Aere, but eight still remained buried, officials said on Friday.",World
"It took a while for everything to fall into place, but it now seems clear: Chad Pennington is the real deal. Listen LIVE to NFL games, plus watch video news and features of your favorite team.",Sports
"There are so many new faces, it #39;s hard to keep them all straight. But despite all the upheaval, all the contracts and controversy that so dominated the summer, Jerry Sloan believes the sheer ",Sports
ATHENS (Reuters) - Greece #39;s top two sprinters should finally get to put their case on Wednesday in a drugs investigation that has shamed and angered the Olympic host nation. ,Sports
"Designed to further enhance the value of our Special Report, these Powerpoint slides offer key data and statistics about the choices facing today''s IT decision makers regarding CRM.",Sci/Tech
"In the most highly anticipated Wall Street debut since the heady days of the dot-com boom, shares of Google surged nearly 20 percent on their first day of public trading Thursday as the quirky Internet company completed its much-hyped initial stock ...",Business
"AP - One day after the most lopsided loss in the 115 years of Nebraska football, the coaching staff told the Cornhuskers to forget about it.",Sports
"PalmSource today announced entry into an agreement for the acquisition of China MobileSoft Limited (CMS), a leading Chinese mobile phone software company with business operations headquartered with its wholly-owned subsidiary, MobileSoft Technology ",Sci/Tech
"NEW YORKIBM said yesterday it is in talks to settle a mammoth lawsuit alleging a pension plan adopted by the firm in the 1990s discriminated against 140,000 older workers.",Business
"Fulfilling a long-time goal, Intel Corp. is set to introduce on Thursday its first chip set that supports all three current forms of Wi-Fi, according to sources familiar with the announcement.",Sci/Tech
"An Australian man found himself in hot water, when he was arrested for taking pictures of topless sunbathers with his camera phone.",Sci/Tech
"NEW YORK - Cisco Systems Inc. said Monday it has agreed to acquire Sunnyvale, California, software developer P-Cube Inc. in a cash-and-options deal Cisco valued at \$200 million.",Sci/Tech
"Spa is among the most demanding circuits for the engine, and Rob White explains the challenge of this unusual circuit.",Sports
"The Recording Industry Association of America (RIAA) has filed 754 new lawsuits against alleged file-traders using peer-to-peer services, the trade group announced Thursday.",Sci/Tech
The retailer trots out a bargain portable PC that packs Wi-Fi. Is it getting ready for a laptop push for the holidays?,Sci/Tech
"AP - Hungry, thirsty and increasingly desperate residents burned tires in protest and attacked each other in a panic to get scarce food and water Thursday as workers struggled to bury hundreds of victims of Tropical Storm Jeanne.",World
"HP (Quote, Chart) is doing a lot of explaining after it revealed this weekend that it will no longer put Itanium processors in its high-performance workstations.",Sci/Tech
"AUBURN HILLS, Mich. -- The potential loss of Gary Payton with a strained left hamstring was briefly a laughing matter last night after the Celtics dropped a 100-88 decision to the Pistons. When asked how he would get through one and possibly many more games without the veteran point guard, coach Doc Rivers decided he would call up executive director ...",Sports
"SiliconValley.com - In August, Joshua Rosen, a San Francisco entrepreneur and art director, went live with a Web site that makes it very simple for people to register to vote.",Sci/Tech
"update In order to get the next update of its Windows operating system out the door, Microsoft will delay some of the key improvements that had been planned.",Sci/Tech
"As part of its ongoing efforts to woo public sector customers, Microsoft Corp. has begun giving governments tools for collaborating and sharing technology information with other organizations so that they can learn from each other''s experiences and cut development costs.",Sci/Tech
"A new pan-European supercomputing network has opened to help scientists in the EU with their research.  quot;We have just completed testing, quot; said David Henty of the Edinburgh Parallel Computing Centre, a member ",Sci/Tech
"The Mac maker says it will replace about 28,000 batteries in one model of PowerBook G4 and tells people to stop using the notebook.",Sci/Tech
"Do-it-yourself phishing kits are being made available for download free of charge from the Internet, according to anti-virus firm Sophos.\",Sci/Tech
"AP - Reliever Arthur Rhodes was traded for the second time in two weeks Saturday, sent from the Pittsburgh Pirates to the Cleveland Indians for outfielder Matt Lawton in the first trade of the winter meetings, a baseball official told The Associated Press.",Sports
"CBC SPORTS ONLINE - The Buffalo Sabres agreed to terms with former first-round draft choice Thomas Vanek on Friday. The Sabres signed the left-winger, the fifth overall selection in the 2003 NHL Entry Draft, to a three-year entry-level contract.",Sports
"Venus Williams of the United States returns the ball to Croatia #39;s Karolina Sprem, during their first round match, at the Swisscom Challenge Tennis Tournament in Kloten, Switzerland, Tuesday, Oct.19, 2004.",Sports
"Open source can immediately prompt the words  #39;law suit #39; in some peoples #39; minds, but Black Duck have introduced a software platform that helps developers catch and resolve potential intellectual property disputes.",Sci/Tech
"Warren Sapp #39;s presence and legacy linger around the Tampa Bay Buccaneers like something tangible, something that can be felt, heard and feared, say an open-handed slap to the face mask.",Sports
SAN FRANCISCO -- A judge is ordering Microsoft Corp. to pay \$112.5 million to attorneys who successfully sued the software maker for monopolizing a segment of California #39;s market.,Sci/Tech
"Al Leiter provided a settling influence and Kerry Wood struggled with his control, yielding three first-inning runs.",Sports
Top-seeded David Nalbandian of Argentina and Olympic champion Nicolas Massu of Chile advanced to the quarterfinals of the CA Trophy Thursday with straight-set victories while American Robby Ginepri upset No.,Sports
AP - Evander Holyfield was suspended indefinitely by New York boxing officials in the wake of his loss Saturday night to journeyman Larry Donald.,Sports
South Sound fans reacted with everything from relief to regret over Wednesday #39;s NCAA rulings on the University of Washington athletics program.,Sports
"SAN FRANCISCO - Intel Corporation recently disclosed key technical details of its upcoming wireless broadband chip for WiMAX products, which will enable long-distance, high-speed wireless Internet access for homes and businesses.",Sci/Tech
"Los Angeles Dodgers #39; Shawn Green watches his home run in the sixth inning against the St. Louis Cardinals Saturday, Oct. 9, 2004, in Los Angeles.",Sports
HP plans to add virus-throttling technology to ProLiant servers and ProCurve switches starting in early 2005. Virus Throttler technology slows the spread of a virus or worm within an infected server to give  administrators time to act.,Sci/Tech
"com. Thome has known Charlie Manuel for his entire professional baseball life, which started shortly after he became a 13th-round draft pick by the Cleveland Indians in 1989.",Sports
Mobile phone operator MMO2 raises its UK revenue growth target for this year as it gets more customers and existing users spend more.,Sci/Tech
"Layoffs at Cingular Wireless were inevitable after it acquired AT amp;T Wireless, but what #39;s with the timing? A Cingular spokesman yesterday confirmed an Associated Press report that Cingular ",Business
"AP - SpaceShipOne is one flight away from clinching the Ansari X Prize, a  #36;10 million award for the first privately developed manned rocket to reach space twice within 14 days.",Sci/Tech
"AP - Latrell Sprewell was suspended for one game by the NBA on Tuesday for yelling a sexual vulgarity at a female fan during a game, the latest episode of a player clashing with spectators.",Sports
"After you''ve joined the music revolution and plunked down \$250 for an Apple iPod mini, it''s easy to become quite protective of the little gizmo.",Sci/Tech
"Berkeley, U. of Minn. students get download discounts; aim is to provide legal music alternatives. NEW YORK (CNN/Money) - As an added bonus to returning to campus this fall, more than 80,000 college students ",Business
"Reciprocal Links Are Not Evil\\I will repeat, reciprocal links are not evil. All this discussion in the forums about how people only want one-way links because they heard reciprocal links are bad and can get you kicked out of the search engines is taken way out of proportion. One example ...",Sci/Tech
" AMSTERDAM (Reuters) - Nokia, the world''s biggest handset  maker, unveiled on Wednesday a miniature version of its  equivalent of the Swiss Army knife it hopes will lure women and  less-techie business people.",Sci/Tech
"A dominant defensive performance and a 21-point lead left the Indianapolis Colts with precious little to fret about at halftime Sunday at the RCA Dome, save the inconsequential.",Sports
" ATLANTA (Reuters) - Quiznos Sub, the third-largest U.S.  sandwich chain, said on Wednesday it signed a deal to serve  PepsiCo Inc. &lt;A HREF=''http://www.investor.reuters.com/FullQuote.aspx?ticker=PEP.N target=/stocks/quickinfo/fullquote''&gt;PEP.N&lt;/A&gt; drinks in its U.S. outlets, ending a  23-year relationship with Coca-Cola Co. &lt;A HREF=''http://www.investor.reuters.com/FullQuote.aspx?ticker=KO.N target=/stocks/quickinfo/fullquote''&gt;KO.N&lt;/A&gt;",Business
"Microsoft announced on Monday that it will not release a fifth service pack for Windows 2000, a popular version of the company #39;s operating system.",Sci/Tech
"For those who need to make telephone calls in flight and don''t want to sell the second car to finance them, help is on the way.",Sci/Tech
NEW YORK - Investors will be looking ahead to the Federal Reserve #39;s meeting and third-quarter earnings forecasts in Wall Street #39;s short trading week after the Labor Day holiday.,Business
"BEIJING (AP)  China appealed to North Korea on Tuesday to join working meetings before a new round of six-party talks on dismantling its nuclear program, despite the North #39;s declaration that it saw no point in attending. ",World
"BAGHDAD, Iraq - A US military official in Iraq says seven American marines have been killed today in a car-bomb explosion. Several other Marines have been wounded in the attack.",World
"The daily volume of Internet attacks dropped off in the first half of this year, and the rate at which new vulnerabilities are being reported appears to have hit a plateau, according to Symantec Corp.",Sci/Tech
"Dell gets set to roll out its PowerEdge 1855 blade server line a home-grown design, this month.",Sci/Tech
"AP - Minnesota Timberwolves center Michael Olowokandi was suspended by the team for a second game Friday night, one day after police used a stun gun to subdue him when he refused to leave a club.",Sports
Snoop Dogg running deep post routs for Matt Leinart. Snoop Dogg rapping and giving a pep talk inside the locker room of the top-ranked USC Trojans.,Sports
Sonny Riccio ran for two touchdowns and passed for 148 yards to lead Delaware to a 28-14 win over visiting Lafayette yesterday in the first round of the Division 1-AA playoffs.,Sports
"A growing number of older Americans are discovering the Internet. Across the country, programs have sprouted at senior centers and libraries to help people master the Internet, which advocates say is an important tool for seniors trying to overcome isolation and stay independent.",Sci/Tech
"Three new variants of the Bagle virus that emerged last week are still in circulation, but the attacks seem to be leveling off. While the latest viruses have some sophisticated features, security ",Sci/Tech
"Credit Suisse First Boston, the securities unit of the Credit Suisse Group of Zurich, replaced Adebayo O. Ogunlesi as head of investment banking with its president, Brian D. Finn, eight weeks after Brady W. Dougan was named chief executive. ",Business
At least 13 Iraqis were killed and other 50 injured most of them are members of the Iraqi police in a booby trapped car explosion that targeted a main inspection point for the Iraqi police at al-Rasheed street in the downtown of Baghdad.,World
"IE is subject to a trio of unpatched vulnerabilities, security firm Secunia warned yesterday.",World
"A HYPERSONIC rocket inspired by Australian technology has smashed the world speed record, travelling at 11,000km/h. RECORD bound .",Sci/Tech
"The Mars Global Surveyor released the latest glyph image that appears to evoke the kinds of communication in rock formations that has become famous among Mars'' watchers on the internet. But there is a serious side to interpreting remote sensing data, and shadow is not always one''s ally...",Sci/Tech
AP - The Florida Marlins found an appropriately wild end for their weird stay in Chicago.,Sports
AUSTIN Farmers Insurance today announced plans to cut its Texas homeowners insurance rates by five percent in a settlement with the state.,Business
"NEW YORK : Wall Street shares closed higher on Tuesday, but record oil prices capped the day #39;s gains amid concerns over a multi-billion-dollar tax bill facing Russian oil giant Yukos. ",Business
"Hunt Valley, MD (Sports Network) - Wayne Levi matched the course record of eight-under-par 64 on Friday to take a one stroke lead after the opening round of the Constellation Energy Classic.",Sports
You share a pepperoni pizza. You even share a Nobel Peace Prize. You do not share the NFL MVP Award.,Sports
 LONDON (Reuters) - Oil prices hit a new record near \$51 a  barrel on Tuesday as a prolonged U.S. production outage  following Hurricane Ivan attracted fresh speculative buying.,Business
"TIM HENMAN last night admitted all of his energy has been drained away as he bowed out of the Madrid Masters. The top seed, who had a blood test on Wednesday to get to the bottom of his fatigue, went down ",Sports
"Yahoo #39;s (Quote, Chart) public embrace of the RSS content syndication format took a major leap forward with the release of a revamped My Yahoo portal seeking to introduce the technology to mainstream consumers.",Sci/Tech
Why is science seemingly at war with President Bush?,Sci/Tech
"BRUSSELS - The European Union cannot start entry negotiations with Turkey unless Ankara adopts a reform of its penal code, a European Commission spokesman said on Monday.",World
"I was dying to ask. How on earth do you survive 13 full years playing for, arguably, the most demanding manager this country has ever seen?",World
"NEW YORK -- NBA referees have entered into a five-year collective bargaining agreement with the league, removing the possibility of having replacement officials work the upcoming season.",Sports
"US blue-chip stocks finished higher on Friday, helped by gains in energy companies #39; shares, although investors showed caution before next Tuesday #39;s presidential election.",Business
THE calamity-prone Arsenal goalkeeper Jens Lehmann will be the centre of more derision from Gunners fans after his two horrendous blunders cost the English giants an important win in a 2-2 draw with Panathinaikos in Athens.,Sports
"They spent the summer marveling over their lineup changes and their improvement, the big-name veterans they signed and the strategic concepts they imported from the champion New England Patriots.",Sports
"India #39;s software exports are on track to grow by 30 percent in the year to March 2005, despite attempts in the key US market to discourage outsourcing and protect jobs, the industry #39;s head said on Monday.",Business
"The United States remains a world leader in science that other countries try to imitate, the science adviser to President Bush told an audience at the University of Toledo yesterday.",Sci/Tech
"AP - Curt Schilling became the first 19-game winner in the major leagues this year and Manny Ramirez homered twice, including his second grand slam of the season, to lead the Boston Red Sox over the Seattle Mariners 13-2 Friday night.",Sports
roundup Plus: Oracle gives PeopleSoft shareholders more time...Cisco reports access control server flaws...Toshiba tinkers with Wi-Fi for TV.,Business
"Linebacker Keith Brooking makes the claim after 4-0 Atlanta matches the best start in franchise history. By Associated Press. CHARLOTTE, NC - The Atlanta Falcons stormed off the Panthers #39; field, a victory in hand and a message for the rest of the NFL.",World
"China #39;s real gross domestic product (GDP) is projected to average around 9 percent in 2004 andto slow to about 7.5 percent in 2005, the International Monetary Fund (IMF) said Wednesday.",Business
United States sprinter Jerome Young was banned for life by the US Anti-Doping Agency yesterday following his second positive test for an illegal steroid in a case that could affect a US relay team #39;s gold medal from Sydney.,Sports
A British soldier killed after clashes with militia forces in the southern Iraqi city of Basra was today named as Lance Corporal Paul David Trevor Thomas. ,World
"When Jets coach Herman Edwards started reviewing the many problems that plagued his defense last year, one glaring weakness jumped out at him.",Sports
"MOSCOW -- Police intercepted a car packed with explosives in central Moscow yesterday and said they had thwarted a terrorist attack, Russian media reported. A suspect told investigators he was being paid \$1,000 to take the car to a major thoroughfare used by President Vladimir Putin, news agencies and television said, quoting security forces. The suspect died from a heart ...",Sci/Tech
"In percentage terms, Maryland, Virginia and the District saw much stronger levels of job creation in July than the nation as a whole.",Business
"AFP - The world''s biggest software company, Microsoft Corp, said that its first quarter profits swelled to 2.9 billion dollars as consumers and businesses pumped up demand for new computers.",Business
"Finnish mobile phone manufacturer Nokia Corp. will offer mobile anti-virus software through F-Secure Corp. as one of the features in its new Nokia 6670 smart phone when it is released in October, the companies announced Thursday.",Sci/Tech
FULHAM #39;S United old boy Andy Cole fears his former team are poised to leave their critics red-faced. The Reds haven #39;t lost in the Premiership since defeat at Portsmouth six matches ago when they were being written off in the title race.,Sports
"KABULA day after Afghan President Hamid Karzai escaped a rocket attack on his helicopter, he slipped away from his US security guards and left the presidential ",World
"A man in Thailand has died of avian flu, the first human casualty in the country since the disease re-emerged in Asia in July, officials said Thursday.",World
"ANAHEIM, Calif. The Anaheim Angels will be without second baseman Adam Kennedy as they pursue a postseason berth. Kennedy tore up his right knee in the fifth inning of last night #39;s 5-to-2 win over Seattle.",Sports
"The nation #39;s largest provider of satellite radio will launch a premium internet music service in early October. XM Satellite Radio, the nation #39;s largest provider of satellite radio with more than 2.1 million ",Sci/Tech
" EDEN PRAIRIE, Minn., (Sports Network) - The Minnesota  Vikings added some much- needed depth to its secondary on  Tuesday by signing veterans Terrance Shaw and Ralph Brown.",Sports
Information technology workers face rising unemployment and are having mobility thrust upon them as companies change the way they staff computer-related jobs.,Sci/Tech
"In a move that defies logic, a vision for the future and good taste, baseball owners voted unanimously to extend the contract of commissioner Bud Selig through 2009. As a baseball fan, this makes me want to lower the blinds, wear black and listen to my ...",World
Tom Lehma''s 5-under 67 on Saturday leaves him tied for the Funai Classic lead as he gets a third chance in as many weeks to end a five-year winning drought.,Sports
"Feyenoord, Stuttgart and Rangers registered comfortable wins Thursday in the group stage of the UEFA Cup, while French side Lille was upset 1-0 by a German second division club.",Sports
" LONDON (Reuters) - The compact disc has at least another  five years as the most popular music format before online  downloads chip away at its dominance, a new study said on  Tuesday.",Sci/Tech
Auburn gave the Bowl Championship Series suits what they were looking for Saturday night. Auburn #39;s Cole Bennett (87) recovers a fumble in the end zone to score the Tigers #39; first ,Sports
Dell will provide an enterprise networked server infrastructure consisting of dual Intel Xeon and four-way Intel Itanium processor-based PowerEdge servers.,Business
"AP - Google Inc., a company built on complex algorithms that power its online search engine, doesn''t appear to be in any rush to tackle one of Wall Street''s most basic equations  #151; the stock split.",Business
"Continuing its crackdown on software pirates, German police arrested a 46-year-old lawyer, two brothers, and a teenager on Thursday for allegedly selling illegal software, movies, games, and music through a commercial online service, according to the German Federation Against Copyright Theft (GVU).",Sci/Tech
"A year ago, the Twins lamented the day off that followed their victory against the Yankees in Game 1 of the American League Division Series.",World
"AP - Pops Mensah-Bonsu scored 17 points, and No. 21 George Washington used a 20-2 run late in the first half to take control in a 79-65 victory Saturday night over St. Francis, Pa.",Sports
Sri Lanka spinners Rangana Herath and Tillakaratne Dilshan shared six wickets to help bowl South Africa out for 191 in the third one-day international on Sunday.,Sports
"Olympic cycling champion Tyler Hamilton, whose name has become synonymous with resilience and grit, could lose his gold medal and be banned for two years after blood tests showed evidence of banned transfusions.",World
"TWO weeks ago, Alex McLeish was posing for the photographers at Murray Park with the Bank of Scotlands Manager of the Month award for November, savouring a period which had turned Rangers season around and seemed to have discarded any short-term ",Sports
"IBM has issued an upgrade of its WebSphere middleware product, adding autonomic troubleshooting capabilities that autmatically detects system problems and recovers Web-based business transactions that would take days to fix manually.",World
"Mozilla Firefox Internet Browser Market Share Gains to 7.4\\The latest survey from OneStat.com shows what was expected. Firefox is gaining on Internet Explorer and pretty rapidly. As per the reports, Mozilla Foundation has taken a 7.4 market share gaining more than 5 since May. Microsoft rsquo;s Internet Explorer has dropped down ...",Sci/Tech
washingtonpost.com - Now Cingular Wireless LLC gets to reap the rewards -- and face the challenges -- of its new status as the nation''s biggest cellular provider.,Business
French maestros Robert Pires and Thierry Henry combined to give champions Arsenal a classy 3-1 victory over Aston Villa at Highbury on Saturday.,Sports
A new variant of the Internet worm MyDoom - Mydoom.Y - has anti-virus vendors puzzled. Not because they can #39;t do anything about it but because it comes along with a description of itself.,World
Mississippi State #39;s victory over 20th-ranked Florida -- easily the biggest upset of the 2004 season -- signaled the beginning of a bright future for first-year Bulldogs coach Sylvester Croom and the beginning of the end for third-year Gators head man Ron ,Business
"Marion Jones, who left Sydney four years ago with a record five medals, will depart Athens with none after a disastrous night at the Olympic Stadium.",Sports
"The Sacramento Kings beat the Houston Rockets in a nail-biter pre-season game in Beijing on Sunday, 91-89, on a baseline jumpshot by reserve guard Bobby Jackson in the final seconds.",Sports
"According to British cops he is Dhiren Barot to his father and Abu Musa al-Hindi to Al Qaeda. On Wednesday India-born Barot alias al-Hindi, along with seven men of Pakistani origin, arrested in anti-terror raids and charged with plotting radioactive, ...",World
"Fresh off the Pedro Martinez signing, the Mets didn #39;t waste much time before moving on to their next order of business. A baseball official with knowledge of the team #39;s plans ",Sports
 NEW YORK (Reuters) - Shares of Home Depot Inc. &lt;A HREF=''http://www.investor.reuters.com/FullQuote.aspx?ticker=HD.N target=/stocks/quickinfo/fullquote''&gt;HD.N&lt;/A&gt; rose  before the opening bell on Tuesday after the world''s largest  home improvement retailer reported a 19 percent rise in  second-quarter profit.,Business
"As baseball officials met Wednesday with backers of a northern Virginia ballpark for the Expos, a second key lawmaker said he opposes a plan to finance the stadium.",World
"The average US retail price of gasoline rose slightly over the last two weeks to almost \$1.88 a gallon -- the first increase reported since late May, according to the nationwide Lundberg survey of about 8,000 gas stations.",Business
"US retail giant Wal-Mart Stores Inc plans to open 15 new stores in China next year, reported China Daily on Wednesday. Joe Hatfield, president of Wal-Mart Asia, revealed the news at a press conference yesterday in Beijing.",Business
"Microsoft has developed a cut-down version of Windows XP with a Hindi interface for the Indian market. The Indian version, which will be available early next year, will also feature help and training in Hindi.",Sci/Tech
"Reuters - European shares sagged on Tuesday as\broker downgrades hit mobile phone operator Vodafone  and two\of its peers, but UK clothing retailer Next shone on news of\strong summer sales.",Business
"There are games in which players renew their vows as teammates, and last night''s 8-4 victory over the Toronto Blue Jays was one of them. It may not have been as clear as it was in the Yankee-Red Sox brawl game back in late July, which produced an obvious bond.",Sports
"Turin, Italy (Sports Network) - Valentino Castellani, the chief organizer of the Turin Olympic Committee, has announced his decision to resign.",Sports
"COOLUM, Australia - Australian Peter Lonard won the Australian PGA Championship by two strokes for his third tournament title in as many weeks on Sunday.",Sports
Description: Tensions between Russia and Chechnya escalated with the rebel seizure of a school in Beslan earlier this month. Chechen separatists claim the violence stems from decades of abuse by Russian authorities seeking to take control of the region.,World
This is fantastic news and could possibly make the HD-DVD format the winner over the competing Blu-Ray technology.... Two Japanese companies said Tuesday they have developed a DVD that can play on both existing ,Sci/Tech
Silverstone racing track owners are confident they will reach an agreement with Formula One rights holder Bernie Ecclestone for a British Grand Prix next July.,Business
"Second-seeded Lleyton Hewitt defeated French teenager Gael Monfils 6-3, 7-6 (3) at the Paris Masters on Tuesday, then heaped praise on the former junior champion.",Sports
Reuters - Jeffrey Moeser and his company are\aiming to change the future of home entertainment.,Sci/Tech
Auburn Hills - (11/29/04)--Auburn Hills police say they have identified the chair thrower from the Pistons/Pacers brawl. The suspect who allegedly threw the chair is a 35-year-old man from Genesee County #39;s Mundy Township.,Sports
"Utilities, telecommunications companies and government agencies are more popular as targets at attacks on them surged 55 per cent from July to August, a new report says.",Sci/Tech
"An Internet company has agreed to forgive \$17 million in customers'' bills as part of an agreement with the government, the Federal Trade Commission announced Monday.",Sci/Tech
Real Madrid ended talk of a crisis at the club as they thumped Levante 5-0 in the Bernabeu and Valencia moved back into the Champions League places with a 2-0 win over Mallorca.,Sports
day shot down a proposal to create a  quot;multiracial quot; box on freshman application forms -- a plan suggested by Regent Ward Connerly that quickly became a flashpoint in lingering debates over affirmative action.,World
 SEOUL (Reuters) - A cloud of confusion surrounded a widely  reported explosion in North Korea last week with South Korea  saying on Friday its latest assessment was that no blast at all  occurred at the suspected site.,Sci/Tech
"The use of genetically modified animals in UK labs continues to grow, official statistics released on Tuesday show.",Sci/Tech
" NEW YORK (Reuters) - The wireless industry, not content  with getting corporate executives addicted to e-mail on the go,  is setting its sights on the instant messaging generation.",Sci/Tech
"ROME: Cesare Prandelli has stepped down as coach of Italian top flight side AS Roma, according to reports here yesterday which also said that former Germany coach Rudi Voller is ready to step in.",Sports
The Americans won a couple of better-ball matches and halved another before losing to the most unheralded European team in the final match Saturday morning.,Sports
AFP - Australian basketball star Lauren Jackson is hoping she can raise a Storm that can block out the Sun one more time.,Sports
Maybe coach Lenny Wilkens should make copies of the game tape of the Knicks #39; 99-81 loss last night at SBC Center and distribute them to his players as required viewing.,Sports
"IBM on Friday expanded its blade-server portfolio with six new systems, new options for attached-disk drives, and improved power management.",Business
"AP - Jason White threw for four touchdowns, two each to Travis Wilson and Mark Clayton, and No. 2 Oklahoma overcame its own mistakes to beat Kansas State 31-21 Saturday.",Sports
"DeShawn Baker runs for 151 yards on 26 carries as South Carolina State beats Howard, 23-16.",Sports
"AP - The Reds picked up Sean Casey''s contract option for 2006 on Friday, an indication they have no intention of trading the popular first baseman who is among the team''s highest-paid players.",Business
Yahoo is preparing to stake its claim to a key part of the burgeoning search engine business with a desktop search tool that makes it easier to find information on the hard drives of personal computers.,Business
A top Iranian official tells the BBC Tehran is prepared to give more assurances over its nuclear enrichment plans.,Sci/Tech
"Australia #39;s biggest retailer, Coles Myer, hopes it has silenced its detractors by posting a record annual profit, which was above its own guidance and market expectations.",Business
"Identity theft meets the global virus epidemic, enabling fraud that finally gets people''s attention. ",Sci/Tech
"The Detroit Tigers exercised their option on manager Alan Trammell #39;s three-year contract Tuesday, keeping him with the team through the 2006 season.",Business
"com November 4, 2004, 2:38 PM PT. This priority retains its ranking at number five as more and more companies deploy Web services to share business logic, data and processes with each other and with clients.",Business
"The big winners of the night in Group C were Bayern Munich, whose 5-1 drubbing of Maccabi Tel Aviv ensured their passage to the knockout stages.",Sports
"It has been a good year for Apple. Since the beginning of 2004, I #39;ve discussed GarageBand, AirPort Express and the latest iPod.",Business
"James Cracknell, the double Olympic gold medal winning rower, confirmed today that he will take a year #39;s break the sport before deciding his long-term future.",Sports
"Don #39;t expect Ken Cron to become CEO of Computer Associates International. At least, not anytime soon. Cron, currently CA #39;s interim CEO, will likely retain that status after the company #39;s annual stockholders ",Business
NEW YORK -- Google Inc. faces serious headwinds as it prepares to launch its long-anticipated initial public offering despite a lacklustre equity market and questions about the company #39;s business plan. ,Business
Internet engineers working on a standard for identifying the source of email messages voted down a proposal by Microsoft to include some of that company #39;s intellectual property in the specification.,Sci/Tech
"AP - Mark Knowles and Daniel Nestor won their first U.S. Open doubles title by beating Leander Paes and David Rikl 6-3, 6-3 Friday.",Sports
"InfoWorld - Fresh from introducing a major upgrade to the Java platform, Sun Microsystems officials on Thursday revealed some details of the next release of Java, code-named  #8220;Mustang #8221; and expected in Spring 2006.",Sci/Tech
"SiliconValley.com - In August, Joshua Rosen, a San Francisco entrepreneur and art director, went live with a Web site that makes it very simple for people to register to vote.",Sci/Tech
A new Catholic migrant outreach center named for former Diocese of Tucson Bishop Manuel D. Moreno is drawing protests from a support group for victims of clergy abuse.,Business
"AP - Calling video voyeurism the new frontier of stalking, the House on Tuesday approved legislation to make it a crime to secretly photograph or videotape people, often for lascivious purposes.",Sci/Tech
Major League Baseball has yet to reach an agreement with Peter Angelos on on a deal that would financially protect the Orioles.,Business
"The District of Columbia government, which long has struggled against an image of inefficiency, has begun cleaning out its closets with one of the most up-to-date instruments of modern electronic commerce.",Sci/Tech
"SYDNEY, Australia (AP) - Qantas profits soared to a record 648.8 million Australian dollars (US\$463.8 million, euro 376 million) in the past fiscal year, thanks to rising passenger numbers despite fears of Iraq war-related terrorism and the aftermath of ...",World
Attachmate''s new Synapta presentation and builder tools are designed to abstract host information so developers can more quickly build composite applications with existing assets.,Business
"El Hadji Diouf has always enjoyed courting controversy. Be it spitting, diving or being a general nuisance to all and sundry the Senegal international has a penchant for getting involved in the more unsavoury side of the game.",World
"AP - Reliever Arthur Rhodes was traded for the second time in two weeks Saturday, sent from the Pittsburgh Pirates to the Cleveland Indians for outfielder Matt Lawton in the first trade of the winter meetings, a baseball official told The Associated Press.",Sports
AUSTRALIAN captain Adam Gilchrist admitted today he was spooked by the prospect of enforcing the follow-on because of Steve Waugh #39;s fateful attempt during the Calcutta Test of 2001.,Sports
"Braves right fielder J.D. Drew cut his head when he hit it on the dugout railing following batting practice and was removed from the starting lineup against Colorado. Drew was taken to Piedmont Hospital in Atlanta, where he received two staples to close the wound. He returned to Turner Field and was in uniform by the fourth inning but did ...",Sports
A set of GameBoy micro-games is named as the most innovative game of the year at a festival in Scotland.,Sci/Tech
"WASHINGTON - The nation will face  quot;abrupt and painful quot; consequences unless the government moves quickly to fix the finances of Social Security and Medicare, Federal Reserve Chairman Alan Greenspan said Friday.",Sci/Tech
The immortal words of Spinal Tap while they were lost in the maze of backstage hallways couldn #39;t have suited the Edmonton Road Runners any better.,Sports
CHICAGO (Ticker) -- Rookie Andres Nocioni scored 20 points as the Chicago Bulls held on for a 95-92 victory over the Boston Celtics.,Sports
Reuters - French director Claude Lelouch has decided to show his new film ''Les Parisiens'' free across France to try to prove\wrong the critics who have panned it.,World
"AP - The New York Mets signed Cuban defector Alay Soler on Friday, giving the pitcher a three-year deal worth  #36;2.8 million.",Sports
The Internet megasite eBay yelled  #39;hold the cheese #39; when they found a 10-year-old grilled cheese sandwich that its owner says bears the image of the Virgin Mary being auctioned off on its website.,World
"Japan confirmed its 13th mad cow disease on Wednesday, said the health ministry, as the nation is in short of beef supply for the ban of imports from the United States.",Sci/Tech
Yahoo has quietly expanded its local business listings and rolled out a service that gives businesses control over their listings in Yahoo Local through a new paid inclusion program.,Business
"Amazon A9 Search Engine Offers Shopping Discount\\In an effort to boost Amazon''s A9 search engine usage and draw searchers away from Yahoo, Google and MSN, Amazon/A9 is offering a discount plan for A9 searchers on Amazon.com. Amazon is discounting purchases by 1.5 for A9 users as long as they register ...",Business
"Enron Corp. (ENRNQ.PK: Quote, Profile, Research) will pay \$321 million from the proceeds of its sale of its pipeline arm to fund pension plans for thousands of former ",Business
CBC SPORTS ONLINE - The spectre of an eighth straight loss was enough to spur the Toronto Raptors to a stunning 96-90 upset win over the visiting Minnesota Timberwolves at the Air Canada Centre.,Sports
"PHOENIX -- Wally Backman was hired Monday as manager of the Arizona Diamondbacks, taking over a team coming off one of the worst seasons in major league history.",Business
It is the Iraqi people who come best out of the end of the Najaf siege. This has been a triumph for the moderate majority who until yesterday felt themselves powerless to influence the wretched course of events in their own country.,World
"The arguments have been made, and now a judge must decide: Do disclaimers Cobb County stuck in its science textbooks two years ago - calling evolution a  quot;theory, not a fact quot; -iolate the principle of separation between church and state?",World
Quarterbacks Dan Marino and Steve Young and wide receiver Michael Irvin are among nine first-time nominees for the Pro Football Hall of Fame.,Sports
"AP - There were still plenty, way too many, good seats available.",World
"With elaborate fanfare this month, Microsoft yanked the wraps off the latest version of its Windows XP Media Center Edition (MCE) operating system. Although the software has had some moderate success -- Microsoft recently announced MCE unit sales had broken the million mark -- getting couch potatoes to become computer-friendly tubers has been a daunting task.",Sci/Tech
"AP - The preliminaries in the 100 meters were perhaps just a sample of what''s to come Sunday, when a talented group of qualifiers  #151; including Americans Shawn Crawford, Justin Gatlin and defending champion Maurice Greene  #151; will try to turn their competition into the fastest show at the Athens Games.",World
"AP - Karl Malone has ruled out a return to the Los Angeles Lakers because of comments made by Kobe Bryant in a radio interview, Malone''s agent said Tuesday.",Sports
"A.J. Feeley will replace Jay Fiedler as the starter Sunday at Seattle, interim coach Jim Bates says Monday.",Sports
TOKYO - Sony Corp. is banking on the \$3 billion deal to acquire Hollywood studio Metro-Goldwyn-Mayer Inc...,Business
"AP - Latrell Sprewell was suspended for one game by the NBA on Tuesday for yelling a sexual vulgarity at a female fan during a game, the latest episode of a player clashing with spectators.",Sports
"\\More and more bloggers are waking to the news:\\Lessig : \\...\\''Bush has won the popular vote. And it would take a freak of nature to imagine\the 220,000 provisional ballots would fall strongly enough to shift Ohio. He\will win the College. He is our President - legitimately, and credibly.''\\''Our criticism of this administration must now focus narrowly and sharply: on\the policies, not on the credibility of the man.''\\Joi Ito :\\''As Larry says, ''It''s over. Let it go.'' Jon is saying, ''Don''t complain -\organize!'' Although the previous post about the wacky voting system is\interesting, it''s unlikely that any sort of recount or technicality will\change the fact that today, the people of the Uni ...\\",Sci/Tech
"Myles Walsh stole the spolight in what is normally hailed as the Drew Carey show in Masconomet, as the Chieftains claimed a 28-7 victory over visiting Newburyport (1-5).",Sports
"This article was reported by Lee Jenkins, Juliet Macur and Bill Pennington and written by Mr. Jenkins. During a year that baseball would like to forget, the scene was set for its free fall.",Sports
"Maoists rebels have lifted a blockade that cut Nepal #39;s capital Kathmandu off from the rest of the country for a week. In a statement released Tuesday, however, the rebels warned the ",World
"Apple have announced that their iTunes store has crashed through the 200 million song download mark, a mere five months since we reported on their breaking the 100 million milestone.",Sci/Tech
"Apple has taken steps to take ownership of the iTunes.co.uk domain name from its current owner, with the company formally complaining to Nominet, the UK domain name registrar, that it is entitled to the domain.",Business
WASHINGTON - Google wants to save you a trip to the library. The search engine that revolutionized how people use the internet has teamed up with some of the world #39;s greatest libraries to put their books in your living room.,Sci/Tech
The Terps suffer their first three-game losing streak under Ralph Friedgen as Reggie Merriweather''s two-yard touchdown with 23 seconds left lifts Clemson to a 10-7 win.,Sports
It has now been confirmed by the Browns that Butch Davis has resigned as head coach of the team. The Browns will be holding a press conference with Team President John Collins at 2PM today.,Sports
"On preorders alone, the Nintendo DS is the third best-selling system in Japan this week. TOKYO--The Nintendo DS is the third best-selling video game console for the week of October 11-17, Nikkei BP Consulting reports today.",Business
"The next time you''re inclined to dismiss baseball''s Rule 5 draft in December as an exercise of little consequence, remember that Johan Santana, the pitcher Pedro Martinez said reminded him of a younger version of himself, only with better stuff, was a Rule 5 pick five years ago.",Sports
"Two people were killed and 10 wounded in a bomb blast in Bangladesh #39;s northeastern Sylhet town on Sunday, police said. They said the blast occurred outside a cinema hall in the town, 219 miles from Dhaka.",World
AP - President Bush made an unexpected visit to the Russian Embassy on Sunday where he signed a book of condolences for victims of the school hostage seizure and expressed outrage at the actions of ''evil terrorists.'',World
American Matt Emmons won the gold medal Friday in the 50-meter prone rifle competition with a score of 703.3. ,Sports
"As a child, Adam Levesque would sit with his grandfather, watching televised nature documentaries featuring exotic animals in their natural habitats. These days, Levesque creates his own wild kingdoms in a Waltham office park with a few clicks of a computer mouse.",Sci/Tech
"SYDNEY - The discovery of a skeleton of a female barely one metre tall who hunted pygmy elephants and giant rats 18000 years ago could force a reassessment of the origins of humanity, scientists in Australia said yesterday.",Sci/Tech
"At first glance, it might seem as if software company Computer Associates International Inc. has cleaned up its act. Yes, its former CEO and another top executive were indicted last ",Sci/Tech
"Reuters - Russian President Vladimir Putin has told\key ministries to sign the Kyoto protocol on global warming in\a step toward salvaging the U.N. plan, international\environmentalists said Wednesday.",Sci/Tech
"Barcelona held on from an early Deco goal to edge game local rivals Espanyol 1-0 and carve out a five point tabletop cushion. Earlier, Ronaldo rescued a point for Real Madrid, who continued their middling form with a 1-1 draw at Real Betis.",Sports
"By JAN M. OLSEN     COPENHAGEN, Denmark (AP) -- Denmark is joining Russia and Canada to see if it can lay a claim to the North Pole - and whatever natural riches may lie beneath it...",Sci/Tech
"It took a while for everything to fall into place, but it now seems clear: Chad Pennington is the real deal. Listen LIVE to NFL games, plus watch video news and features of your favorite team.",Sports
Europe #39;s Ryder Cup team is having a reunion this week at Valderrama. All 12 members of the team which beat the United States at Oakland Hills last month are playing in the European tour #39;s season-ending Volvo Masters.,World
"AP - A rapidly strengthening Hurricane Ivan churned closer to the Caribbean, packing sustained winds of 135 mph with meteorologists saying it''s possible that the system could reach Category 5 status.",Sci/Tech
"CBC SPORTS ONLINE - Alexei Kovalev doesn #39;t think the NHL lockout will end soon so he #39;s decided to do something about it. The gifted winger signed with Russia #39;s AK Bars Kazan, a team already loaded with NHL stars.",World
"HOUSTON, Oct. 1 -- NASA decided Friday to delay the spring 2005 launch of the first shuttle flight since Columbia disintegrated, citing hurricane damage and more work needed to implement safety recommendations.",Sci/Tech
The company is reasonably certain that it can maintain previously issued earnings guidance.,Business
"AP - Prosecutors in the Kobe Bryant case spent nearly  #36;400,000 trying to get the NBA star convicted of raping a woman at a Vail-area resort last summer, documents show.",Sports
"Microsoft announced on Monday that it will not release a fifth service pack for Windows 2000, a popular version of the company #39;s operating system.",Sci/Tech
"World marathon record holder Paula Radcliffe will run in the New York marathon on November 7, race organisers say. The 30-year-old Briton failed to finish either the marathon or the 10,000 metres at last August #39;s Athens Olympics.",World
Some of the head lice infesting people today were spread to us thousands of years ago by an extinct species of humans like &lt;i&gt;Homo erectus&lt;/i&gt;.,Sci/Tech
"Argentine David Nalbandian entered the Madrid Master final on Saturday, scoring 6-4 and 6-4 victory over Ivan Ljubicic of Croatia.",Sports
"Heraklio, Greece (Sports Network) - The old faces of US women #39;s soccer bid adieu, while the new faces introduced themselves in a gold-medal winning effort at the Athens Olympics on Thursday night at Karaiskaki Stadium.",Sports
AP - Linebacker Lofa Tatupu believed in his ability to play big-time football when few others did.,Sports
Electronic document giant Adobe Systems said that it was partnering with digital certificate company GeoTrust to provide technology that will allow documents that use Adobe #39;s popular PDF (Portable Document Format) to be digitally certified.,Sci/Tech
"Boston College''s 21-10 victory over Rutgers yesterday was the Eagles'' sixth win, making them eligible for a bowl bid. It may even have put them in prime position for a New Year''s Day game, even if they lose to West Virginia next week in Morgantown.",Sports
"Military court proceedings for four detainees from the US-led war in Afghanistan are due to start on Tuesday at the US naval base in Guantanamo Bay, Cuba.",World
"Hungary #39;s Robert Fazekas won the discus with an Olympic-record toss of 232 feet, 8 inches (70.93 meters) on Monday, beating the past two gold medalists.",World
Tim Henman is well aware of the potential damage which his next opponent Ivan Ljubicic could cause in the third round of the Madrid Masters Series.,World
&lt;strong&gt;Letters&lt;/strong&gt; And cheap tinsel worries wifi fans,Sci/Tech
NASCAR will use a shortened weekend schedule for the Nextel Cup series at most of its events next season in an effort to save money for teams.,Sports
ATHENS (CP) - Canadian sprinter Earle Connor has been suspended from the Canadian Paralympic team pending the final review of his positive drug test by the Canadian Centre for Ethics in Sport.,Sports
AP - Congressional leaders on Sunday would not guarantee passage of an overhaul of the nation''s intelligence agencies by the November election but pledged to try to make it happen.,World
"Garment makers in poor countries have been dismayed over the upcoming abolition of trade quotas, but the outlook is not as bleak as many experts had thought.",Business
"Hal Finney writes  quot;The X Prize Foundation, which recently awarded the Ansari X Prize for achieving a milestone in private space flight, is asking for suggestions for new X Prize ventures, under the name of The WTN X PRIZE.",Business
"SAN JOSE, CALIF. -- Borland with its Software Delivery Optimization (SDO) plan is looking to enable users to manage software projects like a business, Borlands Boz Elloy, senior vice president of software ",Business
"A car bomb has exploded north of the Iraqi capital, killing two people and injuring four others, including the deputy provincial governor of Diyala.",World
"At times like this, it is important to remember a simple truth: No matter how much they have improved, no matter how much promise they may show at times, there is something they have yet to escape.",Sci/Tech
"Naming the iMac G5 one of its Best Products of the Year, Fortune writes,  #147;An engineering marvel, the new iMac tucks the computer and speakers inside the expansive flat-panel display  #151;  #145;an advance as welcome as the day that VCR/DVD players were encased in the TV monitor box, #146; says Thompson Paul Thompson, director of the Cooper-Hewitt National Design Museum. Built-in wireless technology lets you use a cable-free keyboard and mouse. #148; Dec 10",Sci/Tech
"Talking in a teleconference this afternoon, David Richards insisted that the ending of the  quot;consultancy contract quot; between BAR and Prodive, and his subsequent departure from the team, was a mutual decision.",Sports
Michael Phelps yesterday pulled out of the 400 metres individual medley at the short course world championships in Indianapolis with a sore back.,Sports
" CHICAGO (Reuters) - Smithfield Foods Inc. &lt;A HREF=''http://www.investor.reuters.com/FullQuote.aspx?ticker=SFD.N target=/stocks/quickinfo/fullquote''&gt;SFD.N&lt;/A&gt;, one of  the nation''s largest meat producers, on Thursday said quarterly  earnings more than doubled due to higher hog prices and its  acquisition of Farmland Foods last year.",Business
"Fannie Mae would have to maintain 30 percent more capital than current rules demand it hold on its balance sheet, the Office of Federal Housing Enterprise Oversight, said in a statement.",Business
"It seems there #39;s no end to Japan #39;s love of handheld gaming these days. With Nintendo selling big with its hugely successful Nintendo DS launch, Sony have begun the counter attack with queues of up to 1500 ",Sci/Tech
"AP - Sometime during the last several weeks, pitcher Jarrod Washburn began to sense a change in the mood surrounding the Anaheim Angels. Losing was no longer an option.",Sports
"NewsFactor - Microsoft''s (Nasdaq: MSFT) domination of the Web browser market is falling as consumers opt for open-source software from the Mozilla Foundation, according to a survey.",Sci/Tech
Crude oil prices pushed past the psychologically important US\$50-per-barrel mark Tuesday to an all-time high of US\$50.01 as the market reacted to the slow recovery of US oil production in the Gulf of Mexico following Hurricane Ivan.,World
"The United States team wasn #39;t able to stop the juggernaut that is the partnership of Colin Montgomerie and Bernhard Langer, but little else slowed it down in a record-setting ",World
"Apple on Wednesday announced Logic Pro 7 and Logic Express 7, the newest major releases of the company #39;s pro music creation and audio production software.",Sci/Tech
Germany beat Sweden 1-0 in a repeat of the 2003 World Cup final to take Olympic bronze in the women #39;s soccer tournament on Thursday.,Sports
Alcatel plans to acquire US-based mobile infrastructure company Spatial Wireless in a deal valued at \$250 million. The agreement gives Alcatel an avenue to expand in the US gear market.,Business
"Deutsche Bank Securities Inc. and Thomas Weisel Partners agreed to pay a combined \$100 million to settle charges involving conflicts of interest between research and investment banking, US regulators said on Thursday.",Business
"USATODAY.com - The European Commission on Tuesday cleared Oracle''s hostile  #36;7.7 billion bid for rival business-software maker PeopleSoft, lowering the last antitrust hurdle to the contested deal. ''There is an absence of sufficient evidence of competitive harm,'' regulators said in a statement.",Business
"MIAMI - Kris Benson took a shutout into the seventh inning, Eric Valent homered and the New York Mets ended three streaks Thursday by beating the Florida Marlins 4-0.",Sports
"SOUTHLAKE, Texas (Ticker) -- The battle for the final playoff spot in the Western Conference comes down to 90 minutes of action as the Dallas Burn host the San Jose Earthquakes on Saturday night.",Sports
"The WPP Group, the world #39;s second-largest advertising and marketing company, reported on Friday that profit for the first half of the year rose 11 percent, providing further ",Business
"The Boeing Co. #39;s major rival, Airbus, announced Wednesday it has received an order from Cebu Air Inc., the Philippines #39; second-largest airline, for 12 new A319 jets.",Business
"Anaheim, CA (Sports Network) - The Washington Nationals have signed free-agent first baseman Wil Cordero to a one-year contract, and also agreed to terms with outfielder Jeffrey Hammonds on a minor league deal with an invitation to spring training.",Sports
"HONG KONG Hutchison Whampoa has filed with US regulators to raise as much as \$2 billion in an initial public offering of its phone business in Hong Kong, India and six other markets.",Business
"At age 42, Roger Clemens has done it all for the Astros this season. Tomorrow, he will do something he hasn #39;t done all season - pitch on three days #39; rest.",Sports
"Israeli Prime Minister Ariel Sharon made a telephone call to Russian President Vladimir Putin on Sunday, promising Israeli cooperation with Russia to concentrate efforts to ",Sports
"Reuters - Beauty may not be just in the\eye of the beholder after all because a sense of visual\attraction is hardwired in the brain at birth, a British\scientist said on Monday.",Sci/Tech
"After leading the majors with 105 regular-season victories, the St. Louis Cardinals entered the playoffs expecting to win the World Series.",World
" NAJAF, Iraq (Reuters) - U.S. helicopter gunships pounded  Shi''ite militias in the holy Iraqi city of Najaf on Sunday as  tanks rumbled to within 800 meters (yards) of a besieged shrine  at the center of a near three-week insurgency.",Sports
AP - The protective netting in place to protect fans from falling concrete at Wrigley Field must be replaced with a permanent solution if the Chicago Cubs want to play at the stadium next spring.,Business
" CHICAGO (Reuters) - - Jeans maker Levi Strauss   Co. on  Tuesday posted a quarterly profit, compared with a year-earlier  loss, helped by sales of higher-priced products in Europe and  Asia and lower costs.",Business
Nasa has announced plans to launch the first manned space mission since the 2003 Columbia disaster. The next shuttle flight is to take place in May 2005 following a series of delays because of damage caused by hurricanes.,Sci/Tech
"BERLIN : German Chancellor Gerhard Schroeder #39;s party vowed to press on with its tough economic reform drive, despite a fresh state election rout that spells trouble for a string of further polls this month.",World
"Pete Rose is back in trouble with the Internal Revenue Service, which says the baseball great owes nearly \$1 million in unpaid taxes.",Business
AP - Newly arrived Duke University freshmen got something considerably snazzier than the usual Blue Devils T-shirts and ball caps: Their goodie bags included a free iPod digital music player engraved with the school''s crest and the words ''Class of 2008.'',Sci/Tech
Turns out there was a reason why Priest Holmes didn #39;t play in the final 8 1/2 minutes when the Chiefs trailed Carolina by only 11 points in their 28-17 loss Sunday.,Sports
"MCI Inc. Thursday reported a loss of \$3.4 billion during its third quarter, reflecting its recent decision to write down the value of its telecommunications network.&lt;BR&gt;\&lt;FONT face=''verdana,MS Sans Serif,arial,helvetica'' size=''-2''\ color=''#666666''&gt;&lt;B&gt;-The Washington Post&lt;/B&gt;&lt;/FONT&gt;",Sci/Tech
MIAMI - A teen whose life sentence in the beating death of a 6-year-old playmate was thrown out on appeal went before a judge yesterday on charges he violated his probation by walking around late at night with a pocket knife.,World
"Ken Lewis, chief executive of Bank of America Corp., stands by job promises made to Massachusetts officials before BofA bought FleetBoston Financial Corp.",Business
"Dec 10, 2004: A new web browser security hole has been uncovered by a security firm, which could provide scammers with the means to launch phishing attacks from pop-up windows on genuine, trusted websites.",Sci/Tech
"Austin, TX (Sports Network) - Cedric Benson rushed for 140 yards and five touchdowns, as the sixth-ranked Texas Longhorns rallied from a 28-point deficit to erupt for a 56-35 victory over 19th-ranked Oklahoma State.",Sports
Pitcher Mike Hampton homered off Kerry Wood and the Atlanta Braves sent the collapsing Chicago Cubs to the verge of wild-card elimination.,Sports
"For Roger Federer, simple equates to sanity. Simple is his stated game plan. He has put a box around his life, and only the important things are allowed in.",World
Insurance firm says its board now consists of its new CEO Michael Cherkasky and 10 outside members. NEW YORK (Reuters) - Marsh  amp; McLennan Cos.,Business
"PARIS - France is ready to play a greater role in rebuilding Iraq and has invited Iraqi President Ghazi Yawar for talks in Paris next month, President Jacques Chirac said in a speech on Friday.",World
"Nintendo, Sony ready rival portable gaming devices. Which one will gamers go for?",Sci/Tech
"AP - XM Satellite Radio Holdings Inc. will soon begin broadcasting some of its stations to subscribers over the Internet, fresh on the heels of the company''s discontinuation of a receiver for PCs that some users used to circumvent the music industry''s crackdown on illegal file sharing.",Business
"Dubai - An Islamist group has claimed that it hijacked two Russian planes that crashed this week, killing at least 89 people, and threatened more attacks, according to an Internet statement posted on Friday.",World
"AFP - World leaders expressed horror at the bloody end to the Russian hostage crisis, calling it a tragedy which resulted from a  quot;nauseating quot; and  quot;barbaric quot; terrorist attack.",World
"Shares of Varsity Group Inc., the online bookseller that rose to prominence during the e-commerce boom only to stumble badly, will return to trading on the Nasdaq National Market this morning.",Business
BAKU : David Beckham is set to be hauled over the coals by English football authorities over his admission that he deliberately fouled an opponent to earn himself a convenient booking in last week #39;s World Cup qualifier against Wales.,World
"Glasgow - Scotland manager Berti Vogts has resigned because of  quot;disgraceful abuse quot; including being spat upon, he said in a Scottish Football Association statement on Monday.",Sports
"Olympic wrestling silver medalist Sara McMann has been charged with careless driving causing death following a crash that killed her boyfriend, the Colorado State Patrol said yesterday. Steven Blackford , 28, a three-time NCAA All-American wrestler at Arizona State, died Friday when the Jeep they were in rolled off the shoulder of Interstate 76 in northeastern Colorado. McMann, 23, of ...",Business
"DALLAS (Ticker) -- The New York Knicks have 13 days before they play their season opener. From the looks of things, they have plenty of work to do.",Sports
But Calhoun likes his players and his university and the fact that the Huskies are the defending national champions a lot more. Calhoun was livid with himself and the collective ,Sports
Some 800 Palestinian detainees in Israel #39;s Ashkelon prison have suspended their 13-day-old hunger strike until Monday after some of their demands were met.,World
"Nearly three-quarters of IT managers are planning to deploy the Windows XP Service Pack 2 update to their systems, research shows.",Sci/Tech
"AP - The main oxygen generator for the international space station has failed, and the two astronauts on board will tap into an attached cargo ship''s air supply this weekend, NASA said Thursday.",Sci/Tech
"Slovenia pulled off a famous result yesterday, defeating Italy to go top of Group Five. A solitary goal by Bostjan Cesar after 82 minutes gave the hosts victory in Celje to inflict a first World Cup qualifying group defeat on Marcello Lippi #39;s side.",World
The scooter maker is testing a new four-wheel gadget that travels 20 mph and can handle rough terrain.,Sports
"JERUSALEM Israel #39;s security cabinet on Tuesday approved a compensation package that would pay roughly \$200,000 to \$300,000 to each Jewish family that agreed to leave the Gaza Strip under Prime Minister Ariel Sharon #39;s withdrawal plan.",World
