method,f1_micro,f1_macro,accuracy,train_time,eval_time
500real,0.924,0.8849795949659437,0.924,317.84686970710754,8.620355367660522
250real_250generic,0.912,0.8642021536113353,0.912,312.38908290863037,8.477740049362183
250real_250targeted,0.924,0.8868578738728308,0.924,311.70899534225464,8.628618001937866
50real_450generic,0.886,0.8394615374067429,0.886,318.2487099170685,8.581547737121582
50real_450targeted,0.89,0.8261489638342676,0.89,315.4563715457916,8.558542966842651
500generic,0.762,0.7241301847512627,0.762,319.6066119670868,8.545549869537354
500targeted,0.852,0.8059685094259561,0.852,310.3743450641632,8.503781795501709
