method,f1_micro,f1_macro,accuracy
500real,0.924,0.8849795949659437,0.924
250real_250generic,0.912,0.8642021536113353,0.912
250real_250targeted,0.924,0.8868578738728308,0.924
50real_450generic,0.886,0.8394615374067429,0.886
50real_450targeted,0.89,0.8261489638342676,0.89
500generic,0.762,0.7241301847512627,0.762
500targeted,0.852,0.8059685094259561,0.852
