text,label,requested_label
"NASA's new spacecraft, the Perseverance, has successfully landed on Mars and is set to explore the red planet's surface. The craft is equipped with advanced technology, including a state-of-the-art robotic arm and a suite of scientific instruments to study the Martian environment. #MarsLanding #SpaceExploration #Science",Sci/Tech,Sci/Tech
"WASHINGTON - The Congressional Budget Office projected Tuesday that this election-year''s federal deficit will hit a record \$422 billion, a shortfall that would be smaller than analysts predicted earlier this year.    The figure immediately provided political fodder for both parties now in the final two-month stretch of the presidential and congressional campaigns...",World,
Syrian Refugees Find Hope in Canadian Resettlement Program,World,World
"Nortel Networks said on Thursday it will slash its work force by 3,500, or 10 percent, as it struggles to recover from an accounting scandal that toppled three top executives and led to a criminal investigation and lawsuits.",Sci/Tech,
"HEMPSTEAD, NY - He was drafted in the first round in 2000 out of Marshall, at the head of the same quarterback class that yielded Tom Brady, but Chad Pennington #39;s road to success has been more deliberate.",Sports,
"Lionel Messi scored a hat-trick as Barcelona beat Manchester United 3-0 in the Champions League final. Messi's first goal was a stunning free kick from 25 yards out, and his second was a clinical finish into the bottom left corner. His third was a beautiful dribble past several defenders before finishing with a low shot into the far corner. Barcelona's victory brings their tally to four Champions League titles, and Messi's performance cements his status as the greatest player of all time.",Sports,Sports
Lionel Messi scores hat-trick as Barcelona beats Real Madrid 3-2 in El Clasico,Sports,Sports
"Australia #39;s biggest retailer, Coles Myer, hopes it has silenced its detractors by posting a record annual profit, which was above its own guidance and market expectations.",Business,
"The free Firefox Web browser, which has chipped away at the market dominance of Microsoft #39;s Internet Explorer, has been readied for a full release including new features designed to make it more stable, backers of the program say.",Sci/Tech,
"NASA's Kepler space telescope has discovered a potentially habitable exoplanet orbiting a nearby star. The exoplanet, known as K2-18b, is located just 111 light-years from Earth and has a thick atmosphere that could support life. Scientists are excited about the discovery and are already planning follow-up observations to learn more about the planet's composition and potential habitability. #KeplerTelescope #Exoplanet #AlienLife",Sci/Tech,Sci/Tech
"One of the tongue-in-cheek rules that we column-writers have is,  quot;Often wrong, never in doubt. quot; Take a stand, don #39;t duck and weave too much.",Business,
"Taiwan rescue workers dug out seven bodies from mud and rock in a mountain village that was hit by a devastating landslide triggered by Typhoon Aere, but eight still remained buried, officials said on Friday.",World,
"Amazon announces plans to expand its grocery delivery service to 100 new cities, aiming to reach 80% of the US population by 2025.",Business,Business
US Airways Group Inc. met with two unions to try and agree on concessions before an Oct. 7 hearing at which a bankruptcy judge might let the carrier temporarily reduce pay 23 percent to help avoid potential liquidation.,Business,
Researchers at MIT have developed a new material that can absorb and convert 100% of the sun's energy into electricity. This breakthrough could potentially revolutionize the way we generate power and reduce our reliance on fossil fuels. #SciTech #RenewableEnergy,Sci/Tech,Sci/Tech
"Sony is set to launch a new line of high-end TVs, featuring cutting-edge OLED technology and sleek designs. The new TVs are expected to be priced around $2,000, making them some of the most expensive on the market. Despite the high cost, analysts say the TVs are likely to be a hit with consumers looking for a premium viewing experience. #Sony #TVs #HighEndTech",Business,Business
"Amazon Prime Day sales reach new heights, with over $3 billion in sales in the first 12 hours. Analysts predict continued growth as the event expands into new markets. #AmazonPrimeDay #Business",Business,Business
Singapore #39;s Prime Minister Lee Hsien Loong on Sunday night delivered his first National Day Rally speech since he was sworn in as the country #39;s third Prime Minister.,World,
"Lleyton Hewitt of Australia moved into the quarterfinals of the Legg Mason Tennis Classic with a 6-3, 6-2 victory over Alejandro Falla of Colombia in Washington. Hewitt, 32, won 14 of the last 17 games to secure the win and advance to the next round. The victory was Hewitt's 50th career win at the ATP Tour level.",Sports,Sports
"LONDON (Reuters) - The United Nations Security Council held an emergency meeting on Monday to discuss the ongoing crisis in Ukraine, after Russian President Vladimir Putin ordered the deployment of troops to the border with Ukraine. The move has raised concerns of a potential military conflict in the region. #Ukraine #Russia #WorldNews",World,World
"Global software giant Microsoft has announced plans to acquire AI startup Bonsai for an undisclosed amount. Bonsai's technology will help Microsoft enhance its Azure cloud platform with AI-powered tools for developers. The deal is expected to close by the end of the year, pending regulatory approvals.",Business,Business
TORONTO (CP) - Frank Menechino hit a tie-breaking home run in the seventh inning as the Toronto Blue Jays rallied to beat the Seattle Mariners 4-2 on Wednesday.,Sports,Sports
"Microsoft unveils new AI-powered business software, set to revolutionize industry",Business,Business
"Lionel Messi scored his 700th career goal in Barcelona's 3-0 win over Levante on Saturday, cementing his status as one of the greatest soccer players of all time. The Argentine forward, who has won numerous accolades and broken numerous records throughout his career, is now just 10 goals away from breaking Pele's all-time scoring record. #Messi #Soccer #Goals",Sports,Sports
AP - The game between the Minnesota Twins and the New York Yankees on Tuesday night was postponed by rain.,Sports,
"SAN FRANCISCO (Reuters) - Twitter announced plans to expand its advertising business by offering new targeting options for marketers, including the ability to reach users based on their interests and behaviors on and off the platform. The move is expected to boost Twitter's revenue growth and solidify its position as a leading social media advertising platform. #Twitter #Advertising #Marketing",Business,Business
"NASA's latest Mars rover has discovered evidence of liquid water on the Red Planet. The rover, called Perseverance, used its onboard instruments to detect the presence of water molecules in the Martian soil. This discovery could have significant implications for future human exploration of Mars and the search for extraterrestrial life. #Mars #WaterOnMars #SciTech",Sci/Tech,Sci/Tech
"AUBURN HILLS, Mich. -- The potential loss of Gary Payton with a strained left hamstring was briefly a laughing matter last night after the Celtics dropped a 100-88 decision to the Pistons. When asked how he would get through one and possibly many more games without the veteran point guard, coach Doc Rivers decided he would call up executive director ...",Sports,
"Researchers say they could be used to treat burn wounds, skin injuries    HealthDayNews -- Cells in the hair follicles of the skin appear to be stem cells that may offer potential new ways to treat burn wounds and other skin injuries, as well as hair loss.    That''s the promising conclusion of a study in the Sept...",Sci/Tech,
"Lionel Messi scored a hat-trick as Barcelona beat Manchester United 3-0 in the Champions League final. Messi's first goal was a stunning free kick that curled into the top corner of the net. His second was a precise through ball that found him in space and he finished with a clinical finish. His third was a solo effort, as he outran the United defense and slotted the ball past the keeper.",Sports,Sports
"Oracle follows Microsoft and decides to roll patches out on a monthly timetable, but does that make customers more secure?",Business,Business
"Liverpool FC has confirmed the signing of forward Diogo Jota from Wolverhampton Wanderers for a fee believed to be around £45 million. The 21-year-old Portugal international has signed a long-term contract with the Merseyside club and will wear the number 22 shirt. Jota has made 14 appearances for Wolves this season, scoring 4 goals. #LFC #DiogoJota",Sports,Sports
Sony to Acquire MGM Studios in $1.5 Billion Deal,Business,Business
"The coach of disgraced Greek sprinters Kostas Kenteris and Katerina Thanou says IAAF charges against the athletes are groundless and will not result in a suspension, according to reports Friday.",Sports,
"The world #39;s first private spaceship has blasted into the final frontier for the second time in five days, snatching the nearly 14-million dollar prize and founding a new era of space tourism.",Sci/Tech,
"Amazon's Q4 earnings report shows revenue growth of 22% year-over-year, beating analyst expectations. Shares surge in after-hours trading.",Business,Business
The SEC has postponed by a year its plans to shorten the time companies have to file their annual reports -- a move expected to help firms more easily adopt Sarbanes-Oxley reporting requirements. #business #finance,Business,Business
AP - Takeo Spikes made good on his vow the Buffalo Bills would finally provide some good news for their fans this weekend.,Sports,
"AP - Hungry, thirsty and increasingly desperate residents burned tires in protest and attacked each other in a panic to get scarce food and water Thursday as workers struggled to bury hundreds of victims of Tropical Storm Jeanne.",World,
The biggest-selling electronic product in the world is mobile phones. Analysts estimate that consumers from Canada to China will snap up more than 600 million handsets this year -- five times the number of TVs or personal computers expected to sell.,Sci/Tech,
"Brian Cashman didn't lose his job because the Yankees lost control of the American League Championship Series. Owner George Steinbrenner has told the team's general manager that he will not be fired before next season. Cashman, who expected to be summoned to Tampa for meetings soon, believes he knows what he needs to look for in the offseason. 'It'll be ...', he said with a grin.",Sports,Sports
Reuters - The Sudanese foreign minister rejected on\Friday a U.S. declaration of genocide in the Darfur region of\Sudan and said the United States was using a humanitarian\crisis for political purposes.,World,
"Researchers at MIT have developed a new AI algorithm that can generate realistic images of medical conditions, such as tumors, with 90% accuracy. This could potentially revolutionize the field of medical imaging and improve diagnosis rates. #medicalimaging #AI",Sci/Tech,Sci/Tech
"Former Fresno State standout Nick Watney recovered from a double-bogey on the seventh hole to shoot 1 under and tie for the third-round lead Saturday in the Nationwide Tour Championship at the Robert Trent Jones Golf Trail in Prattville, Ala.",Sports,
"Nintendo, Sony ready rival portable gaming devices. Which one will gamers go for?",Sci/Tech,
Intel Corp. is expected to release a faster version of its powerful but expensive Pentium 4 Extreme Edition processor on Monday alongside the introduction of a chipset that uses a faster front-side bus to connect the processor and the memory.,Sci/Tech,
Coach Bill Cowher finally confirmed yesterday the Pittsburgh Steelers'' worst-kept secret: Duce Staley is in at running back and Jerome Bettis is out again.,Sports,
IBM plans to start shipping its PCs with a new chip designed to thwart hackers by safeguarding passwords and other sensitive identity information.,Sci/Tech,
"Researchers have discovered a new species of ancient human in the Philippines, which may have co-existed with modern humans as recently as 50,000 years ago. The findings were published in the journal Nature and shed new light on the origins of the human species. #SciTech #Archaeology #HumanEvolution",Sci/Tech,Sci/Tech
"So a few weeks ago, the two astronauts who live there tossed out some useless junk, like so many old hubcaps for the trash heap. Only this stuff floated away in space.",Sci/Tech,
"FONTANA, CA.California native Casey Mears was glad to be home. So glad in fact, he put his No. 41 Dodge on the Busch Series pole position for Saturday #39;s Target House 300 run on the two-mile California Speedway.",Sports,
TOKYO - Sony Corp is attempting to claw back market share of the domestic flat-panel TV market with the launch of eight new televisions.,Sci/Tech,
"Gary Price checks in with web search pioneer Matthew Koll, who shares his thoughts on the current and future state of the industry.",Sci/Tech,
Samsung unveils new flagship smartphone with cutting-edge technology,Business,Business
An obscure amendment attached to an appropriations bill could throw a wrench into presidential candidate John Kerry''s plans to fund embryonic stem cell research. By Kristen Philipkoski.,Sci/Tech,
"CLEMSON, S.C. -- Charlie Whitehurst threw an 11-yard touchdown pass to Kyle Browning in the second overtime, which lifted No. 15 Clemson to a 37-30 victory over Wake Forest yesterday.",Sports,
"FOXBORO, Mass.  Bill Belichick took a few minutes Monday to convey his congratulations to his offensive coordinator on becoming Notre Dame #39;s head coach.",Sports,
Some 800 Palestinian detainees in Israel #39;s Ashkelon prison have suspended their 13-day-old hunger strike until Monday after some of their demands were met.,World,
"An Australian man found himself in hot water, when he was arrested for taking pictures of topless sunbathers with his camera phone.",Sci/Tech,
Delta Air Lines managers and pilots will meet again today and likely negotiate through the weekend to find a way to keep the airline staffed with pilots as many opt for early retirement.,Business,
"Researchers at MIT have developed a new material that can absorb and convert 100% of the sun's energy, making it a promising solution for sustainable energy production. The material, called 'solar absorber,' is made of a combination of materials that are able to absorb light from the sun and convert it into electrical energy. The team believes that this technology could be used to create more efficient solar panels and help reduce our reliance on fossil fuels. #solarenergy #sustainability",Sci/Tech,Sci/Tech
"LONDON (Ticker) -- The United Nations has announced that the number of refugees worldwide has reached a record high of 26 million, with the majority coming from Syria, Afghanistan, and South Sudan. The organization is urging countries to provide more support to help address the crisis.",World,World
"NASA's new spacecraft, the Artemis I, has successfully entered into orbit around the Moon, marking a major milestone in the space agency's plans to return humans to the lunar surface by 2024. The spacecraft is carrying a number of advanced scientific instruments, including a lunar laser ranging experiment and a space-based gamma-ray detector, which will help scientists better understand the Moon's geology and potential resources for future human exploration. #SciTech #NASA",Sci/Tech,Sci/Tech
"LeBron James scores 50 points in Cavaliers' win, leads NBA in scoring for 10th time. #NBA #Cavs #LeBronJames",Sports,Sports
"Toshiba will market laptops with HD-DVD drives by the end of next year, becoming one of the first manufacturers to commit to a next-generation DVD format.",Sci/Tech,
U.S. tanks and snipers took up positions near the revered Imam Ali Shrine and engaged in fierce battles with militants.,World,
Apple to Acquire Tesla in Blockbuster Deal,Business,Business
"The study, which was conducted by Yahoo and media agency OMD, examined the way in which 13 US households reacted to being denied access to the internet for two weeks.",Sci/Tech,
"Reciprocal Links Are Not Evil\\I will repeat, reciprocal links are not evil. All this discussion in the forums about how people only want one-way links because they heard reciprocal links are bad and can get you kicked out of the search engines is taken way out of proportion. One example ...",Sci/Tech,
"Researchers at MIT have developed a new AI system that can generate realistic images of objects and scenes, using only a verbal description. The system, called 'Visual Talk,' uses natural language processing to analyze the text description and generate a photorealistic image. The technology has potential applications in fields such as entertainment, education, and accessibility. #SciTech #AI #VisualTalk",Sci/Tech,Sci/Tech
"The United Nations has announced that it will hold an emergency meeting to address the ongoing crisis in Yemen. The meeting will bring together representatives from over 50 countries to discuss potential solutions to the conflict, which has left thousands of civilians dead or displaced. The UN Secretary-General has called for an immediate ceasefire and the withdrawal of foreign forces from the country.",World,World
"The Blue Raiders knew their coach, Whit Horton, would be retiring after their final game. Yesterday, they gave Horton the best retirement gift possible, the MIAA Division 2 state title, taking a 1-0 win over their rivals. The team's hard work and dedication paid off in the end, and they celebrated their victory with Horton on the field.",Sports,Sports
Lionel Messi scores hat-trick as Barcelona beats Real Madrid 3-2 in El Clásico,Sports,Sports
"NASA's Parker Solar Probe has successfully entered the sun's corona, becoming the first spacecraft to ever do so. The probe, launched in 2018, has been studying the sun's outer atmosphere and has made several groundbreaking discoveries. #ParkerSolarProbe #Sun #SpaceExploration",Sci/Tech,Sci/Tech
"Syrian refugees arrive in Germany, seeking safety and a new life after fleeing war-torn homeland. #Syria #Germany #refugees",World,World
"The Dow Jones Industrial Average closed up 150 points today, led by gains in tech stocks. Apple's stock price reached an all-time high, surpassing $200 per share. Investors remain optimistic about the company's upcoming product launches and strong demand for its iPhones. #business #stockmarket #Apple",Business,Business
Lebron James scores 50th career triple-double as Lakers defeat Warriors 120-118,Sports,Sports
"Barcelona held on from an early Deco goal to edge game local rivals Espanyol 1-0 and carve out a five point tabletop cushion. Earlier, Ronaldo rescued a point for Real Madrid, who continued their middling form with a 1-1 draw at Real Betis.",Sports,
"NASA's Parker Solar Probe has successfully entered the Sun's corona, becoming the first mission to ever do so. The probe, launched in 2018, has been studying the Sun's outer atmosphere and providing groundbreaking insights into the solar wind and its effects on space weather. #SolarProbe #Sun #SpaceWeather",Sci/Tech,Sci/Tech
"Syrian refugees are facing a new challenge as they try to rebuild their lives in Europe. Many are struggling to find affordable housing, and some have been forced to live in makeshift camps. The situation is dire, with winter approaching and many families facing the prospect of homelessness.",World,World
PARIS -- Gael Monfils of France reached the quarterfinals in his first ATP tournament three weeks ago. Lleyton Hewitt made sure he did not duplicate the feat at the Paris Masters.,Sports,
SPACE.com - The tenth crew of the \International Space Station (ISS) made a short spaceflight early Monday to move a Russian lifeboat \to a new docking port and prepare the station for a pair of upcoming spacewalks.,Sci/Tech,
"Researchers at MIT have developed a new AI system that can generate realistic images of objects and scenes, even when the objects are not present in the training data. The system uses a technique called 'generative adversarial networks' to create the images, which could have applications in fields such as entertainment, education, and product design.",Sci/Tech,Sci/Tech
AP - Former All-Star forward Jamal Mashburn will miss the entire 2004-05 NBA season because of a knee injury that could end his career.,Sports,
"The ongoing conflict in Ukraine has entered its fifth year, with no end in sight. The situation remains dire, with both sides accusing each other of aggression and violations of ceasefire agreements. The humanitarian crisis deepens, with millions of people in need of aid and shelter. International efforts to broker a peace deal have so far been unsuccessful, leaving the region in a state of limbo.",World,World
"We should be using probes to look for life in space instead of radio signals, say scientists.",Sci/Tech,
"WASHINGTON -- The US Chamber of Commerce filed an emergency motion yesterday seeking a court order to block the Securities and Exchange Commission from requiring that 75 percent of mutual fund directors, including the chairman, be independent of the fund company.",Business,
"Syrian Refugees Find Safety in Germany, but Challenges Remain",World,World
"Syrian refugees arrive in Germany, seeking safety and a new start",World,World
"Syrian refugees arrive in Germany, seeking safety and a new life",World,World
Speakeasy receives investment from Intel to test new wireless internet technology,Business,Business
NASA's Artemis program aims to send the first woman and the next man to the lunar surface by 2024. The program also includes plans to establish a sustainable presence on the Moon and pave the way for further human exploration of the solar system. #NASA #ArtemisProgram #MoonExploration,Sci/Tech,Sci/Tech
"NASA's Juno spacecraft has captured stunning images of Jupiter's Great Red Spot, a massive storm that has been raging for centuries. The pictures were taken during the spacecraft's close flyby of the planet and show the storm in unprecedented detail. Scientists are hopeful that the images will help them better understand the storm's structure and how it has been affecting Jupiter's atmosphere. #JunoJupiter #GreatRedSpot",Sci/Tech,Sci/Tech
"Syrian President Bashar al-Assad has announced that his country will be withdrawing from the International Criminal Court, citing the need to protect its sovereignty. This move comes amidst ongoing international pressure on the Syrian government to account for war crimes committed during the country's devastating civil war.",World,World
"DALLAS (AP) - Dirk Nowitzki scored 25 points, including a go-ahead three-pointer with 31 seconds left, to lead the Dallas Mavericks to a 95-92 victory over the Los Angeles Lakers on Tuesday night. Nowitzki also had 10 rebounds and 4 assists as the Mavericks won their second straight game.",Sports,Sports
Researchers at MIT have developed a new AI algorithm that can predict the likelihood of a patient developing a severe case of COVID-19 based on their social media activity. The algorithm uses natural language processing to analyze social media posts and identify patterns that indicate a higher risk of severe illness. The study could help healthcare providers prioritize patients who need closer monitoring and treatment.,Sci/Tech,Sci/Tech
The Internet megasite eBay yelled  #39;hold the cheese #39; when they found a 10-year-old grilled cheese sandwich that its owner says bears the image of the Virgin Mary being auctioned off on its website.,Sci/Tech,
What: MIAA Division 3A Super Bowl. Where: Bentley College in Waltham. When: Saturday at 10 a.m. Last meeting: Schools have never met. .,Sports,
Lionel Messi scores hat-trick as Barcelona thrashes Real Betis in La Liga,Sports,Sports
"Sony has embarked on a potential collision course with music groups, including its own Sony BMG joint venture, over MP3 digital song files.",Sci/Tech,
"AP - Minnesota Timberwolves center Michael Olowokandi was suspended by the team for a second game Friday night, one day after police used a stun gun to subdue him when he refused to leave a club.",Sports,
"AP - LeBron James scored 40 points in the Miami Heat's 105-94 win over the Chicago Bulls on Wednesday night, leading his team to their fifth straight victory. James, who was named NBA Finals MVP last season, has been in top form this season, leading the Heat to the top of the Eastern Conference standings.",Sports,Sports
Jewish leaders expressed growing frustration this week with continuing anti-Semitic violence in Europe following the torching of a Jewish community center in Paris early Sunday.,World,
PITTSBURGH (Sports Network) - Kevin Bettencourt scored five of his 13 points in the final two minutes to lead Bucknell to a 69-66 upset over 10th-ranked and previously unbeaten Pittsburgh.,Sports,Sports
Terrmel Sledge hit a tiebreaking RBI double in the eighth inning and the Montreal Expos opened the team's final series before the franchise moves to Washington with a 4-2 victory over the New York Mets on Friday night.,Sports,Sports
"54.5 million Europeans surfed the Web over a broadband connection, a 60 percent increase from 34.1 million 12 months earlier. AMSTERDAM: More than half of Europe #39;s Internet surfers now have a high-speed broadband ",Sci/Tech,
"With three games left in the season, the Redskins are still struggling to get their offense in sync. Despite a strong defense, they've been unable to convert crucial third downs and have fallen behind in the NFC East race. Can they turn things around in time?",Sports,Sports
"Los Angeles Dodgers #39; Shawn Green watches his home run in the sixth inning against the St. Louis Cardinals Saturday, Oct. 9, 2004, in Los Angeles.",Sports,
"Syrian Civil War continues to rage on, with over 500,000 deaths and millions displaced. UN calls for immediate ceasefire and peace talks. #Syria #CivilWar #PeaceTalks",World,World
"Bee Staff Writer. SAN DIEGO - The San Diego Padres returned the favor, and the playoff-chasing Giants gladly accepted it before a disappointed record crowd of 45,389 at Petco Park.",Sports,
"MILTON -- If you could build a prototype Mansfield Hornet, he just might look like Brett McDermott.",Sports,
"LONDON : The United Nations has announced that the number of refugees and migrants worldwide has reached a record high of 22.5 million, with the majority coming from Syria, Afghanistan, and South Sudan. This increase is a 25% jump from last year and is a stark reminder of the ongoing global refugee crisis.",World,World
Researchers at MIT have developed a new material that can absorb and convert carbon dioxide into oxygen. This breakthrough could help reduce carbon emissions and mitigate the effects of climate change. #SciTech #ClimateChange,Sci/Tech,Sci/Tech
"AFP - French pharmaceutical group Sanofi-Synthelabo formally announced the birth of Sanofi-Aventis, the world''s third-largest pharmaceutical company, ranking number one in Europe.",World,
Apple unveils new iPhone with advanced AI features,Business,Business
Lionel Messi scores hat-trick as Barcelona beats Atlético Madrid 3-0 in Champions League final,Sports,Sports
"The daily volume of Internet attacks dropped off in the first half of this year, and the rate at which new vulnerabilities are being reported appears to have hit a plateau, according to Symantec Corp.",Sci/Tech,
"Berkeley, U. of Minn. students get download discounts; aim is to provide legal music alternatives. NEW YORK (CNN/Money) - As an added bonus to returning to campus this fall, more than 80,000 college students ",Business,
 RIO DE JANEIRO (Reuters) - Brazil coach Carlos Alberto  Parreira is more worried about playing rank outsiders Venezuela  than the likes of Germany or Argentina.,Sports,
"Maoists rebels have lifted a blockade that cut Nepal #39;s capital Kathmandu off from the rest of the country for a week. In a statement released Tuesday, however, the rebels warned the ",World,
"Venus Williams of the United States returns the ball to Croatia #39;s Karolina Sprem, during their first round match, at the Swisscom Challenge Tennis Tournament in Kloten, Switzerland, Tuesday, Oct.19, 2004.",Sports,
"JERUSALEM : Beleaguered Israeli Prime Minister Ariel Sharon persisted with plans to form a new government including the main opposition Labour party, bolstered by Washington #39;s backing for the expansion of West Bank settlements.",World,
"Japan and the Association of Southeast Asian Nations agreed Saturday to launch negotiations for a free trade agreement in April next year, Japanese officials said. The agreement aims to promote economic growth and development in the region by reducing tariffs and other trade barriers. #SciTech #TradeAgreement",Sci/Tech,Sci/Tech
A SECOND-HALF Springbok blitz gave South Africa their first Tri-Nations rugby title in six years with a win over Australia at Kings Park.,Sports,
"com. Thome has known Charlie Manuel for his entire professional baseball life, which started shortly after he became a 13th-round draft pick by the Cleveland Indians in 1989.",Sports,
South Sound fans reacted with everything from relief to regret over Wednesday #39;s NCAA rulings on the University of Washington athletics program.,Sports,
"LeBron James scores 30 points in the Lakers' win over the Celtics last night, leading his team to a 3-0 lead in the NBA Finals.",Sports,Sports
"Fulfilling a long-time goal, Intel Corp. is set to introduce on Thursday its first chip set that supports all three current forms of Wi-Fi, according to sources familiar with the announcement.",Sci/Tech,
" FRANKFURT (Reuters) - Market research firm IDC has raised  its 2004 forecast for global personal computer sales growth to  14.2 percent from 13.5 percent, driven by high commercial  demand, it said on Monday.",Sci/Tech,
The United Nations has announced that it will hold an emergency meeting to discuss the ongoing conflict in Yemen. The meeting is expected to take place within the next 24 hours and will involve representatives from over 50 countries. The UN Secretary-General has called for an immediate ceasefire and political settlement to the conflict. #Yemen #UN #Conflict,World,World
"Vienna, Austria (Sports Network) - English midfielder Steven Gerrard will likely miss Saturday #39;s World Cup qualifier against Austria with a groin injury.",Sports,
palmOne introduced Monday the Tungsten T5 handheld with 256 megabytes of flash memory - the most built into a handheld to date. Expected to be widely available ,Sci/Tech,
The F.C.C. adopted rules that will enable utility companies to offer an alternative to broadband services provided by cable and phone companies. This move is expected to increase competition in the market and provide consumers with more choices for high-speed internet access.,Business,Business
"PALM INC. REVIVES WI-FI DREAM, BUT IT'S NOT ALL IT'S CRAFTED UP TO BE",Business,Business
"AP - Gordon Cooper, who as one of the original Mercury astronauts was a pioneer in human space exploration, has died. He was 77.",Sci/Tech,
"Reuters - European shares sagged on Tuesday as\broker downgrades hit mobile phone operator Vodafone  and two\of its peers, but UK clothing retailer Next shone on news of\strong summer sales.",Sci/Tech,
"Toronto-Dominion Bank, Canada #39;s second-largest bank by assets, said it #39;s in talks for a possible transaction #39; #39; with Banknorth Group Inc.",Business,
FULHAM #39;S United old boy Andy Cole fears his former team are poised to leave their critics red-faced. The Reds haven #39;t lost in the Premiership since defeat at Portsmouth six matches ago when they were being written off in the title race.,Sports,
"WASHINGTON - The US job market brightened in August as employers added 144,000 workers to their payrolls and hiring totals for the two prior months were revised up, the Labor Department (search) reported on Friday.",Business,
"Tiger Woods has won his 82nd PGA Tour title at the Tour Championship, securing his 5th FedEx Cup title. This win marks Woods' 15th major championship victory and solidifies his position as the all-time leader in PGA Tour wins. (Source: ESPN)",Sports,Sports
"While it seemed likely during the preseason that Gutierrez would win the job, coach Lloyd Carr insisted two other quarterbacks - Clayton Richard and Chad Henne - had a shot.",Sports,
The retailer trots out a bargain portable PC that packs Wi-Fi. Is it getting ready for a laptop push for the holidays?,Sci/Tech,
"LeBron James had 26 points to become the youngest player in NBA history to score 2,000 points as the Cleveland Cavaliers cruised to a 96-74 home win over the Chicago Bulls on Saturday.",Sports,Sports
"Ending after midnight due to rain delays, Roger Federer finally put his second round robin match in the books early Thursday morning at the ATP Tennis Masters Cup in Houston, defeating Lleyton Hewitt for the fifth consecutive time 6-3, 6-4.",Sports,
Sony to Launch New Smartphone with Improved Camera and Battery Life,Business,Business
Lionel Messi scores hat-trick as Barcelona beats Real Madrid 3-2 in El Clásico thriller,Sports,Sports
The following is a verbatim copy of a open letter to the Linux community issued by PalmSource. Read on for more information about the new acquisition and FAQs about how PalmSource will use the new resources and the new Palm OS Cobalt version of Linux.,Sci/Tech,
"Warren Sapp #39;s presence and legacy linger around the Tampa Bay Buccaneers like something tangible, something that can be felt, heard and feared, say an open-handed slap to the face mask.",Sports,
"NASA's Mars 2020 rover has discovered evidence of a past habitable environment on the Red Planet. The rover found traces of water and organic molecules in rocks near the Martian surface, suggesting that life could have thrived there billions of years ago. The discovery could help scientists better understand the potential for life on Mars and other planets in the solar system.",Sci/Tech,Sci/Tech
"Samsung unveils new smartphone with innovative foldable design, sparking competition in the tech industry. #Samsung #FoldablePhone #TechNews",Business,Business
"With few junk e-mail filters supporting a protocol for verifying the source address of digital messages, spammers have adopted it themselves as a way to appear more legitimate, stated a report released on Wednesday.",Sci/Tech,
"NEW YORK, August 30 (New Ratings) - Japan #39;s Supreme Court has reportedly approved the merger negotiations between UFJ Holdings Inc (ticker: UFJ) and Mitsubishi Tokyo Financial Group (MTFG).",Business,
IBM Corp has announced that it will launch a new low-budget version of its BladeCenter chassis for blade servers in an effort to make the blade machines more appealing to budget conscious customers in the small- and mid-sized market.,Sci/Tech,
Performance venues there can now install signal-jamming equipment to deal with rude mobile-phone users.,Sci/Tech,
"SAN FRANCISCO - Cisco Systems Inc. channel partners will be able to offer real-time monitoring of enterprises' networks after the company agreed to acquire NetSolve Inc., the networking giant said Thursday. The acquisition will enable Cisco to provide more comprehensive security solutions to its customers, according to the company. #cisco #networksecurity #acquisition",Business,Business
"Gaza conflict escalates as Israel launches airstrikes, Hamas fires rockets",World,World
"AP - A sick man among the sick, Pope John Paul II struggled through Sunday Mass at a French shrine that draws desperate people seeking miracle cures. The 84-year-old pontiff gasped, trembled and asked aides for help during the 2 1/2 hour service in sizzling heat.",World,
"AP - Reliever Arthur Rhodes was traded for the second time in two weeks Saturday, sent from the Pittsburgh Pirates to the Cleveland Indians for outfielder Matt Lawton in the first trade of the winter meetings, a baseball official told The Associated Press.",Sports,
"Syrian President Bashar al-Assad has been accused of war crimes by a UN commission, including the use of chemical weapons against civilians. The commission has called for the International Criminal Court to investigate and prosecute Assad and other top officials. (Source: The New York Times)",World,World
AP - The NHL and the players'' association appeared headed toward a lockout when talks broke off Thursday after the union''s first new proposal in nearly a year.,Sports,
"After nine days of being held by kidnappers in Iraq, New York-based freelance journalist Micah Garen will reunite with his family this week, his father said yesterday.",World,
"Migrant crisis in Europe worsens as hundreds of refugees die attempting to cross the Mediterranean Sea. Turkey and Greece struggle to cope with the influx of refugees fleeing war and persecution in Syria, Iraq, and Afghanistan. International community scrambles to find a solution to the humanitarian crisis.",World,World
LOS ANGELES (AP) - LeBron James scored 35 points and grabbed 10 rebounds to lead the Los Angeles Lakers to a 115-108 win over the Denver Nuggets. James also dished out 7 assists in the victory.,Sports,Sports
"BANGALORE, India Anil Kumble, the Indian spin bowler, took three wickets Wednesday to reach 400 in test matches as the first day of the first test against Australia finished finely balanced.",Sports,
"Apple's newest product launch has everyone talking. The iPhone 12 Pro Max has exceeded expectations with its cutting-edge technology and sleek design. But the real excitement is around the company's plans for the future, including the rumored release of an augmented reality headset. Will it be the next big thing in tech?",Business,Business
Cristiano Ronaldo scores hat-trick as Juventus beats AC Milan 3-0 in Serie A opener,Sports,Sports
LOS ANGELES A source says Hollywood movie studios are preparing to sue computer users they say are illegally distributing movies online.,Sci/Tech,
"BusinessWeek Online - For 35 years, Advanced Micro Devices Inc.  stood in the shadow of archrival Intel Corp.  AMD churned out lower-priced clones of the tech leader''s chips and occasionally enjoyed a hit that helped boost its meager profits. But bad times easily outweighed the good. Again and again, Intel used its manufacturing muscle and pricing power to stymie AMD''s ambitions, preventing it from gaining a foothold in lucrative markets such as servers and corporate PCs.",Sci/Tech,
"Major League Baseball announced today that the Toronto Blue Jays will face off against the New York Yankees in a highly anticipated interleague matchup next week. The game is expected to be a fierce competition, with both teams boasting strong lineups and talented pitching staffs. Fans are eagerly awaiting the matchup, with tickets selling quickly. Will the Blue Jays continue their winning streak, or will the Yankees prove their dominance?",Sports,Sports
"Steve Coll, The Washington Post #39;s managing editor for six years, said today he is stepping down at the end of the year to pursue book projects.",Business,
Thats when you can get yours and how much you would pay. That is if you live in Japan. Sony today announced the release date and price for its new portable game system.,Sci/Tech,
"With less than a month remaining before the current collective bargaining agreement expires, representatives for the NHL and the Players #39; Association met for nearly 4 1/2 hours yesterday without making any progress on a new CBA. ",Sports,
Sony to Shake Up Electronics Industry with New AI-Powered Products,Business,Business
"Forbes.com - As the second employee of InfoSpace, Jean-Remy Facq saw the value of his stock inflate and then collapse. Now he''s suing in federal court in Seattle for a  #36;4.5 million refund of 1999 federal income tax. He''s just one of 200 tech workers who have hired Seattle tax lawyer/CPA Brian G. Isaacson in the hope his novel theories will help them slash old (and sometimes unpaid) tax bills from their exercise of stock options for shares that later tanked.",Business,
"They spent the summer marveling over their lineup changes and their improvement, the big-name veterans they signed and the strategic concepts they imported from the champion New England Patriots.",Sports,
Reuters - The Atlanta Falcons\Monday signed Pro Bowl tight end Alge Crumpler to a six-year\contract extension.,Sports,
"Amazon is expanding its grocery delivery service to 200 new cities, aiming to reach half of the US population by the end of 2023. The move is expected to intensify competition with traditional grocery retailers and supermarkets. #Amazon #grocerydelivery #retail",Business,Business
"BAGRAM, Afghanistan - Three years after the Sept. 11 attacks, Osama bin Laden and his deputy are still issuing orders for attacks by al-Qaida, a top American commander told The Associated Press Saturday...",World,
Description: News mogul Rupert Murdoch pays a record-setting \$44 million for a three-story Fifth Avenue penthouse in Manhattan formerly inhabited by the late Laurance Rockefeller.,Business,
"Salesforce.com has acquired Yet Analytics, a startup that specializes in AI-powered sales forecasting. The acquisition is expected to enhance Salesforce's ability to provide accurate sales projections and help businesses make better decisions.",Business,Business
"Red Sox edge out Yankees in thrilling ALCS game 6, advancing to World Series",Sports,Sports
"It took a while for everything to fall into place, but it now seems clear: Chad Pennington is the real deal. Listen LIVE to NFL games, plus watch video news and features of your favorite team.",Sports,
Syrian refugees arrive in Canada after long journey,World,World
"NASA's new space telescope has captured stunning images of distant galaxies, revealing never-before-seen details about the universe's evolution. The telescope's advanced technology allows it to detect light that is billions of years old, providing scientists with a unique window into the cosmos's past. #NASA #SciTech",Sci/Tech,Sci/Tech
"Researchers at MIT have developed a new AI algorithm that can analyze medical images with unprecedented accuracy. The algorithm uses a combination of machine learning and computer vision techniques to detect subtle patterns in medical images, such as tumors or other abnormalities. The algorithm has been tested on a dataset of over 10,000 medical images and has shown to be more accurate than existing methods. This could potentially revolutionize the field of medical imaging and improve patient outcomes.",Sci/Tech,Sci/Tech
"Raleigh, NC (Sports Network) - Andrew Brackman scored 16 of his 20 points in the second half to lead 12th-ranked North Carolina State to a hard-fought 78-72 win over Louisiana-Lafayette at the RBC Center.",Sports,
Lionel Messi scores hat-trick as Barcelona beats Real Madrid 3-2 in El Clásico,Sports,Sports
"Microsoft last week faced accusations of short-changing its Software Assurance customers following its decision to strip core features from the next major Windows client operating system, codenamed Longhorn.",Sci/Tech,
"HP (Quote, Chart) is doing a lot of explaining after it revealed this weekend that it will no longer put Itanium processors in its high-performance workstations.",Sci/Tech,
"The Walt Disney Co. has postponed an expansion of its video-on-demand service while it explores partnerships that could result in a deal to include the service in set-top boxes, computers or other devices.",Sci/Tech,
"Liverpool FC has announced the signing of forward Bobby Charlton from Manchester United in a deal worth £40 million. Charlton, 23, has signed a five-year contract with the Reds and is expected to make his debut in the team's next match. The transfer is seen as a major coup for Liverpool, who have been struggling to find consistency in their attack this season. #LFC #Football #Transfers",Sports,Sports
"New AI algorithm can predict earthquakes with 90% accuracy, scientists say. Study shows machine learning technique can detect patterns in seismic data that human analysts miss. #earthquakeprediction #AI #sciencetech",Sci/Tech,Sci/Tech
"Oracle Corp. on Monday said it has asked Peoplesoft Inc.''s board of directors to immediately redeem the company''s poison pill, two days after 61 percent of PeopleSoft shareholders tendered their stock for Oracle''s $24-a-share hostile offer.",Business,Business
"Apple Computer's marketing chief Phil Schiller unveiled the newest version of the popular iMac at the Apple Expo in Paris on Tuesday. The new iMac features a sleek new design and improved performance, and is expected to be a major hit in the tech industry. #Apple #iMac #Tech",Business,Business
"By BETSY BLANEY    LUBBOCK, Texas (AP) -- Some farmers are placing their hope in a hybrid sunflower seed that could help keep arteries clear and hearts pumping in a nation smitten with snacks and processed food.    ''It''s a healthier oil,'' said Willie Wieck, 62, who started growing sunflowers on his 450 acres in the Texas Panhandle in the early 1970s...",Sci/Tech,
"Dell gets set to roll out its PowerEdge 1855 blade server line a home-grown design, this month.",Sci/Tech,
"The graphics library, an alternative to Microsoft''s DirectX, gets new features designed to add razzle-dazzle to PC games.",Sci/Tech,
United States sprinter Jerome Young was banned for life by the US Anti-Doping Agency yesterday following his second positive test for an illegal steroid in a case that could affect a US relay team #39;s gold medal from Sydney.,Sports,
NEW YORK (CNN/Money) - Some colleges are fretting the release of Microsoft #39;s upgrade to its XP operating system -- whose release coincides with the opening of campuses around the country -- saying that multiple downloads of the patch could significantly ,Sci/Tech,
"SAN FRANCISCO - Twitter Inc. announced plans to acquire TweetDeck, a popular third-party Twitter client, for an undisclosed sum. The acquisition is expected to close by the end of the month. #Twitter #TweetDeck",Business,Business
"Apple unveils new iPhone with advanced features, starting at $799",Business,Business
"American International Group Inc. , the world''s largest insurer, said the Securities and Exchange Commission is considering accusing the company of helping PNC Financial Services Group Inc. improperly remove bad loans from its books.",Business,
"BEIJING (AP)  China appealed to North Korea on Tuesday to join working meetings before a new round of six-party talks on dismantling its nuclear program, despite the North #39;s declaration that it saw no point in attending. ",World,
SOUTHHAMPTON - West Indies want to redeem a disappointing summer with a place in the Champions Trophy final while Pakistan are equally as eager to continue its resurgence under new coach Bob Woolmer.,Sports,
Online-payment service PayPal on Tuesday sought to reassure customers that outages that had plagued the service since Friday finally had been resolved.,Sci/Tech,
"In the most highly anticipated Wall Street debut since the heady days of the dot-com boom, shares of Google surged nearly 20 percent on their first day of public trading Thursday as the quirky Internet company completed its much-hyped initial stock ...",Business,
"SAN FRANCISCO - Intel Corporation recently disclosed key technical details of its upcoming wireless broadband chip for WiMAX products, which will enable long-distance, high-speed wireless Internet access for homes and businesses.",Sci/Tech,
"Slovenia pulled off a famous result yesterday, defeating Italy to go top of Group Five. A solitary goal by Bostjan Cesar after 82 minutes gave the hosts victory in Celje to inflict a first World Cup qualifying group defeat on Marcello Lippi #39;s side.",Sports,
"Sony's new wireless headphones have been a huge success, with sales exceeding expectations. The headphones, which were released last month, have been praised for their high-quality sound and sleek design. Sony has seen a significant increase in sales of its wireless headphones in recent weeks, with many customers praising the product on social media. The company is expected to continue to be a major player in the wireless headphone market in the coming years.",Business,Business
NASA's Mars 2020 rover has discovered evidence of a past habitable environment on the Red Planet. The rover found traces of water and minerals that indicate Mars was once capable of supporting life. The discovery could help scientists better understand the potential for life on Mars and inform future missions to the Red Planet.,Sci/Tech,Sci/Tech
"NASA's Curiosity rover has discovered evidence of a past habitable environment on Mars, according to a new study. The rover found signs of ancient lakes and rivers on the red planet, which could have supported life millions of years ago. The discovery could help scientists better understand the potential for life on Mars and other planets in the solar system. #Mars #NASA #SciTech",Sci/Tech,Sci/Tech
"The chief financial officer of Oracle, Harry L. You, said that \$24 a share remained the company''s ''best and final'''' offer for PeopleSoft Inc. in what may be the last week of a 17-month hostile takeover fight.",Sci/Tech,
"The ongoing conflict in Syria has resulted in the deaths of over 500,000 people and displaced millions, according to the United Nations. The humanitarian crisis continues to worsen as winter sets in and aid organizations struggle to reach those in need. Meanwhile, diplomatic efforts to find a peaceful resolution to the conflict have yet to yield significant progress.",World,World
"Researchers at MIT have developed a new material that can absorb and convert 100% of the sun's energy, making it a promising solution for sustainable energy production. The material, called 'solar absorber,' is made of a unique combination of materials that allow it to absorb a wider range of solar spectrum than previous materials. This breakthrough could help reduce our reliance on fossil fuels and mitigate climate change. #SolarEnergy #RenewableEnergy",Sci/Tech,Sci/Tech
Lionel Messi scores hat-trick as Barcelona beats Real Madrid 3-2 in El Clásico,Sports,Sports
"The Reds picked up Sean Casey's contract option for 2006 on Friday, an indication they have no intention of trading the popular first baseman who is among the team's highest-paid players.",Business,Business
"Researchers have discovered a new species of ancient fungus in the Amazon rainforest, which could provide insights into the evolution of life on Earth. The fungus, known as 'Fungus Amazonicus', is believed to have been frozen in ice for millions of years before being thawed and studied. The findings were published in the journal Nature Microbiology. #SciTech #AmazonRainforest #Fungus",Sci/Tech,Sci/Tech
Top-seeded David Nalbandian of Argentina and Olympic champion Nicolas Massu of Chile advanced to the quarterfinals of the CA Trophy Thursday with straight-set victories while American Robby Ginepri upset No.,Sports,
"Carson Palmer kept throwing and throwing, and by the time he was finished with Notre Dame two years ago, Southern California had a one-sided victory and the quarterback had locked up the Heisman Trophy.",Sports,Sports
"AP - SpaceShipOne is one flight away from clinching the Ansari X Prize, a  #36;10 million award for the first privately developed manned rocket to reach space twice within 14 days.",Sci/Tech,
Rafael Nadal wins record-breaking 13th Grand Slam title at Australian Open,Sports,Sports
Microsoft unveils new AI-powered chatbot to revolutionize customer service.,Business,Business
"News.com reports in the article: Microsoft fixes date for desktop search tool, that the company will offer up a beta release of a desktop search by the end of this year.",Sci/Tech,
"There are so many new faces, it #39;s hard to keep them all straight. But despite all the upheaval, all the contracts and controversy that so dominated the summer, Jerry Sloan believes the sheer ",Sports,
"Reuters - Long a forum for protecting endangered\species like whales or tigers, a U.N. meeting in Bangkok next\month will seek a wider role in regulating the billion-dollar\trade in timber, fish and medicinal plants.",Sci/Tech,
"NASA's Parker Solar Probe has made its closest approach to the sun, coming within 154,000 miles of the sun's surface. The probe, launched in 2018, is studying the sun's corona and the solar wind, providing insights into the sun's mysterious and powerful magnetic field. #ParkerSolarProbe #Sun #SpaceExploration",Sci/Tech,Sci/Tech
NEW YORK - Investors will be looking ahead to the Federal Reserve #39;s meeting and third-quarter earnings forecasts in Wall Street #39;s short trading week after the Labor Day holiday.,Business,
"NASA's Mars 2020 rover has discovered evidence of a past habitable environment on the Red Planet. The rover found traces of water molecules in a rock sample, indicating that Mars may have once had a warm and wet climate capable of supporting life. The discovery could help scientists better understand the potential for life on Mars and inform future missions to the planet.",Sci/Tech,Sci/Tech
"Syrian President Bashar al-Assad has denied allegations of his government's complicity in the killing of Palestinian protesters in Gaza, saying that his country is committed to peaceful resolutions to the conflict. (Source: Al Jazeera)",World,World
"AP - Prosecutors in the Kobe Bryant case spent nearly  #36;400,000 trying to get the NBA star convicted of raping a woman at a Vail-area resort last summer, documents show.",Sports,
"AP - Peanuts, hot dogs and wireless instant replays. It''s the future of baseball.",Sci/Tech,
The portable stereos that ruled city streets in the 1980s aren''t shipping in high volumes anymore. But some sound artists are finding new ways to incorporate the devices into performances and ad-hoc radio networks. By Elizabeth Biddlecombe.,Sci/Tech,
"NASA's Parker Solar Probe has successfully completed its first flyby of the Sun, reaching a top speed of 150,000 miles per hour. The probe, launched in 2018, is on a mission to study the Sun's corona and solar wind. Scientists are hopeful that the probe will provide valuable insights into the Sun's mysterious and turbulent outer atmosphere. #NASA #ParkerSolarProbe #Sun",Sci/Tech,Sci/Tech
"Puerto Rican wrestler Mabel Fonseca tested positive for a steroid in an initial doping test, a wrestling official said Saturday. Michel Dusson, secretary general of the International ",Sports,
"Apple's newest iPhone is causing a stir in the tech world. The latest model features a sleek new design and improved camera capabilities, but some critics are questioning the high price point. #iPhoneX #technews",Business,Business
LeBron James scores 40 points to lead the Los Angeles Lakers to a 115-108 victory over the Golden State Warriors in a thrilling NBA game.,Sports,Sports
"LOS ANGELES, Calif. - The Los Angeles Lakers have acquired forward Kawhi Leonard from the Toronto Raptors in a blockbuster trade, sources confirmed to ESPN. The Lakers are hopeful that Leonard will help lead the team to a championship this season. #Lakers #NBA",Sports,Sports
"UNITED NATIONS Sept. 14, 2004 - Iraq appealed to other nations Tuesday to send troops to protect an expanded UN staff that is essential for holding the country #39;s first free elections by Jan. 31, saying terrorists must not be allowed to disrupt the vote.",World,
A British soldier killed after clashes with militia forces in the southern Iraqi city of Basra was today named as Lance Corporal Paul David Trevor Thomas. ,World,
"SPACE.com - Researchers can now say definitively that Mars once \supported a watery environment, but whether the red planet could have ever \supported life is still far from certain.",Sci/Tech,
"NASA's New Horizons probe has captured stunning images of Ultima Thule, a distant Kuiper Belt object. The probe flew by the object on New Year's Eve and returned the first close-up images of the celestial body. Scientists are hailing the images as a major breakthrough in the field of astrophysics. #NASA #NewHorizons #UltimaThule",Sci/Tech,Sci/Tech
"AP - For the first time, scientists have created a genetic map of a cow, providing researchers a new tool to reduce animal disease and improve the nutrition of beef and dairy products, the Agriculture Department announced Wednesday.",Sci/Tech,
Johnny Football leads Ohio State to dominant victory,Sports,Sports
Trend Micro will become the latest major anti-virus software company to provide protection against mobile phone viruses with the release today of Trend Micro Mobile Security 1.0.,Sci/Tech,
Lionel Messi scores twice as Barcelona beats Real Madrid 3-2 in El Clasico,Sports,Sports
You #39;ve already seen our New Users #39; and Power Users #39; reviews of Apple #39;s fourth-generation iPod (iPodlounge rating: A-/B).,Sci/Tech,
The Chicago Board of Trade took a leap forward on Monday on its goal to become a for-profit company when an Illinois judge approved a deal on how to carve up ownership of the oldest US futures exchange.,Business,
PC World - New 46-inch LCD is just one of eight flat-panel models launched this week.,Sci/Tech,
Syrian refugees face new challenges in Europe as winter sets in,World,World
"Auto racing: NASCAR Nextel Cup Sylvania 300 practice at N.H. International Speedway, Loudon, 9:30 and 11:10 a.m.; NASCAR Craftsman Truck Sylvania 200 at N.H. International Speedway, Loudon, 1 p.m.; NASCAR Busch North Sylvania 125 at N.H. International Speedway, Loudon, 3 p.m.",Sports,
"IBM (Quote, Chart) is easing restrictions on its ISV membership program, opening the door for more marketing and sales help for companies that make software based on IBM's middleware platform.",Sci/Tech,Sci/Tech
Lionel Messi scores hat-trick as Barcelona beats Real Madrid 3-2 in El Clásico,Sports,Sports
Syrian Refugees Overwhelm Border Crossings in Europe,World,World
"Designed to further enhance the value of our Special Report, these Powerpoint slides offer key data and statistics about the choices facing today''s IT decision makers regarding CRM.",Sci/Tech,
Lionel Messi scores hat-trick as Barcelona beats Real Madrid in El Clásico,Sports,Sports
Sony to Acquire Toshiba's Display Business in $200 Million Deal,Business,Business
" CHICAGO (Reuters) - Smithfield Foods Inc. &lt;A HREF=''http://www.investor.reuters.com/FullQuote.aspx?ticker=SFD.N target=/stocks/quickinfo/fullquote''&gt;SFD.N&lt;/A&gt;, one of  the nation''s largest meat producers, on Thursday said quarterly  earnings more than doubled due to higher hog prices and its  acquisition of Farmland Foods last year.",Business,
Apple announces new iPhone with improved camera and faster charging,Business,Business
"The Cubs didn #39;t need to fly anywhere near Florida to be in the eye of the storm. For a team that is going on 100 years since last winning a championship, the only thing they never are at a loss for is controversy.",Sports,
"Researchers at MIT have developed a new material that can absorb and convert carbon dioxide into oxygen at an unprecedented rate. The new material, called 'Metal-Organic Framework,' or MOF, has the potential to revolutionize the way we tackle climate change. Learn more about this groundbreaking discovery in our latest article.",Sci/Tech,Sci/Tech
"Tiger Woods has announced that he will return to competitive golf at the Masters next month, after a nearly two-year hiatus. The 45-year-old golf legend has been recovering from a fourth back surgery and is eager to get back on the course. Woods has won the Masters four times in the past, including in 2001 when he was ranked number one in the world. His return is expected to generate significant interest and excitement in the golf world.",Sports,Sports
WASHINGTON (AP) -- Oil prices fell for a fifth consecutive day Thursday despite a sharp drop in Iraqi exports after pipelines were sabotaged -- evidence that the bull market may have lost some steam.,Business,
Chelsea FC has announced the signing of young midfielder Callum Hudson-Odoi on a long-term contract. The 18-year-old England international has impressed in pre-season training and is expected to make his debut in the coming weeks. #ChelseaFC #Soccer #Transfers,Sports,Sports
"CARACAS, August 22 (Itar-Tass) -- President of Venezuela Hugo Chavez has called on the opposition to recognize the results of a referendum on confidence in the president held on August 15.",Business,
 PITTSBURGH (Sports Network) - Kevin Bettencourt scored five  of his 13 points in the final two minutes to lead Bucknell to a  69-66 upset over 10th-ranked and previously unbeaten  Pittsburgh.,Sports,
" AMSTERDAM (Reuters) - Nokia, the world''s biggest handset  maker, unveiled on Wednesday a miniature version of its  equivalent of the Swiss Army knife it hopes will lure women and  less-techie business people.",Sci/Tech,
"Scientists have discovered a new species of ancient human in the Philippines, which may have co-existed with modern humans for thousands of years. The species, known as Homo luzonensis, is believed to have lived on the island of Luzon at least 50,000 years ago and possibly as recently as 30,000 years ago. The findings were published in the journal Nature on Wednesday. #HomoLuzonensis #ScienceDiscovery",Sci/Tech,Sci/Tech
"DONATING: Summer Ramson,3, gets a hand from her grandmother, Barbara Daliposon, left, and Salvation Army volunteer Donna Clark as she donates money Friday at an Albertsons store on Plumb Lane in Reno.",Business,
Verizon SuperPages.com said Friday it has teamed up with eBay and Shopping.com for the rollout of new shopping tools on its online Yellow Pages site.,Business,Business
"The Federal Communications Commission ruled 3-2 that states are now barred from imposing telecommunications regulations on Internet phone providers, which treat calls no differently than any other application on the Net.",Sci/Tech,
"ALICANTE, Spain : Spaniard Juan Carlos Ferrero wasted no time getting down to business, brushing aside Fabrice Santoro to put the hosts level with France 1-1 in their World Group Davis Cup semi-final tie.",Sports,
"NEW YORKIBM said yesterday it is in talks to settle a mammoth lawsuit alleging a pension plan adopted by the firm in the 1990s discriminated against 140,000 older workers.",Business,
"BAGHDAD, Iraq - A US military official in Iraq says seven American marines have been killed today in a car-bomb explosion. Several other Marines have been wounded in the attack.",World,
"LONDON - The UK is set to leave the European Union on January 31, 2020, after Prime Minister Boris Johnson signed the Withdrawal Agreement on Wednesday. The move comes after years of debate and controversy, with the UK electorate voting to leave the EU in 2016. The departure will have significant implications for the UK's trade relations, immigration policies, and global standing. #Brexit #UK #Europe",World,World
"North Korea has announced that it has successfully tested a new ballistic missile, sparking concern among international leaders. The missile, known as the Kwangmyong-2, is believed to be capable of reaching the United States mainland. (Source: BBC News)",World,World
"NASA's Parker Solar Probe has made history by flying closer to the sun than any other spacecraft. The probe, launched in 2018, has been studying the sun's corona and magnetic field, providing new insights into the sun's behavior and its impact on the solar system. #ParkerSolarProbe #Sun #SpaceExploration",Sci/Tech,Sci/Tech
Lionel Messi scores hat-trick as Barcelona beats Manchester United in thrilling Champions League match,Sports,Sports
Lionel Messi scores hat-trick as Barcelona beats Real Madrid 3-2 in El Clasico,Sports,Sports
"The United Nations has announced that it will be providing aid to a drought-stricken region in Africa, after a severe drought has left millions of people without access to clean water. The organization has called on other countries to join in the effort to provide relief to those in need.",World,World
&lt;strong&gt;Letter&lt;/strong&gt; TDD mode is not just data delivery,Sci/Tech,
"The ongoing conflict in Syria has resulted in the deaths of over 500,000 people and displaced millions, according to the United Nations. The situation has become increasingly dire as the country's infrastructure and economy continue to deteriorate. The international community has called for a ceasefire and political solution to the conflict, but negotiations have yet to produce a lasting peace.",World,World
SAN FRANCISCO -- A judge is ordering Microsoft Corp. to pay \$112.5 million to attorneys who successfully sued the software maker for monopolizing a segment of California #39;s market.,Sci/Tech,
Miami Heat star guard Jimmy Butler has been ruled out for tomorrow's game against the Los Angeles Lakers due to a left knee sprain. The team is expected to provide an update on his status after the game.,Sports,Sports
"CBC SPORTS ONLINE - The Buffalo Sabres agreed to terms with former first-round draft choice Thomas Vanek on Friday. The Sabres signed the left-winger, the fifth overall selection in the 2003 NHL Entry Draft, to a three-year entry-level contract.",Sports,
" ATHENS (Reuters) - Argentina beat Italy 84-69 to win the  men''s Olympic basketball gold Saturday, the country''s first  medal in the sport.",Sports,
"Barnstable had the upperhand once again. The Red Raiders are one win away from defending their MIAA Division 1 state volleyball championship after blanking Chelmsford, 3-0, in the semifinals last night in Mansfield. It was the second time this fall Chelmsford had been frustrated by the powerful Barnstable lineup.",Sports,Sports
Researchers at MIT have developed a new material that can absorb and convert carbon dioxide into oxygen at an unprecedented rate. The breakthrough could help reduce carbon emissions and combat climate change. #SciTech #ClimateChange,Sci/Tech,Sci/Tech
"The global COVID-19 pandemic continues to spread, with new cases reported in Africa, Asia, and South America. World Health Organization officials warn of a potential third wave of infections as winter approaches in the Northern Hemisphere. Governments scramble to implement new measures to contain the virus, including travel restrictions and vaccination programs.",World,World
"Open Source Development Labs, a Beaverton, Ore.-based consortium devoted to improving Linux, has hired an attorney to handle intellectual-property matters and has opened a branch office in Beijing, the group said this week. #business",Business,Business
Researchers have developed a new material that can absorb and convert carbon dioxide into oxygen at an unprecedented rate. The breakthrough could help combat climate change and improve air quality. #SciTech #ClimateChange,Sci/Tech,Sci/Tech
"The ongoing COVID-19 pandemic has highlighted the importance of global cooperation and solidarity. Leaders from around the world have come together to share knowledge, resources, and support each other in the fight against the virus. As the pandemic continues to spread, the international community remains united in its efforts to find a vaccine and bring an end to the crisis.",World,World
"LONDON - The United Nations has announced that it will hold an emergency meeting to discuss the ongoing conflict in Yemen, after the country's infrastructure was severely damaged in a recent attack. The meeting is expected to take place next week and will involve representatives from several countries, including the US, UK, and Saudi Arabia. The situation in Yemen has been deteriorating for months, with both sides accusing each other of aggression and human rights abuses. The UN has been urging both sides to find a peaceful solution, but so far, no progress has been made.",World,World
"The United Nations has announced that it will hold an emergency meeting to discuss the ongoing conflict in Ukraine, as tensions between Russia and the West continue to escalate. The meeting is scheduled for later today and will bring together representatives from around the world to discuss a peaceful resolution to the crisis. #Ukraine #Russia #UnitedNations",World,World
"Researchers at MIT have developed a new AI algorithm that can generate realistic images of objects and scenes, using only a verbal description. The breakthrough could revolutionize the field of computer graphics and have significant implications for industries such as entertainment and advertising. #SciTech #AI",Sci/Tech,Sci/Tech
"That #39;s according to research outfit Gartner, which on Thursday said that second quarter global mobile phone shipments hit 156.",Sci/Tech,
"Fresh off the Pedro Martinez signing, the Mets didn #39;t waste much time before moving on to their next order of business. A baseball official with knowledge of the team #39;s plans ",Sports,
"Rosetta Probe Successfully Lands on Comet 67P, Returns First-Ever Close-Up Images of Comet Surface",Sci/Tech,Sci/Tech
"Researchers at MIT have developed a new material that can absorb and convert 100% of the sun's energy, making it a promising solution for sustainable energy production. The material, called 'Solaria,' is made of a combination of organic and inorganic materials and can be used in a variety of applications, including solar panels and windows. The team hopes to have the material ready for commercial use within the next two years. #SciTech #RenewableEnergy",Sci/Tech,Sci/Tech
Lionel Messi scores hat-trick as Barcelona beats Real Madrid 3-2 in El Clásico,Sports,Sports
"SAN FRANCISCO - Google announced plans to expand its cloud computing services, competing directly with Amazon and Microsoft. The company unveiled a new suite of tools and services aimed at enterprise customers, including a fully managed database service and a serverless computing platform. Analysts say the move is a strategic bid to challenge the dominance of Amazon Web Services and Microsoft Azure in the cloud computing market. #GoogleCloud #CloudComputing #AWS #Azure",Business,Business
"The death toll from the recent floods in Venice, Italy has risen to 7, with over 100,000 people evacuated from their homes. The city's historic center is still underwater, with many cultural artifacts and landmarks destroyed. The Italian government has declared a state of emergency and is working to provide aid to those affected.",World,World
"Layoffs at Cingular Wireless were inevitable after it acquired AT amp;T Wireless, but what #39;s with the timing? A Cingular spokesman yesterday confirmed an Associated Press report that Cingular ",Business,
"Syrian President Bashar al-Assad has announced that his country will be withdrawing from the Geneva peace talks, citing a lack of progress in the negotiations. The move comes as tensions between Syria and its neighbors continue to escalate.",World,World
"SEOUL, South Korea - A huge mushroom cloud that reportedly billowed up from North Korea was not caused by a nuclear explosion, South Korean and U.S. officials said Sunday, but they said the cause was a mystery...",World,
"Saturdays two games in Serie A saw Juventus survive a late scare to call a halt to newly-promoted Messina #39;s unbeaten run, winning 2-1, while Vincenzo Montella underlined his excellent current form with a superb goal for Roma in a storm-interrupted 2-0 ",Sports,
ATHENS (Reuters) - Greece #39;s top two sprinters should finally get to put their case on Wednesday in a drugs investigation that has shamed and angered the Olympic host nation. ,Sports,
Lionel Messi scores hat-trick as Barcelona beats Real Madrid 3-2 in El Clásico,Sports,Sports
Mobile phone operator MMO2 raises its UK revenue growth target for this year as it gets more customers and existing users spend more.,Sci/Tech,
"JERUSALEM Israel #39;s security cabinet on Tuesday approved a compensation package that would pay roughly \$200,000 to \$300,000 to each Jewish family that agreed to leave the Gaza Strip under Prime Minister Ariel Sharon #39;s withdrawal plan.",World,
Wayne Rooney looks set to become a Manchester United player this week after Everton confirmed they had received a second improved bid for the England striker from Old Trafford.,Sports,
"Microsoft Corp. has decided to advance the timetable on its much-anticipated overhaul of Windows, the Financial Times reported Saturday. The company plans to release the new operating system in the fall, several months ahead of schedule. The move is expected to give Microsoft a significant competitive advantage in the marketplace. #Windows #Microsoft #Tech",Business,Business
"Al Leiter provided a settling influence and Kerry Wood struggled with his control, yielding three first-inning runs.",Sports,
"Walmart is exploring the use of drones to deliver packages to customers in rural areas, aiming to reduce delivery times and costs. The company has partnered with drone delivery startup, Flirtey, to test the technology in select locations. #Walmart #drones #deliveries",Business,Business
"MILAN (Reuters) - The death toll from a powerful earthquake that struck the Indonesian island of Lombok has risen to 97, with hundreds more injured, officials said on Monday. The 6.9 magnitude quake, which struck on Sunday, also caused widespread destruction and triggered landslides in the popular tourist destination. Rescuers were working to reach trapped victims and provide aid to those affected.",World,World
"It might have been the last Fenway Park game of the magical 2004 season. And if it was, there''ll be a parade in Boston sometime before Election Day . . . perhaps the grandest celebration in 374 years of Hub history.",Sports,
"Tensions between India and Pakistan have escalated after a recent border clash, with both sides accusing each other of aggression. The incident occurred in the Kashmir region, which has been a long-standing flashpoint between the two nations. The United Nations has called for calm and urged both sides to return to peaceful dialogue. #World",World,World
"The death toll from the recent earthquake in Indonesia has risen to over 1,000, with many more injured. Rescuers are working around the clock to find survivors and provide aid to those affected. #Indonesia #earthquake",World,World
"Symantec has released firmware fixes for a string of critical security holes in its firewall/VPN and Gateway Security products which could be exploited to cause a denial of service, identify ",Sci/Tech,
"LOS ANGELES (Reuters) - LeBron James scored 32 points to lead the Los Angeles Lakers to a 107-99 victory over the Golden State Warriors in a thrilling NBA game on Tuesday night. The win moved the Lakers into a tie for second place in the Western Conference with the Warriors, who were without Stephen Curry due to injury.",Sports,Sports
"NASA's Curiosity rover has discovered evidence of a habitable environment on Mars, according to a new study. The rover found signs of ancient lakes and rivers on the planet, which could have supported life. The finding could have significant implications for the search for extraterrestrial life. #Mars #SciTech",Sci/Tech,Sci/Tech
"The Mars Global Surveyor released the latest glyph image that appears to evoke the kinds of communication in rock formations that has become famous among Mars'' watchers on the internet. But there is a serious side to interpreting remote sensing data, and shadow is not always one''s ally...",Sci/Tech,
"SAN FRANCISCO -- Twitter's stock soared 10% on Tuesday after the company reported a surprise profit in the third quarter, thanks to a surge in ad revenue. The social media platform also announced a new feature to help users manage their online privacy and security. #Twitter #Profit #Privacy",Business,Business
"Solving the nation #39;s spam problem will require a balancing act, legal and privacy experts said today in Washington, DC, at a meeting sponsored by the Federal Trade Commission.",Sci/Tech,
Nick Watney rebounds from double-bogey to tie for lead in Nationwide Tour Championship,Sports,Sports
Rangers hopes of returning to the top of the Scottish Premier League were dashed on Sunday as they were held to a 1-1 draw at struggling Inverness Caledonian Thistle.,Sports,
"Shawn Green hit two home runs, including a grand slam, as Los Angeles defeated the Atlanta Braves 7-4 in a battle of National League division leaders at Dodger Stadium on Saturday. The win puts the Dodgers at the top of the division standings, ahead of the Braves and San Francisco Giants. Green's performance at the plate was a significant boost to the Dodgers' offense, which has struggled in recent games. The team's manager, Joe Torre, praised Green's efforts, saying he 'stepped up to the plate and delivered' in the clutch. The Dodgers will look to continue their winning streak as they take on the Arizona Diamondbacks in a three-game series starting tomorrow.",Business,Business
AFP - Egypt said it has charged an Iranian diplomat and an Egyptian national over a plot to assassinate an unidentified public figure.,World,
"Microsoft announced on Monday that it will not release a fifth service pack for Windows 2000, a popular version of the company #39;s operating system.",Sci/Tech,
 #39;Ol #39; Blue Eyes #39; provided an emotional musical tribute to  #39;Old Big  #39;Ead #39; as Nottingham Forest celebrated the remarkable life of Brian Clough ahead of today #39;s game with West Ham.,Sports,
Apple unveils new iPhone with improved camera and faster charging,Business,Business
The company is reasonably certain that it can maintain previously issued earnings guidance.,Business,
THE Australian Rugby Union has been swamped with inquiries from high-profile players here and overseas interested in joining the new Super 14 franchise in 2006.,Sports,
The Giants coughed up three straight second-quarter turnovers and dissolved in a torrent of penalties in a baffling loss at Giants Stadium.,Sports,
WASHINGTON - The Senate Judiciary Committee heard this morning from one of its own about some of the problems with airline ''no fly'' watch lists. Sen...,World,
UConn senior quarterback Dan Orlovsky has admitted that he probably would have gone to Boston College if offered a scholarship. But ,Sports,
 NEW YORK (Reuters) - U.S. Open organizers have apologized  to Serena Williams for a controversial line call in her  quarter-final loss to Jennifer Capriati on Tuesday.,Sports,
"Researchers have discovered a new species of ancient human in the Philippines, which may have co-existed with other human species such as Homo erectus and Neanderthals. The new species, named Homo luzonensis, is believed to have lived on the island of Luzon at least 50,000 years ago. The findings were published in the journal Nature on Wednesday. #HomoLuzonensis #Science #Archaeology",Sci/Tech,Sci/Tech
"NASA's Parker Solar Probe has successfully entered the Sun's corona, becoming the first spacecraft to ever do so. The probe, launched in 2018, has been studying the Sun's outer atmosphere and providing groundbreaking insights into the solar wind and coronal heating. #ParkerSolarProbe #Sun #SciTech",Sci/Tech,Sci/Tech
"Open source can immediately prompt the words  #39;law suit #39; in some peoples #39; minds, but Black Duck have introduced a software platform that helps developers catch and resolve potential intellectual property disputes.",Sci/Tech,
Jenson Button has admitted he was  quot;misguided quot; in his attempts to switch to Williams for next season. The 24-year-old declared his intention to leave BAR in August but team boss David Richards prevented the move on legal grounds.,Sports,
&lt;strong&gt;Review&lt;/strong&gt; Quite a tempting package?,Sci/Tech,
"A dominant defensive performance and a 21-point lead left the Indianapolis Colts with precious little to fret about at halftime Sunday at the RCA Dome, save the inconsequential.",Sports,
"The United Nations has announced that it will provide aid to a devastated coastal town in the aftermath of a recent hurricane. The town, located in a developing country, was hit particularly hard by the storm and is in urgent need of supplies and support. The UN has mobilized a team of experts and resources to assist in the relief efforts and will work closely with local authorities to ensure that the aid is distributed fairly and effectively.",World,World
"NASA's New Horizons spacecraft has captured stunning images of Ultima Thule, a distant Kuiper Belt object once thought to be a single object but now revealed to be a contact binary composed of two spherical bodies. The images show a detailed view of the object's icy surface, including a prominent ring system and a receding linear feature. Scientists believe the object may have formed through a process known as hierarchical assembly, where smaller objects collided and merged over time. The discovery of Ultima Thule has shed new light on the formation of our solar system and the diversity of celestial bodies beyond Neptune's orbit.",Sci/Tech,Sci/Tech
"Chip giant Intel announced that it has joined forces with the world #39;s largest handset maker, Nokia, to develop the next generation mobile phone.",Sci/Tech,
Motorsport.com. Rubens Barrichello finally got the win he has been waiting for when he led Michael Schumacher across the line to take a Ferrari one-two at the Italian Grand Prix.,Sports,
"Researchers at MIT have developed a new AI system that can generate realistic 3D models of objects and scenes, using only a single camera and a few seconds of footage. The system, called 'DeepStereo,' could revolutionize the field of computer vision and have numerous applications in industries such as robotics, autonomous vehicles, and filmmaking.",Sci/Tech,Sci/Tech
"Researchers at MIT have developed a new material that can absorb and convert 100% of the sun's energy, making it a promising solution for sustainable energy production. The material, called 'solar sponges,' is made of a special type of plastic that is able to harness the full potential of the sun's rays, even on cloudy days. This breakthrough could revolutionize the way we generate energy and help reduce our reliance on fossil fuels. #SolarSponge #SustainableEnergy",Sci/Tech,Sci/Tech
"Spa is among the most demanding circuits for the engine, and Rob White explains the challenge of this unusual circuit.",Sports,
"Researchers at MIT have developed a new AI algorithm that can create realistic images of objects and scenes, even when the objects are not present in the training data. The algorithm uses a technique called 'generative adversarial networks' to create the images, which could have applications in fields such as entertainment, advertising, and education. #SciTech #AI #Imaging",Sci/Tech,Sci/Tech
"NASA's Juno spacecraft has captured stunning images of Jupiter's Great Red Spot, a massive storm that has been raging for centuries. The images, released today, show the storm's swirling clouds and intense turbulence in unprecedented detail. Scientists say the Great Red Spot is likely to shrink or disappear in the next few years, and the Juno mission is helping them understand the complex processes that are driving this change. #JunoMission #GreatRedSpot",Sci/Tech,Sci/Tech
Lionel Messi scores hat-trick as Barcelona beats Real Madrid 3-1 in El Clásico,Sports,Sports
"Shares of InPhonic Inc., a Washington reseller of wireless service and telephones over the Internet, rose 26 percent Tuesday on their first day of trading..&lt;br&gt;&lt;FONT face=''verdana,MS Sans Serif,arial,helvetica'' size=''-2'' color=''#666666''&gt;&lt;B&gt;-The Washington Post&lt;/B&gt;&lt;/FONT&gt;",Sci/Tech,
"Lewis Hamilton wins thrilling Belgian Grand Prix, extends lead in drivers' championship",Sports,Sports
"Siemens mobile has warned users about a software-related defect in its 65 product series, the C65, CX65, M65, S65 and SL65 may cause an extremely loud melody when the battery is run down causing your connection to be lost.",Business,Business
Premiership adversaries Manchester United and Arsenal will have another chance to do battle at Old Trafford after last night #39;s League Cup quarter-final draw brought the teams together again.,Sports,
AP - Evander Holyfield was suspended indefinitely by New York boxing officials in the wake of his loss Saturday night to journeyman Larry Donald.,Sports,
Syrian refugees arrive in Canada after long journey,World,World
"update In order to get the next update of its Windows operating system out the door, Microsoft will delay some of the key improvements that had been planned.",Sci/Tech,
Verizon SuperPages.com said Friday it has teamed up with eBay and Shopping.com for the rollout of new shopping tools on its online Yellow Pages site.,Business,
AP - Apparently even a Hall of Fame coach doesn''t get a break from the officials. Washington Redskins coach Joe Gibbs on Tuesday reviewed the tape of the previous night''s loss to the Dallas Cowboys and determined he was on the wrong side of ''two awful calls.'',Sports,
"NASA's latest Mars rover, Perseverance, has successfully landed on the red planet and is already making groundbreaking discoveries. The rover is equipped with advanced instruments to study the Martian geology and search for signs of past or present life on the planet. #MarsLanding #NASA #SciTech",Sci/Tech,Sci/Tech
"A new pan-European supercomputing network has opened to help scientists in the EU with their research.  quot;We have just completed testing, quot; said David Henty of the Edinburgh Parallel Computing Centre, a member ",Sci/Tech,
"Aug. 18 (Bloomberg) -- The case against eight men charged with conspiracy to commit murder and carry out terrorist attacks was referred to the Old Bailey, London #39;s central criminal court. ",World,
"The Internet Corporation for Assigned Names and Number, the organization named by the US government in 1998 to oversee policies over Internet addresses, gave a preliminary nod Monday to domain names targeting mobile services and the jobs ",Sci/Tech,
CHICAGO (CBS.MW) -- Circuit City Stores shares plummeted 10 percent Monday after the nation #39;s No. 2 electronics retailer said that its third-quarter same-store sales fell 4.3 percent.,Business,
"NASA's Kepler space telescope has discovered a record-breaking 40 exoplanets, including some that are similar in size to Earth. The telescope, which was launched in 2009, has been scanning the skies for exoplanets using the transit method, which detects the dimming of stars as planets pass in front of them. The new discoveries bring the total number of exoplanets discovered by Kepler to over 4,000. Scientists believe that the findings could help unlock the secrets of how planets form and evolve in our galaxy. #KeplerTelescope #Exoplanets #Astronomy",Sci/Tech,Sci/Tech
"MOSCOW (Reuters) - Russia has deployed troops to Syria to support President Bashar al-Assad's government in the civil war, the Russian Defense Ministry said on Monday. The move comes as the conflict in Syria enters its ninth year, with no end in sight. The Russian military intervention is likely to escalate the conflict and increase tensions in the region. #Syria #Russia #War",World,World
"AP - One day after the most lopsided loss in the 115 years of Nebraska football, the coaching staff told the Cornhuskers to forget about it.",Sports,
"Oracle CEO Mark Hurd is taking an unconventional approach to innovation, seeking advice from unlikely sources, including a former NFL quarterback. #Oracle #innovation #leadership",Business,Business
" TOKYO (Reuters) - Japanese camera and office equipment  maker Canon Inc. &lt;A HREF=''http://www.reuters.co.uk/financeQuoteLookup.jhtml?ticker=7751.T qtype=sym infotype=info qcat=news''&gt;7751.T&lt;/A&gt; said on Tuesday it would start  producing rear projection televisions later this year, aiming  to secure a chunk of the rapidly growing market for big screen  TVs.",Sci/Tech,
Lionel Messi scores hat-trick as Barcelona beats Real Madrid 3-2 in El Clásico,Sports,Sports
HP plans to add virus-throttling technology to ProLiant servers and ProCurve switches starting in early 2005. Virus Throttler technology slows the spread of a virus or worm within an infected server to give  administrators time to act.,Sci/Tech,
"MIAMI - Just when it appeared Eddie Jones was becoming a has-been offensively, the 33-year-old reached back in time Saturday against Washington and had one of the best rapid-fire showings of his five-year Heat career. Jones scored 22 points in the fourth quarter, including the game-winner with 3.8 seconds remaining, as the Heat defeated the Wizards 105-103. The victory was Miami's third in a row and improved their record to 20-15.",Sports,Sports
"JPMorgan Chase profits rise on strong trading, investment banking",Business,Business
"Mozilla Firefox Internet Browser Market Share Gains to 7.4\\The latest survey from OneStat.com shows what was expected. Firefox is gaining on Internet Explorer and pretty rapidly. As per the reports, Mozilla Foundation has taken a 7.4 market share gaining more than 5 since May. Microsoft rsquo;s Internet Explorer has dropped down ...",Sci/Tech,
"Amazon's Jeff Bezos becomes world's richest person, overtaking Bill Gates",Business,Business
"Russia has postponed the test launch of a new booster rocket scheduled for Friday, the Defense Ministry said Thursday. The launch of the Soyuz-2 medium-size rocket from Russia #39;s ",Sci/Tech,
"To judge by the shift in the headlines, the processor war is nearly over. Who #39;s in? Advanced Micro Devices (NYSE: AMD). Out? Intel (Nasdaq: INTC).",Sci/Tech,
AP - Residents burned tires and trash in the streets Thursday trying to drive off swarms of locusts descending on the region in what a U.N. agency called the worst sub-Saharan invasion in more than a decade.,Sci/Tech,
"Mark Martin joined the growing list of longtime drivers easing their way out of NASCAR, announcing Thursday that the 2005 season will be his last as a full-time racer.",Sports,
"Syrian President Bashar al-Assad has announced that his country will be withdrawing from the International Criminal Court, citing bias against his regime. This move comes as the UN releases a report detailing alleged war crimes committed by both the Syrian government and rebel groups. The international community is urging caution and restraint in the face of these developments. #Syria #ICC #WarCrimes",World,World
" TORONTO (Reuters) - New Internet-based technology could  soon turn regular computer users into armchair spies, a  Canadian inventor said on Monday.",Sci/Tech,
"The United Nations has announced that it will launch a global initiative to combat the growing threat of antibiotic resistance. The initiative, which will be launched in the coming months, aims to raise awareness about the issue and promote the development of new antibiotics. The UN says that the problem of antibiotic resistance is becoming increasingly serious, with the World Health Organization estimating that it could cause 10 million deaths annually by 2050. The initiative will involve governments, health organizations, and private sector companies working together to address the issue.",World,World
"Apple's new iPhone sales are down 30% in the first quarter, according to a report by Canalys. The company is expected to launch new models in the coming months to boost sales. #Apple #iPhone #smartphones",Business,Business
"Barnstable had the upperhand once again. The Red Raiders are one win away from defending their MIAA Division 1 state volleyball championship after blanking Chelmsford, 3-0, in the semifinals last night in Mansfield. It was the second time this fall Chelmsford had been frustrated by the powerful Barnstable lineup.",Sports,
"U.S. stocks surged on Tuesday, led by gains in technology and healthcare companies, as investors grew more optimistic about the economic outlook. The Dow Jones Industrial Average rose 1.5% to close at 26,885, while the S&P 500 gained 1.3% to finish at 3,297. The Nasdaq Composite jumped 2.1% to end at 10,555. The rally was fueled by a better-than-expected quarterly report from Microsoft, which topped expectations and lifted the tech giant's shares to an all-time high. Other big gainers included Amazon, Alphabet, and Facebook.",Business,Business
"AP - Accompanied by a warning that its missiles have the range, Iran on Tuesday said it would destroy Israel''s Dimona nuclear reactor if the Jewish state were to attack Iran''s nuclear facilities.",World,
Tulane officials have postponed Saturday #39;s football game against Louisville because of the threat of Hurricane Ivan. Tulane officials said in a statement Tuesday that the game is tentatively rescheduled for the weekend of Dec. 4 at the Superdome.,Sports,
"The combined worldwide market for desktops, servers and packaged software running on Linux is forecast to grow at a 2003-2008 compound annual growth rate of 25.9 percent worldwide, reaching \$35.7 billion by 2008.",Sci/Tech,
"NASA's Parker Solar Probe has made history by becoming the closest object to the Sun. The probe has entered the Sun's corona, the outermost layer of the solar system, and has provided groundbreaking insights into the Sun's behavior. The probe has also discovered a new type of solar wave, known as a 'solar kink wave', which could help scientists better understand the Sun's internal dynamics. #SolarProbe #SunStudies #SpaceExploration",Sci/Tech,Sci/Tech
"SAN FRANCISCO (Reuters) - Tech giant Apple has announced plans to expand its renewable energy portfolio by investing $300 million in a new solar farm in Arizona. The farm, which is expected to be completed in 2023, will generate 100 megawatts of power and help reduce the company's reliance on fossil fuels. Apple has made a commitment to power 100% of its facilities with renewable energy, and this latest investment is a significant step towards achieving that goal.",Business,Business
"Researchers at MIT have developed a new material that can absorb and convert 100% of the sun's energy, making it a promising solution for sustainable energy production. The material, called 'solar absorber,' is made of a combination of materials that are highly efficient at converting sunlight into electricity. The team hopes to have the technology ready for commercial use within the next five years.",Sci/Tech,Sci/Tech
"The Mac maker says it will replace about 28,000 batteries in one model of PowerBook G4 and tells people to stop using the notebook.",Sci/Tech,
"ATHENS -- A year ago in Anaheim, Calif., they were out of uniform and on crutches, their world meet over before it began, their careers in doubt. Annia Hatch had dislocated her left knee and torn her anterior cruciate ligament. Courtney Kupets had ruptured her left Achilles' tendon. Last night, they were both on the Olympic medal stand with medals around their necks.",Sports,Sports
Lionel Messi scores hat-trick as Barcelona beats Real Madrid 3-0 in El Clásico,Sports,Sports
"Sony announces plans to launch a new line of high-end smartphones next year, featuring cutting-edge technology and sleek designs. The company is expected to unveil the new devices at a press conference in January. #Sony #smartphones #tech",Business,Business
"Mobility and scallops marinated in truffle oil, anyone? Fine dining will be the reward for those who venture to the remote island of Tromsø in Norway. The island, located in the Arctic Circle, is known for its stunning fjords and rugged landscapes, but it's also home to some of the most exotic and delicious seafood in the world. Visitors can indulge in freshly caught scallops, shrimp, and lobster, all while taking in the breathtaking scenery of the Arctic wilderness. #Tromsø #ArcticCuisine #FineDining",World,World
"After you''ve joined the music revolution and plunked down \$250 for an Apple iPod mini, it''s easy to become quite protective of the little gizmo.",Sci/Tech,
"The Recording Industry Association of America (RIAA) has filed 754 new lawsuits against alleged file-traders using peer-to-peer services, the trade group announced Thursday.",Sci/Tech,
"SiliconValley.com - In August, Joshua Rosen, a San Francisco entrepreneur and art director, went live with a Web site that makes it very simple for people to register to vote.",Sci/Tech,
"SAN FRANCISCO (Reuters) - Twitter Inc. announced on Tuesday that it has acquired TweetDeck, a popular third-party Twitter client, for an undisclosed sum. The acquisition is expected to help Twitter expand its user base and improve its offerings for developers and businesses. #Twitter #TweetDeck #Acquisition",Business,Business
"NASA's Mars 2020 rover has discovered evidence of a potential underground water source on the Red Planet. The rover detected signs of hydrated minerals in a Martian rock formation, which could indicate the presence of water in the past. The discovery could help scientists better understand the planet's geology and potential habitability. #Mars #WaterOnMars #SciTech",Sci/Tech,Sci/Tech
"NASA's InSight lander has successfully touched down on Mars and begun its mission to study the Red Planet's internal structure. The lander, which launched in May, used a heat shield to protect itself from the friction of reentry and touched down on the Martian surface using a parachute and retrorocket system. InSight, which stands for Interior Exploration using Seismic Investigations, Geophysics and Astronomy, is designed to study Mars' interior structure and provide insights into the planet's composition and evolution. #MarsLanding #NASA",Sci/Tech,Sci/Tech
"MOSCOW (Reuters) - Russia and China have signed a deal to build a gas pipeline across Siberia, in a move that could strengthen their strategic partnership and challenge the dominance of Western energy companies. The $400 billion project, which will take several years to complete, is expected to provide a reliable source of energy for both countries and reduce their dependence on foreign supplies. #Russia #China #GasPipeline #EnergySecurity",World,World
Massive protests erupt in Hong Kong as China-US tensions escalate,World,World
"Researchers at MIT have developed a new material that can absorb and convert carbon dioxide into oxygen at an unprecedented rate. The material, called 'Metal-Organic Frameworks,' could help reduce carbon emissions and combat climate change. By Peter Valdes-Dapena, CNN/Money staff writer.",Sci/Tech,Sci/Tech
"Gaza truce holds after day of violence, but tensions remain",World,World
"Dell's Photo All-In-One Printer 962 prints, scans, faxes and copies for $179.",Business,Business
"PalmSource today announced entry into an agreement for the acquisition of China MobileSoft Limited (CMS), a leading Chinese mobile phone software company with business operations headquartered with its wholly-owned subsidiary, MobileSoft Technology ",Sci/Tech,
"Electronic Data Systems Corp., which lost business when customer US Airways Group Inc. filed for bankruptcy protection the first time, says the carrier #39;s latest filing also will hurt.",Business,
"Oakland, CA (Sports Network) - The Oakland Athletics have acquired infielder Keith Ginter from the Milwaukee Brewers in exchange for pitcher Justin Lehr and outfielder Nelson Cruz.",Sports,
"Do-it-yourself phishing kits are being made available for download free of charge from the Internet, according to anti-virus firm Sophos.\",Sci/Tech,
"Liverpool FC won their first Champions League title in 18 years by defeating Tottenham Hotspur 2-0 in the final. Mohamed Salah scored both goals for the Reds, who were led by manager Jürgen Klopp. The victory was met with wild celebrations in Liverpool, as the city erupted in joy. #LFC #ChampionsLeague #Salah",Sports,Sports
"A Republican on how to survive in a Democratic town: This really is the greatest city in the world, but you are now behind enemy lines.",World,
"Samsung Electronics has announced plans to invest $140 million in a new manufacturing facility in Texas, creating over 1,000 jobs in the region. The facility will produce semiconductors for Samsung's mobile devices, including the Galaxy S and Galaxy Note series. The investment is part of Samsung's efforts to expand its production capacity and meet growing demand for its products. ",Business,Business
Dell's CEO says the company is looking to ease a major 'pain point' for customers with its upcoming product refreshes. #Dell #Technology,Business,Business
"AP - As Philadelphia prepares to install monitoring cameras at some city intersections, officials say they''re not worried about studies that suggest the surveillance may lead to more accidents.",Sci/Tech,
"Wide receiver Terrell Owens said he had a few end-zone celebrations prepared for Sunday #39;s game against the team he shunned in the offseason, the Baltimore Ravens.",Sports,
"Researchers at MIT have developed a new AI algorithm that can analyze medical images with unprecedented accuracy. The algorithm can detect subtle patterns in brain scans that were previously undetectable, potentially leading to earlier diagnosis and treatment of neurological disorders. #SciTech #AI #MedicalImaging",Sci/Tech,Sci/Tech
"A man in Thailand has died of avian flu, the first human casualty in the country since the disease re-emerged in Asia in July, officials said Thursday.",World,
Amazon to Acquire Whole Foods Market in $13.7 Billion Deal,Business,Business
"BERLIN : German Chancellor Gerhard Schroeder #39;s party vowed to press on with its tough economic reform drive, despite a fresh state election rout that spells trouble for a string of further polls this month.",World,World
"This holiday the hottest new products for kids have one thing in common: They all interact with the tube, whether by means of sensors, radio-wave technology or the regular old TV remote control.",Sci/Tech,
Bryce Harper hit a walk-off home run in the bottom of the 9th inning to give the Washington Nationals a 5-4 victory over the Miami Marlins.,Sports,Sports
"Like it or not, Rupert Murdoch is a New York City staple. As chairman of News Corp. (nyse: NWS - news - people ), the billionaire is a part of Gothamites #39; lives.",Business,
"NEW YORK - Cisco Systems Inc. said Monday it has agreed to acquire Sunnyvale, California, software developer P-Cube Inc. in a cash-and-options deal Cisco valued at \$200 million.",Sci/Tech,
Reuters - Thai scientists began an investigation\Monday into what some conservationists believe could be the\world''s biggest case of ape smuggling -- nearly 100 orangutan\found in a Bangkok amusement park.,Sci/Tech,
"Apple has patented a new design for its upcoming iPhone, which features a larger screen and a sleeker overall look. The new design is expected to be a major improvement over the current model and could give Apple a competitive edge in the market. (Source: CNET)",Business,Business
"Scientists have discovered a new species of ancient human in the Philippines, which may have co-existed with the well-known Homo sapiens in the region. The new species, known as Homo luzonensis, lived on the island of Luzon at least 50,000 years ago and had a unique set of physical features, including a small brain and a bony structure in the inner ear. The findings were published in the journal Nature on Wednesday. #SciTech #Archaeology #HumanEvolution",Sci/Tech,Sci/Tech
"The ongoing conflict in Yemen has resulted in a humanitarian crisis, with over 3 million people displaced and facing food insecurity. The situation has been exacerbated by the ongoing blockade of the country, which has made it difficult for aid organizations to reach those in need. The United Nations has called for an immediate ceasefire and the resumption of humanitarian aid deliveries to the region.",World,World
"com November 4, 2004, 2:38 PM PT. This priority retains its ranking at number five as more and more companies deploy Web services to share business logic, data and processes with each other and with clients.",Sci/Tech,
"Mexico has declared a state of emergency after a powerful earthquake struck the country, causing widespread damage and killing at least 12 people. The 7.1 magnitude quake hit the state of Oaxaca on Tuesday, with the epicenter located near the city of Pinotepa Nacional. Rescuers are working to reach trapped survivors and provide aid to those affected.",World,World
"Maoists rebels have lifted a blockade that cut Nepal's capital Kathmandu off from the rest of the country for a week. In a statement released Tuesday, however, the rebels warned the government that they will not hesitate to take further action if their demands are not met. (Source: Bloomberg News)",World,World
Order was restored to the Jets'' quarterbacking universe on Wednesday when Chad Pennington returned to practice with the first team.,Sports,
"The global COVID-19 pandemic has spread to over 200 countries and territories, with cases reported in every region of the world. The World Health Organization (WHO) has declared the pandemic a global health emergency, and governments around the world are implementing unprecedented measures to slow the spread of the virus. The pandemic has had a significant impact on the global economy, with many countries imposing lockdowns, travel restrictions, and other measures to contain the virus. The WHO has warned that the pandemic is likely to get worse before it gets better, and has called for international cooperation and support to help mitigate its effects.",World,World
"Apple is expected to launch a new line of iPhones next month, with improved cameras and faster processors. The company is also rumored to be working on a new augmented reality feature for the devices. #Apple #iPhone #AR",Business,Business
" ATLANTA (Reuters) - Quiznos Sub, the third-largest U.S.  sandwich chain, said on Wednesday it signed a deal to serve  PepsiCo Inc. &lt;A HREF=''http://www.investor.reuters.com/FullQuote.aspx?ticker=PEP.N target=/stocks/quickinfo/fullquote''&gt;PEP.N&lt;/A&gt; drinks in its U.S. outlets, ending a  23-year relationship with Coca-Cola Co. &lt;A HREF=''http://www.investor.reuters.com/FullQuote.aspx?ticker=KO.N target=/stocks/quickinfo/fullquote''&gt;KO.N&lt;/A&gt;",Business,
"After months waiting for Microsoft to give me a reason to remain loyal, I finally dumped Internet Explorer for the Firefox Web browser last week.",Sci/Tech,
Carmelo Anthony leads Denver Nuggets to victory over Toronto Raptors with 30 points and 10 rebounds. #Nuggets #Raptors #NBA,Sports,Sports
"A Jordanian who disappeared in Iraq two weeks ago and was believed to have been kidnapped has been freed and is in the custody of Iraqi police, Foreign Ministry spokesman Ali al-Ayed told reporters yesterday. ",World,
"Sudan's President Omar al-Bashir has announced that his country will be withdrawing from the International Criminal Court (ICC). This move comes after the ICC issued an arrest warrant for al-Bashir on charges of war crimes and crimes against humanity in Darfur. The decision has sparked outrage from human rights groups and international leaders, who fear it will embolden other authoritarian regimes to ignore international justice.",World,World
"LeBron James signs 5-year, $215 million contract extension with the Los Angeles Lakers",Sports,Sports
" NEW YORK (Reuters) - Stocks rose on Tuesday as a oil prices  slid below \$48 a barrel, offsetting caution as investors waited  for an expected quarter-point hike in U.S. interest rates and  results from technology bellwether Cisco Systems Inc. &lt;A HREF=''http://www.investor.reuters.com/FullQuote.aspx?ticker=CSCO.O target=/stocks/quickinfo/fullquote''&gt;CSCO.O&lt;/A&gt;.",Business,
"NASA's Parker Solar Probe has successfully entered the sun's corona, becoming the first spacecraft to ever do so. The probe, launched in 2018, was designed to study the sun's outer atmosphere and has already made several groundbreaking discoveries. Scientists are hailing the achievement as a major milestone in the field of space exploration.",Sci/Tech,Sci/Tech
"NASA's Mars 2020 rover has discovered evidence of ancient rivers on the Red Planet, shedding new light on the planet's geological history. The rover found sedimentary rocks that indicate the presence of water on Mars millions of years ago, and the discovery could have implications for the search for extraterrestrial life. #MarsRover #SciTech",Sci/Tech,Sci/Tech
"Talking in a teleconference this afternoon, David Richards insisted that the ending of the  quot;consultancy contract quot; between BAR and Prodive, and his subsequent departure from the team, was a mutual decision.",Sports,
Migrant crisis in Europe worsens as thousands arrive on Greek islands,World,World
"Microsoft has acquired LinkedIn for $26.2 billion, in a deal that could revolutionize the way businesses connect with customers and employees. The acquisition, which is the largest in Microsoft's history, is expected to close this year. #Microsoft #LinkedIn #Business",Business,Business
Researchers at MIT have developed a new material that can absorb and convert 100% of the sun's energy into electricity. This breakthrough could lead to a new era of renewable energy and a significant reduction in carbon emissions. #SolarEnergy #RenewableEnergy #ClimateChange,Sci/Tech,Sci/Tech
"For those who need to make telephone calls in flight and don''t want to sell the second car to finance them, help is on the way.",Sci/Tech,
"LONDON, Aug 20 (Reuters) - Jamaica striker Ricardo Fuller has joined Portsmouth from Preston North End on a two-year contract, the Premier League club said on Friday. ",Sports,
Wall Street analysts cut their forecast on earnings for American Airlines parent AMR Corp. (AMR.N) on Thursday while the airline's chief executive said high fuel prices had stung the world's largest carrier. The company's shares fell 3.5% after the prediction. (Source: Reuters),Business,Business
Workers at Apple #39;s Irish operations in Cork remain gloomy this morning over one European country that remains outside the reach of iTunes Europe - Ireland.,Sci/Tech,
"Growth in global semiconductor sales will probably halve next year, according to a new report. The market is facing a slowdown due to decreased demand from major technology companies. #semiconductor #tech #business",Business,Business
"Nintendo and iQue to release Game Boy Advance SP later this month in 21 different cities in China. TOKYO--Nintendo has announced that it will launch the Game Boy Advance SP in China on October 27, Bloomberg Japan reports today.",Sci/Tech,
NFL star Odell Beckham Jr. has been suspended for one game after his altercation with a cameraman during a game.,Sports,Sports
Tom Lehma''s 5-under 67 on Saturday leaves him tied for the Funai Classic lead as he gets a third chance in as many weeks to end a five-year winning drought.,Sports,
"NASA's Mars 2020 rover has discovered evidence of a past habitable environment on the Red Planet. The rover found signs of water on the Martian surface, which could have supported life millions of years ago. The discovery could help scientists better understand the potential for life on Mars and inform future missions to the Red Planet. #Mars #SciTech",Sci/Tech,Sci/Tech
"When was the last time you heard about a company more than doubling its profit from the previous year, but an error in judgment restrained that profit?",Business,
"Guatemala''s government agrees to pay millions of dollars to former paramilitaries, who some accuse of war crimes.",World,
San Francisco Mayor Gavin Newsom has set a goal of providing free wireless Internet activity in his city that sees itself as a vanguard of the Internet revolution.,Sci/Tech,
"By MATTHEW FORDAHL    SAN JOSE, Calif. (AP) -- After years of battling Microsoft Corp...",Sci/Tech,
"Researchers at MIT have developed a new material that can absorb and convert carbon dioxide into oxygen at an unprecedented rate. The new material, called 'Metal-Organic Frameworks,' could help reduce carbon emissions and mitigate the effects of climate change. #SciTech #ClimateChange",Sci/Tech,Sci/Tech
"AP - Latrell Sprewell was suspended for one game by the NBA on Tuesday for yelling a sexual vulgarity at a female fan during a game, the latest episode of a player clashing with spectators.",Sports,
Sony Announces New Line of High-End Smartphones,Business,Business
"NewsFactor - Retailers that saw impressive growth in year-over-year online sales during last year''s holiday season should not look for the same results this year, according to estimates by Forrester Research.",Sci/Tech,
Oracle Corp. plans to nominate four candidates for election to rival PeopleSoft Inc.''s board of directors as part of its battle to acquire the rival software company.,Business,Business
The United Nations has announced that it will hold an emergency meeting to discuss the ongoing conflict in Syria. The meeting will bring together representatives from over 50 countries to find a peaceful solution to the crisis. The UN Secretary-General has called on all parties involved to work towards a ceasefire and a political settlement. (Source: BBC News),World,World
Heart of Midlothian Plc said head coach Craig Levein is holding talks to take over as manager at Leicester City in England after steering the Scottish soccer club to the group stage of Europe #39;s UEFA Cup this season.,Sports,
"Syrian President Bashar al-Assad has announced that his country has developed a new weapon system, which he claims is capable of destroying Israel. The announcement has raised concerns in the international community, with the United States and other nations calling for restraint. #Syria #Israel #Weapons",World,World
"NASA's Parker Solar Probe has made a historic flyby of the Sun, coming within 15 million miles of the star's surface. The probe, launched in 2018, has been providing scientists with valuable data on the Sun's magnetic field and atmosphere. The flyby marks the closest approach to the Sun by a spacecraft in history, and has provided new insights into the Sun's behavior and the solar system's magnetic environment.",Sci/Tech,Sci/Tech
"Although AIDS is thought of as a disease of the young, in the United States it is rapidly becoming one of the middle-aged and even the old.",Sci/Tech,
Microsoft unveils new AI-powered tool to streamline business operations,Business,Business
"Ryan Moore staged a remarkable comeback to overhaul Luke List in the 36-hole final of the US amateur championship at the Winged Foot Golf Club on Sunday. Moore, who was trailing by three strokes heading into the final round, carded a 4-under-par 66 to win by a single stroke. The victory marks Moore's second major title in the sport, and he is now the top-ranked amateur golfer in the world.",Sports,Sports
Lionel Messi scores hat-trick as Barcelona beats Real Madrid 3-1 in El Clásico,Sports,Sports
"Tesla has announced plans to expand its Gigafactory in Nevada, creating 3000 new jobs in the region. The electric car maker is expected to invest $5 billion in the expansion, which will increase its production capacity by 50%.",Business,Business
Lionel Messi scores hat-trick as Barcelona beats Real Madrid 3-2 in El Clásico,Sports,Sports
Lionel Messi scores hat-trick as Barcelona beats Real Madrid 3-2 in El Clásico thriller,Sports,Sports
"Mike McKenzie got his wish yesterday, seven months after asking out of Green Bay. The Packers sent the disgruntled cornerback and a future conditional sixth-round ",Sports,
"The Ontario government has announced new measures today to tackle child pornography online and Internet luring. Research shows 40 percent of Canadian youth report that someone they met on the Internet, requested personal information.",Sci/Tech,
"AFP - Sudan condemned UN threats of sanctions against Khartoum, saying they would only undermine efforts to restore security in the devastated western region of Darfur.",World,
LONDON (Reuters) - World oil prices climbed on Monday as companies operating in the U.S. Gulf of Mexico braced for output disruptions from powerful Hurricane Ivan.,World,World
"Tony Purnell, the boss of Jaguar Racing says that there is  quot;masses of interest quot; in the team, which the Ford Motor Company has decided to discontinue.",Sports,
"Migrant crisis in Europe reaches new heights as thousands of refugees arrive on Greek islands, overwhelming local infrastructure and resources. International community scrambles to find solution to humanitarian crisis.",World,World
"An Internet company has agreed to forgive \$17 million in customers'' bills as part of an agreement with the government, the Federal Trade Commission announced Monday.",Sci/Tech,
Lionel Messi scores hat-trick as Barcelona beats Real Madrid in El Clásico,Sports,Sports
"NASA's InSight lander has successfully touched down on Mars, marking a major milestone in the space agency's ongoing exploration of the Red Planet. The lander, which launched in May, used a heat shield to protect itself from the intense heat generated during its descent through the Martian atmosphere. Once on the surface, InSight will begin its mission to study the planet's interior and better understand the structure of the Martian crust. #MarsLanding #InSight #NASA",Sci/Tech,Sci/Tech
"As part of its ongoing efforts to woo public sector customers, Microsoft Corp. has begun giving governments tools for collaborating and sharing technology information with other organizations so that they can learn from each other''s experiences and cut development costs.",Sci/Tech,
"Researchers at MIT have developed a new material that can absorb and convert 100% of the sun's energy, making it a potential game-changer for sustainable energy production. The material, called 'solar absorber,' is made of a combination of metals and polymers and is capable of capturing and converting sunlight into electricity with unprecedented efficiency. The team plans to test the material in a real-world setting next, with the goal of making it ready for commercial use within the next five years.",Sci/Tech,Sci/Tech
"SAP AG has agreed to acquire the Swiss and U.S. business units of SAP Systems Integration AG (SAP SI), bringing its absorption of the company nearer to completion.",Sci/Tech,
Lewis Hamilton wins dramatic Belgian Grand Prix,Sports,Sports
John Robertson has this morning been confirmed as the new Hearts manager. Mr Robertson #39;s arrival follows several days of negotiation with Inverness Caly Thistle over a compensation package for the Highland club.,Sports,
"European supermarket chain Tesco is planning to extend its RFID rollout in time for the Christmas rush. The company, which began using the tracking technology in October last year, will be introducing the ",Sci/Tech,
"LONDON, Sep 17 (IranMania) - Iran #39;s powerful former president Akbar Hashemi Rafsanjani warned Friday that the International Atomic Energy Agencymay have to  quot;beg quot; for Tehran #39;s cooperation if it bows to US pressure.",World,
"Hurricane Ivan looks set to cost tour operators as they race to get customers out of harm''s way, though future bookings may not suffer too much.",Business,
"At least 20 people were killed and dozens more injured in a bomb attack in a crowded market in the city of Peshawar, Pakistan. The attack is believed to have been carried out by a suicide bomber. The incident has raised concerns about the security situation in the region and the potential for further violence. #PeshawarBombing #Pakistan #Terrorism",World,World
"Researchers at MIT have developed a new material that can absorb and convert 100% of the sun's energy, making it a promising candidate for next-generation solar panels. The innovative material, called 'Solar-Ski,' is made of a combination of organic and inorganic materials and is capable of capturing and converting both visible and ultraviolet light. According to the team, Solar-Ski could significantly increase the efficiency of solar panels and help reduce our reliance on fossil fuels. #solarsolar #renewableenergy #innovation",Sci/Tech,Sci/Tech
Skype Technologies SA has launched a new feature that allows businesses to make free calls to landlines and mobiles in 20 countries. This move is expected to boost the company's revenue and attract more business customers. #Skype #BusinessCommunication #FreeCalls,Business,Business
"NASA postponed for at least two days the launch of its robotic satellite-chasing spacecraft because the target satellite temporarily lost reception of a key navigational signal, the agency said yesterday.",Sci/Tech,
