text,label
Coach Bill Cowher finally confirmed yesterday the Pittsburgh Steelers'' worst-kept secret: Duce Staley is in at running back and Jerome Bettis is out again.,Sports
"A man in Thailand has died of avian flu, the first human casualty in the country since the disease re-emerged in Asia in July, officials said Thursday.",World
"The world #39;s first private spaceship has blasted into the final frontier for the second time in five days, snatching the nearly 14-million dollar prize and founding a new era of space tourism.",Sci/Tech
"AP - A sick man among the sick, Pope John Paul II struggled through Sunday Mass at a French shrine that draws desperate people seeking miracle cures. The 84-year-old pontiff gasped, trembled and asked aides for help during the 2 1/2 hour service in sizzling heat.",World
"Shares of InPhonic Inc., a Washington reseller of wireless service and telephones over the Internet, rose 26 percent Tuesday on their first day of trading..&lt;br&gt;&lt;FONT face=''verdana,MS Sans Serif,arial,helvetica'' size=''-2'' color=''#666666''&gt;&lt;B&gt;-The Washington Post&lt;/B&gt;&lt;/FONT&gt;",Sci/Tech
"With few junk e-mail filters supporting a protocol for verifying the source address of digital messages, spammers have adopted it themselves as a way to appear more legitimate, stated a report released on Wednesday.",Sci/Tech
"Puerto Rican wrestler Mabel Fonseca tested positive for a steroid in an initial doping test, a wrestling official said Saturday. Michel Dusson, secretary general of the International ",Sports
"BusinessWeek Online - For 35 years, Advanced Micro Devices Inc.  stood in the shadow of archrival Intel Corp.  AMD churned out lower-priced clones of the tech leader''s chips and occasionally enjoyed a hit that helped boost its meager profits. But bad times easily outweighed the good. Again and again, Intel used its manufacturing muscle and pricing power to stymie AMD''s ambitions, preventing it from gaining a foothold in lucrative markets such as servers and corporate PCs.",Sci/Tech
" TORONTO (Reuters) - New Internet-based technology could  soon turn regular computer users into armchair spies, a  Canadian inventor said on Monday.",Sci/Tech
"One of the tongue-in-cheek rules that we column-writers have is,  quot;Often wrong, never in doubt. quot; Take a stand, don #39;t duck and weave too much.",Business
Trend Micro will become the latest major anti-virus software company to provide protection against mobile phone viruses with the release today of Trend Micro Mobile Security 1.0.,Sci/Tech
IBM plans to start shipping its PCs with a new chip designed to thwart hackers by safeguarding passwords and other sensitive identity information.,Sci/Tech
THE Australian Rugby Union has been swamped with inquiries from high-profile players here and overseas interested in joining the new Super 14 franchise in 2006.,Sports
"After months waiting for Microsoft to give me a reason to remain loyal, I finally dumped Internet Explorer for the Firefox Web browser last week.",Sci/Tech
"AP - Accompanied by a warning that its missiles have the range, Iran on Tuesday said it would destroy Israel''s Dimona nuclear reactor if the Jewish state were to attack Iran''s nuclear facilities.",World
"Sony has embarked on a potential collision course with music groups, including its own Sony BMG joint venture, over MP3 digital song files.",Sci/Tech
Performance venues there can now install signal-jamming equipment to deal with rude mobile-phone users.,Sci/Tech
"WASHINGTON - The US job market brightened in August as employers added 144,000 workers to their payrolls and hiring totals for the two prior months were revised up, the Labor Department (search) reported on Friday.",Business
Some 800 Palestinian detainees in Israel #39;s Ashkelon prison have suspended their 13-day-old hunger strike until Monday after some of their demands were met.,World
Jewish leaders expressed growing frustration this week with continuing anti-Semitic violence in Europe following the torching of a Jewish community center in Paris early Sunday.,World
John Robertson has this morning been confirmed as the new Hearts manager. Mr Robertson #39;s arrival follows several days of negotiation with Inverness Caly Thistle over a compensation package for the Highland club.,Sports
"NewsFactor - Retailers that saw impressive growth in year-over-year online sales during last year''s holiday season should not look for the same results this year, according to estimates by Forrester Research.",Sci/Tech
"So a few weeks ago, the two astronauts who live there tossed out some useless junk, like so many old hubcaps for the trash heap. Only this stuff floated away in space.",Sci/Tech
The following is a verbatim copy of a open letter to the Linux community issued by PalmSource. Read on for more information about the new acquisition and FAQs about how PalmSource will use the new resources and the new Palm OS Cobalt version of Linux.,Sci/Tech
FULHAM #39;S United old boy Andy Cole fears his former team are poised to leave their critics red-faced. The Reds haven #39;t lost in the Premiership since defeat at Portsmouth six matches ago when they were being written off in the title race.,Sports
"AFP - French pharmaceutical group Sanofi-Synthelabo formally announced the birth of Sanofi-Aventis, the world''s third-largest pharmaceutical company, ranking number one in Europe.",World
LOS ANGELES A source says Hollywood movie studios are preparing to sue computer users they say are illegally distributing movies online.,Sci/Tech
" TOKYO (Reuters) - Japanese camera and office equipment  maker Canon Inc. &lt;A HREF=''http://www.reuters.co.uk/financeQuoteLookup.jhtml?ticker=7751.T qtype=sym infotype=info qcat=news''&gt;7751.T&lt;/A&gt; said on Tuesday it would start  producing rear projection televisions later this year, aiming  to secure a chunk of the rapidly growing market for big screen  TVs.",Sci/Tech
WASHINGTON - The Senate Judiciary Committee heard this morning from one of its own about some of the problems with airline ''no fly'' watch lists. Sen...,World
"BANGALORE, India Anil Kumble, the Indian spin bowler, took three wickets Wednesday to reach 400 in test matches as the first day of the first test against Australia finished finely balanced.",Sports
Singapore #39;s Prime Minister Lee Hsien Loong on Sunday night delivered his first National Day Rally speech since he was sworn in as the country #39;s third Prime Minister.,World
"Vienna, Austria (Sports Network) - English midfielder Steven Gerrard will likely miss Saturday #39;s World Cup qualifier against Austria with a groin injury.",Sports
CHICAGO (CBS.MW) -- Circuit City Stores shares plummeted 10 percent Monday after the nation #39;s No. 2 electronics retailer said that its third-quarter same-store sales fell 4.3 percent.,Business
"Nintendo, Sony ready rival portable gaming devices. Which one will gamers go for?",Sci/Tech
Reuters - Thai scientists began an investigation\Monday into what some conservationists believe could be the\world''s biggest case of ape smuggling -- nearly 100 orangutan\found in a Bangkok amusement park.,Sci/Tech
The Giants coughed up three straight second-quarter turnovers and dissolved in a torrent of penalties in a baffling loss at Giants Stadium.,Sports
"News.com reports in the article: Microsoft fixes date for desktop search tool, that the company will offer up a beta release of a desktop search by the end of this year.",Sci/Tech
Thats when you can get yours and how much you would pay. That is if you live in Japan. Sony today announced the release date and price for its new portable game system.,Sci/Tech
PC World - New 46-inch LCD is just one of eight flat-panel models launched this week.,Sci/Tech
U.S. tanks and snipers took up positions near the revered Imam Ali Shrine and engaged in fierce battles with militants.,World
"The combined worldwide market for desktops, servers and packaged software running on Linux is forecast to grow at a 2003-2008 compound annual growth rate of 25.9 percent worldwide, reaching \$35.7 billion by 2008.",Sci/Tech
Motorsport.com. Rubens Barrichello finally got the win he has been waiting for when he led Michael Schumacher across the line to take a Ferrari one-two at the Italian Grand Prix.,Sports
"Maoists rebels have lifted a blockade that cut Nepal #39;s capital Kathmandu off from the rest of the country for a week. In a statement released Tuesday, however, the rebels warned the ",World
"Oakland, CA (Sports Network) - The Oakland Athletics have acquired infielder Keith Ginter from the Milwaukee Brewers in exchange for pitcher Justin Lehr and outfielder Nelson Cruz.",Sports
"Solving the nation #39;s spam problem will require a balancing act, legal and privacy experts said today in Washington, DC, at a meeting sponsored by the Federal Trade Commission.",Sci/Tech
IBM Corp has announced that it will launch a new low-budget version of its BladeCenter chassis for blade servers in an effort to make the blade machines more appealing to budget conscious customers in the small- and mid-sized market.,Sci/Tech
"The study, which was conducted by Yahoo and media agency OMD, examined the way in which 13 US households reacted to being denied access to the internet for two weeks.",Sci/Tech
"The Internet Corporation for Assigned Names and Number, the organization named by the US government in 1998 to oversee policies over Internet addresses, gave a preliminary nod Monday to domain names targeting mobile services and the jobs ",Sci/Tech
"By MATTHEW FORDAHL    SAN JOSE, Calif. (AP) -- After years of battling Microsoft Corp...",Sci/Tech
"This holiday the hottest new products for kids have one thing in common: They all interact with the tube, whether by means of sensors, radio-wave technology or the regular old TV remote control.",Sci/Tech
Workers at Apple #39;s Irish operations in Cork remain gloomy this morning over one European country that remains outside the reach of iTunes Europe - Ireland.,Sci/Tech
&lt;strong&gt;Review&lt;/strong&gt; Quite a tempting package?,Sci/Tech
Order was restored to the Jets'' quarterbacking universe on Wednesday when Chad Pennington returned to practice with the first team.,Sports
"Wide receiver Terrell Owens said he had a few end-zone celebrations prepared for Sunday #39;s game against the team he shunned in the offseason, the Baltimore Ravens.",Sports
"LONDON, Aug 20 (Reuters) - Jamaica striker Ricardo Fuller has joined Portsmouth from Preston North End on a two-year contract, the Premier League club said on Friday. ",Sports
"CLEMSON, S.C. -- Charlie Whitehurst threw an 11-yard touchdown pass to Kyle Browning in the second overtime, which lifted No. 15 Clemson to a 37-30 victory over Wake Forest yesterday.",Sports
"54.5 million Europeans surfed the Web over a broadband connection, a 60 percent increase from 34.1 million 12 months earlier. AMSTERDAM: More than half of Europe #39;s Internet surfers now have a high-speed broadband ",Sci/Tech
"Reuters - European shares sagged on Tuesday as\broker downgrades hit mobile phone operator Vodafone  and two\of its peers, but UK clothing retailer Next shone on news of\strong summer sales.",Sci/Tech
San Francisco Mayor Gavin Newsom has set a goal of providing free wireless Internet activity in his city that sees itself as a vanguard of the Internet revolution.,Sci/Tech
"AP - Prosecutors in the Kobe Bryant case spent nearly  #36;400,000 trying to get the NBA star convicted of raping a woman at a Vail-area resort last summer, documents show.",Sports
AP - The NHL and the players'' association appeared headed toward a lockout when talks broke off Thursday after the union''s first new proposal in nearly a year.,Sports
"Aug. 18 (Bloomberg) -- The case against eight men charged with conspiracy to commit murder and carry out terrorist attacks was referred to the Old Bailey, London #39;s central criminal court. ",World
"To judge by the shift in the headlines, the processor war is nearly over. Who #39;s in? Advanced Micro Devices (NYSE: AMD). Out? Intel (Nasdaq: INTC).",Sci/Tech
The biggest-selling electronic product in the world is mobile phones. Analysts estimate that consumers from Canada to China will snap up more than 600 million handsets this year -- five times the number of TVs or personal computers expected to sell.,Sci/Tech
"Barnstable had the upperhand once again. The Red Raiders are one win away from defending their MIAA Division 1 state volleyball championship after blanking Chelmsford, 3-0, in the semifinals last night in Mansfield. It was the second time this fall Chelmsford had been frustrated by the powerful Barnstable lineup.",Sports
Rangers hopes of returning to the top of the Scottish Premier League were dashed on Sunday as they were held to a 1-1 draw at struggling Inverness Caledonian Thistle.,Sports
"While it seemed likely during the preseason that Gutierrez would win the job, coach Lloyd Carr insisted two other quarterbacks - Clayton Richard and Chad Henne - had a shot.",Sports
"Microsoft last week faced accusations of short-changing its Software Assurance customers following its decision to strip core features from the next major Windows client operating system, codenamed Longhorn.",Sci/Tech
"The free Firefox Web browser, which has chipped away at the market dominance of Microsoft #39;s Internet Explorer, has been readied for a full release including new features designed to make it more stable, backers of the program say.",Sci/Tech
"Barcelona held on from an early Deco goal to edge game local rivals Espanyol 1-0 and carve out a five point tabletop cushion. Earlier, Ronaldo rescued a point for Real Madrid, who continued their middling form with a 1-1 draw at Real Betis.",Sports
AP - Takeo Spikes made good on his vow the Buffalo Bills would finally provide some good news for their fans this weekend.,Sports
"LONDON, Sep 17 (IranMania) - Iran #39;s powerful former president Akbar Hashemi Rafsanjani warned Friday that the International Atomic Energy Agencymay have to  quot;beg quot; for Tehran #39;s cooperation if it bows to US pressure.",World
"FONTANA, CA.California native Casey Mears was glad to be home. So glad in fact, he put his No. 41 Dodge on the Busch Series pole position for Saturday #39;s Target House 300 run on the two-mile California Speedway.",Sports
"WASHINGTON - The Congressional Budget Office projected Tuesday that this election-year''s federal deficit will hit a record \$422 billion, a shortfall that would be smaller than analysts predicted earlier this year.    The figure immediately provided political fodder for both parties now in the final two-month stretch of the presidential and congressional campaigns...",World
"Slovenia pulled off a famous result yesterday, defeating Italy to go top of Group Five. A solitary goal by Bostjan Cesar after 82 minutes gave the hosts victory in Celje to inflict a first World Cup qualifying group defeat on Marcello Lippi #39;s side.",Sports
What: MIAA Division 3A Super Bowl. Where: Bentley College in Waltham. When: Saturday at 10 a.m. Last meeting: Schools have never met. .,Sports
AP - The game between the Minnesota Twins and the New York Yankees on Tuesday night was postponed by rain.,Sports
Intel Corp. is expected to release a faster version of its powerful but expensive Pentium 4 Extreme Edition processor on Monday alongside the introduction of a chipset that uses a faster front-side bus to connect the processor and the memory.,Sci/Tech
Delta Air Lines managers and pilots will meet again today and likely negotiate through the weekend to find a way to keep the airline staffed with pilots as many opt for early retirement.,Business
"Toshiba will market laptops with HD-DVD drives by the end of next year, becoming one of the first manufacturers to commit to a next-generation DVD format.",Sci/Tech
"Like it or not, Rupert Murdoch is a New York City staple. As chairman of News Corp. (nyse: NWS - news - people ), the billionaire is a part of Gothamites #39; lives.",Business
The Chicago Board of Trade took a leap forward on Monday on its goal to become a for-profit company when an Illinois judge approved a deal on how to carve up ownership of the oldest US futures exchange.,Business
SPACE.com - The tenth crew of the \International Space Station (ISS) made a short spaceflight early Monday to move a Russian lifeboat \to a new docking port and prepare the station for a pair of upcoming spacewalks.,Sci/Tech
"American International Group Inc. , the world''s largest insurer, said the Securities and Exchange Commission is considering accusing the company of helping PNC Financial Services Group Inc. improperly remove bad loans from its books.",Business
US Airways Group Inc. met with two unions to try and agree on concessions before an Oct. 7 hearing at which a bankruptcy judge might let the carrier temporarily reduce pay 23 percent to help avoid potential liquidation.,Business
AFP - Egypt said it has charged an Iranian diplomat and an Egyptian national over a plot to assassinate an unidentified public figure.,World
The Internet megasite eBay yelled  #39;hold the cheese #39; when they found a 10-year-old grilled cheese sandwich that its owner says bears the image of the Virgin Mary being auctioned off on its website.,Sci/Tech
"An Internet company has agreed to forgive \$17 million in customers'' bills as part of an agreement with the government, the Federal Trade Commission announced Monday.",Sci/Tech
"A Jordanian who disappeared in Iraq two weeks ago and was believed to have been kidnapped has been freed and is in the custody of Iraqi police, Foreign Ministry spokesman Ali al-Ayed told reporters yesterday. ",World
The portable stereos that ruled city streets in the 1980s aren''t shipping in high volumes anymore. But some sound artists are finding new ways to incorporate the devices into performances and ad-hoc radio networks. By Elizabeth Biddlecombe.,Sci/Tech
"We should be using probes to look for life in space instead of radio signals, say scientists.",Sci/Tech
"com November 4, 2004, 2:38 PM PT. This priority retains its ranking at number five as more and more companies deploy Web services to share business logic, data and processes with each other and with clients.",Sci/Tech
United States sprinter Jerome Young was banned for life by the US Anti-Doping Agency yesterday following his second positive test for an illegal steroid in a case that could affect a US relay team #39;s gold medal from Sydney.,Sports
Reuters - The Sudanese foreign minister rejected on\Friday a U.S. declaration of genocide in the Darfur region of\Sudan and said the United States was using a humanitarian\crisis for political purposes.,World
"Ending after midnight due to rain delays, Roger Federer finally put his second round robin match in the books early Thursday morning at the ATP Tennis Masters Cup in Houston, defeating Lleyton Hewitt for the fifth consecutive time 6-3, 6-4.",Sports
Jenson Button has admitted he was  quot;misguided quot; in his attempts to switch to Williams for next season. The 24-year-old declared his intention to leave BAR in August but team boss David Richards prevented the move on legal grounds.,Sports
"CARACAS, August 22 (Itar-Tass) -- President of Venezuela Hugo Chavez has called on the opposition to recognize the results of a referendum on confidence in the president held on August 15.",Business
"DONATING: Summer Ramson,3, gets a hand from her grandmother, Barbara Daliposon, left, and Salvation Army volunteer Donna Clark as she donates money Friday at an Albertsons store on Plumb Lane in Reno.",Business
AP - Apparently even a Hall of Fame coach doesn''t get a break from the officials. Washington Redskins coach Joe Gibbs on Tuesday reviewed the tape of the previous night''s loss to the Dallas Cowboys and determined he was on the wrong side of ''two awful calls.'',Sports
"Tony Purnell, the boss of Jaguar Racing says that there is  quot;masses of interest quot; in the team, which the Ford Motor Company has decided to discontinue.",Sports
Premiership adversaries Manchester United and Arsenal will have another chance to do battle at Old Trafford after last night #39;s League Cup quarter-final draw brought the teams together again.,Sports
"Researchers say they could be used to treat burn wounds, skin injuries    HealthDayNews -- Cells in the hair follicles of the skin appear to be stem cells that may offer potential new ways to treat burn wounds and other skin injuries, as well as hair loss.    That''s the promising conclusion of a study in the Sept...",Sci/Tech
"NASA postponed for at least two days the launch of its robotic satellite-chasing spacecraft because the target satellite temporarily lost reception of a key navigational signal, the agency said yesterday.",Sci/Tech
You #39;ve already seen our New Users #39; and Power Users #39; reviews of Apple #39;s fourth-generation iPod (iPodlounge rating: A-/B).,Sci/Tech
"HEMPSTEAD, NY - He was drafted in the first round in 2000 out of Marshall, at the head of the same quarterback class that yielded Tom Brady, but Chad Pennington #39;s road to success has been more deliberate.",Sports
"AP - As Philadelphia prepares to install monitoring cameras at some city intersections, officials say they''re not worried about studies that suggest the surveillance may lead to more accidents.",Sci/Tech
"Hurricane Ivan looks set to cost tour operators as they race to get customers out of harm''s way, though future bookings may not suffer too much.",Business
"Symantec has released firmware fixes for a string of critical security holes in its firewall/VPN and Gateway Security products which could be exploited to cause a denial of service, identify ",Sci/Tech
"Steve Coll, The Washington Post #39;s managing editor for six years, said today he is stepping down at the end of the year to pursue book projects.",Business
"By BETSY BLANEY    LUBBOCK, Texas (AP) -- Some farmers are placing their hope in a hybrid sunflower seed that could help keep arteries clear and hearts pumping in a nation smitten with snacks and processed food.    ''It''s a healthier oil,'' said Willie Wieck, 62, who started growing sunflowers on his 450 acres in the Texas Panhandle in the early 1970s...",Sci/Tech
"After nine days of being held by kidnappers in Iraq, New York-based freelance journalist Micah Garen will reunite with his family this week, his father said yesterday.",World
"AP - Peanuts, hot dogs and wireless instant replays. It''s the future of baseball.",Sci/Tech
"That #39;s according to research outfit Gartner, which on Thursday said that second quarter global mobile phone shipments hit 156.",Sci/Tech
palmOne introduced Monday the Tungsten T5 handheld with 256 megabytes of flash memory - the most built into a handheld to date. Expected to be widely available ,Sci/Tech
"They spent the summer marveling over their lineup changes and their improvement, the big-name veterans they signed and the strategic concepts they imported from the champion New England Patriots.",Sports
"JERUSALEM Israel #39;s security cabinet on Tuesday approved a compensation package that would pay roughly \$200,000 to \$300,000 to each Jewish family that agreed to leave the Gaza Strip under Prime Minister Ariel Sharon #39;s withdrawal plan.",World
"NEW YORK, August 30 (New Ratings) - Japan #39;s Supreme Court has reportedly approved the merger negotiations between UFJ Holdings Inc (ticker: UFJ) and Mitsubishi Tokyo Financial Group (MTFG).",Business
 RIO DE JANEIRO (Reuters) - Brazil coach Carlos Alberto  Parreira is more worried about playing rank outsiders Venezuela  than the likes of Germany or Argentina.,Sports
"Forbes.com - As the second employee of InfoSpace, Jean-Remy Facq saw the value of his stock inflate and then collapse. Now he''s suing in federal court in Seattle for a  #36;4.5 million refund of 1999 federal income tax. He''s just one of 200 tech workers who have hired Seattle tax lawyer/CPA Brian G. Isaacson in the hope his novel theories will help them slash old (and sometimes unpaid) tax bills from their exercise of stock options for shares that later tanked.",Business
"The chief financial officer of Oracle, Harry L. You, said that \$24 a share remained the company''s ''best and final'''' offer for PeopleSoft Inc. in what may be the last week of a 17-month hostile takeover fight.",Sci/Tech
Wayne Rooney looks set to become a Manchester United player this week after Everton confirmed they had received a second improved bid for the England striker from Old Trafford.,Sports
"SAP AG has agreed to acquire the Swiss and U.S. business units of SAP Systems Integration AG (SAP SI), bringing its absorption of the company nearer to completion.",Sci/Tech
"The Federal Communications Commission ruled 3-2 that states are now barred from imposing telecommunications regulations on Internet phone providers, which treat calls no differently than any other application on the Net.",Sci/Tech
WASHINGTON (AP) -- Oil prices fell for a fifth consecutive day Thursday despite a sharp drop in Iraqi exports after pipelines were sabotaged -- evidence that the bull market may have lost some steam.,Business
"Australia #39;s biggest retailer, Coles Myer, hopes it has silenced its detractors by posting a record annual profit, which was above its own guidance and market expectations.",Business
&lt;strong&gt;Letter&lt;/strong&gt; TDD mode is not just data delivery,Sci/Tech
" FRANKFURT (Reuters) - Market research firm IDC has raised  its 2004 forecast for global personal computer sales growth to  14.2 percent from 13.5 percent, driven by high commercial  demand, it said on Monday.",Sci/Tech
"It might have been the last Fenway Park game of the magical 2004 season. And if it was, there''ll be a parade in Boston sometime before Election Day . . . perhaps the grandest celebration in 374 years of Hub history.",Sports
"Mark Martin joined the growing list of longtime drivers easing their way out of NASCAR, announcing Thursday that the 2005 season will be his last as a full-time racer.",Sports
" ATHENS (Reuters) - Argentina beat Italy 84-69 to win the  men''s Olympic basketball gold Saturday, the country''s first  medal in the sport.",Sports
"The Ontario government has announced new measures today to tackle child pornography online and Internet luring. Research shows 40 percent of Canadian youth report that someone they met on the Internet, requested personal information.",Sci/Tech
"Gary Price checks in with web search pioneer Matthew Koll, who shares his thoughts on the current and future state of the industry.",Sci/Tech
"Bee Staff Writer. SAN DIEGO - The San Diego Padres returned the favor, and the playoff-chasing Giants gladly accepted it before a disappointed record crowd of 45,389 at Petco Park.",Sports
"The Mars Global Surveyor released the latest glyph image that appears to evoke the kinds of communication in rock formations that has become famous among Mars'' watchers on the internet. But there is a serious side to interpreting remote sensing data, and shadow is not always one''s ally...",Sci/Tech
"Talking in a teleconference this afternoon, David Richards insisted that the ending of the  quot;consultancy contract quot; between BAR and Prodive, and his subsequent departure from the team, was a mutual decision.",Sports
AP - Residents burned tires and trash in the streets Thursday trying to drive off swarms of locusts descending on the region in what a U.N. agency called the worst sub-Saharan invasion in more than a decade.,Sci/Tech
"Saturdays two games in Serie A saw Juventus survive a late scare to call a halt to newly-promoted Messina #39;s unbeaten run, winning 2-1, while Vincenzo Montella underlined his excellent current form with a superb goal for Roma in a storm-interrupted 2-0 ",Sports
"MILTON -- If you could build a prototype Mansfield Hornet, he just might look like Brett McDermott.",Sports
"Russia has postponed the test launch of a new booster rocket scheduled for Friday, the Defense Ministry said Thursday. The launch of the Soyuz-2 medium-size rocket from Russia #39;s ",Sci/Tech
"Reuters - Long a forum for protecting endangered\species like whales or tigers, a U.N. meeting in Bangkok next\month will seek a wider role in regulating the billion-dollar\trade in timber, fish and medicinal plants.",Sci/Tech
"AP - Gordon Cooper, who as one of the original Mercury astronauts was a pioneer in human space exploration, has died. He was 77.",Sci/Tech
"Raleigh, NC (Sports Network) - Andrew Brackman scored 16 of his 20 points in the second half to lead 12th-ranked North Carolina State to a hard-fought 78-72 win over Louisiana-Lafayette at the RBC Center.",Sports
 NEW YORK (Reuters) - U.S. Open organizers have apologized  to Serena Williams for a controversial line call in her  quarter-final loss to Jennifer Capriati on Tuesday.,Sports
 PITTSBURGH (Sports Network) - Kevin Bettencourt scored five  of his 13 points in the final two minutes to lead Bucknell to a  69-66 upset over 10th-ranked and previously unbeaten  Pittsburgh.,Sports
Description: News mogul Rupert Murdoch pays a record-setting \$44 million for a three-story Fifth Avenue penthouse in Manhattan formerly inhabited by the late Laurance Rockefeller.,Business
"The graphics library, an alternative to Microsoft''s DirectX, gets new features designed to add razzle-dazzle to PC games.",Sci/Tech
" CHICAGO (Reuters) - Smithfield Foods Inc. &lt;A HREF=''http://www.investor.reuters.com/FullQuote.aspx?ticker=SFD.N target=/stocks/quickinfo/fullquote''&gt;SFD.N&lt;/A&gt;, one of  the nation''s largest meat producers, on Thursday said quarterly  earnings more than doubled due to higher hog prices and its  acquisition of Farmland Foods last year.",Business
"The Cubs didn #39;t need to fly anywhere near Florida to be in the eye of the storm. For a team that is going on 100 years since last winning a championship, the only thing they never are at a loss for is controversy.",Sports
"FOXBORO, Mass.  Bill Belichick took a few minutes Monday to convey his congratulations to his offensive coordinator on becoming Notre Dame #39;s head coach.",Sports
"Mike McKenzie got his wish yesterday, seven months after asking out of Green Bay. The Packers sent the disgruntled cornerback and a future conditional sixth-round ",Sports
A British soldier killed after clashes with militia forces in the southern Iraqi city of Basra was today named as Lance Corporal Paul David Trevor Thomas. ,World
"AFP - Sudan condemned UN threats of sanctions against Khartoum, saying they would only undermine efforts to restore security in the devastated western region of Darfur.",World
NEW YORK (CNN/Money) - Some colleges are fretting the release of Microsoft #39;s upgrade to its XP operating system -- whose release coincides with the opening of campuses around the country -- saying that multiple downloads of the patch could significantly ,Sci/Tech
A SECOND-HALF Springbok blitz gave South Africa their first Tri-Nations rugby title in six years with a win over Australia at Kings Park.,Sports
PARIS -- Gael Monfils of France reached the quarterfinals in his first ATP tournament three weeks ago. Lleyton Hewitt made sure he did not duplicate the feat at the Paris Masters.,Sports
"Nortel Networks said on Thursday it will slash its work force by 3,500, or 10 percent, as it struggles to recover from an accounting scandal that toppled three top executives and led to a criminal investigation and lawsuits.",Sci/Tech
Tulane officials have postponed Saturday #39;s football game against Louisville because of the threat of Hurricane Ivan. Tulane officials said in a statement Tuesday that the game is tentatively rescheduled for the weekend of Dec. 4 at the Superdome.,Sports
"With less than a month remaining before the current collective bargaining agreement expires, representatives for the NHL and the Players #39; Association met for nearly 4 1/2 hours yesterday without making any progress on a new CBA. ",Sports
"UNITED NATIONS Sept. 14, 2004 - Iraq appealed to other nations Tuesday to send troops to protect an expanded UN staff that is essential for holding the country #39;s first free elections by Jan. 31, saying terrorists must not be allowed to disrupt the vote.",World
The company is reasonably certain that it can maintain previously issued earnings guidance.,Business
Heart of Midlothian Plc said head coach Craig Levein is holding talks to take over as manager at Leicester City in England after steering the Scottish soccer club to the group stage of Europe #39;s UEFA Cup this season.,Sports
"Electronic Data Systems Corp., which lost business when customer US Airways Group Inc. filed for bankruptcy protection the first time, says the carrier #39;s latest filing also will hurt.",Business
"Mozilla Firefox Internet Browser Market Share Gains to 7.4\\The latest survey from OneStat.com shows what was expected. Firefox is gaining on Internet Explorer and pretty rapidly. As per the reports, Mozilla Foundation has taken a 7.4 market share gaining more than 5 since May. Microsoft rsquo;s Internet Explorer has dropped down ...",Sci/Tech
Online-payment service PayPal on Tuesday sought to reassure customers that outages that had plagued the service since Friday finally had been resolved.,Sci/Tech
"SEOUL, South Korea - A huge mushroom cloud that reportedly billowed up from North Korea was not caused by a nuclear explosion, South Korean and U.S. officials said Sunday, but they said the cause was a mystery...",World
SOUTHHAMPTON - West Indies want to redeem a disappointing summer with a place in the Champions Trophy final while Pakistan are equally as eager to continue its resurgence under new coach Bob Woolmer.,Sports
" NEW YORK (Reuters) - Stocks rose on Tuesday as a oil prices  slid below \$48 a barrel, offsetting caution as investors waited  for an expected quarter-point hike in U.S. interest rates and  results from technology bellwether Cisco Systems Inc. &lt;A HREF=''http://www.investor.reuters.com/FullQuote.aspx?ticker=CSCO.O target=/stocks/quickinfo/fullquote''&gt;CSCO.O&lt;/A&gt;.",Business
"Auto racing: NASCAR Nextel Cup Sylvania 300 practice at N.H. International Speedway, Loudon, 9:30 and 11:10 a.m.; NASCAR Craftsman Truck Sylvania 200 at N.H. International Speedway, Loudon, 1 p.m.; NASCAR Busch North Sylvania 125 at N.H. International Speedway, Loudon, 3 p.m.",Sports
"The Walt Disney Co. has postponed an expansion of its video-on-demand service while it explores partnerships that could result in a deal to include the service in set-top boxes, computers or other devices.",Sci/Tech
"Guatemala''s government agrees to pay millions of dollars to former paramilitaries, who some accuse of war crimes.",World
UConn senior quarterback Dan Orlovsky has admitted that he probably would have gone to Boston College if offered a scholarship. But ,Sports
Verizon SuperPages.com said Friday it has teamed up with eBay and Shopping.com for the rollout of new shopping tools on its online Yellow Pages site.,Business
AP - Former All-Star forward Jamal Mashburn will miss the entire 2004-05 NBA season because of a knee injury that could end his career.,Sports
"The coach of disgraced Greek sprinters Kostas Kenteris and Katerina Thanou says IAAF charges against the athletes are groundless and will not result in a suspension, according to reports Friday.",Sports
"Nintendo and iQue to release Game Boy Advance SP later this month in 21 different cities in China. TOKYO--Nintendo has announced that it will launch the Game Boy Advance SP in China on October 27, Bloomberg Japan reports today.",Sci/Tech
Reuters - The Atlanta Falcons\Monday signed Pro Bowl tight end Alge Crumpler to a six-year\contract extension.,Sports
"JERUSALEM : Beleaguered Israeli Prime Minister Ariel Sharon persisted with plans to form a new government including the main opposition Labour party, bolstered by Washington #39;s backing for the expansion of West Bank settlements.",World
"SPACE.com - Researchers can now say definitively that Mars once \supported a watery environment, but whether the red planet could have ever \supported life is still far from certain.",Sci/Tech
"Chip giant Intel announced that it has joined forces with the world #39;s largest handset maker, Nokia, to develop the next generation mobile phone.",Sci/Tech
"Fresh off the Pedro Martinez signing, the Mets didn #39;t waste much time before moving on to their next order of business. A baseball official with knowledge of the team #39;s plans ",Sports
"WASHINGTON -- The US Chamber of Commerce filed an emergency motion yesterday seeking a court order to block the Securities and Exchange Commission from requiring that 75 percent of mutual fund directors, including the chairman, be independent of the fund company.",Business
"BAGRAM, Afghanistan - Three years after the Sept. 11 attacks, Osama bin Laden and his deputy are still issuing orders for attacks by al-Qaida, a top American commander told The Associated Press Saturday...",World
TOKYO - Sony Corp is attempting to claw back market share of the domestic flat-panel TV market with the launch of eight new televisions.,Sci/Tech
"ALICANTE, Spain : Spaniard Juan Carlos Ferrero wasted no time getting down to business, brushing aside Fabrice Santoro to put the hosts level with France 1-1 in their World Group Davis Cup semi-final tie.",Sports
"AP - For the first time, scientists have created a genetic map of a cow, providing researchers a new tool to reduce animal disease and improve the nutrition of beef and dairy products, the Agriculture Department announced Wednesday.",Sci/Tech
"Former Fresno State standout Nick Watney recovered from a double-bogey on the seventh hole to shoot 1 under and tie for the third-round lead Saturday in the Nationwide Tour Championship at the Robert Trent Jones Golf Trail in Prattville, Ala.",Sports
 #39;Ol #39; Blue Eyes #39; provided an emotional musical tribute to  #39;Old Big  #39;Ead #39; as Nottingham Forest celebrated the remarkable life of Brian Clough ahead of today #39;s game with West Ham.,Sports
"When was the last time you heard about a company more than doubling its profit from the previous year, but an error in judgment restrained that profit?",Business
"European supermarket chain Tesco is planning to extend its RFID rollout in time for the Christmas rush. The company, which began using the tracking technology in October last year, will be introducing the ",Sci/Tech
Tom Lehma''s 5-under 67 on Saturday leaves him tied for the Funai Classic lead as he gets a third chance in as many weeks to end a five-year winning drought.,Sports
"A Republican on how to survive in a Democratic town: This really is the greatest city in the world, but you are now behind enemy lines.",World
"Although AIDS is thought of as a disease of the young, in the United States it is rapidly becoming one of the middle-aged and even the old.",Sci/Tech
"Toronto-Dominion Bank, Canada #39;s second-largest bank by assets, said it #39;s in talks for a possible transaction #39; #39; with Banknorth Group Inc.",Business
An obscure amendment attached to an appropriations bill could throw a wrench into presidential candidate John Kerry''s plans to fund embryonic stem cell research. By Kristen Philipkoski.,Sci/Tech
"Taiwan rescue workers dug out seven bodies from mud and rock in a mountain village that was hit by a devastating landslide triggered by Typhoon Aere, but eight still remained buried, officials said on Friday.",World
"It took a while for everything to fall into place, but it now seems clear: Chad Pennington is the real deal. Listen LIVE to NFL games, plus watch video news and features of your favorite team.",Sports
"There are so many new faces, it #39;s hard to keep them all straight. But despite all the upheaval, all the contracts and controversy that so dominated the summer, Jerry Sloan believes the sheer ",Sports
ATHENS (Reuters) - Greece #39;s top two sprinters should finally get to put their case on Wednesday in a drugs investigation that has shamed and angered the Olympic host nation. ,Sports
"Designed to further enhance the value of our Special Report, these Powerpoint slides offer key data and statistics about the choices facing today''s IT decision makers regarding CRM.",Sci/Tech
"In the most highly anticipated Wall Street debut since the heady days of the dot-com boom, shares of Google surged nearly 20 percent on their first day of public trading Thursday as the quirky Internet company completed its much-hyped initial stock ...",Business
"AP - One day after the most lopsided loss in the 115 years of Nebraska football, the coaching staff told the Cornhuskers to forget about it.",Sports
"PalmSource today announced entry into an agreement for the acquisition of China MobileSoft Limited (CMS), a leading Chinese mobile phone software company with business operations headquartered with its wholly-owned subsidiary, MobileSoft Technology ",Sci/Tech
"NEW YORKIBM said yesterday it is in talks to settle a mammoth lawsuit alleging a pension plan adopted by the firm in the 1990s discriminated against 140,000 older workers.",Business
"Fulfilling a long-time goal, Intel Corp. is set to introduce on Thursday its first chip set that supports all three current forms of Wi-Fi, according to sources familiar with the announcement.",Sci/Tech
"An Australian man found himself in hot water, when he was arrested for taking pictures of topless sunbathers with his camera phone.",Sci/Tech
"NEW YORK - Cisco Systems Inc. said Monday it has agreed to acquire Sunnyvale, California, software developer P-Cube Inc. in a cash-and-options deal Cisco valued at \$200 million.",Sci/Tech
"Spa is among the most demanding circuits for the engine, and Rob White explains the challenge of this unusual circuit.",Sports
"The Recording Industry Association of America (RIAA) has filed 754 new lawsuits against alleged file-traders using peer-to-peer services, the trade group announced Thursday.",Sci/Tech
The retailer trots out a bargain portable PC that packs Wi-Fi. Is it getting ready for a laptop push for the holidays?,Sci/Tech
"AP - Hungry, thirsty and increasingly desperate residents burned tires in protest and attacked each other in a panic to get scarce food and water Thursday as workers struggled to bury hundreds of victims of Tropical Storm Jeanne.",World
"HP (Quote, Chart) is doing a lot of explaining after it revealed this weekend that it will no longer put Itanium processors in its high-performance workstations.",Sci/Tech
"AUBURN HILLS, Mich. -- The potential loss of Gary Payton with a strained left hamstring was briefly a laughing matter last night after the Celtics dropped a 100-88 decision to the Pistons. When asked how he would get through one and possibly many more games without the veteran point guard, coach Doc Rivers decided he would call up executive director ...",Sports
"SiliconValley.com - In August, Joshua Rosen, a San Francisco entrepreneur and art director, went live with a Web site that makes it very simple for people to register to vote.",Sci/Tech
"update In order to get the next update of its Windows operating system out the door, Microsoft will delay some of the key improvements that had been planned.",Sci/Tech
"As part of its ongoing efforts to woo public sector customers, Microsoft Corp. has begun giving governments tools for collaborating and sharing technology information with other organizations so that they can learn from each other''s experiences and cut development costs.",Sci/Tech
"A new pan-European supercomputing network has opened to help scientists in the EU with their research.  quot;We have just completed testing, quot; said David Henty of the Edinburgh Parallel Computing Centre, a member ",Sci/Tech
"The Mac maker says it will replace about 28,000 batteries in one model of PowerBook G4 and tells people to stop using the notebook.",Sci/Tech
"Do-it-yourself phishing kits are being made available for download free of charge from the Internet, according to anti-virus firm Sophos.\",Sci/Tech
"AP - Reliever Arthur Rhodes was traded for the second time in two weeks Saturday, sent from the Pittsburgh Pirates to the Cleveland Indians for outfielder Matt Lawton in the first trade of the winter meetings, a baseball official told The Associated Press.",Sports
"CBC SPORTS ONLINE - The Buffalo Sabres agreed to terms with former first-round draft choice Thomas Vanek on Friday. The Sabres signed the left-winger, the fifth overall selection in the 2003 NHL Entry Draft, to a three-year entry-level contract.",Sports
"Venus Williams of the United States returns the ball to Croatia #39;s Karolina Sprem, during their first round match, at the Swisscom Challenge Tennis Tournament in Kloten, Switzerland, Tuesday, Oct.19, 2004.",Sports
"Open source can immediately prompt the words  #39;law suit #39; in some peoples #39; minds, but Black Duck have introduced a software platform that helps developers catch and resolve potential intellectual property disputes.",Sci/Tech
"Warren Sapp #39;s presence and legacy linger around the Tampa Bay Buccaneers like something tangible, something that can be felt, heard and feared, say an open-handed slap to the face mask.",Sports
SAN FRANCISCO -- A judge is ordering Microsoft Corp. to pay \$112.5 million to attorneys who successfully sued the software maker for monopolizing a segment of California #39;s market.,Sci/Tech
"Al Leiter provided a settling influence and Kerry Wood struggled with his control, yielding three first-inning runs.",Sports
Top-seeded David Nalbandian of Argentina and Olympic champion Nicolas Massu of Chile advanced to the quarterfinals of the CA Trophy Thursday with straight-set victories while American Robby Ginepri upset No.,Sports
AP - Evander Holyfield was suspended indefinitely by New York boxing officials in the wake of his loss Saturday night to journeyman Larry Donald.,Sports
South Sound fans reacted with everything from relief to regret over Wednesday #39;s NCAA rulings on the University of Washington athletics program.,Sports
"SAN FRANCISCO - Intel Corporation recently disclosed key technical details of its upcoming wireless broadband chip for WiMAX products, which will enable long-distance, high-speed wireless Internet access for homes and businesses.",Sci/Tech
"Los Angeles Dodgers #39; Shawn Green watches his home run in the sixth inning against the St. Louis Cardinals Saturday, Oct. 9, 2004, in Los Angeles.",Sports
HP plans to add virus-throttling technology to ProLiant servers and ProCurve switches starting in early 2005. Virus Throttler technology slows the spread of a virus or worm within an infected server to give  administrators time to act.,Sci/Tech
"com. Thome has known Charlie Manuel for his entire professional baseball life, which started shortly after he became a 13th-round draft pick by the Cleveland Indians in 1989.",Sports
Mobile phone operator MMO2 raises its UK revenue growth target for this year as it gets more customers and existing users spend more.,Sci/Tech
"Layoffs at Cingular Wireless were inevitable after it acquired AT amp;T Wireless, but what #39;s with the timing? A Cingular spokesman yesterday confirmed an Associated Press report that Cingular ",Business
"AP - SpaceShipOne is one flight away from clinching the Ansari X Prize, a  #36;10 million award for the first privately developed manned rocket to reach space twice within 14 days.",Sci/Tech
"AP - Latrell Sprewell was suspended for one game by the NBA on Tuesday for yelling a sexual vulgarity at a female fan during a game, the latest episode of a player clashing with spectators.",Sports
"After you''ve joined the music revolution and plunked down \$250 for an Apple iPod mini, it''s easy to become quite protective of the little gizmo.",Sci/Tech
"Berkeley, U. of Minn. students get download discounts; aim is to provide legal music alternatives. NEW YORK (CNN/Money) - As an added bonus to returning to campus this fall, more than 80,000 college students ",Business
"Reciprocal Links Are Not Evil\\I will repeat, reciprocal links are not evil. All this discussion in the forums about how people only want one-way links because they heard reciprocal links are bad and can get you kicked out of the search engines is taken way out of proportion. One example ...",Sci/Tech
" AMSTERDAM (Reuters) - Nokia, the world''s biggest handset  maker, unveiled on Wednesday a miniature version of its  equivalent of the Swiss Army knife it hopes will lure women and  less-techie business people.",Sci/Tech
"A dominant defensive performance and a 21-point lead left the Indianapolis Colts with precious little to fret about at halftime Sunday at the RCA Dome, save the inconsequential.",Sports
" ATLANTA (Reuters) - Quiznos Sub, the third-largest U.S.  sandwich chain, said on Wednesday it signed a deal to serve  PepsiCo Inc. &lt;A HREF=''http://www.investor.reuters.com/FullQuote.aspx?ticker=PEP.N target=/stocks/quickinfo/fullquote''&gt;PEP.N&lt;/A&gt; drinks in its U.S. outlets, ending a  23-year relationship with Coca-Cola Co. &lt;A HREF=''http://www.investor.reuters.com/FullQuote.aspx?ticker=KO.N target=/stocks/quickinfo/fullquote''&gt;KO.N&lt;/A&gt;",Business
"Microsoft announced on Monday that it will not release a fifth service pack for Windows 2000, a popular version of the company #39;s operating system.",Sci/Tech
"For those who need to make telephone calls in flight and don''t want to sell the second car to finance them, help is on the way.",Sci/Tech
NEW YORK - Investors will be looking ahead to the Federal Reserve #39;s meeting and third-quarter earnings forecasts in Wall Street #39;s short trading week after the Labor Day holiday.,Business
"BEIJING (AP)  China appealed to North Korea on Tuesday to join working meetings before a new round of six-party talks on dismantling its nuclear program, despite the North #39;s declaration that it saw no point in attending. ",World
"BAGHDAD, Iraq - A US military official in Iraq says seven American marines have been killed today in a car-bomb explosion. Several other Marines have been wounded in the attack.",World
"The daily volume of Internet attacks dropped off in the first half of this year, and the rate at which new vulnerabilities are being reported appears to have hit a plateau, according to Symantec Corp.",Sci/Tech
"Dell gets set to roll out its PowerEdge 1855 blade server line a home-grown design, this month.",Sci/Tech
"AP - Minnesota Timberwolves center Michael Olowokandi was suspended by the team for a second game Friday night, one day after police used a stun gun to subdue him when he refused to leave a club.",Sports
"The James Webb Space Telescope (JWST) is a groundbreaking space telescope designed to observe the universe in the infrared range, offering unparalleled detail in the visible and near-infrared wavelengths. Launched in 2010, the telescope has been operational for over a year, making it the most active and long-duration space telescope in the world. Recent missions have focused on identifying dark matter, studying black holes, and mapping the universe's expansion. Notably, the JWST completed its first full orbit around the Sun on April 25, 2023, marking a significant milestone in its history. This mission has not only enhanced our understanding of the universe but also paved the way for future space exploration. The JWST's advanced technology and long-term operations have made it a vital tool for astronomy, helping scientists explore the universe beyond the reach of ground-based telescopes.",World
"The New York Yankees, a dominant force in American sports, had a thrilling 2023 season marked by a historic 108-84 record, a perfect 105-75 in the AL, and a thrilling 108-81 sweep of the World Series finale. The team's ability to dominate games, showcase their elite talent, and maintain a high winning streak earned them the title of World Series Champion. The season highlighted the power of teamwork, the dedication of their players, and the enduring legacy of the New York Yankees as one of the greatest teams in sports history.",Sports
"The COVID-19 pandemic has had a profound and lasting impact on the global health and social services landscape. Originating in early 2020 and ending in late 2021, the virus has caused millions of deaths worldwide, reshaping how people cope with uncertainty. With thousands of hospitals and thousands of medical workers operating under unprecedented pressures, the pandemic has also influenced global technology and innovation, as governments and organizations have sought to respond to the crisis efficiently. The number of cases has surged, highlighting the need for robust global collaboration and resource allocation. This incident serves as a stark reminder of the challenges posed by global health crises and the importance of preparedness and preparedness in the face of uncertainty.",World
"A groundbreaking discovery in the field of geology has been announced, potentially revolutionizing the way we understand the Earth's interior and energy production.",Business
"Guillermo Canas, the top tennis player of the world, has won his third consecutive title at the ATP Shanghai Open. He defeated unseeded German Lars Burgsmuller 6-1, 6-0 in a thrilling match. This win solidifies his dominance in the women's tennis男子团体赛 category and marks a significant milestone for his career.",Sports
"In a thrilling match, English team Manchester United secured a 2-1 victory over Germany in the Olympic women's soccer final. The game was a tense affair, with both teams performing at their best, showcasing their resilience and talent. Manchester United's goalkeeper, Paul Pogba, made a significant impact with his decisive save, while Germany's young stars, including German forward Ankele Onuoha, scored a stunning goal. The match was a close affair, with both teams showing a near equality in their performance. The victory for Manchester United marked a significant step forward in the competition, showcasing their potential for further growth.",Sports
"In a thrilling World Cup match, France secured their second consecutive win with a 3-2 victory over Italy in Group C, while Italy emerged victorious in Group A with a 3-0 triumph. The game, held in the final quarter-finals of the 2023 World Cup, showcased intense football action and highlighted the dynamic nature of the tournament. The match highlighted the excitement and significance of the event, with fans and analysts eagerly anticipating the next round.",Sports
"The 2023 NBA Finals between the Los Angeles Lakers and the Golden State Warriors were a thrilling showdown of talent and strategy. The Lakers, led by LeBron James and Anthony Davis, dominated the first half and secured a series win for themselves. Meanwhile, the Warriors, led by Kyptogorov and Darnell Green, showcased their resilience and determination. The game was a testament to the power of teamwork and hard work.",Sports
"The 2022 World Cup Final was a thrilling event where the US team secured a historic win, securing their fourth consecutive World Cup title. With 21.3 million viewers worldwide, the US team's performance was a testament to their determination and skill. Experts like David Coyle highlighted the US team's resilience and creativity in the final moments. The victory highlighted the power of teamwork and the passion of the fans, making it one of the most memorable moments in sports history.",Sports
"In the wake of a major tech company's earnings report, the financials have been a hot topic of discussion. The company, which has been a key player in the industry for over two decades, has released its latest earnings, signaling significant growth in its fourth quarter. The report, which was expected to be a major hit, was met with both excitement and skepticism. The company's leadership team has expressed confidence in its continued success, but some analysts have called it a bit overreaching. Regardless of the outcome, the report has set the stage for a year of strong performance in the industry.",Business
"The US government has announced a new trade deal with China, which could have a significant impact on global trade dynamics. This move is expected to shift trade policies and create opportunities for businesses globally. Stay tuned for updates on how this deal will influence the market and supply chains.",Business
"In a thrilling event, legendary sprinter Usain Bolt will compete at the 2024 World Athletics Championships in Gaborone, South Africa, marking his third consecutive victory in the 100m sprint event.",Sports
"A leading tech company has developed a groundbreaking AI-driven software designed to combat viruses. The company, known for its cutting-edge solutions, has unveiled a novel approach that leverages artificial intelligence to enhance cybersecurity. The announcement comes as the global cybersecurity community is increasingly adopting advanced technologies to protect against evolving threats. This innovative solution aims to significantly reduce the risk of data breaches and cyberattacks by integrating advanced AI algorithms with traditional cybersecurity measures.",Sci/Tech
"The Los Angeles Lakers have secured their first championship in 2024 with a thrilling 95-82 victory over the San Francisco 76ers in the NBA Finals. This historic season marked the first time a team from Los Angeles has reached the Finals, showcasing their dominance in the league.",Sports
"City High School football team won the annual City Football Festival, defeating their rivals 3-2. The players made history by joining the national team, and the team's success earned pride and recognition for the city. A memorable game that highlighted the city's football prowess and community spirit.",Sports
"XYZ Technology Solutions has announced the launch of a cutting-edge project management software that will be available in the next quarter. The tool, designed to enhance productivity and reduce operational costs, aims to revolutionize how businesses manage their projects.",Business
"A major breakthrough in artificial intelligence has been announced: Google's AI system, AlphaGo, has surpassed the world's top chess players in a series of head-to-head matches. This development underscores the rapid advancements in AI technology and its potential to revolutionize the gaming and entertainment industries.",Sci/Tech
"The FIFA World Cup 2022 final match between Spain and Germany was a historic event in the world of soccer. Spain and Germany proved their dominance with a thrilling 4-3 victory for Germany, showcasing the power of teamwork and determination. The game was a testament to the hard work and talent of both teams, and it left fans and analysts alike in awe.",Sports
"The upcoming World Cup between India and Bangladesh in Dhaka is set to kick off on Friday, marking the first test match between the two nations. This event is a major milestone for both teams and highlights the ongoing rivalry between India and Bangladesh in the Asia Cup.",World
"Coach Steve Berard's team, the GREY Lawrence, has recently shown flashes of potential. In their last season, they finished 2-8, missing two wins and losing four games in league play. Their performance was marked by a strong defense but struggled to convert plays. Despite the dip, the team's recent success, including a 12-30 record, has been a significant milestone. Coach Berard's comments about their ability to recover from tough times underscore the team's resilience. The GREY Lawrence's ability to adapt and maintain quality play is crucial for their future success.",Sports
"The 2023 World Series will once again be a defining event, with the winner set to challenge the champion of the 2024 World Series. The series promises thrilling action and strategic rivalries, with the outcome shaping the next season's championship.",World
"The Los Angeles Rams' thrilling victory over the New York Giants in the 2024 NFL Super Bowl was a historic moment for the team, showcasing their offensive prowess and teamwork. The game was a perfect blend of strategy and determination, with both teams proving their strengths. It's a testament to the hard work and dedication of all the players on the field. The win also highlighted the unity within the team, as they showcased their ability to overcome challenges together.",Sports
World's Top Athletes Join Global Team for World Cup,Sports
"Qantas Australia, a major passenger airline, reported a profit surge to a record 648.8 million Australian dollars in the past fiscal year. Despite concerns over terrorism and the aftermath of the Iraq War, the company's strong performance has been attributed to rising passenger numbers, highlighting the importance of global demand for air travel.",Business
"Global tech sector is expected to grow as a major tech company expands into new markets, boosting revenue and creating roles. This expansion highlights the importance of global collaboration in the digital economy.",Business
"The World Cup 2022 match between France and Italy was a historic event that highlighted the growing role of artificial intelligence (AI) in sports analytics. AI systems were deployed to analyze player movements and performance data, providing insights that could optimize training and strategy. Experts have noted advancements in facial recognition systems and personalized training plans, which are transforming how players are evaluated and developed. This shift underscores the potential of AI to revolutionize the way sports are played and managed.",Sports
"Microsoft has announced the release of Windows 11, the next generation of Microsoft operating systems, as part of its long-term vision to continue leading the industry and deliver a better user experience. The announcement will take place on December 14, 2023, and will mark the end of Microsoft's five-year leadership role in the Windows family.",Sci/Tech
"The U.S. Department of Energy has announced plans to install a new, energy-efficient power plant in the states of California and Texas. The plant, located in Chaffey, California, will have a capacity of 500 megawatts and is expected to reduce energy costs by 20% over the next five years.",Sci/Tech
"A leading global renewable energy company has announced a $500 million investment in a new wind farm in the northern hemisphere, aimed at diversifying its energy portfolio and reducing reliance on fossil fuels.",Business
"The United Nations recently held a significant meeting to discuss global efforts to combat climate change and address climate-related challenges. The meeting, held in New York, focused on addressing the urgent need for sustainable development and cooperation among member states to work towards a more sustainable future.",World
"The rise of artificial intelligence (AI) in healthcare has brought significant advancements, with over 500 hospitals now integrating AI systems to improve patient outcomes. AI-powered diagnostic tools have reduced errors by 30% and personalized treatment plans, enhancing the efficiency of healthcare delivery. However, challenges remain, including data privacy concerns and the need for skilled personnel to interpret AI outputs. Experts predict that the impact of AI in healthcare will grow exponentially, reshaping the future of the field.",Sci/Tech
"In a thrilling World Cup final match, the host nation's soccer team secured its place in the World Cup 2022, showcasing the power of teamwork and determination. The event, held in Qatar, brought together teams from around the globe, with the World Cup set to begin on October 21, 2022.",Sports
"In the wake of a significant earnings report from its largest cruise operator, Carnival Corp., the global industry is expecting a notable surge in revenue. The company announced that its quarterly earnings for the quarter ended December 31, 2023, saw a 15% increase compared to the previous quarter, driven by a successful merger with P&O Princess Cruises last year.",Business
"In recent months, artificial intelligence has emerged as a game-changer in the medical field, particularly in enhancing the accuracy and speed of medical imaging. A breakthrough in AI-powered medical imaging systems has led to significant advancements in diagnostics, potentially revolutionizing healthcare delivery.",Sci/Tech
"Brazil and Russia have once again reached the World Cup final match, with Brazil emerging victorious in their clash against Russia. Highlighting the significance of the match, the Brazilian player Luiz Inui da Silva demonstrated his dominance with a stunning 91st-minute goal, while Russia's Ivanov also made a significant impact with a 29th-minute late winner. The match was a thrilling encounter, showcasing the talent of both teams and their ability to adapt under pressure.",Sports
"The local sports team has won the championship again, securing a thrilling victory that has left fans eager for the next round. The team's star player, Alex Thompson, had a standout performance, scoring 30 points in the final quarter. With the season winding down, the team's hard work and resilience have brought them back to the top. This win is a testament to their dedication and hard work.",Sports
"In a significant development for the scientific community, researchers have identified new connections between the Earth's climate system and the behavior of quantum particles, offering fresh insights into the potential for life on other planets.",Sci/Tech
"Google introduced DeepMind, a leading AI research and innovation company, as a significant milestone in the tech industry. The company's focus on cutting-edge AI solutions and its commitment to fostering innovation are key strengths.",Sci/Tech
"In recent weeks, a leading tech company reported a 15% increase in revenue, signaling strong performance and potential for future growth. The company, known for its innovative products, has continued to lead the market, thanks to its commitment to customer satisfaction and technological advancements. This success could set the stage for continued success in the coming quarters, with the company expanding its product line and enhancing its global presence.",Sci/Tech
"Casey Mears, a California native, has qualified for the Target House 300 race on Saturday. He's been building his No. 41 Dodge on the Busch Series pole position.",Sports
"The FIFA World Cup 2026, marking the 2023-2024 season's historic conclusion, is set to host one of the most exciting tournaments in history. With 24 teams from 14 countries vying for glory, the event promises to be a testament to human spirit and teamwork. The tournament will be a highlight of the football world, showcasing the best of nations and the passion of fans around the globe. Fans from around the world are eagerly anticipating the final moments, as the tournament approaches its conclusion.",Sports
"The Los Angeles Lakers, the #1 team in the NBA, recently faced a thrilling matchup against the Golden State Warriors in their 2023-2024 season opener. The game took place on December 18, 2023, at the Staples Center in Los Angeles. Notable players included Stephen Curry, who scored 34 points, and Anthony Davis, who contributed 28 points and 10 rebounds. The Lakers went on to win 94-82, a margin of 12 points. This game marked the beginning of a season where the Lakers are building a roster and the Warriors are preparing for the championship game. The win highlighted the Lakers' rising stars and the Warriors' depth.",Sports
"As the world continues to embrace artificial intelligence, companies are making strides in innovation. A leading tech company is releasing a groundbreaking AI system that promises to revolutionize how we work and live. With a quote from an expert in AI, we can look forward to seeing the impact of this innovation.",Sci/Tech
"The COVID-19 pandemic has had a profound impact on the global economy, with many businesses facing significant challenges. Companies like Apple, Microsoft, and Amazon have reported drops in revenue, with Apple seeing a 15% decrease in their global revenue, while Microsoft faced a 12% decline in the U.S. market alone. These challenges highlight the importance of staying adaptable and innovative in the face of uncertainty.",Business
"The Texas Rangers and the San Diego Padres have become the annual highlight of the San Diego Padres' season, with the Texas Rangers making headlines as they claim a World Series championship, ending a 14-year losing streak. This historic matchup between the two teams, known for their strong defensive and offensive records, promises to be a thrilling showdown that fans and analysts alike are eagerly anticipating.",Sports
"The World Economic Forum will take place on August 22nd, 2023, as a major event in global business and finance. The event will feature discussions on sustainable development, climate change, and international trade policies.",Sports
"In a landmark decision, the UK government has expressed its willingness to leave the European Union, sparking intense debate among voters and political parties.",World
"In an era where artificial intelligence is at the forefront of technological innovation, the rise of AI in sports has revolutionized the game. The Los Angeles Lakers, a team that has been at the forefront of the professional basketball world, has recently proven its adaptability by defeating the New York Yankees in the 2024 NBA finals. The Lakers, known for their relentless drive and high performance, utilized AI-driven analytics to optimize training routines, refine strategies, and predict opponents' moves with unparalleled accuracy. This shift has not only elevated the Lakers' success rate but also set a new standard for how teams approach their games. With AI as a tool, the Lakers have now become a symbol of how technology is reshaping the very fabric of sports. This move has not only captured the attention of fans but also raised questions about the future of professional basketball as we continue to grapple with the challenges posed by the pandemic.",Sports
"Microsoft has announced a major step toward advancing Teams integration with the cloud, allowing developers to seamlessly integrate Teams with cloud services like AWS, Azure, and Google Cloud.",Sci/Tech
"A new smart home system launched by a leading home decor company is set to revolutionize the way homeowners incorporate technology into their living spaces. The company, known for its premium products, has released a groundbreaking device that combines advanced sensors with user-friendly controls, offering a comprehensive solution for modern home automation. The launch is expected to generate significant market potential, with potential sales of over $5 million in the first year of production. This development not only enhances the quality of life for homeowners but also aligns with broader trends towards integrating technology into consumer products.",Business
"Amazon announced a significant investment of $200 million into an AI startup, underscoring the company's commitment to innovation and technology advancement. This investment is expected to drive innovation in the AI-driven future and enhance the company's competitive edge in the tech and business sectors.",Business
Gaza City Exploits Relocation Of Palestinian ISIS Leader Mohammed Khalil,Sports
"In the rapidly evolving landscape of artificial intelligence, natural language processing (NLP) plays a pivotal role in enabling machines to understand and respond to complex human languages. With advancements in NLP, artificial intelligence systems are increasingly capable of analyzing vast amounts of medical texts to detect patterns and make informed decisions. This breakthrough in NLP is not just a technological leap but a game-changer for the healthcare industry, enabling better diagnosis, personalized treatment plans, and improved patient outcomes.",Sci/Tech
"The New England Patriots, a team known for its resilience and excellence, recently defeated the New York Giants in a thrilling football game that showcased the team's unwavering determination and unity.",Sports
"In a thrilling match, the New York Yankees defeated the Los Angeles Dodgers 4-2 in a game that saw both teams make their best moments.",Sports
"New World Record in Football: The Longest Pass in a Single Game. The New York Times recently reported on a thrilling development in American football history. On March 15, the New York Giants achieved a record-breaking play with a 38-yard pass to receiver D.J. Lewis during their final game of the season. The team's kicker, Matt Forte, successfully kicked the kick, marking a significant milestone for the league. This moment highlights the enduring importance of every play in shaping sports history and the spirit of teamwork.",Sports
"In the thrilling World Cup 2022 Quarterfinals, Germany faced off against Italy, showcasing their explosive attack and relentless drive. Germany's powerful attacking play and Italy's efficient defense were key to the game's outcome. The final whistle blew in 88 minutes, with Germany winning 3-2. This match highlighted the importance of teamwork and individual skill in the sport of football. The victory sent Germany into the World Cup Final, while Italy's next match is against France.",World
Tech Innovations: Leading the Future of Smart Cities,Business
"The British Broadcasting Company (BBC) has entered a major UK car dealership, which was previously unoccupied, marking a significant business decision. The BBC is now operating from the dealership, impacting the company's operations and customer experience. This decision, though controversial, underscores the BBC's focus on sustainability and its commitment to diverse business practices.",Business
"In a groundbreaking move, a new technology company has launched a revolutionary product that aims to transform healthcare delivery. The company, known as HealthWave Innovations, has developed a new type of medical device that offers personalized treatment plans. This innovation is expected to significantly improve patient outcomes and reduce costs in the coming years.",Business
"A new study reveals the most dangerous professional sports teams are the ones most likely to be eliminated from the World Cup. This growing trend of team elimination has significant consequences for fans, financial institutions, and the sports industry. The World Cup is a massive event with high stakes, and the elimination of a team could have a devastating impact on millions of people. Professional sports teams have significant financial impacts, especially with ticket sales and merchandise. The consequences for fans are vast, including emotional and financial strain. While some teams have a history of success, the risk of team elimination is growing as the sport evolves. The growing concern among sports fans underscores the need for better regulations and practices to prevent such tragedies. This calls for an urgent discussion and action to ensure that the World Cup remains a symbol of excellence and prosperity.",Sports
"The 2022 World Cup Final! Brazil clinched the title with a thrilling 4-0 victory over Russia in a closely contested match. The game was a thrilling highlight reel, showcasing the power of each team's players and their determination to win.",Sports
"The World Cup is a major international event where teams from around the world compete. This year, the quarterfinals will feature the top teams, including Germany, France, Japan, and Brazil. The outcome will determine the next round of the tournament, with the winners moving on to the semi-finals.",Sports
"Over 400 meters, Usain Bolt set a new world record in the 800m sprint at the Olympics! The record shattered previous records, becoming the fastest human in history. The event was live, with scores and commentary from the TV audience. This is a significant moment in track history. #Olympics #UsainBolt #TrackAndField",Sports
"The South African brother of South Africa's President Thabo Mbeki has criticized the economic policies of South Africa's government, arguing that they have led to an increasingly unequal society. According to his brother, the economic policies have not only improved South Africa's economy but have also led to a loss of social mobility and a higher concentration of wealth among the top earners. He emphasized the need for a more inclusive and equitable government to address the systemic issues that have been causing widespread dissatisfaction among the citizens.",World
"The World Cup is set to be a thrilling event with two of the most promising teams in history vying for the top spot. The match between Team A and Team B promises to be a high-stakes encounter, with key players like Player X from Team A and Player Y from Team B making significant contributions. The game is expected to be intense, with close encounters and some surprising moments. Stay tuned for more updates as the tournament progresses.",Sports
"In a thrilling match at the World Chess Championship, a young and seasoned chess player, Evgeny Kolesnikov, faces an unexpected challenge. The tournament is about to begin, and Evgeny is determined to dominate the field. However, just as he begins to rise to the challenge, an injury strikes, and he cannot continue playing. This incident leads to a tense situation where Evgeny struggles with his skills and the pressure of the competition. The injury, however, is not a death sentence. The team, knowing the importance of their performance, decides to focus on the positive outcomes. They prepare thoroughly, knowing that the player's resilience will help them win. The team's determination and support allow them to overcome the injury and secure a strong showing. The incident serves as a lesson in the power of unity and the impact of overcoming adversity.",Sports
"The World Cup 2022 kicks off with a thrilling encounter between Brazil and Germany, one of the most anticipated matches in football history. The game promises to be a must-watch for football fans worldwide.",Sports
"NABUKA Inc., a leading global maker of water filtration and water treatment solutions, reported a 56% rise in its quarterly profit, signaling strong demand for its innovative filtration solutions in the global market. The company, which specializes in providing private interrogators for Iraq's Abu Ghraib prison and other locations, has also issued a statement emphasizing the importance of adhering to local laws and regulations in the region.",Business
"In recent weeks, a major tech company has announced plans to expand its global presence through strategic partnerships and innovation initiatives. This expansion aims to enhance customer engagement and drive growth across multiple markets. The move reflects the company's commitment to staying at the forefront of technological advancements and fostering long-term relationships with its clients and partners.",Business
"Solar technology has seen significant advancements, with new materials and designs enabling greater efficiency in generating clean energy. This innovation is reshaping the way we approach energy production and sustainability efforts, contributing to global efforts to combat climate change and promote renewable energy solutions.",World
"The New York Yankees secured their top spot in the World Series, showcasing their resilience and determination in a thrilling tournament.",Sports
"The 2022 World Cup final match between two of the most celebrated football teams in the world features a historic clash between two teams, each with their own unique strengths and recent performances that have left fans eager to watch.",Sports
"The San Francisco 49ers and Seattle Seahawks are set to clash in a historic football game, with the win securing the championship for the team that has been struggling to make a name for themselves.",Sports
Innovative AI Platform Launched by Tech Innovators,Sci/Tech
"The Los Angeles Dodgers have claimed their first World Series title in 2023, defeating the San Francisco Giants 4-2 in the final against the bases. This historic win marked the 100th time the Dodgers have won the World Series, making them the most productive team in baseball history. The victory was a testament to their incredible lineup and the hard work of all their players, including the iconic first baseman, Adam Rosenthal. The series was a thrilling encounter, with both teams showcasing their skills and determination. The Dodgers’ dominance will be remembered as one of the great moments in baseball history.",Sports
"Google has launched a quantum computer with 37 qubits, marking a significant milestone in the field of quantum computing. This groundbreaking development aims to revolutionize industries by solving complex problems that classical computers cannot handle.",Sci/Tech
"In the thrilling 2022 World Cup final, France and Italy faced off in the most recent World Cup, with both teams securing their place in the tournament history. The match was a historic showdown between two of the world's greatest teams, showcasing the intense rivalry and the level of competition in the sport. France, led by Mbappé, delivered a decisive win, while Italy, led by Lippi, managed to maintain their dominance. The outcome highlighted the intense atmosphere of the tournament and the high stakes involved, inspiring fans and analysts alike.",Sports
"The New York Giants have faced a critical injury this season. Fresh from a major upgrade to the Java platform, Sun Microsystems officials revealed details about the next release, which is expected in Spring 2006.",Sports
"In recent weeks, the global business environment has been shaped by the shift to remote work, which has redefined industries and affected global trade dynamics. According to a recent report by Reuters, the U.S. government has announced a new tax policy that could have significant implications for businesses worldwide. This shift has led to increased competition and challenges for traditional businesses, as they adapt to new market structures. Meanwhile, a new tech startup in the United Arab Emirates claims to have developed a revolutionary AI system that can predict customer needs with unprecedented accuracy. This development could transform industries like retail, healthcare, and education. The impact of these developments will likely shape the future of business and technology in the coming years.",Business
"In the wake of a recent policy change that emphasizes innovation and sustainability, businesses across the country are expected to reevaluate their strategies. The new policy aims to enhance employee engagement and reduce costs, which could significantly impact operational efficiency. While some companies see immediate benefits, others may face challenges in aligning with these changes. Businesses should review their current approaches and consider implementing new tools and frameworks to adapt to the new expectations. This shift could have a lasting impact on the industry, shaping how businesses operate in the coming years.",Business
"The global economy has been profoundly affected by the COVID-19 pandemic, with markets globally experiencing a notable decline in activity. This has particularly impacted sectors such as tech, healthcare, and finance. Experts are concerned about the potential duration of the recovery, with the US Federal Reserve continuing to play a crucial role in guiding the market toward stabilization.",Business
"The FIFA World Cup semifinals are set to be a thrilling showdown between two powerhouse teams, each with a history of dominating high-stakes matches. This year's draw features two of the most competitive teams in football, with both sides vying for a place in the final eight. The match will determine the next generation of players and the ultimate title of World Champion, as both teams are known for their relentless pursuit of excellence.",World
"In a thrilling match, the New York Yankees defeated the Los Angeles Dodgers 4-3 in a game that was a major highlight reel for fans and analysts alike. The win marked the team's first World Series championship in over a decade and showcased the resilience and talent of the New York Yankees. The game was played in the second game of the World Series, highlighting the growing importance of sports events in determining the championship series.",Sports
"In a significant milestone for humanity, the Cassini-Huygens mission, a historic space exploration project, completed its third orbit around Saturn on October 22nd, 2022, marking a major step toward understanding the Sun-Jupiter system.",Business
"The latest results of the UN Climate Conference highlight progress on addressing global climate change. Experts discussed strategies to reduce carbon emissions and support renewable energy initiatives. The conference aims to bring together governments, businesses, and civil society to tackle climate-related challenges.",World
"An important update has been released regarding the packing team's trade deal involving Mike McKenzie and a draft choice. The team announced details of their 64-bit architecture based on the Isaiah processor core, known as #39;CN #39;. This move is significant as it could influence future strategies in the league and team dynamics. Fans and analysts are expecting this move to have a noticeable impact on the team's performance and future plans. The packing team's decision reflects their commitment to excellence and efficiency, which could be a turning point in their season.",Sports
A new tech startup is revolutionizing the healthcare industry with AI-driven diagnostics tools that are transforming how doctors make decisions.,Sci/Tech
"The UN Climate Change Report 2022 has been released, marking a significant milestone in global climate action. This report highlights the urgent need for urgent action to address climate change, with key findings on rising temperatures, extreme weather events, and the impact of human activities on the planet.",World
"The First Ever Soccer World Cup Finals between two of the world's best teams have been held in a historic setting, showcasing the beauty and excitement of modern soccer.",Sports
"The 2022 World Cup final match between Germany and France was a historic moment, with Germany securing victory. The game, held in a historic venue, showcased the talent of both teams, with Germany's players dominating the match. The match highlighted the intense rivalry between the two nations and the importance of teamwork and creativity in sports. Fans worldwide were eagerly waiting for the final result, and the outcome was a great testament to the hard work and dedication of all players involved.",World
"The 2022 World Cup final between Germany and France was a historic clash of national strengths. The German team secured a thrilling victory, showcasing their resilience and skill. The French team, meanwhile, maintained their dominance with a stunning goal in the 82nd minute. This match not only highlighted the power of both nations but also cemented Germany's position as one of the world's top football teams. The World Cup final is a testament to the power of teamwork and hard work, and it will be remembered for its significance.",Sports
"In a significant development for the world of energy, the International Space Station (ISS) has recently made a short spaceflight to a new docking port inside the southern Iraqi oilfield. A Russian lifeboat was moved, and the ISS prepares for upcoming spacewalks. This event, which involved several personnel, including an Iranian diplomat and an Egyptian national, has sparked concern among the region's leaders. The incident highlights the challenges and risks associated with operating in vulnerable territories, particularly in the context of the ongoing energy crisis.",World
"A US court has upheld the legitimacy of peer-to-peer (P2P) file-sharing application Morpheus, finding against 28 of the world's largest entertainment companies which had alleged that the P2P firm's software violates copyright law.",Sci/Tech
"Microsoft will introduce its long-awaited Internet search engine on Thursday, a person knowledgeable about the announcement said.",Sci/Tech
"The Women's World Cup final, held in a historic location in Brazil, saw a thrilling and unprecedented conclusion for the Women's World Team. The team achieved a historic 3-1 victory, securing a spot in the knockout stage for the World Cup. The victory was fueled by key performances from her three-time World Champion Maria del Mar Carro, who led her team to their highest ranking in a decade, and her teammates, who demonstrated exceptional skill and resilience. The team's hard work and determination were evident in every moment of the final, as they proved that they can overcome any challenge. This win not only solidified their position in the World Cup but also set a new benchmark for future performances. Looking ahead, the Women's World Team is poised for another triumph and a place in history.",Sports
"In the wake of the increasing number of cyber threats and the growing concern about data security, wiretapping has become a critical tool for identifying and disrupting malicious activities. This practice involves capturing and analyzing communication channels to gather information about individuals, organizations, or entire systems. However, wiretapping is not without its drawbacks. It can be intrusive, time-consuming, and sometimes unethical, as it often targets people who are otherwise considered neutral. The consequences of wiretapping, such as the destruction of privacy and the disruption of services, underscore the need for a more balanced approach to cybersecurity.",Sci/Tech
"In a shocking development, British media outlets have revealed that two American citizens, Kenneth Bigley and another individual, have been captured in Iraq following the collapse of their U.S. base. The British government has released a statement expressing concern about the situation and calling for further investigation. The capture came after the U.S. government announced it had intercepted the two men after they were inside a U.S. military base in Iraq. The incident has sparked international attention, with several countries expressing concern over the nature of the capture. The UK government has been closely monitoring the situation, including the behavior of the captured individuals. The situation has led to widespread concern within both the U.S. and Iraq, with the U.S. government responding with a statement of its own. The incident has also raised questions about the security measures in Iraq and the effectiveness of the U.S.-Iraq military relationship.",Business
"The Champions League match between Barcelona and Shakhtar Donetsk will take place as scheduled in Ukraine, following recent security arrangements by authorities.",World
"The New York Giants played against the Pittsburgh Steelers in a high-scoring football game that was more exciting than expected. The Steelers finished 12-1, while the Giants secured a 5-8 victory. The Giants took the lead early on, but the Steelers managed to equalize on the seventh play. The game was notable for its high-scoring play, which drew attention to the team's offensive capabilities. TheGiants, however, capitalized on the Steelers' early dominance, securing the win with a 10-1-2 spread. The series was closely contested, with both teams showing resilience. TheGiants are on a winning streak, and their performance highlighted their ability to exploit the Steelers' defensive gaps.",Sports
"The French Open tennis tournament, a major global event with over 10,000 players, took place on November 7, 2023. The event saw the top 10 players from the world compete in singles and doubles matches, with the top seeds securing their places in the final. The tournament is a significant event in the sports world, attracting millions of spectators and setting new records for such events.",Sports
"Johnny Cash's items sold at an auction in New York, raising over $4 million (around $2.2 million) after three days of bidding.",Sci/Tech
"Nueva encargada de la presencia en la presencia del mundo: la figurea de Giselle. Giselle es una figura destacada en el mundo de la música, teatería y el arte, known for su contribución a la presencia del mundo. Su work, que se centra en la música y la teatería, ha demostrado ser un ejemplo de cómo los artistos pueden contribuir significativamente a la transición entre los periodos de la música y el arte. Giselle ha sido un exemplar de la innovación y la comprensión de la música en lo alto. #World",World
"AP - Peyton Manning broke one of Dan Marino's records, took a big step toward another and didn't even have to play the whole game to do it. Manning threw for six touchdowns in less than three quarters and raised his season total to 41 scoring passes to lead the Indianapolis Colts past the Detroit Lions 41-9 Thursday.",Sports
"The US-China trade deal, a significant milestone in global economic relations, was revealed during a recent UN Security Council meeting. The agreement aims to boost U.S. economic growth by increasing trade and investment. Key countries involved include the U.S., China, India, and South Korea, with the deal expected to have far-reaching implications for international trade balances.",World
"In a thrilling match, the Texas Longhorns defeated the University of Texas-A&M, showcasing their resilience in a close game. The game was a close call, with both teams scoring points early on, but the Longhorns' defense stood tall, stopping the run and forcing a late comeback.",Sports
"The COVID-19 pandemic has had a profound impact on the global business sector, reshaping industries and creating new challenges. As businesses worldwide strive to navigate this unprecedented landscape, they must adapt quickly to maintain their competitive edge. This document explores the effects of the pandemic on key sectors and offers insights into emerging trends.",Business
"The U.S. space agency has reacquired the Columbia space shuttle, a 7th Astronaut who died in mid-air disintegration. The shuttle was resumption in May 2005, more than two years after the initial launch in 2001.",Business
"The 2023 World Cup, the most recent edition, was a historic event in sports history. It showcased the best of the world in football, basketball, and soccer, with thrilling matches and unforgettable performances. The tournament began on July 11 and concluded on July 16, bringing together teams from around the globe. This year, the World Cup highlighted the power of teamwork, creativity, and resilience, with teams from different cultures and nations vying for glory. The event has become a symbol of global sports competition and has inspired millions of fans worldwide.",Sports
"In the bustling city of London, a thrilling cricket match was held on a Friday evening, drawing a crowd of over 15,000 supporters. The match between two top-tier cricket teams, the Royal Brynley cricket club and the Royal Buckingham club, was a highlight of the day. The first team, led by experienced batsman David Collins, showcased his exceptional batting skills, while the second team, led by star bowler Michael Simpson, delivered a dominant performance. The game was closely contested, with both teams aiming for a thrilling win. In the end, the Royal Brynley team emerged victorious, securing a much-needed win for them. The result came after long discussions and intense preparation, highlighting the rigorous training and dedication of the players involved.",Sports
The World Cup 2023: The Biggest Ever Showdown in Sports.,Sports
"The World Cup final draw has seen two of the most deserving teams from the World Cup finals as two of the most deserving teams from the World Cup finals have made their last wins of the tournament, according to a report by a leading sports news outlet.",Sports
" footballer John Doe was recently diagnosed with an injury that could affect his future games. The team has issued a new injury management plan and is working closely with doctors to ensure his best chance of recovery. The news comes as the team is preparing for their upcoming World Cup match, where John is expected to play a key role.",Sports
"In recent months, the U.S. job market has shown strong growth, with states like Maryland, Virginia, and the District of Columbia recording record highs in job creation. This upward trend is a key indicator of economic health and employment security.",Business
"In a thrilling match between two of the most competitive baseball teams in the world, the Texas Rangers and the Red Sox will clash at Fenway Park on July 17th at 7 p.m. The matchup could be a highlight of the season, with both teams showcasing their skills and strategies. The Texas Rangers, known for their aggressive approach and defensive play, will face the Red Sox, a team with a strong presence in the American League. This game could set the tone for the season's first three games.",Sports
Phoenix Suns dominate World Series 4-3.,Sports
"The New York Yankees have made a significant impact in recent World Series, showcasing their dominance in Major League Baseball. In their recent game against the Los Angeles Dodgers, the team demonstrated their ability to handle high-stakes situations. Key players such as Alexei Puente and pitcher Justin Verelst stood out, contributing to the team's success. The game was a testament to their resilience and skill, highlighting the importance of consistency in achieving victory. This series not only solidified the Yankees' position in Major League Baseball but also showcased their ability to rise from the ashes. The outcome has been a great confidence booster for fans and players alike.",Sports
"In a thrilling baseball game, pitcher Alex Smith struggled to contain a tough opponent, the San Francisco Giants. Despite a strong lineup, Smith showed limited effectiveness in the final innings. Meanwhile, rising star Jordan Burt, known for his clutch performances, managed to reach 100 runs in a single game. The game was a close encounter, and Smith was handed a minor decision after the final pitch. The Giants, determined to close the gap, tried to rally but fell short, ultimately losing the series.",Sports
"Microsoft has added its support to the United Nations Educational, Scientific and Cultural Organisation (UNESCO) to apply Information Technology to education initiatives in developing countries. This move aims to empower these regions with access to global knowledge and technological advancement.",Sci/Tech
"The New York Yankees will face the Boston Red Sox in a thrilling game on Sunday, as both teams are known for their competitive schedules.",Sports
"The Green Bay Packers and Tennessee Titans football team are set to face off in a historic matchup on Sunday, with the Green Bay Packers up by a score of 28-25. The game marks a significant milestone for both teams, as the Packers are aiming to extend their winning streak to five straight games, while the Titans are trailing by a score of 2-3. Both teams have been making strong efforts to secure their victories, with the Packers' offense dominating the game and the Titans struggling to capitalize on their chances. Fans and analysts alike have been discussing the game's implications for both teams and the broader football season.",Sports
"The COVID-19 pandemic has had a profound and lasting global impact, reshaping healthcare, economy, and social structures. With nearly 200 million people infected, the virus has become a defining global event, impacting nearly every region of the world. The global response has been both overwhelming and transformative, with nations varying widely in their approaches to containment and recovery.",World
"Enron Corp. (ENRNQ.PK: Quote, Profile, Research) will pay $321 million from the proceeds of its sale of its pipeline arm to fund pension plans for thousands of former employees.",Business
A company in the renewable energy sector announcing a new product line for electric vehicles. This expansion into a new market is expected to significantly impact the global automotive industry.,Business
"A leading global tech company has announced a significant investment in developing advanced AI technologies for the healthcare sector, aiming to revolutionize diagnostics and patient care.",Sci/Tech
A global tech company has announced plans to expand its product line by introducing a new smartphone model targeting the premium market. The launch is expected to boost revenue by 12% compared to last year and set new standards in the industry.,Business
"Tesla, the world's largest automaker, has announced a $10 billion investment to develop AI-aided autonomous vehicles. The company's leadership team has expressed high hopes for this ambitious initiative, which could revolutionize transportation and safety.",Sci/Tech
"MUSTHAN'S COLD WAR WITH THE FA Cup FINALLY RESOLVED IN THE SACHSUNIAN breaking the world record in the FA Cup final, the German football club must have been in a bit of a cold mood. However, the club's management revealed that they've managed to secure the title despite facing the challenges of a close competition. The team's hard work and determination have been evident throughout the tournament, and it's clear that must have been a thrilling showdown.",Sports
"The 2022 London Olympics concluded with a thrilling 100m sprint final between two of the world's fastest sprinters, Usain Bolt and Usain Bolt 2. Bolt, a 30-time world champion, claimed victory with a 9.89s time, while Bolt 2, a 28-time world champion, came in second with a 10.02s time. The results were a significant boost to Bolt's reputation and a testament to the power of human performance. The event, held on Sunday, showcased the intense competition and the incredible abilities of these two athletes.",Sports
"A global tech company has announced plans to launch a new product in a developing region, aiming to boost economic growth and job creation. This decision has been met with mixed reactions from local businesses, who are divided on whether the product will meet their standards. The company has also emphasized its commitment to sustainability and ethical practices, which could influence consumer preferences. The decision is expected to take effect in the coming weeks, and existing customers will benefit from the new product's introduction.",Business
"In a thrilling World Cup final match, a team of young footballers is battling for control of the spotlight. The team's coach, who recently lost a crucial game, is upset and starts questioning whether he deserves the attention. Meanwhile, his star player claims he deserves credit for the team's success, sparking a heated debate among the team. The players, however, believe they were the ones who made the team win. The result is a close contest, and the team feels a mix of pride and disappointment.",Sports
"A new tech company has announced plans to expand into renewable energy, leading to a report on the market potential of this sector.",Sci/Tech
"TikTok, the global leader in mobile video sharing, has experienced a significant shift in consumer behavior, with its user base expanding rapidly. According to recent data, TikTok has now surpassed 200 million users, marking a major milestone in its growth trajectory. This growth has not only boosted the company's revenue but also influenced the broader market dynamics. As TikTok continues to dominate the space, it's becoming a key player in the evolving landscape of digital content consumption.",Business
"In a recent update to the New York Times, journalist Sarah Johnson highlighted the exciting development in the world of sports: the New York Yankees have secured a spot in the World Series, marking their fourth consecutive championship win. The team, led by star pitcher Justin Verkamp, has now clinched the title against the Los Angeles Dodgers, a significant milestone for the team. The game was held in the heart of New York, with the Yankees battling the Dodgers in the semifinals. This victory not only solidifies their place in baseball history but also sets a high standard for future championships.",Sports
"The Minnesota Twins and the Seattle Mariners played a thrilling game in the American League Championship Series, with the Twins securing a crucial 3-2 win in favor of the Mariners.",Sports
"In a recent article, a tech enthusiast shares their insights on setting up a Nokia 3588i phone as a modem, providing step-by-step guides and troubleshooting tips for those who want to use their device as a portable internet connection.",Sports
"Alex McLeish, a former national basketball player, was posing for photographers at the famous Murray Park basketball court for the annual Golden State Team photo contest. The event, held in January, was a significant moment in the history of the Golden State Warriors basketball team, marking the end of the 2016-17 season and the beginning of the 2017-18 season. McLeish, now the owner of a sports brand, shared the event with fans and athletes, showcasing his basketball skills while capturing a photo of the Warriors' star player, Klay Thompson. The photo, titled 'Remembering Klay Thompson,' was displayed at the museum for years, symbolizing the team's legacy and the enduring impact of Klay's contributions to the sport.",Sports
"In a thrilling cricket match, Bangladesh's top batsmen Shikher Bhattacharya and Anupam Chaudhury delivered a stellar performance. They secured a total of 334 runs in two wickets against India, who were all out in the first day of the second and final Test match. The match was held on December 17, 2023, in cricket India, with both teams playing in the second innings against Bangladesh.",Sports
"Disney has postponed the official launch of its new video-on-demand service in the United States while exploring partnerships with international companies to develop the service in other markets. The company is set to release the Hindi version of the service in the Indian market, which will be available early next year. The delay is due to the company's exploration of new opportunities in the global market, and the potential partnerships could lead to a broader market presence for the service.",World
"Microsoft has announced a major update to its Windows XP Service Pack 2, updating it to XP Service Pack 3. The update aims to fix several issues reported by users, particularly those affected by virtual private networks. The release is set to begin in the coming months, with the first official release expected in December 2023.",Sci/Tech
"The San Diego Padres and the San Francisco Giants have once again faced each other in a thrilling rivalry game that could make history. The Padres, a team known for their strong defense and playmaking ability, defeated the Giants, who were ranked No. 1 in the league, in a game that saw both teams push for a comeback. The game was a high-stakes encounter, with both teams showing their best skills and determination. The Padres scored early in the game, and the Giants, however, managed to break through with a couple of touchdowns. The game was a perfect test of endurance and skill between the two teams, with both teams showing why they are considered some of the best in their respective leagues. It will be a memorable showdown for both teams, and the outcome could set the stage for future encounters between the two teams.",Sports
"In a significant move, Apple Inc. has announced the expansion of its new Mac Pro models in the Chinese market. The company has announced a new product line targeting tech enthusiasts, professionals, and tech-savvy consumers. The new Mac Pro features a high-end design, high-quality materials, and a long service warranty. The product line aims to appeal to the growing demand for premium technology products in China.",Sci/Tech
"In a move that's drawing widespread attention, an Islamist group has claimed it hijacked two Russian planes that crashed this week, killing at least 89 people and threatening more attacks. According to a recent statement posted on Friday, the group claimed the planes were intentionally taken down by its members, a move that has sparked international debate and concern.",Sports
"In a thrilling match between the New York Yankees and the Philadelphia Phillies, the Yankees took a 4-2 victory in the second game of a three-game series. The team's star pitcher, Alex飞, made a game-changing sacrifice by hitting a double to lead the team to victory. The Phillies, led by their star pitcher, Jordan Lue, came back to take the game to within one run. The series sets the stage for a possible World Series contender in the future.",Sports
"The global economy has shown signs of recovery as the US unemployment rate dropped to 3.8%, marking a significant improvement from the previous year's 4.2%. Companies across industries are optimistic about future growth, driven by increased consumer spending and economic stability. This period is expected to continue, with measures like stimulus packages and policy adjustments likely to play a key role in influencing future economic trends.",Business
"The England home test matches will disappear from terrestrial television after British Sky Systems (BSkyB) won exclusive rights to cover live matches from 2006 to 2009, officials said on Wednesday.",World
"A leading tech company has released its annual earnings report, signaling improved earnings and a favorable outlook for the upcoming fiscal year.",Business
"The FIFA World Cup 2022, the largest international football tournament ever played, concluded with a thrilling final match between English Premier League champion England and French Ligue 1 champion France. The game was intense, with both teams dominating the match. England's star球员 Adam Smith scored the winning goal in the 57th minute, while France's key player, Pascal Lapointe, delivered a stunning goal in the 56th minute. The match was a testament to both teams' resilience and skill. The final tally was 2-1 in favor of England, with the match lasting over 120 minutes. The outcome was a significant milestone for both nations and a highlight of the tournament.",Sports
"The Los Angeles Lakers and Golden State Warriors basketball game on November 25, 2023, marked a historic turn in the NBA's season structure. The Lakers, the defending champions, faced off against the Warriors, who had been the underdogs this season. The game was a thrilling showdown, with both teams showcasing their peak performances. LeBron James and Kevin Durant joined the game, adding more drama to the night. This matchup is not just a battle for supremacy but a test of strategy and team unity.",Sports
"The 2024 FIFA World Cup will take place in St. Petersburg, Russia, from July 25 to August 15. The match between Germany's Diffractive FC and France's Ligue 1 side Ligue 1, which has been struggling since their recent loss to Brazil in the World Cup final, will be a historic showdown. The game is expected to be intense, with both teams bringing their best players and strategies. The match will feature highlights from key moments in Germany's recent campaign, including a thrilling win over a strong German team and a defensive struggle by France's Ligue 1 team. The outcome could set the stage for a thrilling final and the possibility of a new World Cup winner.",World
"Global economic markets have shown a strong recovery in recent months, with the U.S. Federal Reserve raising interest rates and the U.S. dollar strength providing a favorable environment for global investment. The U.S. gross domestic product (GDP) growth rate for the third quarter increased by 3%, marking a significant improvement over the previous quarters. This positive outlook is expected to drive global economic activity and set the stage for further growth in the coming months.",Business
"In a thrilling game, the New York Yankees defeated the Boston Red Sox in a close series that highlights the importance of pitching in baseball.",Sports
"In recent years, baseball has seen some remarkable achievements. Consider the career of [Player's Name], who has been celebrated for their perseverance and dedication. From the time they entered the sport to their peak year, they claimed [specific year] as their most significant, with [statistic] highlights that set a new standard for excellence. Their contributions have left an indelible mark on the game, inspiring future generations of players and fans alike. The impact of their work continues to resonate in the world of sports, proving that talent, hard work, and perseverance are the keys to success.",Sports
"In a thrilling Major League Baseball game, pitcher Alexei Kovalev made history as he claimed his first win in nearly a decade. The 25-year-old lefty, known for his raw speed and精准 throws, put up a strong performance, securing a spot in the postseason. The game was played in a heated atmosphere, with the home team dominating and setting the stage for an exciting showdown.",Sports
"The rise of digital services has transformed the way people communicate and consume information, raising concerns about the digital divide. While services like streaming platforms and social media have become the norm, they have also sparked debates about access, affordability, and the impact on education and employment. A recent survey by Statista reveals that 65% of Americans rely on digital services, highlighting the growing importance of internet connectivity in daily life.",Business
"Brazil successfully launched a test rocket from the Alcantara base in northern Brazil on Saturday, October 23. The two-stage VSB-30 prototype flew for seven minutes at an altitude of about 100 kilometers above the earth. The event was a significant step in advancing the development of the rocket, showcasing the capabilities of the Alcantara base and its technology. This successful launch contributed to the 3-0 victory against St. Louis in the National Space and Defense Cup, highlighting the importance of such advancements in the field of rocketry.",World
"Global climate change has caused rising temperatures and more frequent extreme weather events, such as heatwaves and hurricanes. These events have displaced populations and disrupted global trade, while urbanization has increased vulnerability to climate disasters. The World Health Organization (WHO) has called for urgent global action to address these challenges and ensure a sustainable future.",World
"Seattle, WA (Sports Network) - The University of Washington baseball team secured a thrilling 7-3 victory in the season opener against the University of Washington baseball team. The team's hard-fought effort was highlighted by a three-run home run by pitcher Keoni Hamilton and a two-run double by left-handed pitcher Keaton Johnson. The win came on the strength of the season's most dominant performance by a UW pitcher in recent memory.",Sports
"The World Cup final match between Brazil and Russia was a thrilling clash of giants and smaller teams, with both sides showcasing their best performances ever seen.",Sports
"In the bustling world of Major League Soccer, a thrilling match between two formidable teams saw the first half unfold with intense action, but the second half saw a dramatic shift as one of the top teams in the league found themselves facing an uphill battle.",Sports
"The Dallas Cowboys and the New England Patriots will host each other in the final national football game of the 2024 NFL season on Sunday, marking the end of a decade of intense rivalry.",Sports
"In a recent report by Google, it was revealed that the company is integrating artificial intelligence into its healthcare solutions, marking a significant shift in how the company operates.",Business
"The Indian cricket team has once again shown its resilience and determination in the ICC Cricket World Cup 2022. The team, led by skipper Anil Devidi, secured the title with a thrilling victory against Pakistan. The match was held in the final session of the tournament, showcasing the players' unwavering spirit. The victory highlighted the team's hard work and mental fortitude, with players reflecting on their journey to achieve this milestone.",Sports
"The U.S. Navy is set to announce the construction of a new communications system for U.S. troops, valued at over $6.4 billion. This project aims to bolster satellite services and support military operations, potentially transforming how the military communicates and coordinates its activities. The announcement underscores the company's dedication to its missions and the importance of such infrastructure in modern warfare.",Sports
"The 2023 World Cup is a testament to the power of sports and technology. As the world's largest football competition, it showcases the pinnacle of team sports worldwide. The tournament's history is rich with moments of strategic brilliance and technological innovation. Experts highlight how the event not only brings together the best athletes but also pushes the boundaries of sports science. Recent advancements in training equipment and stadium technology have enhanced the experience for fans and players alike. This year's World Cup promises to be a thrilling reminder of the beauty of sports, with moments of excitement, heartbreak, and inspiration all on the stage. It's a celebration of what sports can achieve, whether through skill, strategy, or cutting-edge innovation.",World
"The NBA is a living, breathing sport that continues to evolve with each season. In 2022, the NBA changed its rules for the first time in decades, marking the start of a new era in professional basketball. Teams are now expected to adapt to these new rules, which include stricter anti-bullying policies and a more focused structure. This shift has not only expanded the league's appeal but also created opportunities for teams to showcase their skills. As the season progresses, fans can expect more exciting games and a closer examination of the players and their strategies.",Sports
"A new residential complex in the heart of Delhi has been announced, offering residents a serene and convenient living environment.",Sci/Tech
"The New York Yankees have claimed the World Series title, marking a historic moment for the team. The team, led by star pitcher David separates, has bounced back from a shaky start to the season and secured a spot in the championship series. The series against the Los Angeles Dodgers, which he faced earlier in the season, was a thrilling contest that showcased the team's resilience and talent.",Sports
"A U.S. shipment of bomb-grade plutonium, valued in the trillions of dollars, has been escorted by armed British commandos. The delivery is set to sail for France, but there have been protests from environmentalists who fear a terrorist attack or an accident.",Sci/Tech
"The final of the World Cup has been one of the most thrilling moments in football history. With over 1 billion viewers worldwide, it's the most watched game in the world, and it's going to be a defining moment for the tournament and its participants.",Sports
"On October 15, 2023, the 2023 World Cup will take place between two top-tier football teams. Team A will host Team B, with Alex, the star player of Team A, injured in a critical match. The injury has led to a 20-match absence for Alex, making it difficult for his team to secure a win. Team A has lost 12 matches so far in the tournament, and the injury has been a major factor in their struggles. Fans are encouraged to follow the team on social media for updates and more information about the match.",Sports
"Scientists have uncovered a groundbreaking discovery in the field of biotechnology. A team of researchers at a leading university has identified a novel class of stem cells that can be used to treat various forms of injuries, including burn wounds and skin injuries. Their findings suggest that these stem cells, found in the hair follicles of the skin, could revolutionize how we approach treating skin damage. The study was published in a reputable scientific journal, highlighting the potential impact of this discovery on the medical field.",Sci/Tech
"In the world of sports, the Arizona Diamondbacks have taken a significant step forward as their manager, Nick Watney, has been appointed. This move comes after the team faced some challenging circumstances, including a seven-hitter on the seventh hole during the Robert Trent Jones Golf Championship at the Robert Trent Jones Golf Trail in Prattville, Ala. Watney's appointment is a crucial development for the team, as they aim to capitalize on the growing demand for fantasy sports and the rise of younger athletes. The Arizona Diamondbacks have been the best baseball team in Major League history, and Watney's leadership is expected to boost their performance in upcoming seasons.",World
2023 US Housing Market Crash: A Comprehensive Analysis,Business
"In a thrilling World Cup match, the top English football team emerged victorious in a highly anticipated encounter with a strong national team. Highlighting the intense rivalry and the high stakes of the tournament, the match saw a series of standout performances from both sides. The result was a testament to the hard work and dedication of both teams, with the English side claiming victory, a significant step towards their long-term success.",Sports
"The New England Patriots took down the San Francisco 49ers in Super Bowl LVI, marking a historic moment for the team. Quarterback quarterback Tom Heinen, a key player on the team, had an injury to his right knee, which could disrupt his role as the team’s offensive coordinator. Despite the injury, Heinen returned to the field, leading the team to a thrilling 3-1 victory. The game was a testament to the resilience of the Patriots, who had been on a tough stretch, and a reminder that success in sports can be achieved with effort and determination.",Sports
"The world's leading video game publisher, GOG, has released its latest update, 'The Last of Us: Overkill', which marks a significant milestone in the series. The game, developed by the beloved franchises of Epic Games and The Last of Us, has garnered over 100 million downloads and continues to be a beloved title among players worldwide.",Sports
"The New York Yankees once again proved why they’re one of the most successful teams in baseball, taking a 4-3 victory over the Philadelphia Phillies on Tuesday night. The game was played at home against the Phillies, who had been on a bit of a downswing this season, and the Yankees were looking to bounce back from a series loss earlier in the week. The team’s stars included outfielder David De la Riva, second baseman Alexius.inter, and closer Ben Schumacher, who struck out four batters in the ninth to secure the victory. This was the Yankees’ 16th straight win, and they are now sitting one win above the division leader, putting them in a position to challenge for the division title. The game was also a highlight of the season, as the Phillies’ pitcher, Ryan Yager, was thrown out of the game after allowing a two-run double against the Yankees. The Yankees’ fans were treated to a thrilling moment, with the crowd roaring as Schumacher hit his first home run of the season, giving the team a glimpse into the future of their star closer.",Sports
"In a recent article, journalist Sarah Johnson discussed the impact of emerging technologies on global business practices. According to her, the rapid adoption of AI-driven tools has revolutionized traditional business models, leading to increased efficiency and innovation. However, she also highlighted the risks posed by data breaches and cyber threats, which could disrupt the entire industry. The article further elaborates on how companies are reevaluating their strategies to mitigate these risks, emphasizing the need for a more adaptive business model in an ever-evolving landscape.",Business
Footy Delight: Royalton To Take Top Position in the Totts' Football Championship,Sports
The company has developed a cutting-edge software tool that's revolutionizing how businesses manage their operations.,Business
"The 2022 World Cup final match between Italy and Germany was a thrilling event with a high score of 5-2 in favor of Italy, marking the first World Cup final to feature a non-integer score. The game was intense, with both teams dominating the game in the first half, and Italy securing a late comeback in the second half. Italy's players, including manager Lautaro violenti, were celebrated for their contributions to the team's success. The match highlighted the resilience of both national teams and the growing interest in European sports. Fans were left on the edge of their seats as the final moments of the game were carefully timed to create a memorable experience.",Sports
"The Colts kicker, Mike Vanderjagt, made his 100th consecutive field goal in Thursday night's #39; NFL game against the Patriots, scoring a historic 48-yard field goal with 24 seconds remaining to win the game.",Sports
"In a move to strengthen its global presence, a major tech company has announced a strategic acquisition. The company, which operates in the tech sector, is set to purchase a leading health care provider in a significant $3 billion deal. This acquisition is expected to revolutionize the company's operations and expand its market reach.",Business
"The UN Security Council met on Tuesday, March 22, 2023, to discuss global efforts to address climate change. Key countries such as Germany, France, and China presented their strategies, with the goal of achieving net-zero emissions by 2030.",World
"In recent weeks, a leading tech company has announced a groundbreaking initiative to expand its global reach. The company has entered a new market segment, offering innovative solutions that address the growing demand for eco-friendly technology.",Business
"Shares of a drug company, including Pfizer and Johnson & Johnson, fell on Monday after Merrill Lynch downgraded the drugmakers and U.K. regulators issued stronger warnings about popular depression drugs sold by the companies.",Business
"The U.S. House of Representatives recently voted to send another bill to the floor, following a heated debate over healthcare reform. The bill, known as the American Health Care Act, aims to improve access to healthcare for millions of Americans. The vote was held on December 15, with 238 votes in favor and 73 against. The bill includes provisions like universal healthcare, expanded insurance coverage, and access to preventive care. The outcome has sparked debates about the balance between individual rights and public health.",Business
"With the rise of artificial intelligence, healthcare has become a field that is increasingly being transformed by cutting-edge technology. AI is already being used to improve diagnostics, personalize treatments, and even assist in surgical procedures. This shift has not only enhanced patient outcomes but also created new job opportunities for healthcare professionals. As AI continues to play a crucial role in healthcare, it's essential for healthcare workers to stay updated on the latest developments to ensure their success.",World
"In a significant move, the U.S. government is proposing new data privacy laws aimed at protecting consumer information. This week, the Department of Justice and the Occupational Safety and Health Administration (OSHA) announced plans to implement stricter regulations on data collection and storage. Businesses are already facing criticism for not adhering to these new guidelines, with some accusing them of not respecting customer privacy. Companies like Apple and Microsoft are among those affected, as they have been heavily involved in data-related lawsuits. The implications of these laws are profound, as they could lead to increased fines and reputational damage for businesses that fail to keep up with the new standards. The ongoing debate over data privacy is shaping the way industries operate in the coming years. Businesses must adapt to these changes to thrive in the new era of digital dominance.",Business
"The World Cup final was a thrilling encounter between two of the most promising teams in the world, with the Spanish team emerging victorious with a score of 4-1 against Brazil.",Sports
"Business News: A major political blockade in Nepal has been lifted, with the rebels warning that Kathmandu's capital remains disconnected from the rest of the country for a week. This development has sparked concerns among local stakeholders and international organizations.",Business
"A new report suggests that Japanese companies, NTT DoCoMo, and Fujitsu have co-developed a fuel cell recharger for DoCoMo's Foma family handsets, which is a significant development in the fuel cell technology.",Sci/Tech
"In a thrilling basketball game, the Dallas Mavericks proved they're one of the best teams in the league with a dominant performance. The team, led by center RJ Henderson, scored 108 points and went on to win the NBA Championship. The game was a testament to the hard work and determination of the Mavericks, who have been a force in the league for years.",Sports
"Manchester United have beaten Manchester City 2-1 in the FA Cup final, a result that could have a significant impact on the team's record.",Sports
"The 2022 World Cup, the largest international soccer event in history, concluded in Qatar with stunning performances from all over the world. The tournament, held in July, showcased some of the most vibrant and energetic teams in history. Key highlights included thrilling matches between teams like Germany, France, and Japan, as well as the historic opening match between the United States and Russia. The event marked the first time the World Cup was held in a footballing nation outside the Euroland region. With so many exciting moments and significant player performances, the 2022 World Cup has left an indelible mark on the world of sports.",World
"Neuralink, a leading AI and machine learning company, has announced its expansion into biotechnology and healthcare, aiming to revolutionize the medical field.",Business
Tech Innovators Launch Expansion in a New Market,Business
"The World Cup 2026, the world's most anticipated international sporting event, is set to take place inagricultural context in France, with the host nation of Brazil, marking the first time it will be held in Latin America. The event, a global spectacle, promises to be a thrilling mix of excitement and anticipation as teams from around the world gather to compete for glory and recognition. The World Cup is a global spectacle that has become a symbol of international unity and sportsmanship. It will be held in France, marking the first time it is being hosted in a country in Latin America. The event will be held in the capital city of France, a significant milestone for the host nation. The World Cup is a global spectacle that has become a symbol of international unity and sportsmanship. It will be held in France, marking the first time it is being hosted in a country in Latin America.",Sports
"The Seattle Storm played a thrilling 67-65 victory over the Connecticut Rail Cougars in Game 2 of the WNBA Finals, marking their second straight championship. With a crowd of 17,072 at the EarthLink Inc. and Yahoo Inc. stadium, the game showcased the storm's dominance, with Simone Edwards expressing excitement for the future. Fans were left with a sense of pride and anticipation.",Sports
Los Angeles Dodgers win World Series in 2023 with a dominant performance that included a historic double play and a four-run sixth inning to lift the team to a thrilling 5-4 victory over the Los Angeles Dodgers.,Sports
"The UN General Assembly has approved a major initiative to combat climate change, aiming to reduce global warming by 42% by 2030. This unprecedented summit will bring together governments, international organizations, and activists to address pressing environmental challenges and inspire a collective action. Experts predict the initiative will drive significant shifts in global policies and environmental practices. The event will also highlight the urgent need for urgent action to combat climate change, a global priority that resonates deeply with the planet's current state.",World
"COVID-19 has caused massive economic disruption, reshaping supply chains, remote work, and the gig economy. Businesses are adapting, with supply chains being disrupted, remote work expanding, and the gig economy growing. This shift is altering industries and job markets, impacting economic trends.",Business
Deutsche Bank and Thomas Weisel settle conflicts of interest in research and investment banking,Business
"Sushma Swaraj, the senior BJP leader, delivered a heartfelt quote to former Madhya Pradesh Chief Minister Uma Bharti during a meeting, stating, 'I'm 100% Happy, in very high spirits, and I am determined to remain in jail as long as the State Government wants me to be.",Business
"The rise of AI in sports has sparked a wave of excitement among athletes and coaches across the globe. With advancements in artificial intelligence, players and managers are leveraging technology to improve performance, strategize, and adapt to the ever-changing sports environment. This trend is not just a technological marvel but a testament to how innovation can transform the way sports are played and managed.",Sports
"In the fast-growing business sector, Major League Baseball (MLB) has announced a significant expansion deal. The company announced that it has entered into a new agreement with a global tech company, aiming to strengthen its presence in international markets. The deal focuses on innovation and sustainability, targeting countries such as the United States, the United Kingdom, and Australia. This expansion will help the company expand its global reach and enhance its competitive edge.",Business
"A U.S. government official has announced that a suspected nuclear site in Iran has demonstrated its intent to develop atomic weapons, but other U.S. officials have questioned the strength of this claim.",Business
"Dell's Photo All-In-One Printer 962 Launches with a Focus on Printing, Scanning, Faxes, and Copies at $179, According to a recent announcement from the company.",World
"The US unemployment rate in April reached 3.7%, a new high, marking a significant shift in the business environment. Businesses are now under tighter scrutiny, with many seeking ways to reduce costs and enhance efficiency. A notable figure in the sector, Dr. Jane Doe, delivered a powerful speech at a major conference, emphasizing the need for innovation and adaptability. This report underscores the importance of economic stability for the global economy and the transformative potential of AI-driven solutions.",Business
"The final match of the Italian Cup between AC Milan and Inter Milan took place in Rome on November 23. The game was a thrilling encounter between two of the most formidable teams in the league, with both teams showcasing their best performances. AC Milan's victory was particularly notable as they secured their first victory in 2023, while Inter Milan continued their dominance in the league. The match ended with both teams securing their respective wins, and the players and fans enjoyed the event with enthusiasm.",Sports
"The Los Angeles Lakers and Golden State Warriors are set to host a thrilling matchup in a major American league football game, expected to be one of the most anticipated events of the season. The Lakers, led by Kyrie Irving and Anthony Davis, aim to take on the Warriors, who have been a dominant force in the league. The game will take place on [specific date], with both teams expected to showcase their strengths and determine the winner of an important division battle.",Sports
Men's 100m sprint world record broken by record holder.,World
"In a global economic summit, experts discuss the role of climate change and digital transformation in shaping the future of business. Experts highlight how sustainable practices and innovative technologies will redefine industries. A report by a leading economist underscores the importance of these trends. Meanwhile, a data scientist shares insights on how artificial intelligence is transforming business processes. Policy advisor Dr. Emily Brown emphasizes the need for stronger regulations to support these changes. This event promises to set new standards for business strategy.",Business
"A Miami Dolphins football team defeated a San Diego Chargers team 43-17 on Sunday, with Drew Brees and Antonio Gates making it look too easy with touchdowns.",Sports
"The U.S. Department of Energy announced a significant investment in advancing energy storage technology. A global energy storage company has announced plans to develop a new system to power grid resilience, with a $500 million investment. The project, called the 'Energy Future,' aims to enhance grid stability and reduce reliance on fossil fuels. The company, known for its innovative technology, is expected to complete the project within the next four years. This investment could have a substantial impact on the energy sector and its ability to meet global energy demands.",Business
"A new study has revealed significant discrepancies in the distribution of embryos during in vitro fertilization (IVF), a medical technique used to help women conceive a child. The study, published in the Journal of Clinical Pathology and Laboratory Medicine, found that while millions of embryos are produced, the distribution of these embryos among the expected fertilized eggs is uneven. This imbalance can lead to some embryos surviving beyond the desired stage, while others are discarded due to failure in fertilization or embryo viability. The findings suggest that IVF is less effective than previously thought, potentially impacting the success rates of pregnancies. This discovery could lead to changes in medical practices, particularly in terms of embryo transfer protocols and fertility treatments.",Sci/Tech
"In a thrilling game that left fans on edge, the New York Yankees took down the Texas Rangers 4-3 in the World Series final on Sunday, showcasing the power of teamwork and determination.",Sports
"On Sunday, the New York Yankees claimed victory in a thrilling 7-3 win over the Los Angeles Dodgers in the World Series. The game was a historic moment in American baseball history. The Yankees, led by pitcher Alexei San Diego, showcased their resilience and talent. The final score stood at 7-3 in favor of the Yankees, a victory that captured their recent dominance in the league.",Sports
"Google has made significant strides in AI, with major breakthroughs like AlphaGo and GPT-3. These advancements are reshaping industries, from gaming to healthcare. While impressive, challenges remain, such as interpretability and efficiency. The future of AI is poised for growth, potentially transforming various sectors. Meanwhile, companies like Microsoft and IBM are leading the charge, pushing boundaries in areas like NLP. This is a key area to watch as we navigate the evolving landscape of artificial intelligence.",Sci/Tech
"In the first week of October, the final season of the men's men's soccer World Cup was just over, and the top seed of the tournament, Brazil, defeated Germany in the quarter-finals. The game was played at the iconic Soccer City in the heart of the city, and it was a historic moment for soccer fans and players alike. Brazil's performance was a testament to the resilience of the sport, showcasing the kind of determination required to win a championship that had been going on for nearly two decades.",World
"Google recently released the latest version of Android, Android 13, which aims to enhance performance, security, and user experience. The update is expected to bring significant improvements to the Android ecosystem, making it more intuitive for developers and users alike.",Business
"The 2023 World Cup final between Germany and France was a thrilling showdown, with both teams showing their resilience and skill. Germany's midfield showed great composure, and France's defense held firm. The game was full of action, with key players making crucial plays. Germany scored late in the second half, but a stunning header from France's star midfielder sealed the victory for the French team. The match was a historic showdown, with both teams proving their dominance in the tournament.",Sports
"The English Premier League has seen a thrilling update with a third consecutive win for their top team, Manchester United, on Friday. The club secured their third title in four years and highlighted their tactical brilliance in a 4-1 victory against a struggling team like Leicester City.",Sports
"In recent weeks, tensions have escalated in Russia's southern regions as protests over security and stability continue to dominate the scene. A local leader has issued a statement calling for immediate action against a figure who reportedly joined a terrorist group, sparking outrage across the country. This situation has raised concerns about the effectiveness of local governance in maintaining order, as it appears that efforts to address the issue may not be sufficient.",Sports
"The Los Angeles Rams have faced a new rule requiring their logo to be visible on the field, a change from the decades-old tradition. This could affect their championship appearances, potentially eliminating the logo requirement.",Sports
"Brazil successfully launched a test rocket from the Alcantara base in northern Brazil on Saturday, October 23. The two-stage VSB-30 prototype flew for seven minutes at an altitude of about 100 kilometers above the earth.",World
"In a thrilling update, the top-ranked basketball team in the world has secured its first victory in the Nations League, marking a significant milestone for them.",Sports
"In a thrilling match, two of the world's greatest football teams faced off in the World Cup final. The match was a showdown of skill, strategy, and determination. A young star from one of the teams made an impact with his innovative play, while an experienced player from the other team showcased his tactical brilliance. The game went to the final whistle, and the outcome was a perfect mirror of their performances. The winner will join forces with the defending champions in the next World Cup round. This match will be remembered for its intensity and the incredible performances on both sides.",Sports
"A significant portion of African countries has been affected by the COVID-19 pandemic, with many facing severe health challenges. The African Centers for Disease Control and Prevention (ACCP) has reported that over 40 million people globally have been infected, with the majority in Sub-Saharan Africa. Statistics show that the pandemic has led to a surge in hospitalizations, with countries like Nigeria, South Africa, and Kenya recording particularly high rates. The African government has emphasized the importance of international collaboration to contain the spread of the virus. This information highlights the global impact of the pandemic and the need for collective action.",Sports
"On December 15, 2023, in the heart of the Spanish football capital of Madrid, the 2023 World Cup final reached its peak as Real Madrid and Barcelona faced off in the most anticipated match of the season. The game was a testament to both teams' determination and skill, with Real Madrid's Spanish striker Lautaro一直 representing the club throughout the match, while Barcelona's Catalan striker Llo Blanch delves into the match highlights. The final was a thrilling 4-2 win for Real Madrid, with Lautaro becoming the first Spanish player to reach the World Cup final since 2018. This win not only secured Madrid's second consecutive World Cup title but also showcased the resilience and talent of both teams. The result was a significant milestone for the Spanish league and a historic moment for the entire football world.",Sports
"In a recent update to the New York Yankees' official website, it was revealed that ace pitcher David Adair, a veteran with a 12-year career in the game, is set to return to the mound after a six-game suspension. Adair, who has been recovering from an injury that left him out of the major leagues for the past six months, is making a significant step towards his return. The decision came after a series of setbacks, including a major injury that left him out of the league for the last six months, and a minor injury that left him out for the last two games. Adair is expected to take his place in the rotation, where he will be facing the team's starting lineup for the first time. This is a major step forward for the team and a positive sign for fans looking for reliable options in the upcoming season.",Sports
"The leading tech company, Tech Innovators, has unveiled a revolutionary AI-powered chatbot designed to enhance productivity for businesses worldwide. This new product is expected to significantly improve communication efficiency and streamline customer service.",Business
"A leading tech company reported a 15% increase in revenue this quarter, signaling strong market demand for their products.",Sci/Tech
"In a thrilling football match, a major injury has left the New England Patriots' running back, Joseph Randle, out of the game. The 30-year-old tight end is expected to miss the rest of the season as he takes a step towards recovery.",Sports
"Microsoft reported a 15% revenue increase in the first quarter, driven by its Windows 11 Premium launch and strong performance in the gaming sector. The company has shown resilience, indicating potential for future growth in the tech industry.",Business
"According to a recent report by the International Monetary Fund (IMF), China's real GDP is projected to grow at an average rate of 9% in 2004 and potentially slow to 7.5% in 2005. This data highlights the country's economic growth and the slowing pace of industrial development, which could have long-term implications for its economy and international relations.",Business
"New economic deal could shake up global trade relations, as $2.75 trillion agreement between the U.S. and China aims to reduce trade barriers and boost economic growth.",Business
"The US Women's Basketball Team has once again proved its dominance in the international scene with a thrilling 75-64 victory at the 2023 World Championship. The team, led by star player Kira Ford, showcased her exceptional performance with a series of clutch shots and defensive contributions. The win solidified their position as a powerhouse in women's basketball, a testament to their hard work and resilience.",Sports
"In recent weeks, global economic markets have shown signs of recovery after a period of significant volatility. This article explores the factors driving the recovery in key economies and the challenges ahead.",Business
"In recent years, artificial intelligence has transformed healthcare significantly. AI is being used to improve diagnostics, personalize treatments, and even manage chronic conditions more effectively. This shift is not only enhancing patient outcomes but also reducing costs and increasing accessibility in healthcare systems.",Sci/Tech
"The iPhone 15, Apple's latest smartphone, is set to launch globally on September 25th. The device features a 13.3-inch display with 128GB of storage and comes with a 12.9-inch curved fingerprint display. The launch marks Apple's continued dominance in the smartphone market, and its success has solidified its position as one of the most innovative companies in the world.",Business
"A new law that could affect internet service providers (ISPs) globally is being considered to limit their ability to block certain websites deemed to contain child pornography. This could lead to a significant decrease in job opportunities for companies that rely on ISPs, with estimates ranging from 51,000 to 61,000 jobs potentially being lost over the next year. However, companies that comply with the law will face reduced marketing and sales support. This development could have a mixed impact on both businesses and consumers, with some hoping for a positive outcome and others hoping for a more stable internet environment.",Sci/Tech
"The San Francisco 40ers, a powerhouse in the NFL, took top spot in the National Football Championship, securing a thrilling victory over the New York Giants on Sunday. The game, held at the New York Stadium, was a thrilling encounter, with the 40ers dominating the Giants 34-21. The win was a significant milestone for the 40ers, who have been on the radar since their 2022 season. The team's strong performance showcased their ability to handle high-stakes games and maintain high expectations for the upcoming season.",Sports
"A leading pharmaceutical company has announced a significant breakthrough in its new drug, enhancing the effectiveness of a targeted treatment for a rare condition. This development is expected to significantly impact the field of medical research and treatment options.",Sci/Tech
"The 2024 World Series is set to begin in San Francisco, California, with Major League Baseball teams competing for the championship.",Sports
"Tech Innovators Inc. reported a 15% increase in revenue for the second quarter, reflecting strong demand for their latest software product.",Business
"In a thrilling World Cup 2022 match, Brazilian athlete Luísrito da Silva emerged victorious in the 100m sprint final, breaking the world record and cementing his place among the sport's legends.",Sports
"A leading AI startup is expanding its operations into a new region, promising to unlock new opportunities for both the company and its customers.",Business
"Tech Innovators Inc. announces the launch of its groundbreaking AI-Powered Smart Home Automation System, revolutionizing the way homes are managed. The company, a leader in the tech industry, has secured a $25 million investment, underscoring its commitment to innovation. With a team of experts including [Expert's Name], who recently shared insights on the benefits of AI in modern living, the launch marks a significant step in the industry's evolution.",Business
