text,label,requested_label
"Sudanese President Omar al-Bashir has been arrested and charged with war crimes and crimes against humanity, according to the International Criminal Court. This comes after years of protests and unrest in the country, which has been plagued by political instability and human rights abuses. The ICC has been investigating allegations of war crimes and crimes against humanity committed in Darfur since 2003, and al-Bashir has been wanted by the ICC since 2009. The arrest is a major blow to the Sudanese government and could have significant implications for the country's future.",World,World
"LeBron James signs 5-year, $215 million contract extension with the Los Angeles Lakers",Sports,Sports
"Apple's new iPhone sales have slowed down, but the company is still on track to meet its revenue targets for the year. Analysts say the slowdown is due to increased competition in the smartphone market, but Apple remains confident in its ability to innovate and stay ahead of the game.",Business,Business
"The ongoing COVID-19 pandemic has highlighted the importance of global cooperation and solidarity. Leaders from around the world have come together to share knowledge, resources, and support each other in the fight against the virus. As the pandemic continues to spread, the international community remains united in its efforts to find a vaccine and bring an end to the crisis.",World,World
"The Dow Jones Industrial Average closed up 150 points today, led by gains in tech stocks. Apple's stock price reached an all-time high, surpassing $200 per share. Investors remain optimistic about the company's upcoming product launches and strong demand for its iPhones. #business #stockmarket #Apple",Business,Business
"RIO DE JANEIRO - Brazilian authorities have arrested a man accused of plotting to bomb the iconic Christ the Redeemer statue in Rio de Janeiro. The suspect, who has been identified as 27-year-old Vinicius Souza, was taken into custody on Wednesday after a tip from an anonymous source. According to police, Souza had been planning the attack for several months and had stockpiled explosives in a secret location. The statue, which is one of the most recognizable landmarks in the world, was closed to the public for security reasons after the arrest. The investigation is ongoing.",World,World
"Amazon has announced plans to expand its grocery delivery service to 200 new cities across the US, in a bid to take on traditional supermarkets. The move is expected to disrupt the retail industry and provide more convenience to customers. #AmazonGrocery #RetailDisruption",Business,Business
"Syrian President Bashar al-Assad has announced that his country will be withdrawing from the International Criminal Court, citing the need to protect its sovereignty. This move comes amidst ongoing international pressure on the Syrian government to account for war crimes committed during the country's devastating civil war.",World,World
Lebron James scores 50th career triple-double as Lakers defeat Warriors 120-118,Sports,Sports
Apple unveils new iPhone with improved camera and faster charging,Business,Business
"One of the tongue-in-cheek rules that we column-writers have is,  quot;Often wrong, never in doubt. quot; Take a stand, don #39;t duck and weave too much.",Business,
"Lionel Messi scored a hat-trick as Barcelona beat Manchester United 3-0 in the Champions League final. Messi's first goal was a stunning free kick from 25 yards out, and his second was a clinical finish into the bottom left corner. His third was a beautiful dribble past several defenders before finishing with a low shot into the far corner. Barcelona's victory brings their tally to four Champions League titles, and Messi's performance cements his status as the greatest player of all time.",Sports,Sports
"Syrian President Bashar al-Assad has announced that his country will withdraw from the International Criminal Court, citing a lack of trust in the global justice system. This move comes amid growing tensions between Syria and the UN over the ongoing conflict in the country.",World,World
"The United Nations has announced that it will be providing aid to a drought-stricken region in Africa, after a severe drought has left millions of people without access to clean water. The organization has called on other countries to join in the effort to provide relief to those in need.",World,World
"Researchers at MIT have developed a new AI algorithm that can generate realistic images of objects and scenes, even when the objects are not present in the training data. The algorithm uses a technique called 'generative adversarial networks' to create photorealistic images of objects such as cars, houses, and landscapes. The implications of this technology are vast, and could potentially revolutionize industries such as advertising, entertainment, and architecture. #SciTech #AI #GenerativeAlgorithms",Sci/Tech,Sci/Tech
"Researchers at MIT have developed a new material that can absorb and convert 100% of the sun's energy, making it a promising candidate for next-generation solar panels. The material, called 'solar absorbers,' is made of a combination of metals and organic molecules and is able to absorb a wider range of solar spectrum than traditional solar panels. This breakthrough could lead to more efficient and cost-effective solar energy production in the future. #solarenergy #renewableenergy #innovation",Sci/Tech,Sci/Tech
Nelson Valdez scored two goals to help holder Werder Bremen beat Bayer Leverkusen 3-2 on Wednesday to advance to the third round of the German Cup.,Sports,Sports
Singapore #39;s Prime Minister Lee Hsien Loong on Sunday night delivered his first National Day Rally speech since he was sworn in as the country #39;s third Prime Minister.,World,
"The United Nations has warned of a growing humanitarian crisis in Myanmar, where over 700,000 Rohingya Muslims have fled to Bangladesh to escape violence and persecution. The UN has called for urgent action to address the situation, including the need for safe and dignified living conditions for the displaced people.",World,World
Lionel Messi scores hat-trick as Barcelona beats Real Madrid 3-2 in El Clásico,Sports,Sports
"LeBron James had 26 points to become the youngest player in NBA history to score 2,000 points as the Cleveland Cavaliers ease to a 96-74 home win over the Chicago Bulls Saturday.",Sports,Sports
The New York Yankees have acquired pitcher Gerrit Cole from the Pittsburgh Pirates in a blockbuster trade. The 28-year-old right-hander is expected to bolster the Yankees' rotation and help the team compete for a championship.,Sports,Sports
"Microsoft has acquired LinkedIn for $26.2 billion, in a deal that could revolutionize the way businesses connect with customers and employees. The acquisition, which is the largest in Microsoft's history, is expected to close this year. #Microsoft #LinkedIn #Business",Business,Business
Syrian refugees overwhelmed by response to their plight,World,World
"Syrian President Bashar al-Assad has announced that his country has developed a new weapon system, which he claims is capable of destroying Israel. The announcement has raised concerns in the international community, with the United States and other nations calling for restraint. #Syria #Israel #Weapons",World,World
Lionel Messi scores twice as Argentina defeats Nigeria 3-2 in a thrilling friendly match at the San Siro.,Sports,Sports
Microsoft to Acquire LinkedIn for $26.2 Billion,Business,Business
"The death toll from the recent earthquake in Indonesia has risen to over 1,000, with many more injured. Rescuers are working around the clock to find survivors and provide aid to those affected. #Indonesia #earthquake",World,World
"With three games left in the season, the Redskins are still struggling to get their offense in sync. Despite a strong defense, they've been unable to convert crucial third downs and have fallen behind in the NFC East race. Can they turn things around in time?",Sports,Sports
"Scientists have discovered a new species of ancient human in the Philippines, which may have lived as recently as 50,000 years ago. The finding challenges the traditional view of human evolution in Asia and suggests that the region may have been home to multiple species of early humans. By Richard A. Preston. #SciTech #Archaeology #Evolution",Sci/Tech,Sci/Tech
"Researchers at MIT have developed a new material that can absorb and convert carbon dioxide into oxygen at an unprecedented rate. The new material, called 'CO2-Tron,' has the potential to revolutionize the way we tackle climate change. Learn more about this groundbreaking technology in our latest article.",Sci/Tech,Sci/Tech
"MOSCOW - The United Nations General Assembly has voted to condemn the ongoing violence in Syria, calling for an immediate ceasefire and political settlement. The resolution was passed by a vote of 123-12, with 36 abstentions. (Source: Reuters)",World,World
Lionel Messi scores hat-trick as Barcelona beats Real Madrid 3-2 in El Clasico,Sports,Sports
"Amazon is expanding its grocery delivery service to 200 new cities, aiming to reach half of the US population by the end of 2023. The move is expected to intensify competition with traditional grocery retailers and supermarkets. #Amazon #grocerydelivery #retail",Business,Business
"The world #39;s first private spaceship has blasted into the final frontier for the second time in five days, snatching the nearly 14-million dollar prize and founding a new era of space tourism.",Sci/Tech,
Lionel Messi scores hat-trick as Barcelona beats Real Madrid 3-2 in El Clásico,Sports,Sports
Yahoo and media agency OMD have conducted a study on the impact of internet denial on households. The study found that 13 US households experienced increased stress and frustration during a two-week period without access to the internet. The study highlights the growing importance of internet access in modern life and the need for more reliable and affordable internet infrastructure.,Business,Business
"At least 20 people were killed and dozens more injured in a bomb attack in a crowded market in the city of Peshawar, Pakistan. The attack is believed to have been carried out by a suicide bomber. The incident has raised concerns about the security situation in the region and the potential for further violence. #PeshawarBombing #Pakistan #Terrorism",World,World
The SEC has postponed by a year its plans to shorten the time companies have to file their annual reports -- a move expected to help firms more easily adopt Sarbanes-Oxley reporting requirements. #business #finance,Business,Business
"Apple has patented a new design for its upcoming iPhone, which features a larger screen and a sleeker overall look. The new design is expected to be a major improvement over the current model and could give Apple a competitive edge in the market. (Source: CNET)",Business,Business
LeBron James scores 50 points in Cavaliers' win over Knicks,Sports,Sports
"Ryan Moore staged a remarkable comeback to overhaul Luke List in the 36-hole final of the US amateur championship at the Winged Foot Golf Club on Sunday. Moore, who was trailing by three strokes heading into the final round, carded a 4-under-par 66 to win by a single stroke. The victory marks Moore's second major title in the sport, and he is now the top-ranked amateur golfer in the world.",Sports,Sports
"The United Nations has condemned the ongoing violence in Syria, calling for an immediate ceasefire and humanitarian aid access. The organization also expressed concern over the growing number of refugees fleeing the country. #Syria #UN #Refugees",World,World
Microsoft unveils new AI-powered tool to streamline business operations,Business,Business
"Nintendo, Sony ready rival portable gaming devices. Which one will gamers go for?",Sci/Tech,
Lionel Messi scores hat-trick as Barcelona beats Real Madrid 3-2 in El Clásico,Sports,Sports
Coach Bill Cowher finally confirmed yesterday the Pittsburgh Steelers'' worst-kept secret: Duce Staley is in at running back and Jerome Bettis is out again.,Sports,
IBM plans to start shipping its PCs with a new chip designed to thwart hackers by safeguarding passwords and other sensitive identity information.,Sci/Tech,
"Syrian President Bashar al-Assad has announced that his country has developed a new weapon that can wipe out entire cities. The weapon, known as the 'Syrian Doomsday Device', has been in development for several years and is now ready for use. Assad claims that the device is a last resort against foreign intervention in Syria's civil war. International leaders have condemned the development, calling it a 'grave threat to global security'.",World,World
"So a few weeks ago, the two astronauts who live there tossed out some useless junk, like so many old hubcaps for the trash heap. Only this stuff floated away in space.",Sci/Tech,
"Apple Computer's marketing chief Phil Schiller unveiled the newest version of the popular iMac at the Apple Expo in Paris on Tuesday. The new iMac features a sleek new design and improved performance, and is expected to be a major hit in the tech industry. #Apple #iMac #Tech",Business,Business
Rafael Nadal wins record-breaking 13th Grand Slam title at Australian Open,Sports,Sports
"Syrian Civil War continues to rage on, with over 500,000 deaths and millions displaced. UN calls for immediate ceasefire and peace talks. #Syria #CivilWar #PeaceTalks",World,World
"Syrian Refugees Overwhelm Border Crossings in Europe, Leaving Aid Groups Struggling to Keep Up",World,World
"NASA's New Horizons probe has captured stunning images of Ultima Thule, a distant Kuiper Belt object. The probe flew by the object on New Year's Eve and returned the first close-up images of the celestial body. Scientists are hailing the images as a major breakthrough in the field of astrophysics. #NASA #NewHorizons #UltimaThule",Sci/Tech,Sci/Tech
Lionel Messi scores hat-trick as Barcelona beats Real Madrid 3-2 in El Clásico,Sports,Sports
"Researchers at MIT have developed a new material that can absorb and convert 100% of the sun's energy, making it a promising candidate for next-generation solar panels. The innovative material, called 'Solar-Ski,' is made of a combination of organic and inorganic materials and is capable of capturing and converting both visible and ultraviolet light. According to the team, Solar-Ski could significantly increase the efficiency of solar panels and help reduce our reliance on fossil fuels. #solarsolar #renewableenergy #innovation",Sci/Tech,Sci/Tech
Some 800 Palestinian detainees in Israel #39;s Ashkelon prison have suspended their 13-day-old hunger strike until Monday after some of their demands were met.,World,
Syrian refugees arrive in Canada after long journey,World,World
"Syrian refugees arrive in Germany, seeking safety and a new life",World,World
"Syrian President Bashar al-Assad has announced that his country will hold presidential elections in the coming weeks, despite ongoing international pressure to step down. The election is expected to take place in the next few months, and Assad has vowed to continue his leadership of the country. The move has been met with skepticism by many in the international community, who view Assad's regime as illegitimate and say that the election will not be free or fair.",World,World
"SAN FRANCISCO - Cisco Systems Inc. channel partners will be able to offer real-time monitoring of enterprises' networks after the company agreed to acquire NetSolve Inc., the networking giant said Thursday. The acquisition will enable Cisco to provide more comprehensive security solutions to its customers, according to the company. #cisco #networksecurity #acquisition",Business,Business
"Sony to Acquire Crunchyroll for $1.1 Billion, Expanding Its Global Reach",Business,Business
"Pro football: Chiefs vs. Patriots at Gillette Stadium, 8:20 p.m.",Sports,Sports
"ATHENS -- A year ago in Anaheim, Calif., they were out of uniform and on crutches, their world meet over before it began, their careers in doubt. Annia Hatch had dislocated her left knee and torn her anterior cruciate ligament. Courtney Kupets had ruptured her left Achilles' tendon. Last night, they were both on the Olympic medal stand with medals around their necks.",Sports,Sports
U.S. tanks and snipers took up positions near the revered Imam Ali Shrine and engaged in fierce battles with militants.,World,
"NASA's Artemis program aims to return humans to the lunar surface by 2024. The program is focused on establishing a sustainable presence on the Moon and eventually expanding to Mars and beyond. With the recent successful test of the Space Launch System (SLS) rocket, NASA is one step closer to realizing this ambitious goal.",Sci/Tech,Sci/Tech
"The study, which was conducted by Yahoo and media agency OMD, examined the way in which 13 US households reacted to being denied access to the internet for two weeks.",Sci/Tech,
Lionel Messi scores hat-trick as Barcelona thrashes Real Betis in La Liga,Sports,Sports
"North Korea has announced that it has successfully tested a new ballistic missile, sparking concern among world leaders and diplomats. The test, which took place on Saturday, is the latest in a series of provocative actions by the rogue state. The United Nations Security Council is set to hold an emergency meeting to discuss the situation and potential responses. #NorthKorea #BallisticMissile #WorldNews",World,World
"ECI Conferencing Services, the largest privately-held full-service audio and web conferencing provider, today announced it has renewed its partnership contract with a major global bank. The multi-year agreement will provide the bank with ECI's state-of-the-art conferencing solutions, including audio and web conferencing, collaboration tools, and 24/7 technical support. ECI's advanced conferencing platform will enable the bank to enhance its remote meetings and collaboration, streamline its operations, and improve customer satisfaction.",Business,Business
"Apple's new iPhone sales are up 50% in the first quarter, driven by the popularity of the new iPhone 12 Pro model. The company is expected to report a strong quarterly earnings growth despite the ongoing global pandemic. #Apple #iPhone #business",Business,Business
"Researchers at MIT have developed a new AI system that can generate realistic images of objects and scenes, even when the objects are not present in the training data. The system uses a technique called 'generative adversarial networks' to create the images, which could have applications in fields such as entertainment, education, and product design.",Sci/Tech,Sci/Tech
"Global software giant Microsoft has announced plans to acquire AI startup Bonsai for an undisclosed amount. Bonsai's technology will help Microsoft enhance its Azure cloud platform with AI-powered tools for developers. The deal is expected to close by the end of the year, pending regulatory approvals.",Business,Business
Lewis Hamilton wins record-breaking 7th Formula One world championship title,Sports,Sports
"Microsoft has acquired LinkedIn for $26.2 billion, in a move to expand its reach in the professional networking space. The acquisition is expected to help Microsoft compete more effectively with Facebook and Google in the growing market for digital professional services. #Business #Microsoft #LinkedIn",Business,Business
"SAN FRANCISCO (Reuters) - Tech giant Apple has announced plans to expand its renewable energy portfolio by investing $300 million in a new solar farm in Arizona. The farm, which is expected to be completed in 2023, will generate 100 megawatts of power and help reduce the company's reliance on fossil fuels. Apple has made a commitment to power 100% of its facilities with renewable energy, and this latest investment is a significant step towards achieving that goal.",Business,Business
"Dell's Photo All-In-One Printer 962 prints, scans, faxes and copies for $179.",Business,Business
"LeBron James scores 50 points in the NBA finals, leading the Los Angeles Lakers to a thrilling victory over the Miami Heat.",Sports,Sports
"ATHENS, 27 August - The world is bracing for the potential impact of a powerful hurricane that is expected to make landfall in the next 24 hours. The storm, which has already caused widespread destruction in the Caribbean, is forecast to bring heavy rain and winds of up to 180 miles per hour to the eastern seaboard of the United States. Emergency services are on high alert and preparations are underway to evacuate thousands of people from the affected areas. #Hurricane #StormSurge #EmergencyResponse",World,World
"The Reds picked up Sean Casey's contract option for 2006 on Friday, an indication they have no intention of trading the popular first baseman who is among the team's highest-paid players.",Business,Business
"Researchers at MIT have developed a new AI algorithm that can create realistic images of objects and scenes, even when the objects are not present in the training data. The algorithm uses a technique called 'generative adversarial networks' to create the images, which could have applications in fields such as entertainment, advertising, and education. #SciTech #AI #Imaging",Sci/Tech,Sci/Tech
"Syrian forces have retaken control of the strategic town of Palmyra from Islamic State (IS) militants, in a major blow to the extremist group's grip on the country. The victory comes after a months-long offensive by the Syrian army and its allies, and marks a significant turning point in the conflict. #Syria #Palmyra #World",World,World
"Migrant crisis in Europe reaches new heights as thousands of refugees arrive on Greek islands, overwhelming local infrastructure and resources. International community scrambles to find solution to humanitarian crisis.",World,World
Amazon has announced plans to expand its grocery delivery service to 30 new markets across the United States. The move is expected to increase competition in the grocery delivery market and provide more convenience for customers. #AmazonGrocery #GroceryDelivery #Retail,Business,Business
"NASA's Parker Solar Probe has successfully entered the sun's corona, becoming the first spacecraft to ever do so. The probe, launched in 2018, has been studying the sun's outer atmosphere and has made several groundbreaking discoveries. #ParkerSolarProbe #Sun #SpaceExploration",Sci/Tech,Sci/Tech
Lionel Messi scores twice as Barcelona beats Real Madrid 3-2 in El Clasico,Sports,Sports
Lionel Messi scores twice as Barcelona beats Atlético Madrid 3-2 in thrilling Champions League tie,Sports,Sports
"The death toll from the recent earthquake in Turkey has risen to 40, with hundreds more injured. Rescuers are still searching for survivors in the rubble of collapsed buildings. #TurkeyEarthquake #DisasterRelief",World,World
"Sony's new wireless headphones have been a huge success, with sales exceeding expectations. The headphones, which were released last month, have been praised for their high-quality sound and sleek design. Sony has seen a significant increase in sales of its wireless headphones in recent weeks, with many customers praising the product on social media. The company is expected to continue to be a major player in the wireless headphone market in the coming years.",Business,Business
"Microsoft to Acquire LinkedIn for $26.2 Billion, Expanding Its Reach in Professional Networking",Business,Business
"Sony Electronics Inc. opens small storefront in Los Angeles, few take notice",Business,Business
"Microsoft's dominance of Internet client software may be challenged by alternative Web browsers, says Marc Andreessen, one of the founders of Netscape. He believes that Microsoft's aggressive tactics could backfire and lead to increased competition in the market. #Microsoft #WebBrowsers #Technology",Business,Business
"Syrian refugees overwhelmingly reject return to war-torn homeland, survey finds",World,World
"LeBron James scored 40 points and grabbed 10 rebounds to lead the Los Angeles Lakers to a 118-109 win over the Golden State Warriors. It was James' third 40-point game of the season and his 77th career 40-point game, moving him into third place on the NBA's all-time list. The Lakers have won three straight games and are now 15-8 on the season.",Sports,Sports
LeBron James scores 50th career triple-double as Lakers beat Knicks,Sports,Sports
"Syrian President Bashar al-Assad has denied allegations of his government's complicity in the killing of Palestinian protesters in Gaza, saying that his country is committed to peaceful resolutions to the conflict. (Source: Al Jazeera)",World,World
"NASA's new space telescope has captured stunning images of distant galaxies, revealing never-before-seen details about the universe's evolution. The telescope's advanced technology allows it to detect light that is billions of years old, providing scientists with a unique window into the cosmos's past. #NASA #SciTech",Sci/Tech,Sci/Tech
"Researchers at MIT have developed a new material that can absorb and convert carbon dioxide into oxygen at an unprecedented rate. The material, called 'Metal-Organic Frameworks,' has the potential to revolutionize the way we tackle climate change. Read more at <https://www.technologyreview.com/s/614461/mit-material-could-help-tackle-climate-change/>",Sci/Tech,Sci/Tech
"Sony has embarked on a potential collision course with music groups, including its own Sony BMG joint venture, over MP3 digital song files.",Sci/Tech,
Johnny Football leads Ohio State to dominant victory,Sports,Sports
LeBron James scores 50 points in Cavaliers' win over Warriors,Sports,Sports
Jewish leaders expressed growing frustration this week with continuing anti-Semitic violence in Europe following the torching of a Jewish community center in Paris early Sunday.,World,
"NASA's Curiosity rover has discovered evidence of a past habitable environment on Mars, according to a new study. The rover analyzed rocks and soil samples from the Martian surface and found signs of water and organic molecules, which are key ingredients for life. The findings suggest that Mars may have been habitable in the past, and could potentially be again in the future. #Mars #Science #Space",Sci/Tech,Sci/Tech
"Apple announced its quarterly earnings, beating expectations with revenue of $53.3 billion and net income of $10.7 billion. The company's stock price surged 5% after the news, reaching an all-time high.",Business,Business
"Lewis Hamilton wins thrilling Belgian Grand Prix, extends lead in drivers' championship",Sports,Sports
LeBron James scores 40 points in Lakers' win over Celtics,Sports,Sports
Syrian refugees arrive in Canada after long journey,World,World
"Gaza ceasefire holds as Egypt, UN work to extend truce",World,World
Terrmel Sledge hit a tiebreaking RBI double in the eighth inning and the Montreal Expos opened the team's final series before the franchise moves to Washington with a 4-2 victory over the New York Mets on Friday night.,Sports,Sports
"Mobility and scallops marinated in truffle oil, anyone? Fine dining will be the reward for those who venture to the remote island of Tromsø in Norway. The island, located in the Arctic Circle, is known for its stunning fjords and rugged landscapes, but it's also home to some of the most exotic and delicious seafood in the world. Visitors can indulge in freshly caught scallops, shrimp, and lobster, all while taking in the breathtaking scenery of the Arctic wilderness. #Tromsø #ArcticCuisine #FineDining",World,World
"North Korea has announced that it has successfully tested a new intercontinental ballistic missile, sparking concern among global leaders. The missile, known as the Hwasong-15, is believed to have the capability to reach the United States mainland. The test comes amid heightened tensions between North Korea and the US, which have been escalating in recent months. World leaders are urging restraint and caution in the face of this development.",World,World
"Amazon announced plans to expand its grocery delivery service to 100 new cities across the US, aiming to reach 75% of the population by the end of 2023. The move is expected to boost the company's growth and increase competition in the grocery delivery market.",Business,Business
"AFP - French pharmaceutical group Sanofi-Synthelabo formally announced the birth of Sanofi-Aventis, the world''s third-largest pharmaceutical company, ranking number one in Europe.",World,
Researchers at MIT have developed a new material that can absorb and convert carbon dioxide into oxygen at an unprecedented rate. The breakthrough could help reduce the amount of greenhouse gases in the atmosphere and slow down global warming. #SciTech #ClimateChange,Sci/Tech,Sci/Tech
"SAN FRANCISCO - Google announced plans to expand its cloud computing services, competing directly with Amazon and Microsoft. The company unveiled a new suite of tools and services aimed at enterprise customers, including a fully managed database service and a serverless computing platform. Analysts say the move is a strategic bid to challenge the dominance of Amazon Web Services and Microsoft Azure in the cloud computing market. #GoogleCloud #CloudComputing #AWS #Azure",Business,Business
"Researchers at MIT have developed a new material that can absorb and convert carbon dioxide into oxygen at an unprecedented rate. The new material, called 'Metal-Organic Framework,' or MOF, has the potential to revolutionize the way we tackle climate change. Learn more about this groundbreaking discovery in our latest article.",Sci/Tech,Sci/Tech
"Apple's newest product launch has everyone talking. The iPhone 12 Pro Max has exceeded expectations with its cutting-edge technology and sleek design. But the real excitement is around the company's plans for the future, including the rumored release of an augmented reality headset. Will it be the next big thing in tech?",Business,Business
"Syrian refugees arrive in Germany, seeking safety and a new life after fleeing war-torn homeland. #Syria #Germany #refugees",World,World
"Maoists rebels have lifted a blockade that cut Nepal #39;s capital Kathmandu off from the rest of the country for a week. In a statement released Tuesday, however, the rebels warned the ",World,
"Barnstable had the upperhand once again. The Red Raiders are one win away from defending their MIAA Division 1 state volleyball championship after blanking Chelmsford, 3-0, in the semifinals last night in Mansfield. It was the second time this fall Chelmsford had been frustrated by the powerful Barnstable lineup.",Sports,Sports
"Open Source Development Labs, a Beaverton, Ore.-based consortium devoted to improving Linux, has hired an attorney to handle intellectual-property matters and has opened a branch office in Beijing, the group said this week. #business",Business,Business
Lionel Messi scores hat-trick as Barcelona beats Real Madrid 3-2 in El Clásico,Sports,Sports
"Carson Palmer kept throwing and throwing, and by the time he was finished with Notre Dame two years ago, Southern California had a one-sided victory and the quarterback had locked up the Heisman Trophy.",Sports,Sports
"DALLAS (AP) - Dirk Nowitzki scored 25 points, including a go-ahead three-pointer with 31 seconds left, to lead the Dallas Mavericks to a 95-92 victory over the Los Angeles Lakers on Tuesday night. Nowitzki also had 10 rebounds and 4 assists as the Mavericks won their second straight game.",Sports,Sports
"Scientists have discovered a new species of ancient human in the Philippines, which may have co-existed with the well-known Homo sapiens in the region. The new species, known as Homo luzonensis, lived on the island of Luzon at least 50,000 years ago and had a unique set of physical features, including a small brain and a bony structure in the inner ear. The findings were published in the journal Nature on Wednesday. #SciTech #Archaeology #HumanEvolution",Sci/Tech,Sci/Tech
"BOSTON (AP) - Scientists have discovered a new species of ancient human in the Philippines, which they believe lived around 50,000 years ago. The species, known as Homo luzonensis, had a unique set of physical characteristics and lived on the island of Luzon during the Pleistocene era. The findings were published in the journal Nature on Wednesday. #SciTech #Archaeology #HumanEvolution",Sci/Tech,Sci/Tech
"Researchers at MIT have developed a new material that can absorb and convert 100% of the sun's energy, making it a promising solution for sustainable energy production. The material, called 'solar absorber,' is made of a combination of materials that are highly efficient at converting sunlight into electricity. The team hopes to have the technology ready for commercial use within the next five years.",Sci/Tech,Sci/Tech
"The United Nations has announced that it will launch a global initiative to combat the growing threat of antibiotic resistance. The initiative, which will be launched in the coming months, aims to raise awareness about the issue and promote the development of new antibiotics. The UN says that the problem of antibiotic resistance is becoming increasingly serious, with the World Health Organization estimating that it could cause 10 million deaths annually by 2050. The initiative will involve governments, health organizations, and private sector companies working together to address the issue.",World,World
"Tesla's stock soars after blowout quarter, analysts predict continued growth",Business,Business
"Vienna, Austria (Sports Network) - English midfielder Steven Gerrard will likely miss Saturday #39;s World Cup qualifier against Austria with a groin injury.",Sports,
Oracle Corp. plans to nominate four candidates for election to rival PeopleSoft Inc.''s board of directors as part of its battle to acquire the rival software company.,Business,Business
Lionel Messi scores hat-trick as Barcelona beats Real Madrid in El Clásico,Sports,Sports
Cristiano Ronaldo scores hat-trick as Juventus beats AC Milan 3-0 in Serie A opener,Sports,Sports
"Researchers at MIT have developed a new AI algorithm that can generate realistic images of objects and scenes, using only a verbal description. The breakthrough could revolutionize the field of computer graphics and have significant implications for industries such as entertainment and advertising. #SciTech #AI",Sci/Tech,Sci/Tech
Lionel Messi scores hat-trick as Barcelona beats Real Madrid 3-2 in El Clásico,Sports,Sports
Apple announces new iPhone with improved camera and faster charging,Business,Business
FULHAM #39;S United old boy Andy Cole fears his former team are poised to leave their critics red-faced. The Reds haven #39;t lost in the Premiership since defeat at Portsmouth six matches ago when they were being written off in the title race.,Sports,
"WASHINGTON - The US job market brightened in August as employers added 144,000 workers to their payrolls and hiring totals for the two prior months were revised up, the Labor Department (search) reported on Friday.",Business,
"Syrian refugees are facing a new challenge as they try to rebuild their lives in Europe. Many are struggling to find affordable housing, and some have been forced to live in makeshift camps. The situation is dire, with winter approaching and many families facing the prospect of homelessness.",World,World
Lionel Messi scores hat-trick as Barcelona beats Real Madrid 3-2 in El Clásico thriller,Sports,Sports
"LONDON (Reuters) - The United Nations Security Council held an emergency meeting on Monday to discuss the ongoing crisis in Ukraine, after Russian President Vladimir Putin ordered the deployment of troops to the border with Ukraine. The move has raised concerns of a potential military conflict in the region. #Ukraine #Russia #WorldNews",World,World
"NASA's Kepler space telescope has discovered a new exoplanet with the potential to support life. The exoplanet, located 400 light-years from Earth, has a rocky surface and orbits a G-type star, making it a promising candidate for hosting liquid water and life. The discovery was announced in a paper published in The Astrophysical Journal. #Kepler #exoplanet #astrobiology",Sci/Tech,Sci/Tech
"LONDON - The United Nations has announced that it will hold an emergency meeting to discuss the ongoing conflict in Yemen, after the country's infrastructure was severely damaged in a recent attack. The meeting is expected to take place next week and will involve representatives from several countries, including the US, UK, and Saudi Arabia. The situation in Yemen has been deteriorating for months, with both sides accusing each other of aggression and human rights abuses. The UN has been urging both sides to find a peaceful solution, but so far, no progress has been made.",World,World
"Major League Baseball announced today that the Toronto Blue Jays will face off against the New York Yankees in a highly anticipated interleague matchup next week. The game is expected to be a fierce competition, with both teams boasting strong lineups and talented pitching staffs. Fans are eagerly awaiting the matchup, with tickets selling quickly. Will the Blue Jays continue their winning streak, or will the Yankees prove their dominance?",Sports,Sports
"Researchers at MIT have developed a new material that can absorb and convert 100% of the sun's energy, making it a potential game-changer for sustainable energy production. The material, called 'solar absorber,' is made of a combination of metals and polymers and is capable of capturing and converting sunlight into electricity with unprecedented efficiency. The team plans to test the material in a real-world setting next, with the goal of making it ready for commercial use within the next five years.",Sci/Tech,Sci/Tech
The following is a verbatim copy of a open letter to the Linux community issued by PalmSource. Read on for more information about the new acquisition and FAQs about how PalmSource will use the new resources and the new Palm OS Cobalt version of Linux.,Sci/Tech,
"The death toll from the recent floods in Venice, Italy has risen to 7, with over 100,000 people evacuated from their homes. The city's historic center is still underwater, with many cultural artifacts and landmarks destroyed. The Italian government has declared a state of emergency and is working to provide aid to those affected.",World,World
"SAN FRANCISCO (Reuters) - Twitter announced plans to expand its advertising business by offering new targeting options for marketers, including the ability to reach users based on their interests and behaviors on and off the platform. The move is expected to boost Twitter's revenue growth and solidify its position as a leading social media advertising platform. #Twitter #Advertising #Marketing",Business,Business
"MILAN (Reuters) - The United Nations has warned that the ongoing conflict in Yemen could lead to a major humanitarian crisis, with millions of people at risk of starvation and disease. The organization is urging all parties to the conflict to allow unhindered access to aid workers and to prioritize the protection of civilians. #Yemen #HumanitarianCrisis",World,World
"With few junk e-mail filters supporting a protocol for verifying the source address of digital messages, spammers have adopted it themselves as a way to appear more legitimate, stated a report released on Wednesday.",Sci/Tech,
"Lleyton Hewitt of Australia moved into the quarterfinals of the Legg Mason Tennis Classic with a 6-3, 6-2 victory over Alejandro Falla of Colombia in Washington. Hewitt, 32, won 14 of the last 17 games to secure the win and advance to the next round. The victory was Hewitt's 50th career win at the ATP Tour level.",Sports,Sports
IBM Corp has announced that it will launch a new low-budget version of its BladeCenter chassis for blade servers in an effort to make the blade machines more appealing to budget conscious customers in the small- and mid-sized market.,Sci/Tech,
Performance venues there can now install signal-jamming equipment to deal with rude mobile-phone users.,Sci/Tech,
The New York Yankees have acquired pitcher Gerrit Cole from the Pittsburgh Pirates in a blockbuster trade. The 28-year-old right-hander is expected to bolster the Yankees' rotation and help them compete in the competitive American League East.,Sports,Sports
"Tammy Haulcy drilled a 3-pointer at the buzzer, lifting UMass-Lowell to a 68-65 victory over Pace last night at Costello Gym in the River Hawks' Northeast-10 Conference opener. UMass-Lowell (2-0) sank eight 3-pointers in all, including four by Mariette Guillaume, who was one of three River Hawks in double figures. Sacha Simms led the way with 15 points, and Enjoli ...",Sports,Sports
"AP - A sick man among the sick, Pope John Paul II struggled through Sunday Mass at a French shrine that draws desperate people seeking miracle cures. The 84-year-old pontiff gasped, trembled and asked aides for help during the 2 1/2 hour service in sizzling heat.",World,
Miami Heat star guard Jimmy Butler has been ruled out for tomorrow's game against the Los Angeles Lakers due to a left knee sprain. The team is expected to provide an update on his status after the game.,Sports,Sports
"CINCINNATI -- Joe Burrow threw for 400 yards and 4 touchdowns as the Bengals defeated the Steelers 37-20. Burrow's performance was overshadowed by a controversial call in the final minutes of the game, which left the Bengals fans stunned and outraged.",Sports,Sports
"MIAMI - Just when it appeared Eddie Jones was becoming a has-been offensively, the 33-year-old reached back in time Saturday against Washington and had one of the best rapid-fire showings of his five-year Heat career. Jones scored 22 points in the fourth quarter, including the game-winner with 3.8 seconds remaining, as the Heat defeated the Wizards 105-103. The victory was Miami's third in a row and improved their record to 20-15.",Sports,Sports
"The ongoing conflict in Syria has resulted in the deaths of over 500,000 people and displaced millions, according to the United Nations. The humanitarian crisis continues to worsen as winter sets in and aid organizations struggle to reach those in need. Meanwhile, diplomatic efforts to find a peaceful resolution to the conflict have yet to yield significant progress.",World,World
Researchers at MIT have developed a new material that can absorb and convert carbon dioxide into oxygen at an unprecedented rate. The breakthrough could help combat climate change by reducing the amount of greenhouse gases in the atmosphere. #SciTech #ClimateChange,Sci/Tech,Sci/Tech
"NASA scientists have discovered a new exoplanet with conditions similar to those of Earth. The planet, named Proxima b, orbits the nearest star to the Sun and could potentially support life. #SciTech #Exoplanet #NASA",Sci/Tech,Sci/Tech
"BANGALORE, India Anil Kumble, the Indian spin bowler, took three wickets Wednesday to reach 400 in test matches as the first day of the first test against Australia finished finely balanced.",Sports,
"LeBron James scores 50 points in NBA All-Star Game, sets new record",Sports,Sports
"Amazon is reportedly planning to launch a new grocery store concept, called Amazon Fresh, in several US cities. The new store will offer a wide selection of fresh produce, meat, dairy, and other household essentials, as well as a convenient pickup and delivery service. The move is seen as a challenge to traditional grocery stores and supermarkets, and is expected to further solidify Amazon's position as a leader in the e-commerce space. #Amazon #Fresh #GroceryStore",Business,Business
LOS ANGELES A source says Hollywood movie studios are preparing to sue computer users they say are illegally distributing movies online.,Sci/Tech,
"BusinessWeek Online - For 35 years, Advanced Micro Devices Inc.  stood in the shadow of archrival Intel Corp.  AMD churned out lower-priced clones of the tech leader''s chips and occasionally enjoyed a hit that helped boost its meager profits. But bad times easily outweighed the good. Again and again, Intel used its manufacturing muscle and pricing power to stymie AMD''s ambitions, preventing it from gaining a foothold in lucrative markets such as servers and corporate PCs.",Sci/Tech,
"Microsoft has introduced a new, optional trial as part of the Windows download website. The Windows Genuine Advantage program asks visitors to the site whether it is okay for Microsoft to check whether they are running a legitimate copy of Windows.",Business,Business
Lionel Messi scores hat-trick as Barcelona beats Real Madrid 3-2 in El Clásico thriller,Sports,Sports
Thats when you can get yours and how much you would pay. That is if you live in Japan. Sony today announced the release date and price for its new portable game system.,Sci/Tech,
"Gaza conflict escalates as Israel launches airstrikes, Hamas fires rockets",World,World
"Syria begins pulling back troops from Lebanon, amid international pressure",World,World
"Migrant crisis in Europe worsens as hundreds of refugees die attempting to cross the Mediterranean Sea. Turkey and Greece struggle to cope with the influx of refugees fleeing war and persecution in Syria, Iraq, and Afghanistan. International community scrambles to find a solution to the humanitarian crisis.",World,World
Syrian refugees face new challenges in Europe as winter sets in,World,World
"New AI algorithm can predict earthquakes with 90% accuracy, scientists say. Study shows machine learning technique can detect patterns in seismic data that human analysts miss. #earthquakeprediction #AI #sciencetech",Sci/Tech,Sci/Tech
"Deadly Cyclone Hits Coastal Areas in Bangladesh, Leaving Thousands Homeless",World,World
Speakeasy receives investment from Intel to test new wireless internet technology,Business,Business
"Researchers at MIT have developed a new material that can absorb and convert carbon dioxide into oxygen at an unprecedented rate. The new material, called 'Metal-Organic Frameworks,' could help reduce carbon emissions and mitigate the effects of climate change. #SciTech #ClimateChange",Sci/Tech,Sci/Tech
Darius Walker sprinted around right end and ran untouched into the south end zone for a 6-yard touchdown Saturday.,Sports,Sports
"Syrian President Bashar al-Assad has announced that his country will grant amnesty to all rebels who lay down their weapons and surrender, in a bid to end the country's six-year civil war. The move comes as the Syrian army makes gains against extremist groups in the north of the country. #Syria #CivilWar #Assad",World,World
Lionel Messi scores hat-trick as Barcelona beats Real Madrid 3-2 in El Clasico,Sports,Sports
"Sales of electric vehicles are surging, with Tesla leading the charge. The company has reported a 60% increase in deliveries in the first quarter, with the Model 3 being the best-selling model. Analysts attribute the growth to increasing consumer demand for sustainable and environmentally-friendly transportation.",Business,Business
"Oracle follows Microsoft and decides to roll patches out on a monthly timetable, but does that make customers more secure?",Business,Business
"Researchers at MIT have developed a new AI system that can generate realistic images of objects and scenes, even when the objects are not present in the training data. The system uses a generative model to learn the patterns and structures of objects and scenes, and can generate new images that are indistinguishable from real-world examples. This breakthrough could revolutionize the field of computer graphics and have significant implications for industries such as entertainment, advertising, and e-commerce.",Sci/Tech,Sci/Tech
"The Blue Raiders knew their coach, Whit Horton, would be retiring after their final game. Yesterday, they gave Horton the best retirement gift possible, the MIAA Division 2 state title, taking a 1-0 win over their rivals. The team's hard work and dedication paid off in the end, and they celebrated their victory with Horton on the field.",Sports,Sports
"LONDON (AP) -- The United Nations has announced that it will hold an emergency meeting to address the ongoing humanitarian crisis in Myanmar, where the military has been accused of committing atrocities against the Rohingya minority. The meeting is scheduled to take place next week and will bring together representatives from over 50 countries to discuss the situation and potential solutions. ",World,World
"NASA's Kepler space telescope has discovered a record-breaking 40 exoplanets, including some that are similar in size to Earth. The telescope, which was launched in 2009, has been scanning the skies for exoplanets using the transit method, which detects the dimming of stars as planets pass in front of them. The new discoveries bring the total number of exoplanets discovered by Kepler to over 4,000. Scientists believe that the findings could help unlock the secrets of how planets form and evolve in our galaxy. #KeplerTelescope #Exoplanets #Astronomy",Sci/Tech,Sci/Tech
Samsung unveils new flagship smartphone with cutting-edge technology,Business,Business
Chelsea FC has announced the signing of young midfielder Callum Hudson-Odoi on a long-term contract. The 18-year-old England international has impressed in pre-season training and is expected to make his debut in the coming weeks. #ChelseaFC #Soccer #Transfers,Sports,Sports
Lionel Messi scores hat-trick as Barcelona beats Real Madrid 3-2 in El Clásico,Sports,Sports
"Migrant crisis in Europe worsens as more than 2,000 people rescued in the Mediterranean in a single day. #World",World,World
Lionel Messi scores hat-trick as Barcelona beats Real Madrid 3-2 in El Clásico,Sports,Sports
NASA's Artemis program aims to send the first woman and the next man to the lunar surface by 2024. The program also includes plans to establish a sustainable presence on the Moon and pave the way for further human exploration of the solar system. #NASA #ArtemisProgram #MoonExploration,Sci/Tech,Sci/Tech
"Samsung Electronics has announced plans to invest $140 million in a new manufacturing facility in Texas, creating over 1,000 jobs in the region. The facility will produce semiconductors for Samsung's mobile devices, including the Galaxy S and Galaxy Note series. The investment is part of Samsung's efforts to expand its production capacity and meet growing demand for its products. ",Business,Business
"Siemens mobile has warned users about a software-related defect in its 65 product series, the C65, CX65, M65, S65 and SL65 may cause an extremely loud melody when the battery is run down causing your connection to be lost.",Business,Business
"The global COVID-19 pandemic has spread to over 200 countries and territories, with cases reported in every region of the world. The World Health Organization (WHO) has declared the pandemic a global health emergency, and governments around the world are implementing unprecedented measures to slow the spread of the virus. The pandemic has had a significant impact on the global economy, with many countries imposing lockdowns, travel restrictions, and other measures to contain the virus. The WHO has warned that the pandemic is likely to get worse before it gets better, and has called for international cooperation and support to help mitigate its effects.",World,World
"NASA's latest Mars rover, Perseverance, has successfully landed on the red planet and is already making groundbreaking discoveries. The rover is equipped with advanced instruments to study the Martian geology and search for signs of past or present life on the planet. #MarsLanding #NASA #SciTech",Sci/Tech,Sci/Tech
"The United Nations has announced that it will hold an emergency meeting to address the ongoing crisis in Yemen. The meeting will bring together representatives from over 50 countries to discuss potential solutions to the conflict, which has left thousands of civilians dead or displaced. The UN Secretary-General has called for an immediate ceasefire and the withdrawal of foreign forces from the country.",World,World
AMR delays Boeing plane deliveries to save $2.7 billion,Business,Business
"Lebron James scores 50 points in the Lakers' season opener, leading his team to a thrilling victory over the Celtics.",Sports,Sports
"Shawn Green hit two home runs, including a grand slam, as Los Angeles defeated the Atlanta Braves 7-4 in a battle of National League division leaders at Dodger Stadium on Saturday. The win puts the Dodgers at the top of the division standings, ahead of the Braves and San Francisco Giants. Green's performance at the plate was a significant boost to the Dodgers' offense, which has struggled in recent games. The team's manager, Joe Torre, praised Green's efforts, saying he 'stepped up to the plate and delivered' in the clutch. The Dodgers will look to continue their winning streak as they take on the Arizona Diamondbacks in a three-game series starting tomorrow.",Business,Business
NFL star Odell Beckham Jr. has been suspended for one game after his altercation with a cameraman during a game.,Sports,Sports
Lionel Messi scores hat-trick as Barcelona beats Real Madrid 3-2 in El Clásico,Sports,Sports
Wall Street analysts cut their forecast on earnings for American Airlines parent AMR Corp. (AMR.N) on Thursday while the airline's chief executive said high fuel prices had stung the world's largest carrier. The company's shares fell 3.5% after the prediction. (Source: Reuters),Business,Business
"Researchers have discovered a new species of ancient fungus in the Amazon rainforest, which could provide insights into the evolution of life on Earth. The fungus, known as 'Fungus Amazonicus', is believed to have been frozen in ice for millions of years before being thawed and studied. The findings were published in the journal Nature Microbiology. #SciTech #AmazonRainforest #Fungus",Sci/Tech,Sci/Tech
LOS ANGELES (AP) - LeBron James scored 35 points and grabbed 10 rebounds to lead the Los Angeles Lakers to a 115-108 win over the Denver Nuggets. James also dished out 7 assists in the victory.,Sports,Sports
Microsoft unveils new AI-powered chatbot to revolutionize customer service.,Business,Business
"Barry Bonds swung at nine pitches and none of them left the ballpark. He made one spectacular throw and it saved the game. 'Tonight, he did it with his arm,' winning pitcher said.",Sports,Sports
"Syrian President Bashar al-Assad has announced that his country will withdraw from the International Criminal Court, citing 'interference' from Western powers. The move comes amid increased tensions between Syria and the US, EU and other Western countries over the conflict in Syria. #Syria #InternationalCriminalCourt #Assad",World,World
"NASA's Kepler space telescope has discovered a potentially habitable exoplanet orbiting a nearby star. The exoplanet, known as K2-18b, is located just 111 light-years from Earth and has a thick atmosphere that could support life. Scientists are excited about the discovery and are already planning follow-up observations to learn more about the planet's composition and potential habitability. #KeplerTelescope #Exoplanet #AlienLife",Sci/Tech,Sci/Tech
Researchers at MIT have developed a new material that can absorb and convert 100% of the sun's energy into electricity. This breakthrough could lead to a new era of renewable energy and a significant reduction in carbon emissions. #SolarEnergy #RenewableEnergy #ClimateChange,Sci/Tech,Sci/Tech
"SAN FRANCISCO - Tech giant Apple announced today that it will be acquiring its smaller rival, Intel, in a deal worth $275 billion. The acquisition is expected to boost Apple's position in the market and give it greater control over the technology industry. #Apple #Intel #M&A",Business,Business
Lewis Hamilton wins dramatic Belgian Grand Prix,Sports,Sports
"NASA's Parker Solar Probe has successfully entered the Sun's corona, becoming the first mission to ever do so. The probe, launched in 2018, has been studying the Sun's outer atmosphere and providing groundbreaking insights into the solar wind and its effects on space weather. #SolarProbe #Sun #SpaceWeather",Sci/Tech,Sci/Tech
"Tesla announces plans to expand its Gigafactory, creating 10,000 new jobs in the next 5 years. The electric car maker aims to increase production capacity and meet growing demand worldwide. #Tesla #Gigafactory #JobCreation",Business,Business
"Syrian President Bashar al-Assad has announced that his country will be withdrawing from the international coalition fighting ISIS, citing a lack of support from the international community. The move comes as a surprise, as Syria has been a key player in the coalition since its inception. The decision has raised concerns about the future of the anti-ISIS efforts and the stability of the region. #Syria #ISIS #World",World,World
"Amazon's Jeff Bezos becomes world's richest person, overtaking Bill Gates",Business,Business
"NASA's InSight lander has successfully touched down on Mars, beginning a new era of scientific exploration on the red planet. The lander, which launched in May, used a heat shield to protect it from the friction of reentry and then deployed a parachute to slow its descent. Once on the surface, InSight will use a seismometer to study Mars' internal structure and search for signs of quakes and tremors. The mission is expected to last at least one Earth year and could provide valuable insights into the formation and evolution of Mars and other rocky planets in our solar system.",Sci/Tech,Sci/Tech
Lionel Messi scores hat-trick as Barcelona beats Real Madrid 3-0 in El Clásico,Sports,Sports
"Cristiano Ronaldo scores twice as Juventus beats AC Milan 2-1 in the Serie A thriller. Ronaldo's first goal was a stunning free kick, while his second was a close-range finish. The win moves Juventus to within a point of league leaders Inter Milan.",Sports,Sports
Syrian Refugees Overwhelm Border Crossings in Europe,World,World
"News.com reports in the article: Microsoft fixes date for desktop search tool, that the company will offer up a beta release of a desktop search by the end of this year.",Sci/Tech,
"The United Nations has announced that it will hold an emergency meeting to discuss the ongoing conflict in Ukraine, as tensions between Russia and the West continue to escalate. The meeting is scheduled for later today and will bring together representatives from around the world to discuss a peaceful resolution to the crisis. #Ukraine #Russia #UnitedNations",World,World
"Mexico has declared a state of emergency after a powerful earthquake struck the country, causing widespread damage and killing at least 12 people. The 7.1 magnitude quake hit the state of Oaxaca on Tuesday, with the epicenter located near the city of Pinotepa Nacional. Rescuers are working to reach trapped survivors and provide aid to those affected.",World,World
"Yukos oil company's assets should fetch at least $15 billion, senior official says",Business,Business
"The global COVID-19 pandemic continues to spread, with new cases reported in Africa, Asia, and South America. World Health Organization officials warn of a potential third wave of infections as winter approaches in the Northern Hemisphere. Governments scramble to implement new measures to contain the virus, including travel restrictions and vaccination programs.",World,World
"Syrian forces have retaken control of the strategic city of Daraa from rebels, marking a major victory in the country's civil war. The city, located on the border with Jordan, has been a key stronghold of the opposition since 2012. The government's victory is seen as a significant boost to President Bashar al-Assad's position in the conflict, which has been ongoing since 2011.",World,World
Massive protests erupt in Hong Kong as China-US tensions escalate,World,World
Dell's CEO says the company is looking to ease a major 'pain point' for customers with its upcoming product refreshes. #Dell #Technology,Business,Business
"Syrian President Bashar al-Assad has announced that his country will be withdrawing from the Geneva peace talks, citing a lack of progress in the negotiations. The move comes as tensions between Syria and its neighbors continue to escalate.",World,World
Researchers at MIT have developed a new material that can absorb and convert carbon dioxide into oxygen at an unprecedented rate. The breakthrough could help reduce carbon emissions and combat climate change. #SciTech #ClimateChange,Sci/Tech,Sci/Tech
"The death toll from the recent earthquake in Indonesia has risen to 100, with over 200 people injured. The 7.5 magnitude quake hit the island of Lombok on Sunday, causing widespread destruction and panic. Rescue efforts are underway, but the situation remains dire as aftershocks continue to hit the area.",World,World
"Puerto Rican wrestler Mabel Fonseca tested positive for a steroid in an initial doping test, a wrestling official said Saturday. Michel Dusson, secretary general of the International ",Sports,
"Migrant crisis in Europe worsens as thousands of refugees arrive on Greek islands, overwhelming local authorities. Conditions in camps deteriorate, leading to concerns about health and safety. International community scrambles to find solution.",World,World
"NASA's Parker Solar Probe has entered the sun's atmosphere, becoming the closest man-made object to the sun. The probe, launched in 2018, is set to study the sun's corona and reveal long-standing mysteries about the solar wind. #ParkerSolarProbe #Sun #SpaceExploration",Sci/Tech,Sci/Tech
"Simone Edwards could not get over the sellout KeyArena crowd of 17,072 that saw the Seattle Storm beat Connecticut, 67-65, in Game 2 of the WNBA Finals on Sunday.",Sports,Sports
NASA's Mars 2020 rover has discovered evidence of a past habitable environment on the Red Planet. The rover found traces of water and minerals that indicate Mars was once capable of supporting life. The discovery could help scientists better understand the potential for life on Mars and inform future missions to the Red Planet.,Sci/Tech,Sci/Tech
"Gaza truce holds after day of violence, but tensions remain",World,World
Lionel Messi scores hat-trick as Barcelona beats Real Madrid 3-2 in El Clasico,Sports,Sports
"Andy Roddick is known for his power. He'll need patience, too, in the Davis Cup final against Spain. Playing on red clay in front of an expected record crowd, Roddick might need to tone down his powerful serves and focus on outmaneuvering his opponents.",Business,Business
"Brian Cashman didn't lose his job because the Yankees lost control of the American League Championship Series. Owner George Steinbrenner has told the team's general manager that he will not be fired before next season. Cashman, who expected to be summoned to Tampa for meetings soon, believes he knows what he needs to look for in the offseason. 'It'll be ...', he said with a grin.",Sports,Sports
Lionel Messi scored a hat-trick as Barcelona defeated Real Madrid 3-2 in an epic El Clásico match at the Camp Nou. The win puts Barcelona at the top of La Liga table.,Sports,Sports
Trend Micro will become the latest major anti-virus software company to provide protection against mobile phone viruses with the release today of Trend Micro Mobile Security 1.0.,Sci/Tech,
Lionel Messi scores hat-trick as Barcelona beats Real Madrid 3-2 in El Clásico,Sports,Sports
"Researchers at MIT have developed a new material that can absorb and convert carbon dioxide into oxygen at an unprecedented rate. The material, called 'Metal-Organic Frameworks,' could help reduce carbon emissions and combat climate change. By Peter Valdes-Dapena, CNN/Money staff writer.",Sci/Tech,Sci/Tech
Lionel Messi scores hat-trick as Barcelona beats Atlético Madrid 3-0 in Champions League final,Sports,Sports
PC World - New 46-inch LCD is just one of eight flat-panel models launched this week.,Sci/Tech,
Lebron James scores 50 points in Cleveland Cavaliers' win over Toronto Raptors,Sports,Sports
"SAN FRANCISCO - Twitter Inc. announced plans to acquire TweetDeck, a popular third-party Twitter client, for an undisclosed sum. The acquisition is expected to close by the end of the month. #Twitter #TweetDeck",Business,Business
"Researchers at MIT have developed a new material that can absorb and convert 100% of the sun's energy, making it a promising candidate for next-generation solar panels. The material, called 'solar absorbers,' is made of a combination of metals and organic compounds, and can be integrated into existing solar panel designs. The breakthrough could lead to more efficient and cost-effective solar energy production, helping to address the challenge of climate change. #solarenergy #climatechange",Sci/Tech,Sci/Tech
"NASA's Mars 2020 rover has discovered evidence of a past habitable environment on the Red Planet. The rover found signs of water on the Martian surface, which could have supported life millions of years ago. The discovery could help scientists better understand the potential for life on Mars and inform future missions to the Red Planet. #Mars #SciTech",Sci/Tech,Sci/Tech
"Researchers at MIT have developed a new material that can absorb and convert carbon dioxide into oxygen at an unprecedented rate. The new material, called 'CO2-EAT,' could help reduce carbon emissions and slow down global warming. #SciTech #ClimateChange",Sci/Tech,Sci/Tech
"Researchers have discovered a new species of ancient human in the Philippines, which may have co-existed with other human species such as Homo erectus and Neanderthals. The new species, named Homo luzonensis, is believed to have lived on the island of Luzon at least 50,000 years ago. The findings were published in the journal Nature on Wednesday. #HomoLuzonensis #Science #Archaeology",Sci/Tech,Sci/Tech
"NASA's latest Mars rover has discovered evidence of liquid water on the Red Planet. The rover, called Perseverance, used its onboard instruments to detect the presence of water molecules in the Martian soil. This discovery could have significant implications for future human exploration of Mars and the search for extraterrestrial life. #Mars #WaterOnMars #SciTech",Sci/Tech,Sci/Tech
LeBron James scores 50 points in Cavaliers' thrilling win over the Lakers,Sports,Sports
LeBron James scores 40 points to lead the Los Angeles Lakers to a 115-108 victory over the Golden State Warriors in a thrilling NBA game.,Sports,Sports
"WASHINGTON - In a surprise move, tech giant Apple has announced plans to acquire rival company Google in a deal worth over $200 billion. The acquisition, which is expected to be completed by the end of the year, will give Apple control over Google's search engine and mobile operating system. Analysts say the deal could lead to a major shake-up in the technology industry, with implications for both companies' customers and employees. #Apple #Google #M&A",Business,Business
Researchers at MIT have developed a new AI algorithm that can predict the likelihood of a patient developing a severe case of COVID-19 based on their social media activity. The algorithm uses natural language processing to analyze social media posts and identify patterns that indicate a higher risk of severe illness. The study could help healthcare providers prioritize patients who need closer monitoring and treatment.,Sci/Tech,Sci/Tech
Apple unveils new iPhone with improved battery life and AI features,Business,Business
Lionel Messi scores hat-trick as Barcelona beats Real Madrid 3-2 in El Clásico,Sports,Sports
"NASA's new spacecraft, the Artemis I, has successfully entered into orbit around the Moon, marking a major milestone in the space agency's plans to return humans to the lunar surface by 2024. The spacecraft is carrying a number of advanced scientific instruments, including a lunar laser ranging experiment and a space-based gamma-ray detector, which will help scientists better understand the Moon's geology and potential resources for future human exploration. #SciTech #NASA",Sci/Tech,Sci/Tech
"Rebels blow up pipeline in southern Iraq, disrupting oil flow",Sports,Sports
Lionel Messi scores hat-trick as Barcelona beats Real Madrid 3-2 in El Clásico,Sports,Sports
"Tesla has announced plans to expand its Gigafactory in Nevada, creating 3000 new jobs in the region. The electric car maker is expected to invest $5 billion in the expansion, which will increase its production capacity by 50%.",Business,Business
"NASA's Mars 2020 rover has discovered evidence of a past habitable environment on the Red Planet. The rover found traces of water molecules in a rock sample, indicating that Mars may have once had a warm and wet climate capable of supporting life. The discovery could help scientists better understand the potential for life on Mars and inform future missions to the planet.",Sci/Tech,Sci/Tech
"NASA's new spacecraft, the Artemis I, has successfully entered into lunar orbit, marking a major milestone in the agency's plan to return humans to the moon by 2024. The spacecraft is carrying a number of advanced scientific instruments, including a lunar rover and a 3D printer, which will be used to study the moon's geology and test the printing of lunar materials. #NASA #ArtemisI #LunarOrbit",Sci/Tech,Sci/Tech
Lionel Messi scores hat-trick as Barcelona beats Real Madrid in El Clásico,Sports,Sports
Microsoft to Acquire LinkedIn for $26.2 Billion,Business,Business
PITTSBURGH (Sports Network) - Kevin Bettencourt scored five of his 13 points in the final two minutes to lead Bucknell to a 69-66 upset over 10th-ranked and previously unbeaten Pittsburgh.,Sports,Sports
Apple unveils new iPhone with improved camera and faster charging,Business,Business
"Walmart is exploring the use of drones to deliver packages to customers in rural areas, aiming to reduce delivery times and costs. The company has partnered with drone delivery startup, Flirtey, to test the technology in select locations. #Walmart #drones #deliveries",Business,Business
"Oracle CEO Mark Hurd is taking an unconventional approach to innovation, seeking advice from unlikely sources, including a former NFL quarterback. #Oracle #innovation #leadership",Business,Business
Lionel Messi scores hat-trick as Barcelona beats Real Madrid 3-2 in El Clásico,Sports,Sports
"Researchers at MIT have developed a new AI system that can generate realistic 3D models of objects and scenes, using only a single camera and a few seconds of footage. The system, called 'DeepStereo,' could revolutionize the field of computer vision and have numerous applications in industries such as robotics, autonomous vehicles, and filmmaking.",Sci/Tech,Sci/Tech
LeBron James scored 30 points to lead the Los Angeles Lakers to a 115-108 victory over the Golden State Warriors. James also added 8 rebounds and 7 assists in the thrilling win.,Sports,Sports
"Migrant crisis in Europe reaches new heights as thousands of refugees arrive on Greek islands, overwhelming local infrastructure and resources. #Greece #Migration #Refugees",World,World
"Sudanese President Omar al-Bashir has been arrested and charged with war crimes and crimes against humanity, according to the International Criminal Court. Al-Bashir has been accused of leading a campaign of genocide and ethnic cleansing in the western region of Darfur, which has resulted in the deaths of tens of thousands of people. The ICC has issued an arrest warrant for al-Bashir, who is the first head of state to be charged with genocide by the ICC. ",World,World
"The United Nations has announced that it will provide aid to a devastated coastal town in the aftermath of a recent hurricane. The town, located in a developing country, was hit particularly hard by the storm and is in urgent need of supplies and support. The UN has mobilized a team of experts and resources to assist in the relief efforts and will work closely with local authorities to ensure that the aid is distributed fairly and effectively.",World,World
"NASA's Curiosity rover has discovered evidence of a habitable environment on Mars, according to a new study. The rover found signs of ancient lakes and rivers on the planet, which could have supported life. The finding could have significant implications for the search for extraterrestrial life. #Mars #SciTech",Sci/Tech,Sci/Tech
"The death toll from the COVID-19 pandemic has surpassed 2.5 million worldwide, according to the World Health Organization. The virus has spread to every region of the world, with the hardest hit countries being China, the United States, and India. The WHO has warned of a potential third wave of the pandemic as cases continue to rise in many countries. #COVID19 #Pandemic #WorldHealthOrganization",World,World
"LONDON : The United Nations has announced that the number of refugees and migrants worldwide has reached a record high of 22.5 million, with the majority coming from Syria, Afghanistan, and South Sudan. This increase is a 25% jump from last year and is a stark reminder of the ongoing global refugee crisis.",World,World
New study finds that remote work can increase productivity by 25%,Business,Business
Bryce Harper hit a walk-off home run in the bottom of the 9th inning to give the Washington Nationals a 5-4 victory over the Miami Marlins.,Sports,Sports
The United Nations has announced that it will hold an emergency meeting to discuss the ongoing conflict in Yemen. The meeting is expected to take place within the next 24 hours and will involve representatives from over 50 countries. The UN Secretary-General has called for an immediate ceasefire and political settlement to the conflict. #Yemen #UN #Conflict,World,World
Massacre in Burundi: At least 160 Congolese Tutsis killed in weekend violence. Former rebel group now in transitional government in Democratic Republic of Congo denies involvement. International community condemns act as 'brutal and senseless'.,World,World
Sony to Shake Up Electronics Industry with New AI-Powered Products,Business,Business
"Shares of Apple Inc. rose on Tuesday after the technology giant announced a major expansion of its iPhone production in China. The company said it will invest $100 million in a new manufacturing facility in the eastern province of Zhejiang, creating hundreds of jobs and increasing its capacity by 50% by the end of 2023. The news boosted investor confidence in the company, with shares up 2% in after-hours trading. #Apple #iPhone #manufacturing",Business,Business
"NASA's Mars 2020 rover has discovered evidence of a potential underground water source on the Red Planet. The rover detected traces of water molecules in a rock sample, which could provide a valuable source of water for future human missions to Mars. #MarsWater #NASA",Sci/Tech,Sci/Tech
TORONTO (CP) - Frank Menechino hit a tie-breaking home run in the seventh inning as the Toronto Blue Jays rallied to beat the Seattle Mariners 4-2 on Wednesday.,Sports,Sports
"NASA's Parker Solar Probe has made its closest approach to the sun, passing within 15 million miles of the star's surface. The probe, launched in 2018, is studying the sun's corona and the solar wind, providing new insights into the sun's mysterious atmosphere. #ParkerSolarProbe #SunStudy",Sci/Tech,Sci/Tech
"Researchers at MIT have developed a new material that can absorb and convert 100% of the sun's energy, making it a promising solution for sustainable energy production. The material, called 'solar absorber,' is made of a combination of materials that are able to absorb light from the sun and convert it into electrical energy. The team believes that this technology could be used to create more efficient solar panels and help reduce our reliance on fossil fuels. #solarenergy #sustainability",Sci/Tech,Sci/Tech
"Researchers at MIT have developed a new material that can absorb and convert 100% of the sun's energy, making it a promising solution for sustainable energy production. The material, called 'solar absorber,' is made of a combination of metals and polymers and can be integrated into solar panels to increase their efficiency. According to the researchers, this technology could potentially provide a significant portion of the world's energy needs without contributing to climate change. #SolarEnergy #Sustainability",Sci/Tech,Sci/Tech
"Researchers at MIT have developed a new material that can absorb and convert 100% of the sun's energy, making it a promising candidate for next-generation solar panels. The material, called 'solar absorber,' is made of a combination of metals and polymers and is capable of capturing and converting even the smallest amounts of sunlight. The breakthrough could lead to more efficient and cost-effective solar panels, which could help reduce our reliance on fossil fuels and mitigate climate change. #solarenergy #climatechange #renewableenergy",Sci/Tech,Sci/Tech
"Syrian refugees arrive in Germany, seeking safety and a new start",World,World
"NASA's Parker Solar Probe has made history by becoming the closest object to the Sun. The probe has entered the Sun's corona, the outermost layer of the solar system, and has provided groundbreaking insights into the Sun's behavior. The probe has also discovered a new type of solar wave, known as a 'solar kink wave', which could help scientists better understand the Sun's internal dynamics. #SolarProbe #SunStudies #SpaceExploration",Sci/Tech,Sci/Tech
Lionel Messi scores hat-trick as Argentina beats Nigeria 3-2 in thrilling friendly match,Sports,Sports
"NASA's Mars 2020 rover has discovered evidence of past water on the Red Planet, raising hopes for life beyond Earth. The rover found signs of hydrated minerals in rocks and soil at multiple locations, suggesting that water once flowed on Mars. The discovery could help scientists better understand the planet's geology and potential habitability. #Mars #NASA #SciTech",Sci/Tech,Sci/Tech
"LOS ANGELES, CA - LeBron James scored 44 points and added 10 rebounds and 7 assists as the Los Angeles Lakers defeated the Golden State Warriors 115-105 in a thrilling NBA match. James, who was named the game's MVP, led the Lakers to their third straight victory and kept their hopes alive for a playoff push.",Sports,Sports
"LeBron James scores 50 points in NBA Finals game, leading Los Angeles Lakers to victory",Sports,Sports
"Researchers at MIT have developed a new material that can absorb and convert 100% of the sun's energy, making it a promising solution for sustainable energy production. The new material, called 'SolarVest,' is made from a combination of polymers and carbon nanotubes, and can be integrated into clothing or building materials to maximize energy absorption. According to the team, SolarVest has the potential to revolutionize the way we generate energy and reduce our reliance on fossil fuels. #SolarVest #SustainableEnergy #RenewableEnergy",Sci/Tech,Sci/Tech
"AP - LeBron James scored 40 points in the Miami Heat's 105-94 win over the Chicago Bulls on Wednesday night, leading his team to their fifth straight victory. James, who was named NBA Finals MVP last season, has been in top form this season, leading the Heat to the top of the Eastern Conference standings.",Sports,Sports
Lionel Messi scores hat-trick as Barcelona beats Atlético Madrid 3-2 in thrilling Champions League match,Sports,Sports
"NASA's Parker Solar Probe has made its closest approach to the sun, coming within 154,000 miles of the sun's surface. The probe, launched in 2018, is studying the sun's corona and the solar wind, providing insights into the sun's mysterious and powerful magnetic field. #ParkerSolarProbe #Sun #SpaceExploration",Sci/Tech,Sci/Tech
"Liverpool FC has confirmed the signing of forward Diogo Jota from Wolverhampton Wanderers for a fee believed to be around £45 million. The 21-year-old Portugal international has signed a long-term contract with the Merseyside club and will wear the number 22 shirt. Jota has made 14 appearances for Wolves this season, scoring 4 goals. #LFC #DiogoJota",Sports,Sports
"MILAN (Reuters) - The death toll from a powerful earthquake that struck the Indonesian island of Lombok has risen to 97, with hundreds more injured, officials said on Monday. The 6.9 magnitude quake, which struck on Sunday, also caused widespread destruction and triggered landslides in the popular tourist destination. Rescuers were working to reach trapped victims and provide aid to those affected.",World,World
Lionel Messi scores hat-trick as Barcelona beats Real Madrid in El Clásico,Sports,Sports
"Researchers at MIT have developed a new material that can absorb and convert 100% of the sun's energy, making it a promising solution for sustainable energy production. The material, called 'Solaria,' is made of a combination of organic and inorganic materials and can be used in a variety of applications, including solar panels and windows. The team hopes to have the material ready for commercial use within the next two years. #SciTech #RenewableEnergy",Sci/Tech,Sci/Tech
Carmelo Anthony leads Denver Nuggets to victory over Toronto Raptors with 30 points and 10 rebounds. #Nuggets #Raptors #NBA,Sports,Sports
"Japan and the Association of Southeast Asian Nations agreed Saturday to launch negotiations for a free trade agreement in April next year, Japanese officials said. The agreement aims to promote economic growth and development in the region by reducing tariffs and other trade barriers. #SciTech #TradeAgreement",Sci/Tech,Sci/Tech
Manchester United v Arsenal: Giants collide in epic showdown. Can the Gunners upset the odds and take down the Red Devils? #MUFC #AFC #EPL,Sports,Sports
Lionel Messi scores hat-trick as Barcelona beats Real Madrid 3-2 in El Clásico,Sports,Sports
"Sony is set to release a new line of high-end smartphones next year, featuring improved cameras and faster charging capabilities. The new devices are expected to be a major upgrade over the company's current offerings and could give Sony a much-needed boost in the competitive smartphone market. #Sony #smartphones #tech",Business,Business
"Apple announced its quarterly earnings today, revealing a 30% increase in profits. The company's stock price surged on the news, reaching an all-time high. The success is attributed to the popularity of the iPhone 12 and the continued growth of the company's services segment. #Apple #Earnings #StockMarket",Business,Business
"MOSCOW (Reuters) - Russia has deployed troops to Syria to support President Bashar al-Assad's government in the civil war, the Russian Defense Ministry said on Monday. The move comes as the conflict in Syria enters its ninth year, with no end in sight. The Russian military intervention is likely to escalate the conflict and increase tensions in the region. #Syria #Russia #War",World,World
"Researchers at MIT have developed a new AI algorithm that can generate realistic images of medical conditions, such as tumors, with 90% accuracy. This could potentially revolutionize the field of medical imaging and improve diagnosis rates. #medicalimaging #AI",Sci/Tech,Sci/Tech
"Shares of tech giant Apple have reached an all-time high after the company announced a major expansion of its cloud services. The news sent shockwaves through the industry, with rival companies scrambling to catch up on the innovation front. Despite the competition, Apple's strong brand loyalty and cutting-edge technology have it poised for continued success.",Business,Business
"Rosetta Probe Successfully Lands on Comet 67P, Returns First-Ever Close-Up Images of Comet Surface",Sci/Tech,Sci/Tech
"NASA's Kepler space telescope has discovered a new exoplanet with the potential to support life. The exoplanet, located 400 light-years from Earth, has a thick atmosphere and is situated in the habitable zone of its star, meaning it could have temperatures suitable for liquid water to exist. The discovery could lead to a better understanding of the conditions necessary for life to evolve on other planets. #KeplerTelescope #Exoplanet #AlienLife",Sci/Tech,Sci/Tech
"NASA's Mars 2020 rover has discovered evidence of liquid water on the Red Planet. The rover found signs of hydrated minerals in rocks and soil at multiple locations, suggesting that water once flowed on Mars. The discovery could have significant implications for the search for extraterrestrial life and the potential for human exploration of the planet.",Sci/Tech,Sci/Tech
"Amazon's Q4 earnings report shows revenue growth of 22% year-over-year, beating analyst expectations. Shares surge in after-hours trading.",Business,Business
Researchers at MIT have developed a new AI-powered system that can detect and diagnose diseases with unprecedented accuracy. The system uses a combination of machine learning algorithms and medical imaging techniques to identify subtle patterns in medical images that are indicative of certain diseases. The team believes that this technology could revolutionize the field of medicine and improve patient outcomes. #SciTech #MedicalImaging #AI,Sci/Tech,Sci/Tech
"Solving the nation #39;s spam problem will require a balancing act, legal and privacy experts said today in Washington, DC, at a meeting sponsored by the Federal Trade Commission.",Sci/Tech,
"Syrian refugees are facing a new challenge as they try to rebuild their lives in Europe. Many are struggling to find affordable housing, and some are being forced to live in makeshift camps. The United Nations has called for more support to help these individuals, who are fleeing the conflict in their home country. #Syria #Refugees #HumanitarianCrisis",World,World
"Tiger Woods has won his 82nd PGA Tour title at the Tour Championship, securing his 5th FedEx Cup title. This win marks Woods' 15th major championship victory and solidifies his position as the all-time leader in PGA Tour wins. (Source: ESPN)",Sports,Sports
"LeBron James scores 50 points in Cavaliers' win, leads NBA in scoring for 10th time. #NBA #Cavs #LeBronJames",Sports,Sports
"Tensions between India and Pakistan have escalated after a recent border clash, with both sides accusing each other of aggression. The incident occurred in the Kashmir region, which has been a long-standing flashpoint between the two nations. The United Nations has called for calm and urged both sides to return to peaceful dialogue. #World",World,World
"Scientists have discovered a new species of ancient human in the Philippines, which may have co-existed with modern humans for thousands of years. The species, known as Homo luzonensis, is believed to have lived on the island of Luzon at least 50,000 years ago and possibly as recently as 30,000 years ago. The findings were published in the journal Nature on Wednesday. #HomoLuzonensis #ScienceDiscovery",Sci/Tech,Sci/Tech
Lionel Messi scores hat-trick as Barcelona beats Manchester United in thrilling Champions League match,Sports,Sports
Lebron James scores 50 points in Cleveland Cavaliers' win over Golden State Warriors,Sports,Sports
LONDON (Reuters) - World oil prices climbed on Monday as companies operating in the U.S. Gulf of Mexico braced for output disruptions from powerful Hurricane Ivan.,World,World
THE Australian Rugby Union has been swamped with inquiries from high-profile players here and overseas interested in joining the new Super 14 franchise in 2006.,Sports,
The Giants coughed up three straight second-quarter turnovers and dissolved in a torrent of penalties in a baffling loss at Giants Stadium.,Sports,
WASHINGTON - The Senate Judiciary Committee heard this morning from one of its own about some of the problems with airline ''no fly'' watch lists. Sen...,World,
"LOS ANGELES (Reuters) - LeBron James scored 32 points to lead the Los Angeles Lakers to a 107-99 victory over the Golden State Warriors in a thrilling NBA game on Tuesday night. The win moved the Lakers into a tie for second place in the Western Conference with the Warriors, who were without Stephen Curry due to injury.",Sports,Sports
"NASA's Parker Solar Probe has successfully entered the Sun's corona, becoming the first spacecraft to ever do so. The probe, launched in 2018, has been studying the Sun's outer atmosphere and providing groundbreaking insights into the solar wind and coronal heating. #ParkerSolarProbe #Sun #SciTech",Sci/Tech,Sci/Tech
"The Red Sox have traded Mookie Betts to the Dodgers in a blockbuster deal. Betts, who has been with the Red Sox since 2011, is a four-time All-Star and has won two World Series titles with the team. The move comes as a shock to fans and analysts alike, as Betts was widely considered one of the best players in the game. The Red Sox have not yet announced who they will receive in return for Betts, but the deal is expected to be completed by the end of the week. #MLB #RedSox #Dodgers",Sports,Sports
"Apple's new iPhone sales have been slow, but the company is optimistic about the holiday season. CEO Tim Cook says the new models are 'very exciting' and will help drive growth in the coming months. #Apple #iPhone #Business",Business,Business
"Researchers at MIT have developed a new material that can absorb and convert 100% of the sun's energy, making it a promising solution for sustainable energy production. The material, called 'solar sponges,' is made of a special type of plastic that is able to harness the full potential of the sun's rays, even on cloudy days. This breakthrough could revolutionize the way we generate energy and help reduce our reliance on fossil fuels. #SolarSponge #SustainableEnergy",Sci/Tech,Sci/Tech
"SAN FRANCISCO (Reuters) - Twitter Inc. announced on Tuesday that it has acquired TweetDeck, a popular third-party Twitter client, for an undisclosed sum. The acquisition is expected to help Twitter expand its user base and improve its offerings for developers and businesses. #Twitter #TweetDeck #Acquisition",Business,Business
"NASA's InSight lander has successfully touched down on Mars and begun its mission to study the Red Planet's internal structure. The lander, which launched in May, used a heat shield to protect itself from the friction of reentry and touched down on the Martian surface using a parachute and retrorocket system. InSight, which stands for Interior Exploration using Seismic Investigations, Geophysics and Astronomy, is designed to study Mars' interior structure and provide insights into the planet's composition and evolution. #MarsLanding #NASA",Sci/Tech,Sci/Tech
Sony to Acquire MGM Studios in $1.5 Billion Deal,Business,Business
"NASA's Parker Solar Probe has made history by becoming the first spacecraft to fly closer to the sun than any human-made object. The probe, launched in 2018, has reached an altitude of just over 15 million miles from the sun, beating the previous record set by the Helios 2 spacecraft in 1976. The probe's close approach to the sun has allowed scientists to study the sun's corona, the outer atmosphere of the sun, in unprecedented detail. The mission has already revealed new insights into the sun's magnetic field and the solar wind, which could help us better understand space weather and its impact on Earth. #ParkerSolarProbe #Sun #SpaceExploration",Sci/Tech,Sci/Tech
"Sony announced its quarterly earnings today, reporting a 20% increase in profits. The company credits its successful launch of the new PlayStation 5 and strong sales of its Bravia TVs for the boost in earnings. Sony's stock price rose 5% on the news, indicating investor excitement about the company's future prospects. #Sony #Business #Earnings",Business,Business
"NASA's New Horizons spacecraft has captured stunning images of Ultima Thule, a distant Kuiper Belt object once thought to be a single object but now revealed to be a contact binary composed of two spherical bodies. The images show a detailed view of the object's icy surface, including a prominent ring system and a receding linear feature. Scientists believe the object may have formed through a process known as hierarchical assembly, where smaller objects collided and merged over time. The discovery of Ultima Thule has shed new light on the formation of our solar system and the diversity of celestial bodies beyond Neptune's orbit.",Sci/Tech,Sci/Tech
Motorsport.com. Rubens Barrichello finally got the win he has been waiting for when he led Michael Schumacher across the line to take a Ferrari one-two at the Italian Grand Prix.,Sports,
Microsoft to Acquire LinkedIn for $26.2 Billion,Business,Business
"NASA's Parker Solar Probe has made its closest approach to the sun, coming within 15 million miles of the star's surface. The probe is providing scientists with unprecedented insights into the sun's mysterious corona. #ParkerSolarProbe #Sun #Space",Sci/Tech,Sci/Tech
"Amazon announces plans to expand its grocery delivery service to 100 new cities, aiming to reach 80% of the US population by 2025.",Business,Business
"BERLIN : German Chancellor Gerhard Schroeder #39;s party vowed to press on with its tough economic reform drive, despite a fresh state election rout that spells trouble for a string of further polls this month.",World,World
"Researchers at MIT have developed a new AI algorithm that can analyze medical images with unprecedented accuracy. The algorithm uses a combination of machine learning and computer vision techniques to detect subtle patterns in medical images, such as tumors or other abnormalities. The algorithm has been tested on a dataset of over 10,000 medical images and has shown to be more accurate than existing methods. This could potentially revolutionize the field of medical imaging and improve patient outcomes.",Sci/Tech,Sci/Tech
"Conrad Black and other controlling shareholders of Hollinger used $400 million for personal perks, a new report says.",Business,Business
"Shares of InPhonic Inc., a Washington reseller of wireless service and telephones over the Internet, rose 26 percent Tuesday on their first day of trading..&lt;br&gt;&lt;FONT face=''verdana,MS Sans Serif,arial,helvetica'' size=''-2'' color=''#666666''&gt;&lt;B&gt;-The Washington Post&lt;/B&gt;&lt;/FONT&gt;",Sci/Tech,
"Growth in global semiconductor sales will probably halve next year, according to a new report. The market is facing a slowdown due to decreased demand from major technology companies. #semiconductor #tech #business",Business,Business
"No. 5-ranked Bears roar back after stale first half, keep hopes of dream season very real. By Dave NewhouseSTAFF WRITER. SEATTLE -- This was a migraine weekend for top-10 teams as No. 5-ranked Bears roared back from a sluggish first half to keep their dream season alive. With 7:03 left in the game, Jamal Lewis scored the decisive touchdown to put the Bears ahead 20-13. Then, with just seconds remaining, Ed Reed sealed the victory with an NFL-record 106-yard interception return. The Bears' 27-13 win over the Cleveland Browns keeps their hopes of a perfect season very real.",Sports,Sports
"U.S. stocks surged on Tuesday, led by gains in technology and healthcare companies, as investors grew more optimistic about the economic outlook. The Dow Jones Industrial Average rose 1.5% to close at 26,885, while the S&P 500 gained 1.3% to finish at 3,297. The Nasdaq Composite jumped 2.1% to end at 10,555. The rally was fueled by a better-than-expected quarterly report from Microsoft, which topped expectations and lifted the tech giant's shares to an all-time high. Other big gainers included Amazon, Alphabet, and Facebook.",Business,Business
"Samsung unveils new smartphone with innovative foldable design, sparking competition in the tech industry. #Samsung #FoldablePhone #TechNews",Business,Business
"Lionel Messi scored his 79th goal for Barcelona in their 3-2 win over Real Betis, moving him level with Gerd Muller as the second-highest scorer in La Liga history.",Sports,Sports
Lionel Messi scores hat-trick as Barcelona beats Real Madrid 3-1 in El Clásico,Sports,Sports
Researchers at MIT have developed a new material that can absorb and convert 100% of the sun's energy into electricity. This breakthrough could potentially revolutionize the way we generate power and reduce our reliance on fossil fuels. #SciTech #RenewableEnergy,Sci/Tech,Sci/Tech
"North Korea has announced that it has successfully tested a new ballistic missile, sparking concern among international leaders. The missile, known as the Kwangmyong-2, is believed to be capable of reaching the United States mainland. (Source: BBC News)",World,World
"NASA's Mars 2020 rover has discovered evidence of ancient rivers on the Red Planet, shedding new light on the planet's geological history. The rover found sedimentary rocks that indicate the presence of water on Mars millions of years ago, and the discovery could have implications for the search for extraterrestrial life. #MarsRover #SciTech",Sci/Tech,Sci/Tech
"Researchers have discovered a new species of ancient human in the Philippines, which may have co-existed with modern humans as recently as 50,000 years ago. The findings were published in the journal Nature and shed new light on the origins of the human species. #SciTech #Archaeology #HumanEvolution",Sci/Tech,Sci/Tech
"NASA's Mars 2020 rover has discovered evidence of a past habitable environment on the Red Planet. The rover found traces of water and organic molecules in rocks near the Martian surface, suggesting that life could have thrived there billions of years ago. The discovery could help scientists better understand the potential for life on Mars and other planets in the solar system.",Sci/Tech,Sci/Tech
"The Internet Corporation for Assigned Names and Number, the organization named by the US government in 1998 to oversee policies over Internet addresses, gave a preliminary nod Monday to domain names targeting mobile services and the jobs ",Sci/Tech,
CHICAGO (CBS.MW) -- Circuit City Stores shares plummeted 10 percent Monday after the nation #39;s No. 2 electronics retailer said that its third-quarter same-store sales fell 4.3 percent.,Business,
"Apple unveils new iPhone with advanced features, starting at $799",Business,Business
"NASA's Parker Solar Probe has made history by flying closer to the sun than any other spacecraft. The probe, launched in 2018, has now reached within 15 million miles of the sun's surface, providing valuable insights into the sun's mysterious atmosphere. #ParkerSolarProbe #Sun #SpaceExploration",Sci/Tech,Sci/Tech
"Oracle Corp. on Monday said it has asked Peoplesoft Inc.''s board of directors to immediately redeem the company''s poison pill, two days after 61 percent of PeopleSoft shareholders tendered their stock for Oracle''s $24-a-share hostile offer.",Business,Business
"Researchers have discovered a new species of ancient human in the Philippines, which may have co-existed with modern humans tens of thousands of years ago. The fossil remains were found in a cave on the island of Luzon and are estimated to be around 50,000 years old. The discovery provides new insights into the evolution of human species and the history of human migration. #SciTech #Archaeology #Evolution",Sci/Tech,Sci/Tech
" TOKYO (Reuters) - Japanese camera and office equipment  maker Canon Inc. &lt;A HREF=''http://www.reuters.co.uk/financeQuoteLookup.jhtml?ticker=7751.T qtype=sym infotype=info qcat=news''&gt;7751.T&lt;/A&gt; said on Tuesday it would start  producing rear projection televisions later this year, aiming  to secure a chunk of the rapidly growing market for big screen  TVs.",Sci/Tech,
LeBron James scores 50 points in Cleveland Cavaliers' thrilling victory over Golden State Warriors,Sports,Sports
"Sony announces plans to launch a new line of high-end smartphones next year, featuring cutting-edge technology and sleek designs. The company is expected to unveil the new devices at a press conference in January. #Sony #smartphones #tech",Business,Business
Nick Watney rebounds from double-bogey to tie for lead in Nationwide Tour Championship,Sports,Sports
"MOSCOW (Reuters) - Russia and China have signed a deal to build a gas pipeline across Siberia, in a move that could strengthen their strategic partnership and challenge the dominance of Western energy companies. The $400 billion project, which will take several years to complete, is expected to provide a reliable source of energy for both countries and reduce their dependence on foreign supplies. #Russia #China #GasPipeline #EnergySecurity",World,World
"NASA's Juno spacecraft has captured stunning images of Jupiter's Great Red Spot, a massive storm that has been raging for centuries. The pictures were taken during the spacecraft's close flyby of the planet and show the storm in unprecedented detail. Scientists are hopeful that the images will help them better understand the storm's structure and how it has been affecting Jupiter's atmosphere. #JunoJupiter #GreatRedSpot",Sci/Tech,Sci/Tech
"NASA's Curiosity rover has discovered evidence of a past habitable environment on Mars, according to new findings released Thursday. The rover analyzed samples from the Martian surface and found organic molecules, which are the building blocks of life. The discovery suggests that Mars may have once been capable of supporting life, and could provide a clue to the origins of life on Earth. #Mars #CuriosityRover #LifeOnMars",Sci/Tech,Sci/Tech
"LOS ANGELES, Calif. - The Los Angeles Lakers have acquired forward Kawhi Leonard from the Toronto Raptors in a blockbuster trade, sources confirmed to ESPN. The Lakers are hopeful that Leonard will help lead the team to a championship this season. #Lakers #NBA",Sports,Sports
"LONDON (Ticker) -- The United Nations has announced that the number of refugees worldwide has reached a record high of 26 million, with the majority coming from Syria, Afghanistan, and South Sudan. The organization is urging countries to provide more support to help address the crisis.",World,World
Researchers at MIT have developed a new material that can absorb and convert carbon dioxide into oxygen. This breakthrough could help reduce carbon emissions and mitigate the effects of climate change. #SciTech #ClimateChange,Sci/Tech,Sci/Tech
"NASA's Parker Solar Probe has successfully entered the sun's corona, becoming the first spacecraft to ever do so. The probe, launched in 2018, was designed to study the sun's outer atmosphere and has already made several groundbreaking discoveries. Scientists are hailing the achievement as a major milestone in the field of space exploration.",Sci/Tech,Sci/Tech
"MOSCOW -- Police intercepted a car packed with explosives in central Moscow yesterday and said they had thwarted a terrorist attack, Russian media reported. A suspect died from a heart attack while being questioned by investigators, according to the reports. The car was reportedly headed for a major thoroughfare used by President Vladimir Putin.",World,World
" TORONTO (Reuters) - New Internet-based technology could  soon turn regular computer users into armchair spies, a  Canadian inventor said on Monday.",Sci/Tech,
"SAN FRANCISCO, CA - Tech giant Apple is set to launch a new line of smartwatches next month, with industry insiders claiming the device will feature a sleek new design and advanced health monitoring capabilities. The watches are expected to be a major hit, with pre-orders already surpassing expectations. #Apple #smartwatch #tech",Business,Business
"Researchers have discovered a new species of ancient human in the Philippines, which may have co-existed with other human species like Homo erectus. The new species, named Homo luzonius, lived on the island of Luzon at least 50,000 years ago and had a mix of primitive and advanced features, such as a small brain and a sophisticated stone tool technology. The findings were published in the journal Nature. #HomoLuzonius #Philippines #AncientHuman",Sci/Tech,Sci/Tech
"Apple is expected to launch a new line of iPhones next month, with improved cameras and faster processors. The company is also rumored to be working on a new augmented reality feature for the devices. #Apple #iPhone #AR",Business,Business
Syrian refugees face new challenges in Europe as winter sets in,World,World
"AP - Accompanied by a warning that its missiles have the range, Iran on Tuesday said it would destroy Israel''s Dimona nuclear reactor if the Jewish state were to attack Iran''s nuclear facilities.",World,
"Lionel Messi scored his 700th career goal in Barcelona's 3-0 win over Levante on Saturday, cementing his status as one of the greatest soccer players of all time. The Argentine forward, who has won numerous accolades and broken numerous records throughout his career, is now just 10 goals away from breaking Pele's all-time scoring record. #Messi #Soccer #Goals",Sports,Sports
"The combined worldwide market for desktops, servers and packaged software running on Linux is forecast to grow at a 2003-2008 compound annual growth rate of 25.9 percent worldwide, reaching \$35.7 billion by 2008.",Sci/Tech,
"NASA's new space telescope has captured stunning images of the farthest reaches of the universe, revealing never-before-seen details of galaxies and stars. The James Webb Space Telescope, launched last month, has already exceeded expectations with its advanced technology and groundbreaking discoveries. #JWST #SpaceTelescope #Astronomy",Sci/Tech,Sci/Tech
"The global COVID-19 pandemic continues to spread, with cases reported in over 200 countries and territories. The World Health Organization (WHO) has declared the pandemic a global health emergency, and governments around the world are taking unprecedented measures to contain the virus. In the United States, President Joe Biden has issued a national mask mandate in an effort to slow the spread of the virus. Meanwhile, the international community is working together to develop vaccines and treatments for the virus, with several countries reporting promising results. The pandemic has had a devastating impact on the global economy, with many countries experiencing recessions and widespread job losses. However, there are signs of hope as countries begin to reopen and the number of new cases begins to slow.",World,World
"Syrian President Bashar al-Assad has announced that his country will withdraw from the International Criminal Court, citing concerns over the court's ability to fairly prosecute war crimes. The move comes amid growing international pressure on Assad's regime over its handling of the ongoing conflict in the country.",World,World
Sony to Acquire Toshiba's Display Business in $200 Million Deal,Business,Business
"LeBron James had 26 points to become the youngest player in NBA history to score 2,000 points as the Cleveland Cavaliers cruised to a 96-74 home win over the Chicago Bulls on Saturday.",Sports,Sports
"LONDON (Reuters) - British Airways owner IAG is in talks to buy rival airline Aer Lingus, sources close to the matter said on Friday. The deal, if completed, would give IAG a stronger foothold in Europe and help it compete with larger rivals like Ryanair and easyJet.",Business,Business
"Syrian President Bashar al-Assad has announced that his country will withdraw from the United Nations, citing the organization's failure to address the ongoing conflict in the region. The move has sparked concern among world leaders, who fear it could lead to further instability in the region. #Syria #UnitedNations #WorldNews",World,World
"Lewis Hamilton wins Formula One Belgian Grand Prix, extends lead over title rival Sebastian Vettel",Sports,Sports
"NASA's Parker Solar Probe has successfully completed its first flyby of the Sun, reaching a top speed of 150,000 miles per hour. The probe, launched in 2018, is on a mission to study the Sun's corona and solar wind. Scientists are hopeful that the probe will provide valuable insights into the Sun's mysterious and turbulent outer atmosphere. #NASA #ParkerSolarProbe #Sun",Sci/Tech,Sci/Tech
Verizon SuperPages.com said Friday it has teamed up with eBay and Shopping.com for the rollout of new shopping tools on its online Yellow Pages site.,Business,Business
Lionel Messi scores hat-trick as Barcelona beats Real Madrid 3-1 in El Clásico,Sports,Sports
"Amazon Prime Day sales reach new heights, with over $3 billion in sales in the first 12 hours. Analysts predict continued growth as the event expands into new markets. #AmazonPrimeDay #Business",Business,Business
"Walmart Inc. announced plans to acquire e-commerce platform Flipkart for $16 billion, aiming to expand its presence in India's rapidly growing e-commerce market. The deal is expected to close by the end of the year, subject to regulatory approvals. #Walmart #Flipkart #ecommerce",Business,Business
Apple to Acquire Tesla in Blockbuster Deal,Business,Business
"Coca-Cola reported a 10% increase in profits in the third quarter, driven by strong sales in emerging markets. The company's revenue rose to $2.9 billion, exceeding analyst expectations. Coca-Cola's CEO attributed the success to the company's focus on innovation and investments in digital marketing. #CocaCola #Business #Profits",Business,Business
Lionel Messi scores four goals as Argentina defeats Brazil 4-2 in an intense and thrilling friendly match at the Wanda Metropolitano Stadium in Madrid.,Sports,Sports
"The death toll from the recent earthquake in Turkey has risen to 40, with over 100 people injured. The quake struck near the city of Izmir on Wednesday, causing widespread damage and panic. Rescue efforts are underway, but the situation remains dire.",World,World
"LOS ANGELES, CA - LeBron James scored 34 points and added 10 rebounds and 7 assists to lead the Los Angeles Lakers to a 117-109 win over the Golden State Warriors in a thrilling NBA match. The victory moved the Lakers to 2-0 in their series, with Game 3 set for tomorrow night in Oakland.",Sports,Sports
"IBM (Quote, Chart) is easing restrictions on its ISV membership program, opening the door for more marketing and sales help for companies that make software based on IBM's middleware platform.",Sci/Tech,Sci/Tech
"Liverpool FC won their first Champions League title in 18 years by defeating Tottenham Hotspur 2-0 in the final. Mohamed Salah scored both goals for the Reds, who were led by manager Jürgen Klopp. The victory was met with wild celebrations in Liverpool, as the city erupted in joy. #LFC #ChampionsLeague #Salah",Sports,Sports
"NASA's new spacecraft, the Perseverance, has successfully landed on Mars and is set to explore the red planet's surface. The craft is equipped with advanced technology, including a state-of-the-art robotic arm and a suite of scientific instruments to study the Martian environment. #MarsLanding #SpaceExploration #Science",Sci/Tech,Sci/Tech
"Oakland, CA (Sports Network) - The Oakland Athletics have acquired infielder Keith Ginter from the Milwaukee Brewers in exchange for pitcher Justin Lehr and outfielder Nelson Cruz.",Sports,
"LeBron James scores 30 points in the Lakers' win over the Celtics last night, leading his team to a 3-0 lead in the NBA Finals.",Sports,Sports
"Migrant crisis in Europe reaches new heights as thousands of refugees arrive on Greek islands, overwhelming local infrastructure and raising concerns about long-term integration.",World,World
"Red Sox edge out Yankees in thrilling ALCS game 6, advancing to World Series",Sports,Sports
"Researchers at MIT have developed a new material that can absorb and convert 100% of the sun's energy, making it a promising solution for sustainable energy production. The material, called 'Solar-Ski,' is made of a combination of organic and inorganic compounds and has been shown to be highly efficient at converting sunlight into electricity. The team plans to test the material in real-world conditions next year, with the goal of making it available for commercial use within the next five years. #SolarEnergy #SustainableEnergy",Sci/Tech,Sci/Tech
The United Nations has announced that it will hold an emergency meeting to discuss the ongoing conflict in Syria. The meeting will bring together representatives from over 50 countries to find a peaceful solution to the crisis. The UN Secretary-General has called on all parties involved to work towards a ceasefire and a political settlement. (Source: BBC News),World,World
"LONDON - The UK is set to leave the European Union on January 31, 2020, after Prime Minister Boris Johnson signed the Withdrawal Agreement on Wednesday. The move comes after years of debate and controversy, with the UK electorate voting to leave the EU in 2016. The departure will have significant implications for the UK's trade relations, immigration policies, and global standing. #Brexit #UK #Europe",World,World
Sony to Launch New Smartphone with Improved Camera and Battery Life,Business,Business
"MOSCOW - The Russian government has announced plans to annex Crimea, a peninsula in Ukraine that has been under Russian control since 2014. The move is expected to escalate tensions between Russia and Ukraine, and could have significant implications for the global political landscape.",World,World
"A man in Thailand has died of avian flu, the first human casualty in the country since the disease re-emerged in Asia in July, officials said Thursday.",World,
"NASA's Kepler space telescope has discovered a record-breaking 40 exoplanets, including some that are similar in size to Earth. The telescope has been instrumental in the discovery of thousands of exoplanets since its launch in 2009. #KeplerTelescope #Exoplanets #Astronomy",Sci/Tech,Sci/Tech
"NASA's Parker Solar Probe has successfully completed its first flyby of the Sun, coming within 15 million miles of the star. The probe, launched in 2018, is on a mission to study the Sun's corona and improve our understanding of solar flares and their impact on Earth.",Sci/Tech,Sci/Tech
"This holiday the hottest new products for kids have one thing in common: They all interact with the tube, whether by means of sensors, radio-wave technology or the regular old TV remote control.",Sci/Tech,
"Syrian President Bashar al-Assad has announced that his country will withdraw from the International Criminal Court, citing 'interference' from Western nations. The move comes as the UN Security Council prepares to vote on a resolution condemning the Syrian government's alleged war crimes.",World,World
"Microsoft unveils new AI-powered business software, set to revolutionize industry",Business,Business
"Syrian President Bashar al-Assad has been accused of war crimes by a UN commission, including the use of chemical weapons against civilians. The commission has called for the International Criminal Court to investigate and prosecute Assad and other top officials. (Source: The New York Times)",World,World
Reuters - Thai scientists began an investigation\Monday into what some conservationists believe could be the\world''s biggest case of ape smuggling -- nearly 100 orangutan\found in a Bangkok amusement park.,Sci/Tech,
"Apple's new iPhone sales are down 30% in the first quarter, according to a report by Canalys. The company is expected to launch new models in the coming months to boost sales. #Apple #iPhone #smartphones",Business,Business
Lionel Messi scores hat-trick as Barcelona beats Real Madrid 3-2 in El Clásico thriller,Sports,Sports
"Astros' Verlander dominates Yankees, leads series 2-0",Sports,Sports
Researchers have developed a new material that can absorb and convert carbon dioxide into oxygen at an unprecedented rate. The breakthrough could help combat climate change and improve air quality. #SciTech #ClimateChange,Sci/Tech,Sci/Tech
Oil prices surge after OPEC announces production cuts,Business,Business
Lionel Messi scores hat-trick as Barcelona beats Real Madrid 3-2 in El Clasico,Sports,Sports
Sony Announces New Line of High-End Smartphones,Business,Business
"NASA's Hubble Space Telescope has captured stunning images of a distant galaxy, revealing the galaxy's unique structure and providing new insights into the formation of galaxies. The galaxy, located 10 billion light-years away, is seen in unprecedented detail, with its spiral arms and stars glowing brightly. The discovery could lead to a better understanding of the evolution of galaxies and the universe as a whole.",Sci/Tech,Sci/Tech
Apple unveils new iPhone with advanced AI features,Business,Business
Amazon to Acquire Whole Foods Market in $13.7 Billion Deal,Business,Business
"After months waiting for Microsoft to give me a reason to remain loyal, I finally dumped Internet Explorer for the Firefox Web browser last week.",Sci/Tech,
"Shares of CACI International Inc. surged nearly 14 percent Thursday after the company, which provided private interrogators at Abu Ghraib prison and elsewhere in Iraq, reported a 56 percent jump in earnings.",Business,Business
"JPMorgan Chase profits rise on strong trading, investment banking",Business,Business
"Syrian President Bashar al-Assad has announced that his country will withdraw from the international treaty banning chemical weapons, citing the threat of US military action. The move has raised concerns among global leaders and human rights groups, who fear the potential for further violence and instability in the region.",World,World
"Maoists rebels have lifted a blockade that cut Nepal's capital Kathmandu off from the rest of the country for a week. In a statement released Tuesday, however, the rebels warned the government that they will not hesitate to take further action if their demands are not met. (Source: Bloomberg News)",World,World
"The ongoing conflict in Yemen has resulted in a humanitarian crisis, with over 3 million people displaced and facing food insecurity. The situation has been exacerbated by the ongoing blockade of the country, which has made it difficult for aid organizations to reach those in need. The United Nations has called for an immediate ceasefire and the resumption of humanitarian aid deliveries to the region.",World,World
LeBron James scores 50th triple-double as Lakers beat Nuggets,Sports,Sports
"LeBron James scores 40 points, including a game-tying three-pointer with 10 seconds remaining, to lead the Los Angeles Lakers to a 115-112 victory over the Golden State Warriors.",Sports,Sports
"Lionel Messi scored a hat-trick as Barcelona beat Manchester United 3-0 in the Champions League final. Messi's first goal was a stunning free kick that curled into the top corner of the net. His second was a precise through ball that found him in space and he finished with a clinical finish. His third was a solo effort, as he outran the United defense and slotted the ball past the keeper.",Sports,Sports
Nelson Valdez scored two goals to help holder Werder Bremen beat Bayer Leverkusen 3-2 on Wednesday to advance to the third round of the German Cup.,Sports,Sports
"Shares of Google Inc. slipped in pre-market trading Thursday after the world's most popular Internet search engine warned for the second time in a week that its fourth-quarter revenue growth rate is likely to slow from previous quarters. The company cited increased competition and a challenging market environment as the reasons for the slowdown. According to a report by a leading financial analyst, Google's stock could drop by up to 10% in the next few days.",Business,Business
"Adrian Peterson rushed for a season-high 225 yards and scored the game's only touchdown, leading second-ranked Oklahoma to a 12-0 victory over fifth-ranked Texas in the Red River Shootout at the Cotton Bowl. Peterson's performance was a highlight of the Sooners' dominant win, which included a strong defensive effort and a clutch kick from field goal range. Oklahoma (7-0) remains undefeated and solidifies its position atop the college football rankings, while Texas (6-1) suffers its first loss of the season.",Sports,Sports
"NASA's Parker Solar Probe has made a historic flyby of the Sun, coming within 15 million miles of the star's surface. The probe, launched in 2018, has been providing scientists with valuable data on the Sun's magnetic field and atmosphere. The flyby marks the closest approach to the Sun by a spacecraft in history, and has provided new insights into the Sun's behavior and the solar system's magnetic environment.",Sci/Tech,Sci/Tech
"NASA's Juno spacecraft has captured stunning images of Jupiter's Great Red Spot, a massive storm that has been raging for centuries. The images, released today, show the storm's swirling clouds and intense turbulence in unprecedented detail. Scientists say the Great Red Spot is likely to shrink or disappear in the next few years, and the Juno mission is helping them understand the complex processes that are driving this change. #JunoMission #GreatRedSpot",Sci/Tech,Sci/Tech
"NASA's new spacecraft, the Solar Cruiser, has successfully completed its maiden voyage, traveling to the far reaches of the solar system and returning with valuable data on the sun's influence on interstellar space. The mission, which was launched in 2022, took the spacecraft over 4.5 billion miles from Earth, surpassing the previous record for the farthest distance traveled by a spacecraft. The Solar Cruiser is the first spacecraft designed specifically to study the sun's corona, the outer atmosphere of the sun that extends beyond its surface. The mission has already yielded groundbreaking discoveries about the sun's magnetic field and its impact on the solar system's charged particles. #SolarCruiser #SpaceExploration #SciTech",Sci/Tech,Sci/Tech
"NASA's Curiosity rover has discovered evidence of a past habitable environment on Mars, according to a new study. The rover found signs of ancient lakes and rivers on the red planet, which could have supported life millions of years ago. The discovery could help scientists better understand the potential for life on Mars and other planets in the solar system. #Mars #NASA #SciTech",Sci/Tech,Sci/Tech
"Arsenal manager Arsene Wenger has been given a 'please explain' by the Football Association following his scathing post-match attack on referee Mike Riley after his side's loss to Manchester United. Wenger was critical of Riley's decision to award a penalty to Manchester United in the 89th minute, which proved to be the winning goal. The FA is now reviewing the incident and will take appropriate action if necessary.",Sports,Sports
Syrian Refugees Find Hope in Canadian Resettlement Program,World,World
"NASA's Curiosity rover has discovered evidence of a habitable environment on Mars, raising hopes for the possibility of life on the red planet. The rover found signs of water on Mars, which is essential for life as we know it. The discovery could lead to a new era of space exploration and the search for extraterrestrial life. #Mars #NASA #SciTech",Sci/Tech,Sci/Tech
"Researchers at MIT have developed a new AI algorithm that can analyze medical images with unprecedented accuracy. The algorithm can detect subtle patterns in brain scans that were previously undetectable, potentially leading to earlier diagnosis and treatment of neurological disorders. #SciTech #AI #MedicalImaging",Sci/Tech,Sci/Tech
"NASA's Mars 2020 rover has discovered evidence of past water on the Red Planet, including signs of ancient lakes and rivers. The rover's findings suggest that Mars was once habitable and could have supported life. #Mars #SciTech #SpaceExploration",Sci/Tech,Sci/Tech
"Sudan's President Omar al-Bashir has announced that his country will be withdrawing from the International Criminal Court (ICC). This move comes after the ICC issued an arrest warrant for al-Bashir on charges of war crimes and crimes against humanity in Darfur. The decision has sparked outrage from human rights groups and international leaders, who fear it will embolden other authoritarian regimes to ignore international justice.",World,World
"Salesforce.com has acquired Yet Analytics, a startup that specializes in AI-powered sales forecasting. The acquisition is expected to enhance Salesforce's ability to provide accurate sales projections and help businesses make better decisions.",Business,Business
Lionel Messi scores hat-trick as Barcelona beats Real Madrid 3-2 in El Clásico,Sports,Sports
"By MATTHEW FORDAHL    SAN JOSE, Calif. (AP) -- After years of battling Microsoft Corp...",Sci/Tech,
"Algeria's largest Islamic rebel group, with ties to al Qaeda, has appointed a new chief, known as an explosives expert, as it tries to regroup following the loss of key leaders in recent gun battles with authorities. (Reuters)",World,World
Skype Technologies SA has launched a new feature that allows businesses to make free calls to landlines and mobiles in 20 countries. This move is expected to boost the company's revenue and attract more business customers. #Skype #BusinessCommunication #FreeCalls,Business,Business
"SAN FRANCISCO -- Twitter's stock soared 10% on Tuesday after the company reported a surprise profit in the third quarter, thanks to a surge in ad revenue. The social media platform also announced a new feature to help users manage their online privacy and security. #Twitter #Profit #Privacy",Business,Business
"NewsFactor - Retailers that saw impressive growth in year-over-year online sales during last year''s holiday season should not look for the same results this year, according to estimates by Forrester Research.",Sci/Tech,
Lionel Messi scores hat-trick as Barcelona beats Real Madrid 3-2 in El Clásico,Sports,Sports
SAN FRANCISCO (Reuters) - Twitter CEO Jack Dorsey faced tough questions from investors on the company's slowing user growth and plans to address the issue at the social media platform's quarterly earnings call on Thursday. #Twitter #JackDorsey #Earnings,Business,Business
"Apple's newest iPhone is causing a stir in the tech world. The latest model features a sleek new design and improved camera capabilities, but some critics are questioning the high price point. #iPhoneX #technews",Business,Business
"Syrian President Bashar al-Assad has announced that his country will be withdrawing from the International Criminal Court, citing bias against his regime. This move comes as the UN releases a report detailing alleged war crimes committed by both the Syrian government and rebel groups. The international community is urging caution and restraint in the face of these developments. #Syria #ICC #WarCrimes",World,World
"Researchers at MIT have developed a new AI algorithm that can generate realistic images of objects and scenes from textual descriptions. The algorithm, called Text-to-Image Synthesis, has the potential to revolutionize the field of computer vision and could have applications in a wide range of industries, from entertainment to healthcare. #TextToImage #AI #ComputerVision",Sci/Tech,Sci/Tech
"Researchers at MIT have developed a new AI system that can generate realistic images of objects and scenes, using only a verbal description. The system, called 'Visual Talk,' uses natural language processing to analyze the text description and generate a photorealistic image. The technology has potential applications in fields such as entertainment, education, and accessibility. #SciTech #AI #VisualTalk",Sci/Tech,Sci/Tech
"Tennessee Titans quarterback Steve McNair (9) gets off a pass before Minnesota Vikings defensive end Kenny Mixon, left, can reach him during the first quarter in Minneapolis, Sunday, Oct. 24, 2004.",Sports,Sports
"Liverpool FC has announced the signing of forward Bobby Charlton from Manchester United in a deal worth £40 million. Charlton, 23, has signed a five-year contract with the Reds and is expected to make his debut in the team's next match. The transfer is seen as a major coup for Liverpool, who have been struggling to find consistency in their attack this season. #LFC #Football #Transfers",Sports,Sports
"Amazon is expanding its grocery delivery service to new areas, including Chicago and San Francisco. The company is partnering with local grocery stores to offer same-day delivery to customers in these regions. (Source: CNBC)",Business,Business
Lionel Messi scores hat-trick as Barcelona beats Real Madrid 3-0 in El Clásico,Sports,Sports
"NASA's Mars 2020 rover has discovered evidence of a potential underground water source on the Red Planet. The rover detected signs of hydrated minerals in a Martian rock formation, which could indicate the presence of water in the past. The discovery could help scientists better understand the planet's geology and potential habitability. #Mars #WaterOnMars #SciTech",Sci/Tech,Sci/Tech
Lionel Messi scores hat-trick as Barcelona beats Real Madrid 3-2 in El Clasico,Sports,Sports
"Microsoft Corp. has decided to advance the timetable on its much-anticipated overhaul of Windows, the Financial Times reported Saturday. The company plans to release the new operating system in the fall, several months ahead of schedule. The move is expected to give Microsoft a significant competitive advantage in the marketplace. #Windows #Microsoft #Tech",Business,Business
"NASA's InSight lander has successfully touched down on Mars, marking a major milestone in the space agency's ongoing exploration of the Red Planet. The lander, which launched in May, used a heat shield to protect itself from the intense heat generated during its descent through the Martian atmosphere. Once on the surface, InSight will begin its mission to study the planet's interior and better understand the structure of the Martian crust. #MarsLanding #InSight #NASA",Sci/Tech,Sci/Tech
"NASA's Parker Solar Probe has made history by flying closer to the sun than any other spacecraft. The probe, launched in 2018, has been studying the sun's corona and magnetic field, providing new insights into the sun's behavior and its impact on the solar system. #ParkerSolarProbe #Sun #SpaceExploration",Sci/Tech,Sci/Tech
"Detroit Lions wide receiver Kenny Golladay has been ruled out for Sunday's game against the Green Bay Packers due to a hamstring injury. This will be the second straight game that Golladay has missed, leaving the Lions thin at the receiver position.",Sports,Sports
"Researchers at MIT have developed a new material that can absorb and convert 100% of the sun's energy, making it a promising solution for sustainable energy production. The material, called 'solar absorber,' is made of a unique combination of materials that allow it to absorb a wider range of solar spectrum than previous materials. This breakthrough could help reduce our reliance on fossil fuels and mitigate climate change. #SolarEnergy #RenewableEnergy",Sci/Tech,Sci/Tech
"Manny Pacquiao dominated Adrien Broner in a unanimous decision victory in their welterweight fight Saturday night, winning by scores of 118-110, 116-112, and 115-113. The fight took place at the MGM Grand Garden Arena in Las Vegas and was seen by a live audience of 14,000. Pacquiao, 40, improved to 62-7-2 in his career, while Broner, 29, fell to 34-4-1. The win cements Pacquiao's status as one of the greatest boxers of all time, and he is now eyeing a potential fight against Floyd Mayweather Jr. in the near future.",Sports,Sports
"Tiger Woods has announced that he will return to competitive golf at the Masters next month, after a nearly two-year hiatus. The 45-year-old golf legend has been recovering from a fourth back surgery and is eager to get back on the course. Woods has won the Masters four times in the past, including in 2001 when he was ranked number one in the world. His return is expected to generate significant interest and excitement in the golf world.",Sports,Sports
"Sony is expected to announce a major restructuring plan next week, aimed at improving the company's financial performance. The plan is expected to involve significant job cuts and the sale of non-core assets. The company has been struggling in recent years due to increased competition and declining sales in key markets.",Business,Business
"NASA's InSight lander has successfully touched down on Mars and is set to begin its mission to study the red planet's internal structure. The lander, which launched in May, used a heat shield to protect itself from the intense heat generated during its descent. InSight, which stands for Interior Exploration using Seismic and Heat Shield, is equipped with a suite of instruments to measure Mars' temperature, pressure, and seismic activity. The mission is expected to last for at least 12 months and could provide valuable insights into Mars' geology and potential habitability.",Sci/Tech,Sci/Tech
"Syrian Refugees Find Safety in Germany, but Challenges Remain",World,World
Sony to Acquire EMI Music Publishing in $2.3 Billion Deal,Business,Business
"The ongoing conflict in Ukraine has entered its fifth year, with no end in sight. The situation remains dire, with both sides accusing each other of aggression and violations of ceasefire agreements. The humanitarian crisis deepens, with millions of people in need of aid and shelter. International efforts to broker a peace deal have so far been unsuccessful, leaving the region in a state of limbo.",World,World
"Researchers at MIT have developed a new material that can absorb and convert carbon dioxide into oxygen at an unprecedented rate. The new material, called 'Metal-Organic Frameworks,' could help reduce carbon emissions and combat climate change. #SciTech #ClimateChange",Sci/Tech,Sci/Tech
John Robertson has this morning been confirmed as the new Hearts manager. Mr Robertson #39;s arrival follows several days of negotiation with Inverness Caly Thistle over a compensation package for the Highland club.,Sports,
"Sony is set to launch a new line of high-end TVs, featuring cutting-edge OLED technology and sleek designs. The new TVs are expected to be priced around $2,000, making them some of the most expensive on the market. Despite the high cost, analysts say the TVs are likely to be a hit with consumers looking for a premium viewing experience. #Sony #TVs #HighEndTech",Business,Business
"PALM INC. REVIVES WI-FI DREAM, BUT IT'S NOT ALL IT'S CRAFTED UP TO BE",Business,Business
Migrant crisis in Europe worsens as thousands arrive on Greek islands,World,World
The F.C.C. adopted rules that will enable utility companies to offer an alternative to broadband services provided by cable and phone companies. This move is expected to increase competition in the market and provide consumers with more choices for high-speed internet access.,Business,Business
"Embroiled in an accounting scandal that led to the firing of its CEO, Nortel Networks said today that its financial results for 2003 and the first half of 2004 won't be out until the end of October.",Business,Business
"LONDON (Reuters) - The United Nations has issued a warning that the world is facing a growing threat from climate change, with rising sea levels, more frequent natural disasters, and increased risk of conflict over resources. The organization is urging immediate action to reduce greenhouse gas emissions and mitigate the worst effects of climate change. #climatechange #un #sustainability",World,World
"The ongoing conflict in Syria has resulted in the deaths of over 500,000 people and displaced millions, according to the United Nations. The situation has become increasingly dire as the country's infrastructure and economy continue to deteriorate. The international community has called for a ceasefire and political solution to the conflict, but negotiations have yet to produce a lasting peace.",World,World
