text,label,requested_label
"Researchers at MIT have developed a new material that can absorb and convert 100% of the sun's energy into electricity. The innovative material, called 'Solar-Ski,' is made of a special type of plastic that can be integrated into windows, walls, and even clothing. According to the team, this breakthrough could revolutionize the way we generate electricity and reduce our reliance on fossil fuels. #SolarSki #RenewableEnergy",Sci/Tech,Sci/Tech
"WASHINGTON - The Congressional Budget Office projected Tuesday that this election-year''s federal deficit will hit a record \$422 billion, a shortfall that would be smaller than analysts predicted earlier this year.    The figure immediately provided political fodder for both parties now in the final two-month stretch of the presidential and congressional campaigns...",World,
"Microsoft Corp. on Wednesday announced the roll-out of Windows XP Service Pack 2 (SP2), a security-focused update to PCs running Windows XP Professional Edition. The company began pushing the update to PCs through Windows Update and started taking orders for SP2 CDs. SP2 includes a range of security enhancements, such as improved firewall and antivirus protection, as well as new features to help users manage and secure their PCs.",Business,Business
"Nortel Networks said on Thursday it will slash its work force by 3,500, or 10 percent, as it struggles to recover from an accounting scandal that toppled three top executives and led to a criminal investigation and lawsuits.",Sci/Tech,
"HEMPSTEAD, NY - He was drafted in the first round in 2000 out of Marshall, at the head of the same quarterback class that yielded Tom Brady, but Chad Pennington #39;s road to success has been more deliberate.",Sports,
"Houston's Kris Brown caps a Texans rally by nailing a 50-yard field goal with 2 seconds left for a 24-21 victory over the Kansas City Chiefs, dropping the defending AFC West champs to 0-3.",Sports,Sports
Lionel Messi scores hat-trick as Barcelona beats Real Madrid 3-2 in El Clásico thriller,Sports,Sports
"Australia #39;s biggest retailer, Coles Myer, hopes it has silenced its detractors by posting a record annual profit, which was above its own guidance and market expectations.",Business,
"The free Firefox Web browser, which has chipped away at the market dominance of Microsoft #39;s Internet Explorer, has been readied for a full release including new features designed to make it more stable, backers of the program say.",Sci/Tech,
"Amazon's latest acquisition of Whole Foods Market has sparked competition concerns among grocery store chains. The deal, worth $13.7 billion, has raised fears of a monopoly in the grocery industry. Industry analysts say the move could lead to higher prices and reduced competition for consumers.",Business,Business
"One of the tongue-in-cheek rules that we column-writers have is,  quot;Often wrong, never in doubt. quot; Take a stand, don #39;t duck and weave too much.",Business,
"Taiwan rescue workers dug out seven bodies from mud and rock in a mountain village that was hit by a devastating landslide triggered by Typhoon Aere, but eight still remained buried, officials said on Friday.",World,
"Liverpool FC won their 6th European Cup title on Wednesday, defeating Tottenham Hotspur 2-0 in the final. Mohamed Salah scored both goals for the Reds, who are now unbeaten in 32 matches in all competitions. The victory was met with wild celebrations from the Liverpool fans, who have waited 29 years for another European title.",Sports,Sports
US Airways Group Inc. met with two unions to try and agree on concessions before an Oct. 7 hearing at which a bankruptcy judge might let the carrier temporarily reduce pay 23 percent to help avoid potential liquidation.,Business,
"Lionel Messi scored a hat-trick as Barcelona defeated Real Madrid 3-1 in their El Clasico showdown at the Camp Nou. The Argentine superstar's first goal was a stunning free kick that curled into the top corner of the net, leaving Madrid goalkeeper Thibaut Courtois rooted to the spot. Messi's second goal was a clinical finish into the bottom left corner, before he added a third with a precise low finish into the far corner. Madrid's consolation goal came from a Karim Benzema penalty in the 89th minute, but it was too little, too late for the visitors as Barcelona maintained their 100% record in the league.",Sports,Sports
"Amazon plans to expand its grocery delivery service to 30 new cities across the US, aiming to reach 70% of the population by the end of next year. The move is expected to intensify competition with traditional grocery retailers and supermarkets. #Amazon #grocerydelivery #retail",Business,Business
LeBron James scores 50 points in Cavaliers' win over Warriors,Sports,Sports
Singapore #39;s Prime Minister Lee Hsien Loong on Sunday night delivered his first National Day Rally speech since he was sworn in as the country #39;s third Prime Minister.,World,
"Amazon is expanding its same-day delivery service to new areas, including parts of the San Francisco Bay Area and Dallas-Fort Worth. The service, which was first launched in select cities last year, allows customers to receive their packages within hours of placing their order. The expansion is part of Amazon's effort to increase its delivery speed and improve customer satisfaction.",Business,Business
NASA's Mars 2020 rover has discovered evidence of a massive underground lake on the Red Planet. The lake is believed to have existed for millions of years and could provide clues about the potential for life on Mars. #Mars #NASA #SciTech,Sci/Tech,Sci/Tech
"COOLUM, Australia - Australian Peter Lonard won the Australian PGA Championship by two strokes for his third tournament title in as many weeks on Sunday, cementing his position as one of the world's top golfers. Lonard, who has been in excellent form this season, carded a final-round 68 to finish at 16-under 272, two shots clear of nearest rival Marc Leishman. The victory was Lonard's third in as many weeks, following wins at the Qatar Masters and the Dubai Desert Classic. With this latest success, Lonard has solidified his position as one of the top golfers in the world and is well-placed to challenge for more titles in the coming months.",Sports,Sports
"Sudanese President Omar al-Bashir has been ousted after 30 years in power, following mass protests and military pressure. The move marks a significant turning point in the country's history and raises hopes for a more democratic future.",World,World
"Researchers have discovered a new species of ancient human in the Philippines, which may have lived as recently as 50,000 years ago. The findings were published in the journal Nature and suggest that the species, known as Homo luzonensis, may have evolved in response to the island's unique environment. #SciTech #Archaeology",Sci/Tech,Sci/Tech
Lionel Messi scores hat-trick as Barcelona beats Real Madrid 3-2 in El Clásico,Sports,Sports
AP - The game between the Minnesota Twins and the New York Yankees on Tuesday night was postponed by rain.,Sports,
"Syrian President Bashar al-Assad has announced that his country will be withdrawing from the International Criminal Court, citing 'interference' from Western nations. This move comes as tensions between Syria and the US, UK, and France continue to escalate. #Syria #InternationalCriminalCourt #Diplomacy",World,World
Lionel Messi scores hat-trick as Barcelona beats Real Madrid 3-2 in El Clásico,Sports,Sports
"AUBURN HILLS, Mich. -- The potential loss of Gary Payton with a strained left hamstring was briefly a laughing matter last night after the Celtics dropped a 100-88 decision to the Pistons. When asked how he would get through one and possibly many more games without the veteran point guard, coach Doc Rivers decided he would call up executive director ...",Sports,
"Researchers say they could be used to treat burn wounds, skin injuries    HealthDayNews -- Cells in the hair follicles of the skin appear to be stem cells that may offer potential new ways to treat burn wounds and other skin injuries, as well as hair loss.    That''s the promising conclusion of a study in the Sept...",Sci/Tech,
Shares of XYZ Inc. surged 15% after the company announced a new partnership with a major tech giant. The partnership is expected to boost revenue and profitability in the coming quarters.,Business,Business
"NASA's Mars 2020 rover has discovered evidence of a long-lost ancient river on the Red Planet. The rover, Perseverance, used its onboard instruments to detect signs of water in the Martian soil, which could have supported life in the past. The discovery could help scientists better understand the potential for life on Mars and inform future missions to the planet. #Mars #SciTech",Sci/Tech,Sci/Tech
"Syrian President Bashar al-Assad has announced that his country will withdraw from the International Criminal Court, citing interference from Western powers. The move comes as the UN Security Council considers sanctions against Syria over allegations of war crimes.",World,World
"Amazon has announced plans to expand its grocery delivery service to 30 new cities across the US, as the company continues to grow its e-commerce offerings. The move is expected to increase competition in the grocery delivery market, which is currently dominated by companies like Instacart and Shipt. Amazon has been investing heavily in its grocery delivery service, and the new expansion is expected to bring more convenience and choice to customers. #Amazon #GroceryDelivery #Ecommerce",Business,Business
"The coach of disgraced Greek sprinters Kostas Kenteris and Katerina Thanou says IAAF charges against the athletes are groundless and will not result in a suspension, according to reports Friday.",Sports,
"The world #39;s first private spaceship has blasted into the final frontier for the second time in five days, snatching the nearly 14-million dollar prize and founding a new era of space tourism.",Sci/Tech,
LeBron James scores 50th career triple-double as Lakers defeat Warriors,Sports,Sports
"NASA's Mars 2020 rover has discovered evidence of ancient rivers on the Red Planet, providing new insights into the planet's geological history. The rover, which landed in February, has been exploring Jezero crater, a 28-mile-wide impact crater that was once home to a lake. The rover has found rocks and minerals that suggest the presence of water on Mars over 3.5 billion years ago, and the possibility of life existing on the planet at that time. #Mars #NASA #SciTech",Sci/Tech,Sci/Tech
AP - Takeo Spikes made good on his vow the Buffalo Bills would finally provide some good news for their fans this weekend.,Sports,
"AP - Hungry, thirsty and increasingly desperate residents burned tires in protest and attacked each other in a panic to get scarce food and water Thursday as workers struggled to bury hundreds of victims of Tropical Storm Jeanne.",World,
The biggest-selling electronic product in the world is mobile phones. Analysts estimate that consumers from Canada to China will snap up more than 600 million handsets this year -- five times the number of TVs or personal computers expected to sell.,Sci/Tech,
Lionel Messi scores hat-trick as Barcelona beats Real Madrid 3-2 in El Clásico,Sports,Sports
Reuters - The Sudanese foreign minister rejected on\Friday a U.S. declaration of genocide in the Darfur region of\Sudan and said the United States was using a humanitarian\crisis for political purposes.,World,
"Salesforce.com on Wednesday introduced a new on-demand call center and help desk application service called Supportforce. The new service is designed to help businesses manage their customer service operations more efficiently and cost-effectively. With Supportforce, businesses can easily set up and manage their own call centers, and provide 24/7 support to their customers. The service also includes advanced analytics and reporting capabilities, allowing businesses to gain valuable insights into their customer behavior and preferences.",Business,Business
"Former Fresno State standout Nick Watney recovered from a double-bogey on the seventh hole to shoot 1 under and tie for the third-round lead Saturday in the Nationwide Tour Championship at the Robert Trent Jones Golf Trail in Prattville, Ala.",Sports,
"Nintendo, Sony ready rival portable gaming devices. Which one will gamers go for?",Sci/Tech,
Intel Corp. is expected to release a faster version of its powerful but expensive Pentium 4 Extreme Edition processor on Monday alongside the introduction of a chipset that uses a faster front-side bus to connect the processor and the memory.,Sci/Tech,
Coach Bill Cowher finally confirmed yesterday the Pittsburgh Steelers'' worst-kept secret: Duce Staley is in at running back and Jerome Bettis is out again.,Sports,
IBM plans to start shipping its PCs with a new chip designed to thwart hackers by safeguarding passwords and other sensitive identity information.,Sci/Tech,
"Researchers at MIT have developed a new material that can absorb and convert 100% of the sun's energy, making it a potential game-changer for sustainable energy production. The material, called 'solar absorption photovoltaic,' or SAP, is made of a combination of materials that are cheap and abundant, and could be produced on a large scale. The team plans to test the material in real-world conditions next year, with the goal of making it ready for commercial use within the next five years. #SolarEnergy #SustainableEnergy",Sci/Tech,Sci/Tech
"So a few weeks ago, the two astronauts who live there tossed out some useless junk, like so many old hubcaps for the trash heap. Only this stuff floated away in space.",Sci/Tech,
"FONTANA, CA.California native Casey Mears was glad to be home. So glad in fact, he put his No. 41 Dodge on the Busch Series pole position for Saturday #39;s Target House 300 run on the two-mile California Speedway.",Sports,
TOKYO - Sony Corp is attempting to claw back market share of the domestic flat-panel TV market with the launch of eight new televisions.,Sci/Tech,
"Gary Price checks in with web search pioneer Matthew Koll, who shares his thoughts on the current and future state of the industry.",Sci/Tech,
"Apple CEO Tim Cook announced a new line of iPhones with improved cameras and faster processors. The company also unveiled a new streaming service, Apple TV+, which will launch in November.",Business,Business
An obscure amendment attached to an appropriations bill could throw a wrench into presidential candidate John Kerry''s plans to fund embryonic stem cell research. By Kristen Philipkoski.,Sci/Tech,
"CLEMSON, S.C. -- Charlie Whitehurst threw an 11-yard touchdown pass to Kyle Browning in the second overtime, which lifted No. 15 Clemson to a 37-30 victory over Wake Forest yesterday.",Sports,
"FOXBORO, Mass.  Bill Belichick took a few minutes Monday to convey his congratulations to his offensive coordinator on becoming Notre Dame #39;s head coach.",Sports,
Some 800 Palestinian detainees in Israel #39;s Ashkelon prison have suspended their 13-day-old hunger strike until Monday after some of their demands were met.,World,
"An Australian man found himself in hot water, when he was arrested for taking pictures of topless sunbathers with his camera phone.",Sci/Tech,
Delta Air Lines managers and pilots will meet again today and likely negotiate through the weekend to find a way to keep the airline staffed with pilots as many opt for early retirement.,Business,
"Drew Gooden scores 27 points as the Cleveland Cavaliers defeat the Toronto Raptors 105-97 in a thrilling match. LeBron James adds 27 points of his own, including a monstrous dunk that seals the victory.",Sports,Sports
"SAN FRANCISCO, August 20 (New Ratings) - Google has announced the launch of its new cloud-based productivity suite, Google Workspace. The suite includes Gmail, Google Drive, Google Docs, Google Sheets, and Google Slides, and is designed to provide businesses with a more secure and efficient way to collaborate and work. According to the company, Google Workspace is built on the same technology as Google's consumer products, but has been optimized for business use with advanced security and management features. The suite is available for a free trial and will be priced at $6 per user per month for a basic plan.",Business,Business
Lionel Messi scores hat-trick as Barcelona beats Real Madrid 3-2 in El Clásico,Sports,Sports
Syrian refugees face new challenges in Europe as winter sets in,World,World
"Toshiba will market laptops with HD-DVD drives by the end of next year, becoming one of the first manufacturers to commit to a next-generation DVD format.",Sci/Tech,
U.S. tanks and snipers took up positions near the revered Imam Ali Shrine and engaged in fierce battles with militants.,World,
"NASA's new spacecraft, the Artemis, has successfully completed its maiden voyage to the moon. The spacecraft, which is designed to take humans back to the lunar surface for the first time since the Apollo era, exceeded expectations by landing safely on the moon's surface and returning with valuable scientific data. The mission marks a major milestone in NASA's plan to return humans to the moon by 2024 and paves the way for future space exploration. #ArtemisMission #SpaceExploration",Sci/Tech,Sci/Tech
"The study, which was conducted by Yahoo and media agency OMD, examined the way in which 13 US households reacted to being denied access to the internet for two weeks.",Sci/Tech,
"Reciprocal Links Are Not Evil\\I will repeat, reciprocal links are not evil. All this discussion in the forums about how people only want one-way links because they heard reciprocal links are bad and can get you kicked out of the search engines is taken way out of proportion. One example ...",Sci/Tech,
"The United Nations has announced that it will be providing aid to a remote village in Africa, where a severe drought has left the residents without access to clean water. The village, located in a remote region of the Sahara Desert, has been struggling to survive in recent months due to the lack of basic necessities. The UN's humanitarian mission will provide food, water, and medical supplies to the village, in an effort to help them survive until a more permanent solution can be found. (Source: BBC News)",World,World
Liverpool FC has announced the signing of forward Bobby Firmino from German club Bayern Munich. The deal is reportedly worth £20 million and Firmino is set to join the Reds on a long-term contract.,Sports,Sports
"NASA's newest spacecraft, the Perseverance, has successfully landed on Mars and begun its mission to search for signs of life on the red planet. The spacecraft is equipped with advanced sensors and instruments to analyze the Martian environment and will spend the next several months exploring the planet's surface.",Sci/Tech,Sci/Tech
"Liverpool FC won their 6th European Cup title last night, defeating Tottenham Hotspur 2-1 in a thrilling final. Mohamed Salah scored both goals for the Reds, including the winning penalty in extra time. The victory cements Liverpool's place as one of the greatest clubs in European football history.",Sports,Sports
"NASA's InSight lander has successfully touched down on Mars and begun its mission to study the Red Planet's interior. The lander, which launched in May, used a heat shield to protect itself from the friction of entry into Mars' atmosphere and then deployed a parachute to slow its descent. Once on the surface, InSight will use a seismometer to detect marsquakes and a radio science experiment to measure the planet's internal structure. The mission is expected to last for at least a year and will help scientists better understand the structure and evolution of Mars.",Sci/Tech,Sci/Tech
Researchers at MIT have developed a new material that can absorb and convert carbon dioxide into oxygen at an unprecedented rate. The breakthrough could help combat climate change by reducing the amount of greenhouse gases in the atmosphere. #climatechange #science,Sci/Tech,Sci/Tech
"Cristiano Ronaldo scored his 700th career goal in style, leading Manchester United to a thrilling 3-2 victory over Chelsea in a thrilling Premier League match. The Portuguese forward, who is widely regarded as one of the greatest soccer players of all time, celebrated his milestone goal with a trademarked roar and a triumphant fist pump. Ronaldo's record-breaking strike capped off a dominant performance from United, who are now just one point behind league leaders Liverpool. Despite a late scare from Chelsea, United held on for the win and continue to prove their title credentials. With this victory, Ronaldo solidified his position as the greatest goal-scorer in the history of the Premier League and cemented his legacy as one of the greatest soccer players of all time.",Sports,Sports
"CBC SPORTS ONLINE - Peyton Manning threw for a career-high 472 yards and five touchdowns on 25-of-44 passing, but his last-ditch comeback attempt ended with an interception in the end zone in the closing minutes as Kansas City outlasted Indianapolis 45-35.",Sports,Sports
"Barcelona held on from an early Deco goal to edge game local rivals Espanyol 1-0 and carve out a five point tabletop cushion. Earlier, Ronaldo rescued a point for Real Madrid, who continued their middling form with a 1-1 draw at Real Betis.",Sports,
"The Dow Jones Industrial Average closed up 100 points today, led by gains in tech stocks. Apple's stock price reached an all-time high, while Amazon's stock price surged past $2,000 per share. In other business news, the US and China have agreed to a phase one trade deal, which is expected to boost global economic growth.",Business,Business
"NASA's Parker Solar Probe has set a new record for the closest approach to the sun. The probe came within 154,000 miles of the sun's surface, providing valuable data on the sun's magnetic field and atmosphere. The probe is on a mission to study the sun's corona and better understand the solar wind, which can affect Earth's magnetic field and satellite communications. #ParkerSolarProbe #Sun #SpaceExploration",Sci/Tech,Sci/Tech
PARIS -- Gael Monfils of France reached the quarterfinals in his first ATP tournament three weeks ago. Lleyton Hewitt made sure he did not duplicate the feat at the Paris Masters.,Sports,
SPACE.com - The tenth crew of the \International Space Station (ISS) made a short spaceflight early Monday to move a Russian lifeboat \to a new docking port and prepare the station for a pair of upcoming spacewalks.,Sci/Tech,
"Vijay Singh remained on course for a fifth victory in six events with a second-round 68 to lead the 84 Lumber Classic tournament in Pennsylvania. The 31-year-old golfer from India birdied three holes in a row on the back nine to take the lead and never looked back. With a total score of 13 under par, Singh is poised to win his second consecutive tournament and solidify his position as one of the top golfers in the world.",Business,Business
AP - Former All-Star forward Jamal Mashburn will miss the entire 2004-05 NBA season because of a knee injury that could end his career.,Sports,
Lionel Messi scores hat-trick as Barcelona beats Real Madrid 3-2 in El Clásico,Sports,Sports
"We should be using probes to look for life in space instead of radio signals, say scientists.",Sci/Tech,
"WASHINGTON -- The US Chamber of Commerce filed an emergency motion yesterday seeking a court order to block the Securities and Exchange Commission from requiring that 75 percent of mutual fund directors, including the chairman, be independent of the fund company.",Business,
"NASA's new spacecraft, the Artemis I, has successfully entered lunar orbit, marking a major milestone in the agency's plan to return humans to the moon by 2024. The spacecraft, which launched in November, is now preparing for a lunar landing in the coming weeks. #NASA #ArtemisI #LunarOrbit",Sci/Tech,Sci/Tech
"IBM has announced the development of a new AI-powered drug discovery platform, which uses machine learning algorithms to identify potential drug targets and accelerate the drug development process. The platform, called IBM Drug Discovery, uses natural language processing to analyze scientific literature and identify potential drug targets, and then uses machine learning to predict the efficacy of those targets. The platform could potentially revolutionize the drug discovery process by reducing the time and cost associated with it, and could lead to the development of new treatments for a range of diseases. #IBMDrugDiscovery #AIinMedicine",Sci/Tech,Sci/Tech
"Massive protests erupt in Hong Kong as China imposes new security laws, sparking fears of political repression and human rights abuses.",World,World
"Syrian refugees arrive in Canada after long journey, hoping for new start",World,World
Apple unveils new iPhone with improved camera and faster charging,Business,Business
"NASA's Parker Solar Probe has reached the sun's upper atmosphere, or corona, in a historic first. The probe, launched in 2018, has been studying the sun's magnetic field and solar wind, and has provided new insights into the sun's internal dynamics. The probe is now set to study the sun's outer atmosphere, or heliosphere, in the coming years.",Sci/Tech,Sci/Tech
"NASA's Parker Solar Probe has successfully entered the sun's corona, becoming the first spacecraft to ever do so. The probe, launched in 2018, has been studying the sun's outer atmosphere and providing valuable insights into the sun's behavior. The corona, which is the outermost layer of the sun, is a region of intense heat and magnetic activity that is not well understood. The probe's data will help scientists better understand the sun's role in the solar system and the universe as a whole.",Sci/Tech,Sci/Tech
"Migrant crisis in Europe worsens as thousands of refugees arrive on Greek islands, overwhelming local infrastructure. Governments scramble to find solutions as situation grows more dire by the day.",World,World
"Adam Levesque creates his own wild kingdom in Waltham office park with a few clicks of a computer mouse. As a child, he would sit with his grandfather and watch televised nature documentaries featuring exotic animals in their natural habitats. Now, he brings those animals to life in a digital world, using his skills in computer programming and game design. Levesque's passion project, Wild Kingdoms, is a virtual reality game that allows players to explore and interact with realistic animal environments. With the help of a team of developers, Levesque is bringing his dream to life and giving players the chance to experience the magic of the natural world in a whole new way.",Business,Business
The Internet megasite eBay yelled  #39;hold the cheese #39; when they found a 10-year-old grilled cheese sandwich that its owner says bears the image of the Virgin Mary being auctioned off on its website.,Sci/Tech,
What: MIAA Division 3A Super Bowl. Where: Bentley College in Waltham. When: Saturday at 10 a.m. Last meeting: Schools have never met. .,Sports,
"Researchers at MIT have developed a new material that can absorb and convert 100% of the sun's energy, making it a promising solution for sustainable energy production. The material, called 'Solarium,' is made of a combination of organic and inorganic compounds and has the potential to revolutionize the way we generate electricity. #SciTech #RenewableEnergy",Sci/Tech,Sci/Tech
"Sony has embarked on a potential collision course with music groups, including its own Sony BMG joint venture, over MP3 digital song files.",Sci/Tech,
"AP - Minnesota Timberwolves center Michael Olowokandi was suspended by the team for a second game Friday night, one day after police used a stun gun to subdue him when he refused to leave a club.",Sports,
"NASA's Parker Solar Probe has successfully completed its first flyby of the Sun, coming within 15 million miles of the star. The probe, launched in 2018, is on a mission to study the Sun's corona and learn more about the solar wind. #SolarProbe #NASA",Sci/Tech,Sci/Tech
Jewish leaders expressed growing frustration this week with continuing anti-Semitic violence in Europe following the torching of a Jewish community center in Paris early Sunday.,World,
"Syrian President Bashar al-Assad has announced that his country will grant amnesty to all political prisoners, in a surprise move aimed at easing tensions and jump-starting peace talks with opposition groups. The decision was made in response to international pressure and the ongoing humanitarian crisis in the country.",World,World
"Migrant crisis in Europe reaches new heights as thousands of refugees arrive on Greek islands, overwhelming local infrastructure and causing tensions to rise between locals and aid workers. #RefugeeCrisis #Greece #Migration",World,World
"54.5 million Europeans surfed the Web over a broadband connection, a 60 percent increase from 34.1 million 12 months earlier. AMSTERDAM: More than half of Europe #39;s Internet surfers now have a high-speed broadband ",Sci/Tech,
"Syrian President Bashar al-Assad has announced that his country will withdraw from the International Criminal Court, citing interference from Western powers. The move comes as tensions between Syria and the UN continue to escalate. #Syria #InternationalCriminalCourt #UN",World,World
"Los Angeles Dodgers #39; Shawn Green watches his home run in the sixth inning against the St. Louis Cardinals Saturday, Oct. 9, 2004, in Los Angeles.",Sports,
Lionel Messi scores hat-trick as Barcelona beats Real Madrid 3-2 in El Clasico,Sports,Sports
"Bee Staff Writer. SAN DIEGO - The San Diego Padres returned the favor, and the playoff-chasing Giants gladly accepted it before a disappointed record crowd of 45,389 at Petco Park.",Sports,
"MILTON -- If you could build a prototype Mansfield Hornet, he just might look like Brett McDermott.",Sports,
Lionel Messi scores hat-trick as Barcelona beats Real Madrid 3-0 in El Clásico,Sports,Sports
"Migrant caravan reaches U.S.-Mexico border, faces uncertainty",World,World
"AFP - French pharmaceutical group Sanofi-Synthelabo formally announced the birth of Sanofi-Aventis, the world''s third-largest pharmaceutical company, ranking number one in Europe.",World,
"Tensions between the US and China have escalated after the US House of Representatives passed a bill that aims to restrict China's access to the US capital market. The bill, which was passed with bipartisan support, targets Chinese companies that the US government deems to be state-owned or controlled. China has condemned the move, calling it a violation of its sovereignty and an attempt to contain its rise as a global power. The situation has raised concerns about the potential for a trade war between the two nations and its impact on the global economy.",World,World
Lionel Messi scores hat-trick as Barcelona beats Real Madrid 3-2 in El Clásico,Sports,Sports
"The daily volume of Internet attacks dropped off in the first half of this year, and the rate at which new vulnerabilities are being reported appears to have hit a plateau, according to Symantec Corp.",Sci/Tech,
"Berkeley, U. of Minn. students get download discounts; aim is to provide legal music alternatives. NEW YORK (CNN/Money) - As an added bonus to returning to campus this fall, more than 80,000 college students ",Business,
 RIO DE JANEIRO (Reuters) - Brazil coach Carlos Alberto  Parreira is more worried about playing rank outsiders Venezuela  than the likes of Germany or Argentina.,Sports,
"Maoists rebels have lifted a blockade that cut Nepal #39;s capital Kathmandu off from the rest of the country for a week. In a statement released Tuesday, however, the rebels warned the ",World,
"Venus Williams of the United States returns the ball to Croatia #39;s Karolina Sprem, during their first round match, at the Swisscom Challenge Tennis Tournament in Kloten, Switzerland, Tuesday, Oct.19, 2004.",Sports,
"JERUSALEM : Beleaguered Israeli Prime Minister Ariel Sharon persisted with plans to form a new government including the main opposition Labour party, bolstered by Washington #39;s backing for the expansion of West Bank settlements.",World,
LeBron James scores 50 points in Cavaliers' win over Magic,Sports,Sports
A SECOND-HALF Springbok blitz gave South Africa their first Tri-Nations rugby title in six years with a win over Australia at Kings Park.,Sports,
"com. Thome has known Charlie Manuel for his entire professional baseball life, which started shortly after he became a 13th-round draft pick by the Cleveland Indians in 1989.",Sports,
South Sound fans reacted with everything from relief to regret over Wednesday #39;s NCAA rulings on the University of Washington athletics program.,Sports,
"NASA's Mars 2020 rover has discovered evidence of a past habitable environment on the Red Planet. The rover found traces of water in a Martian crater, which could have supported life billions of years ago. The discovery could help scientists better understand the potential for life on Mars and other planets in the solar system.",Sci/Tech,Sci/Tech
"Fulfilling a long-time goal, Intel Corp. is set to introduce on Thursday its first chip set that supports all three current forms of Wi-Fi, according to sources familiar with the announcement.",Sci/Tech,
" FRANKFURT (Reuters) - Market research firm IDC has raised  its 2004 forecast for global personal computer sales growth to  14.2 percent from 13.5 percent, driven by high commercial  demand, it said on Monday.",Sci/Tech,
"ExxonMobil reported a 3Q profit of $6.2B, beating expectations. The company credits the strong earnings to higher oil prices and improved refining margins. (Source: Reuters)",Business,Business
"Vienna, Austria (Sports Network) - English midfielder Steven Gerrard will likely miss Saturday #39;s World Cup qualifier against Austria with a groin injury.",Sports,
palmOne introduced Monday the Tungsten T5 handheld with 256 megabytes of flash memory - the most built into a handheld to date. Expected to be widely available ,Sci/Tech,
"Syrian refugees arrive in Germany after being stranded in Hungary for days, as EU leaders fail to reach a deal on a common approach to the crisis. #Syria #Germany #Refugees",World,World
Lionel Messi scores hat-trick as Barcelona beats Real Madrid 3-2 in El Clásico thriller,Sports,Sports
"AP - Gordon Cooper, who as one of the original Mercury astronauts was a pioneer in human space exploration, has died. He was 77.",Sci/Tech,
"Reuters - European shares sagged on Tuesday as\broker downgrades hit mobile phone operator Vodafone  and two\of its peers, but UK clothing retailer Next shone on news of\strong summer sales.",Sci/Tech,
"Toronto-Dominion Bank, Canada #39;s second-largest bank by assets, said it #39;s in talks for a possible transaction #39; #39; with Banknorth Group Inc.",Business,
FULHAM #39;S United old boy Andy Cole fears his former team are poised to leave their critics red-faced. The Reds haven #39;t lost in the Premiership since defeat at Portsmouth six matches ago when they were being written off in the title race.,Sports,
"WASHINGTON - The US job market brightened in August as employers added 144,000 workers to their payrolls and hiring totals for the two prior months were revised up, the Labor Department (search) reported on Friday.",Business,
Researchers at MIT have developed a new material that can absorb and convert 100% of the sun's energy into electricity. This breakthrough could potentially revolutionize the way we generate power and reduce our reliance on fossil fuels. #SciTech #RenewableEnergy,Sci/Tech,Sci/Tech
"While it seemed likely during the preseason that Gutierrez would win the job, coach Lloyd Carr insisted two other quarterbacks - Clayton Richard and Chad Henne - had a shot.",Sports,
The retailer trots out a bargain portable PC that packs Wi-Fi. Is it getting ready for a laptop push for the holidays?,Sci/Tech,
"NASA's new spacecraft, the Perseverance, has successfully landed on Mars and is set to begin its mission to search for signs of life on the red planet. The craft is equipped with advanced technology, including a sophisticated drone and a state-of-the-art laboratory for analyzing samples. The mission is expected to take several months and will provide valuable insights into the possibility of life existing beyond Earth.",Sci/Tech,Sci/Tech
"Ending after midnight due to rain delays, Roger Federer finally put his second round robin match in the books early Thursday morning at the ATP Tennis Masters Cup in Houston, defeating Lleyton Hewitt for the fifth consecutive time 6-3, 6-4.",Sports,
"NASA's new space telescope has captured stunning images of the distant universe, including a rare view of a supermassive black hole at the center of a spiral galaxy. The James Webb Space Telescope, launched last year, has already exceeded expectations with its advanced instruments and powerful observational capabilities. #JamesWebbTelescope #SpaceTelescope #Astronomy",Sci/Tech,Sci/Tech
Lebron James scores 40 points in the Lakers' 105-90 victory over the Nuggets.,Sports,Sports
The following is a verbatim copy of a open letter to the Linux community issued by PalmSource. Read on for more information about the new acquisition and FAQs about how PalmSource will use the new resources and the new Palm OS Cobalt version of Linux.,Sci/Tech,
"Warren Sapp #39;s presence and legacy linger around the Tampa Bay Buccaneers like something tangible, something that can be felt, heard and feared, say an open-handed slap to the face mask.",Sports,
"NASA's Mars 2020 rover has discovered evidence of a possible past habitable environment on Mars, including traces of water and organic molecules. The rover's findings suggest that the Red Planet may have once supported life, and could still do so today. #Mars #Space #Science",Sci/Tech,Sci/Tech
"Ichiro Suzuki's teammates won't stand for anybody messing with his spectacular season. When Suzuki got plunked in the back, Seattle starter Bobby Madritsch nearly went ballistic.",Sports,Sports
"With few junk e-mail filters supporting a protocol for verifying the source address of digital messages, spammers have adopted it themselves as a way to appear more legitimate, stated a report released on Wednesday.",Sci/Tech,
"NEW YORK, August 30 (New Ratings) - Japan #39;s Supreme Court has reportedly approved the merger negotiations between UFJ Holdings Inc (ticker: UFJ) and Mitsubishi Tokyo Financial Group (MTFG).",Business,
IBM Corp has announced that it will launch a new low-budget version of its BladeCenter chassis for blade servers in an effort to make the blade machines more appealing to budget conscious customers in the small- and mid-sized market.,Sci/Tech,
Performance venues there can now install signal-jamming equipment to deal with rude mobile-phone users.,Sci/Tech,
Manchester United defeats Chelsea in thrilling match,Sports,Sports
Researchers have developed a new material that can absorb and convert carbon dioxide into oxygen at an unprecedented rate. The breakthrough could help combat climate change and improve air quality. #SciTech #ClimateChange,Sci/Tech,Sci/Tech
"AP - A sick man among the sick, Pope John Paul II struggled through Sunday Mass at a French shrine that draws desperate people seeking miracle cures. The 84-year-old pontiff gasped, trembled and asked aides for help during the 2 1/2 hour service in sizzling heat.",World,
"AP - Reliever Arthur Rhodes was traded for the second time in two weeks Saturday, sent from the Pittsburgh Pirates to the Cleveland Indians for outfielder Matt Lawton in the first trade of the winter meetings, a baseball official told The Associated Press.",Sports,
Apple unveils new iPhone with improved camera and faster charging,Business,Business
AP - The NHL and the players'' association appeared headed toward a lockout when talks broke off Thursday after the union''s first new proposal in nearly a year.,Sports,
"After nine days of being held by kidnappers in Iraq, New York-based freelance journalist Micah Garen will reunite with his family this week, his father said yesterday.",World,
"Syrian refugees are facing a new challenge as they try to rebuild their lives in Europe: a growing anti-immigrant sentiment among locals. Many are reporting incidents of harassment, vandalism, and even violence from people who view them as a threat to their communities. The situation is particularly dire in Germany, where far-right groups have been actively targeting refugee centers and advocacy groups. As the world watches the crisis unfold, many are calling for greater support and protection for these vulnerable individuals.",World,World
"MOSCOW (Reuters) - The United Nations General Assembly has voted to impose new sanctions on North Korea in response to the country's recent nuclear tests. The resolution, passed with 114 votes in favor, 10 votes against, and 55 abstentions, aims to restrict North Korea's access to international finance and trade. The move comes after North Korea conducted its sixth and most powerful nuclear test in September, sparking widespread condemnation from around the world. ",World,World
"BANGALORE, India Anil Kumble, the Indian spin bowler, took three wickets Wednesday to reach 400 in test matches as the first day of the first test against Australia finished finely balanced.",Sports,
"Sony and Nintendo are set to release rival portable gaming devices, the PlayStation Vita and Nintendo 3DS, respectively. The two companies are vying for dominance in the handheld gaming market, with each device boasting unique features and capabilities. The PlayStation Vita offers a more traditional gaming experience with a touchscreen interface and a range of exclusive titles, while the Nintendo 3DS offers a more immersive 3D gaming experience with innovative augmented reality features. The competition is expected to heat up in the coming months as both devices hit the market.",Business,Business
LeBron James scores 40 points to lead the Lakers to a thrilling 115-112 victory over the Nuggets. James also had 10 rebounds and 7 assists in the game.,Sports,Sports
LOS ANGELES A source says Hollywood movie studios are preparing to sue computer users they say are illegally distributing movies online.,Sci/Tech,
"BusinessWeek Online - For 35 years, Advanced Micro Devices Inc.  stood in the shadow of archrival Intel Corp.  AMD churned out lower-priced clones of the tech leader''s chips and occasionally enjoyed a hit that helped boost its meager profits. But bad times easily outweighed the good. Again and again, Intel used its manufacturing muscle and pricing power to stymie AMD''s ambitions, preventing it from gaining a foothold in lucrative markets such as servers and corporate PCs.",Sci/Tech,
"The ongoing conflict in Yemen has resulted in the deaths of over 100 civilians in the past week, according to UN officials. The humanitarian crisis in the country continues to worsen, with millions of people in need of aid. The international community has called for an immediate ceasefire and negotiations to resolve the conflict.",World,World
"Steve Coll, The Washington Post #39;s managing editor for six years, said today he is stepping down at the end of the year to pursue book projects.",Business,
Thats when you can get yours and how much you would pay. That is if you live in Japan. Sony today announced the release date and price for its new portable game system.,Sci/Tech,
"With less than a month remaining before the current collective bargaining agreement expires, representatives for the NHL and the Players #39; Association met for nearly 4 1/2 hours yesterday without making any progress on a new CBA. ",Sports,
"SAN FRANCISCO, Calif. - Tech giant Apple is expected to unveil its newest product lineup tomorrow, including a long-rumored smartwatch. The company has been tight-lipped about the details, but analysts are speculating that the watch will include advanced health features and a sleek new design. #AppleEvent #NewProductLineup",Business,Business
"Forbes.com - As the second employee of InfoSpace, Jean-Remy Facq saw the value of his stock inflate and then collapse. Now he''s suing in federal court in Seattle for a  #36;4.5 million refund of 1999 federal income tax. He''s just one of 200 tech workers who have hired Seattle tax lawyer/CPA Brian G. Isaacson in the hope his novel theories will help them slash old (and sometimes unpaid) tax bills from their exercise of stock options for shares that later tanked.",Business,
"They spent the summer marveling over their lineup changes and their improvement, the big-name veterans they signed and the strategic concepts they imported from the champion New England Patriots.",Sports,
Reuters - The Atlanta Falcons\Monday signed Pro Bowl tight end Alge Crumpler to a six-year\contract extension.,Sports,
"Tammy Haulcy drilled a 3-pointer at the buzzer, lifting UMass-Lowell to a 68-65 victory over Pace last night at Costello Gym in the River Hawks' Northeast-10 Conference opener. UMass-Lowell (2-0) sank eight 3-pointers in all, including four by Mariette Guillaume, who was one of three River Hawks in double figures. Sacha Simms led the way with 15 points, and Enjoli Nzinga added 13 points and six rebounds. The win was UMass-Lowell's third straight, and the River Hawks are off to their best start in program history. #RiverHawks #NCAABasketball",Sports,Sports
"BAGRAM, Afghanistan - Three years after the Sept. 11 attacks, Osama bin Laden and his deputy are still issuing orders for attacks by al-Qaida, a top American commander told The Associated Press Saturday...",World,
Description: News mogul Rupert Murdoch pays a record-setting \$44 million for a three-story Fifth Avenue penthouse in Manhattan formerly inhabited by the late Laurance Rockefeller.,Business,
"Apple #39;s new iPhone sales have slowed down, but the company is still on track to meet its revenue goals for the year. According to a report by Bloomberg, Apple #39;s revenue is expected to reach $250 billion in 2023, despite the slowdown in iPhone sales. The company is diversifying its product line and expanding into new markets to offset the decline in iPhone sales. #Apple #iPhone #tech",Business,Business
"Reuters - Scientists have discovered a new species of ancient human in the Philippines, which they believe lived around 50,000 years ago. The fossils of the new species, named Homo luzonensis, were found on the island of Luzon and provide new insights into human evolution. #SciTech #HomoLuzonensis",Sci/Tech,Sci/Tech
"It took a while for everything to fall into place, but it now seems clear: Chad Pennington is the real deal. Listen LIVE to NFL games, plus watch video news and features of your favorite team.",Sports,
"Researchers at MIT have developed a new AI algorithm that can generate realistic images of objects and scenes, even when the objects are not present in the training data. The algorithm uses a technique called Generative Adversarial Networks (GANs) to generate the images, which could have significant implications for fields such as computer graphics, video games, and virtual reality. #SciTech #AI",Sci/Tech,Sci/Tech
Lionel Messi scores hat-trick as Barcelona beats Real Madrid 3-0 in El Clásico,Sports,Sports
"Researchers at MIT have developed a new material that can absorb and convert 100% of the sun's energy, making it a promising candidate for next-generation solar panels. The material, called 'solar silk,' is made from a combination of silk fibers and a special type of plastic. In tests, it outperformed traditional solar panels in terms of efficiency and durability. #solarsilk #renewableenergy #futureofsolar",Sci/Tech,Sci/Tech
"Raleigh, NC (Sports Network) - Andrew Brackman scored 16 of his 20 points in the second half to lead 12th-ranked North Carolina State to a hard-fought 78-72 win over Louisiana-Lafayette at the RBC Center.",Sports,
Mass protests erupt in Hong Kong as government introduces controversial extradition bill,World,World
"Microsoft last week faced accusations of short-changing its Software Assurance customers following its decision to strip core features from the next major Windows client operating system, codenamed Longhorn.",Sci/Tech,
"HP (Quote, Chart) is doing a lot of explaining after it revealed this weekend that it will no longer put Itanium processors in its high-performance workstations.",Sci/Tech,
"The Walt Disney Co. has postponed an expansion of its video-on-demand service while it explores partnerships that could result in a deal to include the service in set-top boxes, computers or other devices.",Sci/Tech,
"LeBron James scores 40 points, leads Lakers to thrilling victory over Mavericks",Sports,Sports
"Minnesota Vikings wide receiver Adam Thielen caught three touchdown passes and ran for another score in a 37-21 victory over the New York Jets on Sunday. Thielen finished with 167 yards receiving and 22 yards rushing, leading the Vikings to their third straight win.",Sports,Sports
"The ongoing COVID-19 pandemic has caused widespread disruptions and challenges around the world, with new cases and hospitalizations reported in many countries. The World Health Organization (WHO) has called for increased vigilance and testing to help contain the spread of the virus. In the United States, the Centers for Disease Control and Prevention (CDC) has advised people to avoid non-essential travel to China and other countries with high infection rates. Meanwhile, the global economy has been hit hard, with stock markets plummeting and businesses struggling to stay afloat. The pandemic has also highlighted the need for increased international cooperation and solidarity in the face of global crises.",World,World
LeBron James scores 50 points in Cleveland Cavaliers' thrilling victory over Golden State Warriors,Sports,Sports
"By BETSY BLANEY    LUBBOCK, Texas (AP) -- Some farmers are placing their hope in a hybrid sunflower seed that could help keep arteries clear and hearts pumping in a nation smitten with snacks and processed food.    ''It''s a healthier oil,'' said Willie Wieck, 62, who started growing sunflowers on his 450 acres in the Texas Panhandle in the early 1970s...",Sci/Tech,
"Dell gets set to roll out its PowerEdge 1855 blade server line a home-grown design, this month.",Sci/Tech,
"The graphics library, an alternative to Microsoft''s DirectX, gets new features designed to add razzle-dazzle to PC games.",Sci/Tech,
United States sprinter Jerome Young was banned for life by the US Anti-Doping Agency yesterday following his second positive test for an illegal steroid in a case that could affect a US relay team #39;s gold medal from Sydney.,Sports,
NEW YORK (CNN/Money) - Some colleges are fretting the release of Microsoft #39;s upgrade to its XP operating system -- whose release coincides with the opening of campuses around the country -- saying that multiple downloads of the patch could significantly ,Sci/Tech,
"LONDON - The United Nations has announced that the number of displaced people worldwide has reached a record high of 70 million, with the majority being children. The organization is calling for increased support and funding to help address the crisis. #un #displacedpeople #refugees",World,World
"LANDOVER, Md. -- By the time Joe Gibbs finally lost his patience with Mark Brunell, Carson Palmer and the Cincinnati Bengals were already in control of the game. Palmer threw for 300 yards and two touchdowns, leading the Bengals to a 24-17 victory over the Washington Redskins. Gibbs, the Redskins' coach, was visibly frustrated with his team's performance, particularly the offense's inability to score in the second half. Despite the loss, the Redskins remain in the hunt for a playoff spot in the NFC.",Sports,Sports
"American International Group Inc. , the world''s largest insurer, said the Securities and Exchange Commission is considering accusing the company of helping PNC Financial Services Group Inc. improperly remove bad loans from its books.",Business,
"BEIJING (AP)  China appealed to North Korea on Tuesday to join working meetings before a new round of six-party talks on dismantling its nuclear program, despite the North #39;s declaration that it saw no point in attending. ",World,
SOUTHHAMPTON - West Indies want to redeem a disappointing summer with a place in the Champions Trophy final while Pakistan are equally as eager to continue its resurgence under new coach Bob Woolmer.,Sports,
Online-payment service PayPal on Tuesday sought to reassure customers that outages that had plagued the service since Friday finally had been resolved.,Sci/Tech,
"In the most highly anticipated Wall Street debut since the heady days of the dot-com boom, shares of Google surged nearly 20 percent on their first day of public trading Thursday as the quirky Internet company completed its much-hyped initial stock ...",Business,
"SAN FRANCISCO - Intel Corporation recently disclosed key technical details of its upcoming wireless broadband chip for WiMAX products, which will enable long-distance, high-speed wireless Internet access for homes and businesses.",Sci/Tech,
"Slovenia pulled off a famous result yesterday, defeating Italy to go top of Group Five. A solitary goal by Bostjan Cesar after 82 minutes gave the hosts victory in Celje to inflict a first World Cup qualifying group defeat on Marcello Lippi #39;s side.",Sports,
"U.S. tanks and snipers took up positions near the revered Imam Ali Shrine and engaged in fierce battles with militants. The fighting raged on for hours, with both sides suffering heavy losses. The shrine, a sacred site for Shia Muslims, was not damaged in the fighting.",Business,Business
"BOSTON, Mass. (AP) - Scientists at MIT have developed a new material that can absorb and convert 100% of the sun's energy, making it a promising solution for sustainable energy production. The new material, called 'SolarSkin,' is made of a combination of organic and inorganic materials and is capable of capturing and converting both visible and ultraviolet light. According to the researchers, this breakthrough could lead to a significant reduction in the world's reliance on fossil fuels and help combat climate change. #SolarSkin #SustainableEnergy",Sci/Tech,Sci/Tech
Lionel Messi scores hat-trick as Barcelona beats Real Madrid 3-2 in El Clásico,Sports,Sports
"The chief financial officer of Oracle, Harry L. You, said that \$24 a share remained the company''s ''best and final'''' offer for PeopleSoft Inc. in what may be the last week of a 17-month hostile takeover fight.",Sci/Tech,
Apple unveils new iPhone with improved camera and longer battery life,Business,Business
Soccer star Lionel Messi scores hat-trick in Barcelona's 5-0 win over Levante,Sports,Sports
Lionel Messi scores hat-trick as Barcelona beats Real Madrid 3-0 in El Clásico,Sports,Sports
"Amazon's new grocery store concept, Amazon Fresh, is set to revolutionize the way people shop for groceries. With a focus on convenience and personalized shopping experiences, Amazon Fresh is poised to take on traditional grocery stores and change the game for good. With its vast selection of fresh produce, meats, and other groceries, Amazon Fresh is sure to be a game-changer in the world of retail.",Business,Business
"LONDON (Reuters) - The United Nations has announced that the number of refugees and migrants crossing the Mediterranean Sea has reached a record high, with over 100,000 people attempting the dangerous journey so far this year. The organization is urging governments to take action to address the root causes of migration and to provide safe and dignified living conditions for those seeking refuge.",World,World
Top-seeded David Nalbandian of Argentina and Olympic champion Nicolas Massu of Chile advanced to the quarterfinals of the CA Trophy Thursday with straight-set victories while American Robby Ginepri upset No.,Sports,
"In a bold move, Amazon has announced plans to acquire the popular grocery chain, Whole Foods Market. The deal, worth over $13 billion, is expected to close in the second half of 2017. Analysts say the acquisition will give Amazon a significant boost in the brick-and-mortar retail space, and will likely lead to increased competition for traditional grocery stores. #Amazon #WholeFoods #Retail",Business,Business
"AP - SpaceShipOne is one flight away from clinching the Ansari X Prize, a  #36;10 million award for the first privately developed manned rocket to reach space twice within 14 days.",Sci/Tech,
"U.S. stocks rise on optimism over earnings, economy",Business,Business
Tiger Woods has withdrawn from the US Open after suffering a career-ending injury during his practice round. The 45-year-old golf legend was set to make his 25th appearance at the tournament but will now be unable to compete. Woods' agent released a statement saying he will undergo surgery and is expected to make a full recovery. #TigerWoods #USOpen #Golf,Sports,Sports
"News.com reports in the article: Microsoft fixes date for desktop search tool, that the company will offer up a beta release of a desktop search by the end of this year.",Sci/Tech,
"There are so many new faces, it #39;s hard to keep them all straight. But despite all the upheaval, all the contracts and controversy that so dominated the summer, Jerry Sloan believes the sheer ",Sports,
"Reuters - Long a forum for protecting endangered\species like whales or tigers, a U.N. meeting in Bangkok next\month will seek a wider role in regulating the billion-dollar\trade in timber, fish and medicinal plants.",Sci/Tech,
"Syrian President Bashar al-Assad has announced that his country will be withdrawing from the International Criminal Court, citing concerns over the court's lack of impartiality and bias against his country. The move comes as the UN's International Rescue Committee has reported a record number of refugees fleeing conflict in Syria, with over 5 million people displaced since the start of the civil war in 2011.",World,World
NEW YORK - Investors will be looking ahead to the Federal Reserve #39;s meeting and third-quarter earnings forecasts in Wall Street #39;s short trading week after the Labor Day holiday.,Business,
"Amazon announces plans to expand its drone delivery service to new locations, aiming to provide faster and more efficient delivery to customers. #AmazonDrones #DeliveryService #BusinessNews",Business,Business
NASA's latest Mars mission has discovered evidence of a possible underground water source on the red planet. The discovery could provide crucial support for future human missions and potential colonization. #MarsWater #NASA,Sci/Tech,Sci/Tech
"AP - Prosecutors in the Kobe Bryant case spent nearly  #36;400,000 trying to get the NBA star convicted of raping a woman at a Vail-area resort last summer, documents show.",Sports,
"AP - Peanuts, hot dogs and wireless instant replays. It''s the future of baseball.",Sci/Tech,
The portable stereos that ruled city streets in the 1980s aren''t shipping in high volumes anymore. But some sound artists are finding new ways to incorporate the devices into performances and ad-hoc radio networks. By Elizabeth Biddlecombe.,Sci/Tech,
"NASA's Mars 2020 rover has discovered evidence of a past habitable environment on the Red Planet. The rover found signs of water on the planet's surface, which could have supported life billions of years ago. The discovery could help scientists better understand the potential for life on Mars and other planets in the solar system.",Sci/Tech,Sci/Tech
"Puerto Rican wrestler Mabel Fonseca tested positive for a steroid in an initial doping test, a wrestling official said Saturday. Michel Dusson, secretary general of the International ",Sports,
"The United Nations has announced that it will be providing aid to a drought-stricken region in Africa. The organization has promised to deliver vital supplies, including food and clean water, to help alleviate the suffering of the local population. The move comes as the region faces a severe drought that has left millions of people without access to basic necessities. The UN has also called for international support to help address the crisis.",World,World
"Syrian President Bashar al-Assad has announced that his country will be withdrawing from the International Criminal Court, citing a lack of trust in the institution. The move comes after the ICC issued an arrest warrant for Assad in 2012 for war crimes committed during the country's civil war.",World,World
"SAN FRANCISCO, August 25 - In a surprise move, Google has announced the launch of its own cryptocurrency, GoogleCoin. The new digital currency is expected to revolutionize the way people make transactions online and offline. According to sources, GoogleCoin will be backed by a reserve of assets, including stocks, bonds, and real estate. The launch of GoogleCoin is seen as a major challenge to existing cryptocurrencies like Bitcoin and Ethereum. #GoogleCoin #Cryptocurrency #Finance",Business,Business
"UNITED NATIONS Sept. 14, 2004 - Iraq appealed to other nations Tuesday to send troops to protect an expanded UN staff that is essential for holding the country #39;s first free elections by Jan. 31, saying terrorists must not be allowed to disrupt the vote.",World,
A British soldier killed after clashes with militia forces in the southern Iraqi city of Basra was today named as Lance Corporal Paul David Trevor Thomas. ,World,
"SPACE.com - Researchers can now say definitively that Mars once \supported a watery environment, but whether the red planet could have ever \supported life is still far from certain.",Sci/Tech,
Syrian President Bashar al-Assad has announced that his country will be withdrawing from the international community and cutting off all diplomatic ties. This move comes after years of political and economic sanctions imposed by the United Nations and other countries. The decision has been met with widespread criticism and concern from around the world.,World,World
"AP - For the first time, scientists have created a genetic map of a cow, providing researchers a new tool to reduce animal disease and improve the nutrition of beef and dairy products, the Agriculture Department announced Wednesday.",Sci/Tech,
"LeBron James scores 50 points in NBA All-Star Game, sets new record",Sports,Sports
Trend Micro will become the latest major anti-virus software company to provide protection against mobile phone viruses with the release today of Trend Micro Mobile Security 1.0.,Sci/Tech,
"Syrian Civil War continues to rage on, with over 500,000 displaced and countless lives lost. UN calls for immediate ceasefire, but negotiations stall. #Syria #CivilWar #HumanitarianCrisis",World,World
You #39;ve already seen our New Users #39; and Power Users #39; reviews of Apple #39;s fourth-generation iPod (iPodlounge rating: A-/B).,Sci/Tech,
The Chicago Board of Trade took a leap forward on Monday on its goal to become a for-profit company when an Illinois judge approved a deal on how to carve up ownership of the oldest US futures exchange.,Business,
PC World - New 46-inch LCD is just one of eight flat-panel models launched this week.,Sci/Tech,
"NASA's Mars 2020 rover has discovered evidence of ancient rivers on the Red Planet, challenging the long-held belief that Mars was too cold and dry to support life. The rover found traces of hydrated minerals in rocks and soil, indicating that liquid water once flowed on Mars. The discovery could have significant implications for the search for extraterrestrial life and the possibility of life existing on other planets. #MarsRover #SciTech",Sci/Tech,Sci/Tech
"Auto racing: NASCAR Nextel Cup Sylvania 300 practice at N.H. International Speedway, Loudon, 9:30 and 11:10 a.m.; NASCAR Craftsman Truck Sylvania 200 at N.H. International Speedway, Loudon, 1 p.m.; NASCAR Busch North Sylvania 125 at N.H. International Speedway, Loudon, 3 p.m.",Sports,
"Syrian President Bashar al-Assad has announced that his country will withdraw from the International Criminal Court, citing 'interference' from Western powers. The move comes amid growing tensions between Syria and the US-led coalition, which has been supporting anti-government rebels in the country. The ICC has been investigating allegations of war crimes committed during the Syrian civil war, which began in 2011. Syria's withdrawal is the latest in a series of moves by the country to assert its independence and defy international pressure.",World,World
"RIO DE JANEIRO, BRAZIL - The global COVID-19 pandemic has reached a new milestone, with over 100 million cases reported worldwide. The virus has spread to every region of the world, with the hardest hit countries being the United States, China, and India. The World Health Organization has declared the pandemic a global health emergency and has called for international cooperation to contain the virus. #COVID19 #WorldHealthOrganization",World,World
Syrian Refugees Find New Home in Canada,World,World
"Designed to further enhance the value of our Special Report, these Powerpoint slides offer key data and statistics about the choices facing today''s IT decision makers regarding CRM.",Sci/Tech,
Lionel Messi scores hat-trick as Barcelona beats Liverpool 3-0 in Champions League final,Sports,Sports
"Researchers at MIT have developed a new AI algorithm that can analyze medical images with unprecedented accuracy. The algorithm, which uses a combination of machine learning and traditional computer vision techniques, can detect subtle abnormalities in brain scans that were previously undetectable. The breakthrough could lead to earlier diagnosis and treatment of neurological disorders, and could potentially save countless lives. #SciTech #AI #Medicine",Sci/Tech,Sci/Tech
" CHICAGO (Reuters) - Smithfield Foods Inc. &lt;A HREF=''http://www.investor.reuters.com/FullQuote.aspx?ticker=SFD.N target=/stocks/quickinfo/fullquote''&gt;SFD.N&lt;/A&gt;, one of  the nation''s largest meat producers, on Thursday said quarterly  earnings more than doubled due to higher hog prices and its  acquisition of Farmland Foods last year.",Business,
"Tiger Woods has won his 82nd PGA Tour title at the Tour Championship, solidifying his lead as the all-time leader in PGA Tour wins. The victory also marks Woods' 5th FedEx Cup title, cementing his status as the greatest golfer of all time.",Sports,Sports
"The Cubs didn #39;t need to fly anywhere near Florida to be in the eye of the storm. For a team that is going on 100 years since last winning a championship, the only thing they never are at a loss for is controversy.",Sports,
"Researchers have discovered a new species of ancient human in the Philippines, which may have lived as recently as 50,000 years ago. The findings were published in the journal Nature and shed light on the complex evolutionary history of humanity. #SciTech #Archaeology",Sci/Tech,Sci/Tech
"Liverpool FC won their 6th European Cup title by defeating Tottenham Hotspur 2-1 in the final. Mohamed Salah scored both goals for the Reds, including the winning penalty in the 87th minute. The victory marks Liverpool's 3rd major trophy of the season, following their League Cup and FA Cup wins.",Sports,Sports
WASHINGTON (AP) -- Oil prices fell for a fifth consecutive day Thursday despite a sharp drop in Iraqi exports after pipelines were sabotaged -- evidence that the bull market may have lost some steam.,Business,
"ISLAMABAD, Pakistan - The United States and its allies have moved closer to capturing Osama bin Laden in the last two months, a top U.S. counterterrorism official said in a television interview broadcast Saturday. The official, who spoke on condition of anonymity, said that the operation to capture the al-Qaeda leader is 'very close' and could happen 'within the next few weeks.'",World,World
"CARACAS, August 22 (Itar-Tass) -- President of Venezuela Hugo Chavez has called on the opposition to recognize the results of a referendum on confidence in the president held on August 15.",Business,
 PITTSBURGH (Sports Network) - Kevin Bettencourt scored five  of his 13 points in the final two minutes to lead Bucknell to a  69-66 upset over 10th-ranked and previously unbeaten  Pittsburgh.,Sports,
" AMSTERDAM (Reuters) - Nokia, the world''s biggest handset  maker, unveiled on Wednesday a miniature version of its  equivalent of the Swiss Army knife it hopes will lure women and  less-techie business people.",Sci/Tech,
"Google has announced plans to acquire rival tech firm Apple Inc. in a deal worth $250 billion. The acquisition is expected to be completed by the end of the year, and will see Apple become a subsidiary of Google. The move is seen as a major shake-up in the tech industry, and is expected to have significant implications for the future of both companies. #Google #Apple #TechIndustry",Business,Business
"DONATING: Summer Ramson,3, gets a hand from her grandmother, Barbara Daliposon, left, and Salvation Army volunteer Donna Clark as she donates money Friday at an Albertsons store on Plumb Lane in Reno.",Business,
"Researchers at MIT have developed a new material that can absorb and convert 100% of the sun's energy, making it a promising solution for sustainable energy production. The new material, called 'SolarSilk', is made of a combination of silk and titanium dioxide, and can be integrated into building facades or windows to harness the sun's energy. According to the study's lead author, 'SolarSilk has the potential to revolutionize the way we generate electricity and reduce our reliance on fossil fuels.'",Sci/Tech,Sci/Tech
"The Federal Communications Commission ruled 3-2 that states are now barred from imposing telecommunications regulations on Internet phone providers, which treat calls no differently than any other application on the Net.",Sci/Tech,
"ALICANTE, Spain : Spaniard Juan Carlos Ferrero wasted no time getting down to business, brushing aside Fabrice Santoro to put the hosts level with France 1-1 in their World Group Davis Cup semi-final tie.",Sports,
"NEW YORKIBM said yesterday it is in talks to settle a mammoth lawsuit alleging a pension plan adopted by the firm in the 1990s discriminated against 140,000 older workers.",Business,
"BAGHDAD, Iraq - A US military official in Iraq says seven American marines have been killed today in a car-bomb explosion. Several other Marines have been wounded in the attack.",World,
"Syrian refugees are facing a new challenge as they try to rebuild their lives in Europe. Many are struggling to find affordable housing, and some are even being forced to live in makeshift camps. The United Nations is working to provide aid and support to these refugees, but the situation remains dire. #Syria #Refugees #HumanRights",World,World
Lionel Messi scores hat-trick as Barcelona beats Real Madrid 3-2 in El Clasico,Sports,Sports
"Researchers at MIT have developed a new material that can absorb and convert 100% of the sun's energy, making it a promising solution for sustainable energy production. The new material, called 'solar absorber,' is made of a combination of metals and polymers and can be used in solar panels to increase their efficiency. The team believes that this technology could revolutionize the way we generate electricity and help reduce our reliance on fossil fuels. #SolarEnergy #SustainableEnergy #MIT",Sci/Tech,Sci/Tech
"Syrian refugees arrive in Canada as government vows to resettle 25,000 by year's end.",World,World
"North Korea has announced that it has successfully tested a new ballistic missile, raising concerns about the country's nuclear capabilities. The test, which took place on Wednesday, was the latest in a series of provocative actions by the isolated regime. The United Nations Security Council is set to hold an emergency meeting to discuss the situation and potential responses. #NorthKorea #BallisticMissile #SecurityCouncil",World,World
Auburn Hills - (11/29/04)--Auburn Hills police say they have identified the chair thrower from the Pistons/Pacers brawl. The suspect who allegedly threw the chair is a 35-year-old man from Genesee County's Mundy Township.,Sports,Sports
&lt;strong&gt;Letter&lt;/strong&gt; TDD mode is not just data delivery,Sci/Tech,
"NASA's new spacecraft, the Perseverance, has successfully landed on Mars and is set to begin its mission to search for signs of life on the red planet. The spacecraft is equipped with advanced technology, including a state-of-the-art robotic arm and a suite of sophisticated instruments to study the Martian environment. Scientists are eager to see the results of the mission, which could potentially shed light on one of the greatest mysteries of the universe: whether life exists beyond Earth.",Sci/Tech,Sci/Tech
SAN FRANCISCO -- A judge is ordering Microsoft Corp. to pay \$112.5 million to attorneys who successfully sued the software maker for monopolizing a segment of California #39;s market.,Sci/Tech,
"Lionel Messi scored a hat-trick as Barcelona defeated Liverpool 3-0 in the Champions League final. Messi's performance was widely praised by fans and pundits alike, with many calling it one of the greatest individual displays in the history of the competition. Barcelona's victory marks their second Champions League title in three years, and they are now firm favorites to win the tournament again next year.",Sports,Sports
"CBC SPORTS ONLINE - The Buffalo Sabres agreed to terms with former first-round draft choice Thomas Vanek on Friday. The Sabres signed the left-winger, the fifth overall selection in the 2003 NHL Entry Draft, to a three-year entry-level contract.",Sports,
" ATHENS (Reuters) - Argentina beat Italy 84-69 to win the  men''s Olympic basketball gold Saturday, the country''s first  medal in the sport.",Sports,
Walmart to Acquire Jet.com for $3.3 Billion,Business,Business
Terry Tiffee hits a go-ahead two-run double in his major league debut as the Twins edge out a dramatic 4-2 victory over the Texas Rangers.,Sports,Sports
"Syrian refugees are facing a new challenge as they try to rebuild their lives in Europe. Many are struggling to find affordable housing, and are being forced to live in cramped and dangerous conditions. The United Nations has called for more support to be provided to these vulnerable individuals, who are fleeing the conflict in their home country. #Syria #Refugees #HumanRights",World,World
"SAN FRANCISCO (Reuters) - Google has announced plans to acquire rival tech company Apple for $25 billion in cash and stock, in a deal that could reshape the technology landscape. The acquisition would give Google access to Apple's vast cash reserves and its prized iPhone franchise, while Apple would gain Google's cutting-edge technology and expertise in mobile advertising. The deal is expected to close by the end of the year, pending regulatory approval.",Business,Business
"Researchers at MIT have developed a new AI algorithm that can analyze medical images with unprecedented accuracy. The algorithm, which uses a combination of machine learning and rule-based reasoning, can detect subtle patterns in images that were previously undetectable by human doctors. The breakthrough could lead to earlier diagnosis and treatment of diseases such as cancer. #SciTech #AI #Medicine",Sci/Tech,Sci/Tech
Lionel Messi scores hat-trick as Barcelona beats Real Madrid 3-2 in El Clásico,Sports,Sports
"The global COVID-19 pandemic continues to spread, with new cases reported in several countries. The World Health Organization (WHO) has warned of a potential third wave of the pandemic, as cases in Africa and Asia increase. Governments around the world are taking measures to prevent the spread of the virus, including lockdowns, travel restrictions, and vaccination campaigns. The pandemic has had a significant impact on the global economy, with many countries experiencing recessions and unemployment rates rising. The WHO has also warned of the potential for the virus to mutate and become resistant to treatments, highlighting the need for continued vigilance and research.",World,World
Lionel Messi scores hat-trick as Barcelona beats Real Madrid 3-2 in El Clásico,Sports,Sports
"NASA's InSight lander has successfully touched down on Mars and begun its mission to study the Red Planet's interior. The lander, which launched in May, used a heat shield to protect itself from the intense heat of entry into Mars' atmosphere and then deployed its parachute and landing legs to touch down safely. InSight, which stands for Interior Exploration using Seismic Investigations, Geodesy and Heat Transport, will spend the next several months studying Mars' interior and gathering data on its composition and structure. The mission is expected to provide valuable insights into the formation and evolution of Mars and the solar system as a whole.",Sci/Tech,Sci/Tech
"That #39;s according to research outfit Gartner, which on Thursday said that second quarter global mobile phone shipments hit 156.",Sci/Tech,
"Fresh off the Pedro Martinez signing, the Mets didn #39;t waste much time before moving on to their next order of business. A baseball official with knowledge of the team #39;s plans ",Sports,
"Syrian refugees begin arriving in Canada, seeking safety and a new start",World,World
"BLOOMFIELD HILLS, Michigan (Reuters) - In the end, Europe's crushing Ryder Cup victory over the U.S. was all about better teamwork, hungrier players, putts made when they mattered most and astute captaincy by Bernhard Langer. The European team won 17-11, its largest victory margin in the competition's history. (#RyderCup #Golf #Sports)",Sports,Sports
Bryce Harper's walk-off home run in the bottom of the 9th gave the Phillies a thrilling 4-3 victory over the Mets. The win moves Philadelphia within 2 games of the NL East lead.,Sports,Sports
"NASA's InSight lander has successfully touched down on Mars and begun collecting data on the Red Planet's internal structure. The lander, which launched in May, used a heat shield to protect itself from the intense heat generated during its descent. InSight, which stands for Interior Exploration using Seismic and Heat Shield, is designed to study Mars' internal structure and provide insights into the planet's formation and evolution. #NASA #Mars #InSight",Sci/Tech,Sci/Tech
"NASA's Mars 2020 rover has discovered evidence of a potential underground water source on the Red Planet. The rover detected traces of water molecules in a rock sample collected during its descent, suggesting that liquid water may have flowed on Mars in the past. This discovery could have major implications for future manned missions to Mars and the search for extraterrestrial life. #Mars2020 #WaterOnMars #SciTech",Sci/Tech,Sci/Tech
"Layoffs at Cingular Wireless were inevitable after it acquired AT amp;T Wireless, but what #39;s with the timing? A Cingular spokesman yesterday confirmed an Associated Press report that Cingular ",Business,
Lionel Messi scores hat-trick as Barcelona beats Real Madrid 3-1 in El Clásico,Sports,Sports
"SEOUL, South Korea - A huge mushroom cloud that reportedly billowed up from North Korea was not caused by a nuclear explosion, South Korean and U.S. officials said Sunday, but they said the cause was a mystery...",World,
"Saturdays two games in Serie A saw Juventus survive a late scare to call a halt to newly-promoted Messina #39;s unbeaten run, winning 2-1, while Vincenzo Montella underlined his excellent current form with a superb goal for Roma in a storm-interrupted 2-0 ",Sports,
ATHENS (Reuters) - Greece #39;s top two sprinters should finally get to put their case on Wednesday in a drugs investigation that has shamed and angered the Olympic host nation. ,Sports,
LeBron James scores 50th career triple-double as Lakers defeat Warriors,Sports,Sports
Mobile phone operator MMO2 raises its UK revenue growth target for this year as it gets more customers and existing users spend more.,Sci/Tech,
"JERUSALEM Israel #39;s security cabinet on Tuesday approved a compensation package that would pay roughly \$200,000 to \$300,000 to each Jewish family that agreed to leave the Gaza Strip under Prime Minister Ariel Sharon #39;s withdrawal plan.",World,
Wayne Rooney looks set to become a Manchester United player this week after Everton confirmed they had received a second improved bid for the England striker from Old Trafford.,Sports,
"Turin, Italy (Sports Network) - Valentino Castellani, the chief organizer of the Turin Olympic Committee, has announced his decision to resign. Castellani has been a key figure in the organization of the Winter Olympics, which are scheduled to take place in Turin in 2006. His resignation comes as a surprise, as he had previously expressed his commitment to the event. The reasons for his decision are not yet clear, but it is expected that he will provide more information in the coming days.",Sports,Sports
"Al Leiter provided a settling influence and Kerry Wood struggled with his control, yielding three first-inning runs.",Sports,
"BRUSSELS (Reuters) - The world's major powers are gathering in Brussels for a two-day summit to discuss ways to tackle global challenges such as climate change, poverty, and inequality. Leaders from more than 70 countries are expected to attend the summit, which begins on Wednesday. ",World,World
"MOSCOW (Reuters) - Russia has launched airstrikes in Syria, marking a major escalation in the country's involvement in the conflict. The Russian military said the strikes were aimed at terrorist groups, but the US has expressed concern that the attacks could harm US-backed rebels. The move has raised tensions between Russia and the US, which have been at odds over the conflict in Syria. #Russia #Syria #War",World,World
"It might have been the last Fenway Park game of the magical 2004 season. And if it was, there''ll be a parade in Boston sometime before Election Day . . . perhaps the grandest celebration in 374 years of Hub history.",Sports,
"Sony to Acquire Crunchyroll for $1.1 Billion, Expands Global Reach",Business,Business
"The company's upcoming earnings report is expected to be a mixed bag, with some analysts predicting a decline in profits while others see a possible turnaround. Despite the uncertainty, investors remain optimistic about the company's long-term prospects.",Business,Business
"Symantec has released firmware fixes for a string of critical security holes in its firewall/VPN and Gateway Security products which could be exploited to cause a denial of service, identify ",Sci/Tech,
Lebron James scores 50th career triple-double as Lakers defeat Nuggets,Sports,Sports
Lionel Messi scores hat-trick as Barcelona beats Real Madrid 3-2 in El Clásico,Sports,Sports
"The Mars Global Surveyor released the latest glyph image that appears to evoke the kinds of communication in rock formations that has become famous among Mars'' watchers on the internet. But there is a serious side to interpreting remote sensing data, and shadow is not always one''s ally...",Sci/Tech,
"Stocks surge on positive earnings reports, Dow Jones hits record high",Business,Business
"Solving the nation #39;s spam problem will require a balancing act, legal and privacy experts said today in Washington, DC, at a meeting sponsored by the Federal Trade Commission.",Sci/Tech,
"The global COVID-19 pandemic continues to spread, with new cases reported in several countries. The World Health Organization (WHO) has warned of a potential third wave of the virus, as cases in Africa and Asia surge. Governments around the world are taking measures to contain the spread of the virus, including lockdowns, travel restrictions, and vaccination campaigns.",World,World
Rangers hopes of returning to the top of the Scottish Premier League were dashed on Sunday as they were held to a 1-1 draw at struggling Inverness Caledonian Thistle.,Sports,
"Researchers at MIT have developed a new AI algorithm that can analyze medical images with unprecedented accuracy. The algorithm uses a combination of machine learning and rule-based systems to detect subtle patterns in medical images, such as tumors or other abnormalities. The technology has the potential to revolutionize the field of medicine by improving the accuracy of diagnoses and treatment plans.",Sci/Tech,Sci/Tech
AFP - Egypt said it has charged an Iranian diplomat and an Egyptian national over a plot to assassinate an unidentified public figure.,World,
"Microsoft announced on Monday that it will not release a fifth service pack for Windows 2000, a popular version of the company #39;s operating system.",Sci/Tech,
 #39;Ol #39; Blue Eyes #39; provided an emotional musical tribute to  #39;Old Big  #39;Ead #39; as Nottingham Forest celebrated the remarkable life of Brian Clough ahead of today #39;s game with West Ham.,Sports,
"Migrant crisis in Europe reaches new heights as thousands of refugees arrive on Greek islands, overwhelming local authorities. #refugeecrisis #Greece #Europe",World,World
The company is reasonably certain that it can maintain previously issued earnings guidance.,Business,
THE Australian Rugby Union has been swamped with inquiries from high-profile players here and overseas interested in joining the new Super 14 franchise in 2006.,Sports,
The Giants coughed up three straight second-quarter turnovers and dissolved in a torrent of penalties in a baffling loss at Giants Stadium.,Sports,
WASHINGTON - The Senate Judiciary Committee heard this morning from one of its own about some of the problems with airline ''no fly'' watch lists. Sen...,World,
UConn senior quarterback Dan Orlovsky has admitted that he probably would have gone to Boston College if offered a scholarship. But ,Sports,
 NEW YORK (Reuters) - U.S. Open organizers have apologized  to Serena Williams for a controversial line call in her  quarter-final loss to Jennifer Capriati on Tuesday.,Sports,
Amazon to Acquire Whole Foods Market in $13.7 Billion Deal,Business,Business
"Researchers at MIT have developed a new material that can absorb and convert 90% of incoming solar energy into electricity, potentially revolutionizing the way we generate power. The new material, called 'solar skin,' is made of a combination of organic and inorganic materials and is lightweight, flexible, and affordable. The team believes it could be used to create more efficient solar panels and other solar-powered devices. #SolarEnergy #RenewableEnergy",Sci/Tech,Sci/Tech
"Open source can immediately prompt the words  #39;law suit #39; in some peoples #39; minds, but Black Duck have introduced a software platform that helps developers catch and resolve potential intellectual property disputes.",Sci/Tech,
Jenson Button has admitted he was  quot;misguided quot; in his attempts to switch to Williams for next season. The 24-year-old declared his intention to leave BAR in August but team boss David Richards prevented the move on legal grounds.,Sports,
&lt;strong&gt;Review&lt;/strong&gt; Quite a tempting package?,Sci/Tech,
"A dominant defensive performance and a 21-point lead left the Indianapolis Colts with precious little to fret about at halftime Sunday at the RCA Dome, save the inconsequential.",Sports,
Sony to Acquire Ericsson's Share in JV for $1.5B,Business,Business
"Results of X-rays on Gary Payton's right hand revealed a non-displaced fracture in the point guard's right thumb. Payton did not play last night against the Pistons and had the top of his thumb bandaged, but the Celtics expect him to play in the season opener against the Philadelphia 76ers Wednesday night at the FleetCenter. It could be his first game back since suffering the injury in the preseason.",Business,Business
"Chip giant Intel announced that it has joined forces with the world #39;s largest handset maker, Nokia, to develop the next generation mobile phone.",Sci/Tech,
Motorsport.com. Rubens Barrichello finally got the win he has been waiting for when he led Michael Schumacher across the line to take a Ferrari one-two at the Italian Grand Prix.,Sports,
"LeBron James scores 50 points in NBA All-Star Game, sets new record",Sports,Sports
"Fully autonomous vehicles are on the horizon, with companies like Tesla and Waymo leading the charge. But what does this mean for the future of driving? Will we see a world where humans are no longer needed behind the wheel?",Sci/Tech,Sci/Tech
"Spa is among the most demanding circuits for the engine, and Rob White explains the challenge of this unusual circuit.",Sports,
"Sony announces plans to expand its electric vehicle battery production capacity, aiming to meet growing demand from automakers. #Sony #ElectricVehicles #BatteryProduction",Business,Business
Syrian refugees arrive in Canada after long journey,World,World
"NASA's newest spacecraft, the InSight, has successfully landed on Mars and is set to begin its mission of studying the red planet's interior. The lander, which launched in May, used a supersonic parachute to slow its descent before touching down on the Martian surface. Scientists are eager to learn more about the planet's internal structure and how it formed, which will help them better understand the geological history of the solar system. #MarsLanding #SciTech",Sci/Tech,Sci/Tech
"Shares of InPhonic Inc., a Washington reseller of wireless service and telephones over the Internet, rose 26 percent Tuesday on their first day of trading..&lt;br&gt;&lt;FONT face=''verdana,MS Sans Serif,arial,helvetica'' size=''-2'' color=''#666666''&gt;&lt;B&gt;-The Washington Post&lt;/B&gt;&lt;/FONT&gt;",Sci/Tech,
Lionel Messi scores hat-trick as Barcelona beats Real Madrid 3-2 in El Clásico,Sports,Sports
"Researchers at MIT have developed a new material that can absorb and convert carbon dioxide into oxygen at an unprecedented rate. The material, called 'Metal-Organic Framework,' or MOF, has the potential to revolutionize the way we reduce carbon emissions and mitigate the effects of climate change. According to the study's lead author, 'This material could be a game-changer in the fight against climate change. Its high surface area and tunable structure make it an ideal material for carbon capture and conversion.'",Sci/Tech,Sci/Tech
Premiership adversaries Manchester United and Arsenal will have another chance to do battle at Old Trafford after last night #39;s League Cup quarter-final draw brought the teams together again.,Sports,
AP - Evander Holyfield was suspended indefinitely by New York boxing officials in the wake of his loss Saturday night to journeyman Larry Donald.,Sports,
Lionel Messi scores hat-trick as Barcelona beats Real Madrid 3-2 in El Clásico,Sports,Sports
"update In order to get the next update of its Windows operating system out the door, Microsoft will delay some of the key improvements that had been planned.",Sci/Tech,
Verizon SuperPages.com said Friday it has teamed up with eBay and Shopping.com for the rollout of new shopping tools on its online Yellow Pages site.,Business,
AP - Apparently even a Hall of Fame coach doesn''t get a break from the officials. Washington Redskins coach Joe Gibbs on Tuesday reviewed the tape of the previous night''s loss to the Dallas Cowboys and determined he was on the wrong side of ''two awful calls.'',Sports,
Migrant crisis deepens in Europe as thousands of refugees arrive in Greece. Tensions rise as countries struggle to cope with influx. #refugeecrisis #Greece #Europe,World,World
"A new pan-European supercomputing network has opened to help scientists in the EU with their research.  quot;We have just completed testing, quot; said David Henty of the Edinburgh Parallel Computing Centre, a member ",Sci/Tech,
"Aug. 18 (Bloomberg) -- The case against eight men charged with conspiracy to commit murder and carry out terrorist attacks was referred to the Old Bailey, London #39;s central criminal court. ",World,
"The Internet Corporation for Assigned Names and Number, the organization named by the US government in 1998 to oversee policies over Internet addresses, gave a preliminary nod Monday to domain names targeting mobile services and the jobs ",Sci/Tech,
CHICAGO (CBS.MW) -- Circuit City Stores shares plummeted 10 percent Monday after the nation #39;s No. 2 electronics retailer said that its third-quarter same-store sales fell 4.3 percent.,Business,
Sony to Acquire EMI Music Publishing for $2.3 Billion,Business,Business
"Amazon's stock price surges after earnings beat expectations, analysts predict continued growth",Business,Business
"AP - One day after the most lopsided loss in the 115 years of Nebraska football, the coaching staff told the Cornhuskers to forget about it.",Sports,
"Liverpool FC has announced the signing of striker Bobby Firmino from German club Bayern Munich. The 29-year-old Brazilian forward has signed a long-term contract with the Reds, who are looking to strengthen their attack after a disappointing season last year. Firmino, who has scored over 100 goals in his career, is expected to make his debut for Liverpool in their upcoming match against Manchester United. #LFC #Football #Transfers",Sports,Sports
" TOKYO (Reuters) - Japanese camera and office equipment  maker Canon Inc. &lt;A HREF=''http://www.reuters.co.uk/financeQuoteLookup.jhtml?ticker=7751.T qtype=sym infotype=info qcat=news''&gt;7751.T&lt;/A&gt; said on Tuesday it would start  producing rear projection televisions later this year, aiming  to secure a chunk of the rapidly growing market for big screen  TVs.",Sci/Tech,
"Demand for PCs surges, leading to higher than expected growth in the second half of the year. Analysts predict a strong commercial market for PCs. #PCSales #TechIndustry",Business,Business
HP plans to add virus-throttling technology to ProLiant servers and ProCurve switches starting in early 2005. Virus Throttler technology slows the spread of a virus or worm within an infected server to give  administrators time to act.,Sci/Tech,
Syrian Refugees Find New Home in Canada,World,World
Mass protests erupt in Hong Kong as pro-democracy movement gains momentum,World,World
"Mozilla Firefox Internet Browser Market Share Gains to 7.4\\The latest survey from OneStat.com shows what was expected. Firefox is gaining on Internet Explorer and pretty rapidly. As per the reports, Mozilla Foundation has taken a 7.4 market share gaining more than 5 since May. Microsoft rsquo;s Internet Explorer has dropped down ...",Sci/Tech,
"Researchers at MIT have developed a new material that can absorb and convert carbon dioxide into oxygen at an unprecedented rate. The new material, called 'Soot-X', is made of a combination of nanomaterials and can be integrated into a wide range of applications, including air purifiers, fuel cells, and even clothing. The breakthrough could have a significant impact on reducing carbon emissions and improving air quality, particularly in urban areas. #SciTech #ClimateChange",Sci/Tech,Sci/Tech
"Russia has postponed the test launch of a new booster rocket scheduled for Friday, the Defense Ministry said Thursday. The launch of the Soyuz-2 medium-size rocket from Russia #39;s ",Sci/Tech,
"To judge by the shift in the headlines, the processor war is nearly over. Who #39;s in? Advanced Micro Devices (NYSE: AMD). Out? Intel (Nasdaq: INTC).",Sci/Tech,
AP - Residents burned tires and trash in the streets Thursday trying to drive off swarms of locusts descending on the region in what a U.N. agency called the worst sub-Saharan invasion in more than a decade.,Sci/Tech,
"Mark Martin joined the growing list of longtime drivers easing their way out of NASCAR, announcing Thursday that the 2005 season will be his last as a full-time racer.",Sports,
LeBron James scores 40 points in the Lakers' season-opening win over the Clippers,Sports,Sports
" TORONTO (Reuters) - New Internet-based technology could  soon turn regular computer users into armchair spies, a  Canadian inventor said on Monday.",Sci/Tech,
Researchers at MIT have developed a new material that can absorb and convert carbon dioxide into oxygen at a rate 10 times faster than existing technologies. The breakthrough could help reduce carbon emissions and combat climate change. #climatechange #science,Sci/Tech,Sci/Tech
"NASA's Mars 2020 rover has discovered evidence of a past habitable environment on the Red Planet. The rover found traces of water on Mars dating back billions of years, which could have supported life. The discovery could help scientists better understand the potential for life on Mars and inform future missions to the planet.",Sci/Tech,Sci/Tech
"Barnstable had the upperhand once again. The Red Raiders are one win away from defending their MIAA Division 1 state volleyball championship after blanking Chelmsford, 3-0, in the semifinals last night in Mansfield. It was the second time this fall Chelmsford had been frustrated by the powerful Barnstable lineup.",Sports,
"Researchers at MIT have developed a new AI algorithm that can detect and diagnose diseases with greater accuracy than ever before. The algorithm uses a combination of machine learning and medical imaging techniques to identify subtle patterns in medical scans that are indicative of specific diseases. The team tested the algorithm on a dataset of over 10,000 medical scans and achieved an accuracy rate of 90%. This breakthrough could revolutionize the field of medicine and improve patient outcomes worldwide.",Sci/Tech,Sci/Tech
"AP - Accompanied by a warning that its missiles have the range, Iran on Tuesday said it would destroy Israel''s Dimona nuclear reactor if the Jewish state were to attack Iran''s nuclear facilities.",World,
Tulane officials have postponed Saturday #39;s football game against Louisville because of the threat of Hurricane Ivan. Tulane officials said in a statement Tuesday that the game is tentatively rescheduled for the weekend of Dec. 4 at the Superdome.,Sports,
"The combined worldwide market for desktops, servers and packaged software running on Linux is forecast to grow at a 2003-2008 compound annual growth rate of 25.9 percent worldwide, reaching \$35.7 billion by 2008.",Sci/Tech,
"SAN FRANCISCO (AP) - Tech giant Apple announced a new line of iPhones and Watches, including a budget-friendly model and a high-end Edition series. The new devices are expected to boost sales and competition in the crowded smartphone market. #Apple #iPhone #Tech",Business,Business
"Samsung Electronics announced three breakthroughs in key technologies that promise greater data storage and faster processing for computers and mobile devices such as MP3 audio players. The advancements include a new type of flash memory that can store up to 1 terabyte of data, a faster graphics processing unit (GPU) for smoother gaming and video playback, and a more efficient processor for longer battery life. The company plans to integrate these technologies into its next-generation devices, including smartphones and laptops. #Samsung #gadgets #tech",Sports,Sports
Researchers at MIT have developed a new material that can absorb and convert 100% of the sun's energy into electricity. This breakthrough could revolutionize the way we generate power and reduce our reliance on fossil fuels. #SciTech #RenewableEnergy,Sci/Tech,Sci/Tech
"The Mac maker says it will replace about 28,000 batteries in one model of PowerBook G4 and tells people to stop using the notebook.",Sci/Tech,
"NASA's new spacecraft, the Artemis I, has successfully entered lunar orbit, marking a major milestone in the space agency's plans to return humans to the moon by 2024. The spacecraft, which launched in May, has been traveling over 250,000 miles since its launch and has now entered into a stable orbit around the moon. The spacecraft will now begin to prepare for the landing of the first woman and the next man on the lunar surface, a key step in NASA's Artemis program to establish a sustainable human presence on the moon.",Sci/Tech,Sci/Tech
"Researchers at MIT have developed a new AI algorithm that can analyze medical images with unprecedented accuracy. The algorithm, which uses a combination of machine learning and computer vision techniques, can detect subtle abnormalities in brain scans with 90% accuracy. The breakthrough could lead to earlier diagnosis and treatment of neurological disorders, such as Alzheimer's and Parkinson's. #SciTech #AI #Medicine",Sci/Tech,Sci/Tech
Miami Heat star forward LeBron James has been ruled out for tomorrow's game against the Los Angeles Lakers with a sprained ankle.,Sports,Sports
"Microsoft has acquired LinkedIn for $26 billion, expanding its reach in the professional networking space. The deal is expected to close this year and will give Microsoft access to LinkedIn's 450 million members and vast trove of data on professional connections.",Business,Business
"After you''ve joined the music revolution and plunked down \$250 for an Apple iPod mini, it''s easy to become quite protective of the little gizmo.",Sci/Tech,
"The Recording Industry Association of America (RIAA) has filed 754 new lawsuits against alleged file-traders using peer-to-peer services, the trade group announced Thursday.",Sci/Tech,
"SiliconValley.com - In August, Joshua Rosen, a San Francisco entrepreneur and art director, went live with a Web site that makes it very simple for people to register to vote.",Sci/Tech,
Andre Iguodala has been cleared to return to the 76ers lineup after missing 10 games with a left knee injury. The team is hopeful that he will provide a boost to their playoff push.,Sports,Sports
Lleyton Hewitt looks unstoppable as he kicks off US Open campaign with dominant victory,Sports,Sports
"Researchers at MIT have developed a new material that can absorb and convert 100% of the sun's energy, making it a promising solution for sustainable energy production. The material, called 'solar absorbers,' is made of a combination of organic and inorganic materials and has the potential to revolutionize the solar energy industry. #SolarEnergy #Sustainability",Sci/Tech,Sci/Tech
"Liverpool FC secured their place in the Champions League final with a thrilling 4-3 victory over Barcelona in a match that will go down in history. The Reds fought back from a 3-0 deficit to win in a dramatic comeback, with goals from Firmino, Salah, and Mané. The match was filled with drama and excitement, as both teams gave it their all in a display of world-class football. Liverpool will now face either Tottenham or Ajax in the final, with the date and time to be determined. #LFC #UCL #ComebackKings",Sports,Sports
"ATHENS -- The Olympic flame was lit Thursday in Greece, marking the start of the XXXII Olympiad. The flame was lit at the ancient Temple of Hera in Olympia, the birthplace of the Olympics. The torch relay will travel through 87 cities in 20 countries over the next 75 days before reaching Rio de Janeiro for the Aug. 5 opening ceremony.",World,World
Mike Trout hits 40th home run of the season as Angels beat Mariners 8-4,Sports,Sports
"As Amazon expands its grocery delivery service, analysts predict a major disruption in the $800 billion US grocery market. Will traditional retailers adapt or be left behind?",Business,Business
"Sony plans to launch a new line of high-end TVs next year, featuring OLED panels and 8K resolution. The move is expected to disrupt the industry and give Sony a competitive edge in the market. #Sony #TVs #Technology",Business,Business
"PalmSource today announced entry into an agreement for the acquisition of China MobileSoft Limited (CMS), a leading Chinese mobile phone software company with business operations headquartered with its wholly-owned subsidiary, MobileSoft Technology ",Sci/Tech,
"Electronic Data Systems Corp., which lost business when customer US Airways Group Inc. filed for bankruptcy protection the first time, says the carrier #39;s latest filing also will hurt.",Business,
"Oakland, CA (Sports Network) - The Oakland Athletics have acquired infielder Keith Ginter from the Milwaukee Brewers in exchange for pitcher Justin Lehr and outfielder Nelson Cruz.",Sports,
"Do-it-yourself phishing kits are being made available for download free of charge from the Internet, according to anti-virus firm Sophos.\",Sci/Tech,
"Lleyton Hewitt made sure he didn't duplicate the feat at the Paris Masters, as he defeated France's Gael Monfils in the quarterfinals. Hewitt won the match in straight sets, 6-4, 6-2, and will face the winner of the other quarterfinal match between Novak Djokovic and Roger Federer in the semifinals. #Sports #Tennis",Sports,Sports
"A Republican on how to survive in a Democratic town: This really is the greatest city in the world, but you are now behind enemy lines.",World,
"Researchers at MIT have developed a new material that can absorb and convert 100% of the sun's energy, making it a promising solution for sustainable energy production. The material, called 'solar absorber,' is made of a combination of metals and semiconductors and can be integrated into solar panels to increase their efficiency. According to the researchers, this breakthrough could lead to a significant reduction in the world's reliance on fossil fuels and help combat climate change. #SolarEnergy #ClimateChange #SustainableEnergy",Sci/Tech,Sci/Tech
"Researchers at MIT have developed a new material that can absorb and convert 100% of the sun's energy, making it a promising solution for sustainable energy production. The material, called 'solar absorbers,' is made of a combination of organic and inorganic materials and can be integrated into solar panels to increase their efficiency. The breakthrough could help reduce the world's reliance on fossil fuels and mitigate climate change. #SolarEnergy #RenewableEnergy",Sci/Tech,Sci/Tech
"AP - As Philadelphia prepares to install monitoring cameras at some city intersections, officials say they''re not worried about studies that suggest the surveillance may lead to more accidents.",Sci/Tech,
"Wide receiver Terrell Owens said he had a few end-zone celebrations prepared for Sunday #39;s game against the team he shunned in the offseason, the Baltimore Ravens.",Sports,
"International Paper Co., the world's largest forest products company, has agreed to sell all of the 1.1 million acres of woodlands it owns in Maine and New Hampshire to GMO Renewable Resources LLC for $250 million.",Business,Business
"A man in Thailand has died of avian flu, the first human casualty in the country since the disease re-emerged in Asia in July, officials said Thursday.",World,
Lionel Messi scores hat-trick as Barcelona beats Real Madrid 3-0 in El Clásico,Sports,Sports
Researchers at MIT have developed a new material that can absorb and convert 100% of the sun's energy into electricity. This breakthrough could lead to a new era of sustainable energy production. #SciTech #RenewableEnergy,Sci/Tech,Sci/Tech
"This holiday the hottest new products for kids have one thing in common: They all interact with the tube, whether by means of sensors, radio-wave technology or the regular old TV remote control.",Sci/Tech,
"Daphne Andre scored 21 points, including two free throws that sealed the win following a key steal, leading Houston to a 63-60 upset of No. 14 Purdue on Tuesday night. The Cougars (12-6, 6-3 American Athletic Conference) played their best game of the season, holding the Boilermakers (16-4, 8-2) to 37 percent shooting and forcing 15 turnovers. Houston has won three straight and four of its last five games.",Sports,Sports
"Like it or not, Rupert Murdoch is a New York City staple. As chairman of News Corp. (nyse: NWS - news - people ), the billionaire is a part of Gothamites #39; lives.",Business,
"NEW YORK - Cisco Systems Inc. said Monday it has agreed to acquire Sunnyvale, California, software developer P-Cube Inc. in a cash-and-options deal Cisco valued at \$200 million.",Sci/Tech,
Reuters - Thai scientists began an investigation\Monday into what some conservationists believe could be the\world''s biggest case of ape smuggling -- nearly 100 orangutan\found in a Bangkok amusement park.,Sci/Tech,
"The United Nations has announced that it will launch a global initiative to address the growing threat of climate change. The initiative, which will involve countries from around the world, aims to reduce greenhouse gas emissions and mitigate the impact of climate change on vulnerable communities. The UN Secretary-General has called on all nations to support the initiative and work together to protect the planet for future generations.",World,World
"Researchers at MIT have developed a new material that can absorb and convert carbon dioxide into oxygen. The material, called 'CO2-Tech,' is made from a combination of silicon and graphene and has the potential to revolutionize the way we tackle climate change. According to the study's lead author, 'This material could be a game-changer in the fight against climate change. By converting CO2 into oxygen, we could help to reduce the amount of greenhouse gases in the atmosphere and slow down global warming.'",Sci/Tech,Sci/Tech
Lakers' LeBron James Sinks Game-Winner Against Nuggets,Sports,Sports
"com November 4, 2004, 2:38 PM PT. This priority retains its ranking at number five as more and more companies deploy Web services to share business logic, data and processes with each other and with clients.",Sci/Tech,
"Syrian President Bashar al-Assad has announced that his country will host a global conference on the refugee crisis, aiming to find a long-term solution for the millions of displaced people worldwide. The conference is expected to bring together leaders from around the world to discuss the issue and find a collective solution.",World,World
Researchers at MIT have developed a new material that can absorb and convert carbon dioxide into oxygen at a rate 10 times faster than current methods. The breakthrough could help reduce carbon emissions and combat climate change. #SciTech #ClimateChange,Sci/Tech,Sci/Tech
Order was restored to the Jets'' quarterbacking universe on Wednesday when Chad Pennington returned to practice with the first team.,Sports,
"US and China reach historic trade deal, averting global economic disaster",Business,Business
"Sony announces plans to expand its electric vehicle production in Japan, aiming to meet growing demand globally. The company will invest $600 million in the expansion, creating over 200 new jobs. #Sony #electricvehicles #manufacturing",Business,Business
" ATLANTA (Reuters) - Quiznos Sub, the third-largest U.S.  sandwich chain, said on Wednesday it signed a deal to serve  PepsiCo Inc. &lt;A HREF=''http://www.investor.reuters.com/FullQuote.aspx?ticker=PEP.N target=/stocks/quickinfo/fullquote''&gt;PEP.N&lt;/A&gt; drinks in its U.S. outlets, ending a  23-year relationship with Coca-Cola Co. &lt;A HREF=''http://www.investor.reuters.com/FullQuote.aspx?ticker=KO.N target=/stocks/quickinfo/fullquote''&gt;KO.N&lt;/A&gt;",Business,
"After months waiting for Microsoft to give me a reason to remain loyal, I finally dumped Internet Explorer for the Firefox Web browser last week.",Sci/Tech,
"Syrian forces have retaken control of the strategic city of Daraa from rebels, marking a significant victory in the country's long-running civil war. The city, located on the border with Jordan, has been a key stronghold of the opposition and its capture is seen as a major blow to their efforts to topple President Bashar al-Assad's government. The defeat of the rebels has also raised concerns about the potential for further violence and instability in the region.",World,World
"A Jordanian who disappeared in Iraq two weeks ago and was believed to have been kidnapped has been freed and is in the custody of Iraqi police, Foreign Ministry spokesman Ali al-Ayed told reporters yesterday. ",World,
"The global COVID-19 pandemic continues to wreak havoc on economies and societies worldwide. According to the World Health Organization, the number of cases has surpassed 200 million, with over 4 million deaths reported. The pandemic has exposed weaknesses in healthcare systems and highlighted the need for greater international cooperation to address the crisis. In the United States, new cases have plateaued, but concerns remain about the potential for a third wave of infections. In Europe, countries are implementing new measures to contain the virus, including lockdowns and travel restrictions. The pandemic has also had a significant impact on the global economy, with the International Monetary Fund projecting a 3% decline in global GDP this year.",World,World
Lionel Messi scores hat-trick as Barcelona beats Real Madrid 3-2 in El Clásico,Sports,Sports
" NEW YORK (Reuters) - Stocks rose on Tuesday as a oil prices  slid below \$48 a barrel, offsetting caution as investors waited  for an expected quarter-point hike in U.S. interest rates and  results from technology bellwether Cisco Systems Inc. &lt;A HREF=''http://www.investor.reuters.com/FullQuote.aspx?ticker=CSCO.O target=/stocks/quickinfo/fullquote''&gt;CSCO.O&lt;/A&gt;.",Business,
"LeBron James scores 50 points in NBA All-Star Game, leading Eastern Conference to victory.",Sports,Sports
"ATHENS, Greece - Stymied by a sloppy handoff in the middle of the race, the United States lost to Great Britain by a hundredth of a second Saturday night in the 400-meter relay - a race the American men usually dominate. U.S...",World,World
"Talking in a teleconference this afternoon, David Richards insisted that the ending of the  quot;consultancy contract quot; between BAR and Prodive, and his subsequent departure from the team, was a mutual decision.",Sports,
"Sales at Amazon's cloud division surpassed $10 billion for the first time, driven by growing demand for its computing and storage services. (Reuters)",Business,Business
"Researchers at MIT have developed a new AI algorithm that can analyze medical images with unprecedented accuracy. The algorithm, which uses a combination of machine learning and computer vision techniques, can detect subtle abnormalities in brain scans with 90% accuracy. The breakthrough could lead to earlier diagnosis and treatment of neurological disorders.",Sci/Tech,Sci/Tech
"Syrian President Bashar al-Assad has said that his country is ready to join the Paris Agreement on climate change, but only if the agreement is revised to include provisions for developing countries. Assad made the statement during a meeting with French President Emmanuel Macron in Damascus. The move comes as the international community prepares to sign the agreement at a conference in December.",World,World
"For those who need to make telephone calls in flight and don''t want to sell the second car to finance them, help is on the way.",Sci/Tech,
"LONDON, Aug 20 (Reuters) - Jamaica striker Ricardo Fuller has joined Portsmouth from Preston North End on a two-year contract, the Premier League club said on Friday. ",Sports,
"China has announced plans to build a new city in the Arctic, as the region becomes increasingly accessible due to climate change. The city, called 'Polar Star', will be located on the northern tip of the Canadian mainland and will be designed to accommodate 50,000 people. The project is expected to cost $100 billion and will be completed by 2025.",World,World
Workers at Apple #39;s Irish operations in Cork remain gloomy this morning over one European country that remains outside the reach of iTunes Europe - Ireland.,Sci/Tech,
"Sony Corp. announced plans to expand its electric vehicle charging network in Japan, aiming to have 10,000 charging points across the country by 2030. The move is part of the company's efforts to reduce its carbon footprint and promote sustainable transportation. #Sony #electricvehicles #sustainability",Business,Business
"Nintendo and iQue to release Game Boy Advance SP later this month in 21 different cities in China. TOKYO--Nintendo has announced that it will launch the Game Boy Advance SP in China on October 27, Bloomberg Japan reports today.",Sci/Tech,
"Researchers at MIT have developed a new material that can absorb and convert 90% of incoming solar energy into electricity. The material, called 'solar skin,' is lightweight, flexible, and could be used to create more efficient solar panels. #SolarEnergy #RenewableEnergy",Sci/Tech,Sci/Tech
Tom Lehma''s 5-under 67 on Saturday leaves him tied for the Funai Classic lead as he gets a third chance in as many weeks to end a five-year winning drought.,Sports,
"LeBron James signs 4-year, $154 million contract extension with the Los Angeles Lakers",Sports,Sports
"When was the last time you heard about a company more than doubling its profit from the previous year, but an error in judgment restrained that profit?",Business,
"Guatemala''s government agrees to pay millions of dollars to former paramilitaries, who some accuse of war crimes.",World,
San Francisco Mayor Gavin Newsom has set a goal of providing free wireless Internet activity in his city that sees itself as a vanguard of the Internet revolution.,Sci/Tech,
"By MATTHEW FORDAHL    SAN JOSE, Calif. (AP) -- After years of battling Microsoft Corp...",Sci/Tech,
"Syrian President Bashar al-Assad has announced that his country will withdraw from the International Criminal Court, citing interference from Western nations. #Syria #ICC #InternationalLaw",World,World
"AP - Latrell Sprewell was suspended for one game by the NBA on Tuesday for yelling a sexual vulgarity at a female fan during a game, the latest episode of a player clashing with spectators.",Sports,
The real estate and travel company says it will continue to look for a buyer of its mortgage business.,Business,Business
"NewsFactor - Retailers that saw impressive growth in year-over-year online sales during last year''s holiday season should not look for the same results this year, according to estimates by Forrester Research.",Sci/Tech,
Lionel Messi scores hat-trick as Barcelona beats Real Madrid 3-2 in El Clásico thriller,Sports,Sports
"NASA's New Horizons spacecraft has captured stunning images of Ultima Thule, a distant Kuiper Belt object that was previously known as 2014 MU69. The images show a contact binary with a diameter of approximately 30 kilometers, featuring a large, irregularly shaped object with a smaller, spherical object embedded within. The mission has provided valuable insights into the formation and evolution of our solar system's outer reaches.",Sci/Tech,Sci/Tech
Heart of Midlothian Plc said head coach Craig Levein is holding talks to take over as manager at Leicester City in England after steering the Scottish soccer club to the group stage of Europe #39;s UEFA Cup this season.,Sports,
Lionel Messi scores hat-trick as Barcelona beats Real Madrid 3-2 in El Clasico,Sports,Sports
"Amazon has announced plans to expand its grocery delivery service to 100 new cities across the United States. The move is expected to increase competition in the grocery delivery market and provide more convenience to customers. According to the company, the service will be available in the new cities by the end of the year.",Business,Business
"Although AIDS is thought of as a disease of the young, in the United States it is rapidly becoming one of the middle-aged and even the old.",Sci/Tech,
Lionel Messi scores hat-trick as Barcelona beats Real Madrid 3-2 in El Clasico,Sports,Sports
LeBron James scored 30 points to lead the Los Angeles Lakers to a 115-108 victory over the Golden State Warriors on Sunday night. The win moved the Lakers into a tie for second place in the Western Conference with the Warriors.,Sports,Sports
"SAN FRANCISCO, Calif. - Tech giant Apple announced plans to expand its presence in the Bay Area with a new campus in Cupertino. The company will invest $100 million in the project, creating hundreds of jobs in the region. (Source: CNBC)",Business,Business
"Amazon's new delivery drone takes flight, could revolutionize last-mile delivery",Business,Business
"NASA's Juno spacecraft has captured stunning images of Jupiter's swirling storms, revealing new details about the gas giant's complex weather patterns. The images were taken during Juno's close flyby of Jupiter last week and have been hailed as some of the most detailed views of the planet ever taken. Scientists are eager to study the images to better understand Jupiter's atmosphere and the forces that drive its storms. #JunoJupiter #SpaceExploration #Science",Sci/Tech,Sci/Tech
David Beckham scores a stunning free kick as Manchester United defeats Real Madrid 3-2 in a thrilling Champions League match.,Sports,Sports
"Mike McKenzie got his wish yesterday, seven months after asking out of Green Bay. The Packers sent the disgruntled cornerback and a future conditional sixth-round ",Sports,
"The Ontario government has announced new measures today to tackle child pornography online and Internet luring. Research shows 40 percent of Canadian youth report that someone they met on the Internet, requested personal information.",Sci/Tech,
"AFP - Sudan condemned UN threats of sanctions against Khartoum, saying they would only undermine efforts to restore security in the devastated western region of Darfur.",World,
HP plans to add virus-throttling technology to ProLiant servers and ProCurve switches starting in early 2005. Virus Throttler technology slows the spread of a virus or worm within an infected server to give administrators time to act.,Business,Business
"Tony Purnell, the boss of Jaguar Racing says that there is  quot;masses of interest quot; in the team, which the Ford Motor Company has decided to discontinue.",Sports,
Migrant crisis in Europe worsens as hundreds of refugees drown in shipwreck off Greek coast. Rescue efforts underway. #refugeecrisis #Greece #Europe,World,World
"An Internet company has agreed to forgive \$17 million in customers'' bills as part of an agreement with the government, the Federal Trade Commission announced Monday.",Sci/Tech,
"SAN FRANCISCO (Reuters) - Tech giant Apple announced on Tuesday that it will acquire virtual reality startup, NextVR, in a deal worth $100 million. The acquisition is seen as a strategic move by Apple to expand its presence in the virtual reality market. #Apple #VirtualReality #M&A",Business,Business
"AP - Cristiano Ronaldo scored his 700th career goal in Juventus' 2-0 win over AC Milan on Sunday, cementing his status as one of the greatest soccer players of all time.",Sports,Sports
"As part of its ongoing efforts to woo public sector customers, Microsoft Corp. has begun giving governments tools for collaborating and sharing technology information with other organizations so that they can learn from each other''s experiences and cut development costs.",Sci/Tech,
"NASA's Mars 2020 rover has discovered evidence of a past habitable environment on the Red Planet. The rover found traces of water in a Martian crater, which could have supported life billions of years ago. The discovery could help scientists better understand the potential for life on Mars and other planets in the solar system. #Mars #SciTech",Sci/Tech,Sci/Tech
"SAP AG has agreed to acquire the Swiss and U.S. business units of SAP Systems Integration AG (SAP SI), bringing its absorption of the company nearer to completion.",Sci/Tech,
"NASA's Parker Solar Probe has successfully completed its first flyby of the Sun, coming within 15 million miles of the star's surface. The probe, launched in 2018, is on a mission to study the Sun's corona and learn more about the solar wind, which can affect Earth's weather and satellite communications.",Sci/Tech,Sci/Tech
John Robertson has this morning been confirmed as the new Hearts manager. Mr Robertson #39;s arrival follows several days of negotiation with Inverness Caly Thistle over a compensation package for the Highland club.,Sports,
"European supermarket chain Tesco is planning to extend its RFID rollout in time for the Christmas rush. The company, which began using the tracking technology in October last year, will be introducing the ",Sci/Tech,
"LONDON, Sep 17 (IranMania) - Iran #39;s powerful former president Akbar Hashemi Rafsanjani warned Friday that the International Atomic Energy Agencymay have to  quot;beg quot; for Tehran #39;s cooperation if it bows to US pressure.",World,
"Hurricane Ivan looks set to cost tour operators as they race to get customers out of harm''s way, though future bookings may not suffer too much.",Business,
"Syrian President Bashar al-Assad has announced that his country will join the Paris Climate Agreement, becoming the first major Arab state to do so. This move is seen as a significant step towards reducing the country's carbon footprint and mitigating the effects of climate change. #Syria #ClimateChange #ParisAgreement",World,World
"Syrian President Bashar al-Assad has announced that his country will withdraw from the United Nations, citing the organization's failure to address the ongoing conflict in the region. The move has sparked concern among international leaders and diplomats, who fear it could lead to further instability in the region. (Source: BBC News)",World,World
"Ryan Moore staged a remarkable comeback to overhaul Luke List in the 36-hole final of the US amateur championship at the Winged Foot Golf Club on Sunday. Moore, who trailed List by three strokes heading into the final round, shot a 6-under-par 66 to win the title by a single stroke. The victory is Moore's first major title and moves him up to 2nd in the World Amateur Golf Rankings. #golf #usamateurchampionship #ryanmoore",Sports,Sports
"NASA postponed for at least two days the launch of its robotic satellite-chasing spacecraft because the target satellite temporarily lost reception of a key navigational signal, the agency said yesterday.",Sci/Tech,
