text,label
"Researchers at MIT have developed a new AI algorithm that can generate realistic images of objects and scenes, without requiring any actual data or examples. The algorithm, called 'Generative Image Synthesis', has the potential to revolutionize industries such as entertainment, advertising, and e-commerce. According to the study's lead author, 'Our algorithm can generate images that are virtually indistinguishable from real-world examples, and we believe it could have a significant impact on a wide range of applications.'",Sci/Tech
"WASHINGTON - The Congressional Budget Office projected Tuesday that this election-year''s federal deficit will hit a record \$422 billion, a shortfall that would be smaller than analysts predicted earlier this year.    The figure immediately provided political fodder for both parties now in the final two-month stretch of the presidential and congressional campaigns...",World
LeBron James leads Lakers to thrilling victory in NBA Finals,Sports
"Nortel Networks said on Thursday it will slash its work force by 3,500, or 10 percent, as it struggles to recover from an accounting scandal that toppled three top executives and led to a criminal investigation and lawsuits.",Sci/Tech
"HEMPSTEAD, NY - He was drafted in the first round in 2000 out of Marshall, at the head of the same quarterback class that yielded Tom Brady, but Chad Pennington #39;s road to success has been more deliberate.",Sports
"North Korea conducts another missile test, sparking concern among global leaders",World
"Researchers have developed a new AI algorithm that can detect and classify different types of cancer cells with unprecedented accuracy. The algorithm uses a combination of machine learning and computer vision techniques to analyze medical images and identify subtle patterns that can indicate the presence of cancer. The technology has the potential to revolutionize cancer diagnosis and treatment, improving accuracy and speeding up the process. #cancer #AI #medicine",Sci/Tech
"Australia #39;s biggest retailer, Coles Myer, hopes it has silenced its detractors by posting a record annual profit, which was above its own guidance and market expectations.",Business
"The free Firefox Web browser, which has chipped away at the market dominance of Microsoft #39;s Internet Explorer, has been readied for a full release including new features designed to make it more stable, backers of the program say.",Sci/Tech
"Researchers at MIT have developed a new AI algorithm that can predict the spread of infectious diseases with unprecedented accuracy. The algorithm uses a combination of machine learning and epidemiological models to analyze real-time data on disease incidence and transmission, allowing for early detection and rapid response to outbreaks. According to the study's lead author, 'This is a game-changer for public health. With this technology, we can finally have the tools to stop the spread of diseases before they become pandemics.'",Sci/Tech
"One of the tongue-in-cheek rules that we column-writers have is,  quot;Often wrong, never in doubt. quot; Take a stand, don #39;t duck and weave too much.",Business
"Taiwan rescue workers dug out seven bodies from mud and rock in a mountain village that was hit by a devastating landslide triggered by Typhoon Aere, but eight still remained buried, officials said on Friday.",World
Lionel Messi's record-breaking goal in the Champions League final has left fans in awe,Sports
US Airways Group Inc. met with two unions to try and agree on concessions before an Oct. 7 hearing at which a bankruptcy judge might let the carrier temporarily reduce pay 23 percent to help avoid potential liquidation.,Business
"Researchers at MIT have developed a new AI algorithm that can generate realistic images of objects and scenes, even when the objects are not present in the training data. The algorithm uses a combination of generative adversarial networks and convolutional neural networks to generate images that are indistinguishable from real-world photographs. The potential applications of this technology are vast, including the creation of realistic virtual environments for training and education, and the generation of realistic product images for e-commerce. #AI #GenerativeAlgorithms #VirtualReality",Sci/Tech
"Lionel Messi's record-breaking goal in the Champions League final has left fans in awe. The Barcelona star's 500th career goal, which he scored in the 89th minute of the game, has cemented his place in football history. Messi's incredible achievement has been met with widespread praise and admiration from the football community. #Messi #ChampionsLeague #Football",Sports
Google to Acquire Meta for $100 Billion in Blockbuster Deal,Business
Singapore #39;s Prime Minister Lee Hsien Loong on Sunday night delivered his first National Day Rally speech since he was sworn in as the country #39;s third Prime Minister.,World
Lionel Messi scores hat-trick in Barcelona's thrilling victory over Real Madrid,Sports
"China and the US are in a trade war, with both sides imposing tariffs on each other's goods. The US has accused China of unfair trade practices, while China has accused the US of bullying. The conflict has already had a negative impact on global trade and economic growth.",World
Sales of electric vehicles surge as consumers embrace sustainable transportation. Major automakers report increased demand for eco-friendly vehicles.,Business
Lebron James sets new NBA record for most points scored in a single game,Sports
"North Korea has announced that it has successfully conducted a test launch of a new ballistic missile, raising tensions in the region. The missile, known as the Hwasong-15, is believed to be capable of reaching the United States mainland. The move has been widely condemned by the international community, with the United Nations Security Council set to hold an emergency meeting to discuss the situation.",World
Syrian Refugees Face New Challenges in Europe,World
AP - The game between the Minnesota Twins and the New York Yankees on Tuesday night was postponed by rain.,Sports
"North Korea has announced plans to launch a new satellite in the coming weeks, sparking concerns among international leaders about the country's military ambitions. The move has raised tensions in the region, with the US and its allies calling for restraint and diplomatic efforts to address the issue.",World
Researchers at MIT have developed a new AI algorithm that can analyze medical images with unprecedented accuracy. The algorithm uses a combination of machine learning and computer vision techniques to detect subtle patterns in the images that may indicate the presence of certain diseases. The team believes that the algorithm could revolutionize the field of medical imaging and improve patient outcomes. #medicalimaging #AI #healthcare,Sci/Tech
"AUBURN HILLS, Mich. -- The potential loss of Gary Payton with a strained left hamstring was briefly a laughing matter last night after the Celtics dropped a 100-88 decision to the Pistons. When asked how he would get through one and possibly many more games without the veteran point guard, coach Doc Rivers decided he would call up executive director ...",Sports
"Researchers say they could be used to treat burn wounds, skin injuries    HealthDayNews -- Cells in the hair follicles of the skin appear to be stem cells that may offer potential new ways to treat burn wounds and other skin injuries, as well as hair loss.    That''s the promising conclusion of a study in the Sept...",Sci/Tech
"New study reveals that automation could lead to significant job losses in the manufacturing sector. According to the study, 30% of manufacturing jobs are at high risk of being replaced by robots and artificial intelligence. The study also suggests that workers in this sector need to upskill to remain employable. #automation #jobloss #manufacturing",Business
"Researchers at MIT have developed a new AI algorithm that can generate realistic images of objects and scenes, without requiring any actual footage. The algorithm uses a combination of generative models and reinforcement learning to create highly realistic images, with potential applications in fields such as entertainment, advertising, and architecture. #SciTech #AI #GenerativeModels",Sci/Tech
"North Korea fires missile into Sea of Japan, heightening tensions in the region",World
"Sony tops $100 billion market cap milestone, CEO praises team's efforts",Business
"The coach of disgraced Greek sprinters Kostas Kenteris and Katerina Thanou says IAAF charges against the athletes are groundless and will not result in a suspension, according to reports Friday.",Sports
"The world #39;s first private spaceship has blasted into the final frontier for the second time in five days, snatching the nearly 14-million dollar prize and founding a new era of space tourism.",Sci/Tech
"North Korea conducts another nuclear test, sparking international condemnation and fears of escalating tensions in the region.",World
Lionel Messi scores hat-trick in Barcelona's thrilling victory over Real Madrid,Sports
AP - Takeo Spikes made good on his vow the Buffalo Bills would finally provide some good news for their fans this weekend.,Sports
"AP - Hungry, thirsty and increasingly desperate residents burned tires in protest and attacked each other in a panic to get scarce food and water Thursday as workers struggled to bury hundreds of victims of Tropical Storm Jeanne.",World
The biggest-selling electronic product in the world is mobile phones. Analysts estimate that consumers from Canada to China will snap up more than 600 million handsets this year -- five times the number of TVs or personal computers expected to sell.,Sci/Tech
Sales of electric vehicles surge as consumers turn to eco-friendly options,Business
Reuters - The Sudanese foreign minister rejected on\Friday a U.S. declaration of genocide in the Darfur region of\Sudan and said the United States was using a humanitarian\crisis for political purposes.,World
Samsung unveils new flagship smartphone with cutting-edge technology,Business
"Former Fresno State standout Nick Watney recovered from a double-bogey on the seventh hole to shoot 1 under and tie for the third-round lead Saturday in the Nationwide Tour Championship at the Robert Trent Jones Golf Trail in Prattville, Ala.",Sports
"Nintendo, Sony ready rival portable gaming devices. Which one will gamers go for?",Sci/Tech
Intel Corp. is expected to release a faster version of its powerful but expensive Pentium 4 Extreme Edition processor on Monday alongside the introduction of a chipset that uses a faster front-side bus to connect the processor and the memory.,Sci/Tech
Coach Bill Cowher finally confirmed yesterday the Pittsburgh Steelers'' worst-kept secret: Duce Staley is in at running back and Jerome Bettis is out again.,Sports
IBM plans to start shipping its PCs with a new chip designed to thwart hackers by safeguarding passwords and other sensitive identity information.,Sci/Tech
Lionel Messi scores hat-trick as Barcelona beats Real Madrid 3-2 in El Clásico,Sports
"So a few weeks ago, the two astronauts who live there tossed out some useless junk, like so many old hubcaps for the trash heap. Only this stuff floated away in space.",Sci/Tech
"FONTANA, CA.California native Casey Mears was glad to be home. So glad in fact, he put his No. 41 Dodge on the Busch Series pole position for Saturday #39;s Target House 300 run on the two-mile California Speedway.",Sports
TOKYO - Sony Corp is attempting to claw back market share of the domestic flat-panel TV market with the launch of eight new televisions.,Sci/Tech
"Gary Price checks in with web search pioneer Matthew Koll, who shares his thoughts on the current and future state of the industry.",Sci/Tech
Syrian Refugees Face New Challenges in Europe,World
An obscure amendment attached to an appropriations bill could throw a wrench into presidential candidate John Kerry''s plans to fund embryonic stem cell research. By Kristen Philipkoski.,Sci/Tech
"CLEMSON, S.C. -- Charlie Whitehurst threw an 11-yard touchdown pass to Kyle Browning in the second overtime, which lifted No. 15 Clemson to a 37-30 victory over Wake Forest yesterday.",Sports
"FOXBORO, Mass.  Bill Belichick took a few minutes Monday to convey his congratulations to his offensive coordinator on becoming Notre Dame #39;s head coach.",Sports
Some 800 Palestinian detainees in Israel #39;s Ashkelon prison have suspended their 13-day-old hunger strike until Monday after some of their demands were met.,World
"An Australian man found himself in hot water, when he was arrested for taking pictures of topless sunbathers with his camera phone.",Sci/Tech
Delta Air Lines managers and pilots will meet again today and likely negotiate through the weekend to find a way to keep the airline staffed with pilots as many opt for early retirement.,Business
"North Korea conducts third nuclear test, defying UN sanctions",World
Researchers have developed a new AI algorithm that can detect and diagnose diseases with unprecedented accuracy. The algorithm uses a combination of machine learning and natural language processing to analyze medical records and identify patterns that can indicate the presence of a disease. The technology has the potential to revolutionize the field of medicine and improve patient outcomes. #AI #medicine #health,Sci/Tech
"Researchers at MIT have developed a new AI algorithm that can generate realistic images of objects and scenes, without requiring any actual footage. The algorithm uses a combination of generative adversarial networks (GANs) and convolutional neural networks (CNNs) to create highly detailed and realistic images, even when given only a small amount of training data. This breakthrough could have significant implications for industries such as entertainment, advertising, and healthcare, where realistic images are crucial for effective communication. #SciTech #AI #ImageGeneration",Sci/Tech
Syrian refugees face new challenges in Europe,World
"Toshiba will market laptops with HD-DVD drives by the end of next year, becoming one of the first manufacturers to commit to a next-generation DVD format.",Sci/Tech
U.S. tanks and snipers took up positions near the revered Imam Ali Shrine and engaged in fierce battles with militants.,World
LeBron James sets new NBA record for most career points scored,Sports
"The study, which was conducted by Yahoo and media agency OMD, examined the way in which 13 US households reacted to being denied access to the internet for two weeks.",Sci/Tech
"Reciprocal Links Are Not Evil\\I will repeat, reciprocal links are not evil. All this discussion in the forums about how people only want one-way links because they heard reciprocal links are bad and can get you kicked out of the search engines is taken way out of proportion. One example ...",Sci/Tech
"AI technology has made a significant leap forward with the introduction of a new neural network that can learn and adapt at an unprecedented rate. The network, developed by researchers at a leading tech firm, is capable of processing vast amounts of data in real-time and making predictions with uncanny accuracy. This breakthrough has the potential to revolutionize industries such as healthcare, finance, and transportation, among others. #AI #tech",Sci/Tech
Stock Market Sees Record Highs as Tech Stocks Soar,Business
Apple announces new iPhone with improved camera and faster charging,Business
Researchers at MIT have developed a new AI algorithm that can predict the spread of infectious diseases with unprecedented accuracy. The algorithm uses machine learning to analyze data from past outbreaks and identify patterns that can help prevent future outbreaks. The team hopes to use the algorithm to help combat the COVID-19 pandemic and save lives. #AI #infobiotics #publichealth,Sci/Tech
"Researchers at MIT have developed a new AI algorithm that can generate realistic images of medical conditions, such as tumors, with unprecedented accuracy. The algorithm uses a combination of machine learning and generative models to create detailed images that can help doctors diagnose and treat diseases more effectively. The technology has the potential to revolutionize the field of medical imaging and improve patient outcomes.",Sci/Tech
Markets soar on positive economic data,Business
"North Korea conducts successful missile test, sparking international concern",World
"North Korea fires missile towards Japan, sparking international concern",World
"Barcelona held on from an early Deco goal to edge game local rivals Espanyol 1-0 and carve out a five point tabletop cushion. Earlier, Ronaldo rescued a point for Real Madrid, who continued their middling form with a 1-1 draw at Real Betis.",Sports
Lionel Messi's record-breaking goal in the Champions League final has sparked a new era of excitement for football fans around the world.,Sports
"Researchers at MIT have developed a new AI algorithm that can generate realistic virtual environments for training purposes. The algorithm uses a combination of computer vision and machine learning to create detailed, interactive 3D models of real-world locations, such as hospitals or military bases. This could revolutionize the way we train for complex tasks, allowing individuals to practice in a realistic and immersive environment without putting them or others at risk. #SciTech #AI #VirtualReality",Sci/Tech
PARIS -- Gael Monfils of France reached the quarterfinals in his first ATP tournament three weeks ago. Lleyton Hewitt made sure he did not duplicate the feat at the Paris Masters.,Sports
SPACE.com - The tenth crew of the \International Space Station (ISS) made a short spaceflight early Monday to move a Russian lifeboat \to a new docking port and prepare the station for a pair of upcoming spacewalks.,Sci/Tech
NATO leaders meet in Brussels to discuss Russia tensions,World
AP - Former All-Star forward Jamal Mashburn will miss the entire 2004-05 NBA season because of a knee injury that could end his career.,Sports
Global economy shows signs of slowdown amid trade tensions,Business
"We should be using probes to look for life in space instead of radio signals, say scientists.",Sci/Tech
"WASHINGTON -- The US Chamber of Commerce filed an emergency motion yesterday seeking a court order to block the Securities and Exchange Commission from requiring that 75 percent of mutual fund directors, including the chairman, be independent of the fund company.",Business
Sony announces new line of AI-powered smart speakers,Business
"The ongoing conflict in Ukraine has entered its fifth year, with no end in sight. The situation has led to a significant humanitarian crisis, with millions of people affected and thousands displaced. The international community has been unable to find a peaceful solution, with tensions between Russia and the West remaining high. Meanwhile, the global economy is showing signs of slowing down, with trade tensions and geopolitical instability taking a toll on businesses and investors.",World
U.S. and China trade tensions escalate as new tariffs are imposed,World
Global tensions rise as US and China trade tariffs,World
"Researchers at MIT have developed a new AI algorithm that can predict the likelihood of a patient developing a specific disease based on their electronic health records. The algorithm uses natural language processing to analyze large amounts of medical data and identify patterns that could indicate a higher risk of disease. This could help doctors identify patients who may benefit from early intervention and preventive measures, improving patient outcomes and reducing healthcare costs. #AI #medicine #healthcare",Sci/Tech
Lebron James sets new career scoring record in thrilling game 6 victory,Sports
Lionel Messi scores hat-trick in Barcelona's 3-0 win over Real Madrid,Sports
Syrian Refugees Face New Challenges in Europe,World
Lionel Messi scores hat-trick in Barcelona's win over Real Madrid,Sports
The Internet megasite eBay yelled  #39;hold the cheese #39; when they found a 10-year-old grilled cheese sandwich that its owner says bears the image of the Virgin Mary being auctioned off on its website.,Sci/Tech
What: MIAA Division 3A Super Bowl. Where: Bentley College in Waltham. When: Saturday at 10 a.m. Last meeting: Schools have never met. .,Sports
Sales of electric vehicles surge as consumers embrace sustainable transportation. Tesla leads the way with a 50% increase in quarterly sales.,Business
"Sony has embarked on a potential collision course with music groups, including its own Sony BMG joint venture, over MP3 digital song files.",Sci/Tech
"AP - Minnesota Timberwolves center Michael Olowokandi was suspended by the team for a second game Friday night, one day after police used a stun gun to subdue him when he refused to leave a club.",Sports
Just In: Amazon to Acquire Netflix in Blockbuster Deal,Business
Jewish leaders expressed growing frustration this week with continuing anti-Semitic violence in Europe following the torching of a Jewish community center in Paris early Sunday.,World
Apple unveils new iPhone with improved camera and faster charging,Business
S&P 500 reaches new high as tech stocks surge,Business
"54.5 million Europeans surfed the Web over a broadband connection, a 60 percent increase from 34.1 million 12 months earlier. AMSTERDAM: More than half of Europe #39;s Internet surfers now have a high-speed broadband ",Sci/Tech
Sony announces new smartphone lineup with improved camera capabilities and longer battery life,Business
"Los Angeles Dodgers #39; Shawn Green watches his home run in the sixth inning against the St. Louis Cardinals Saturday, Oct. 9, 2004, in Los Angeles.",Sports
Lebron James breaks record for most points scored in NBA Finals history,Sports
"Bee Staff Writer. SAN DIEGO - The San Diego Padres returned the favor, and the playoff-chasing Giants gladly accepted it before a disappointed record crowd of 45,389 at Petco Park.",Sports
"MILTON -- If you could build a prototype Mansfield Hornet, he just might look like Brett McDermott.",Sports
LeBron James leads Lakers to thrilling victory over Mavericks,Sports
"North Korea fires missile towards Japan, sparking global concern",World
"AFP - French pharmaceutical group Sanofi-Synthelabo formally announced the birth of Sanofi-Aventis, the world''s third-largest pharmaceutical company, ranking number one in Europe.",World
Microsoft unveils new AI-powered chatbot for customer service,Business
"Researchers at MIT have developed a new AI algorithm that can detect and diagnose medical conditions with unprecedented accuracy. The algorithm uses a combination of machine learning and natural language processing to analyze medical records and identify patterns that can help doctors make more informed decisions. The technology has the potential to revolutionize healthcare by improving diagnosis and treatment, and could eventually help doctors identify and prevent diseases before they even occur. #SciTech #AI #Healthcare",Sci/Tech
"The daily volume of Internet attacks dropped off in the first half of this year, and the rate at which new vulnerabilities are being reported appears to have hit a plateau, according to Symantec Corp.",Sci/Tech
"Berkeley, U. of Minn. students get download discounts; aim is to provide legal music alternatives. NEW YORK (CNN/Money) - As an added bonus to returning to campus this fall, more than 80,000 college students ",Business
 RIO DE JANEIRO (Reuters) - Brazil coach Carlos Alberto  Parreira is more worried about playing rank outsiders Venezuela  than the likes of Germany or Argentina.,Sports
"Maoists rebels have lifted a blockade that cut Nepal #39;s capital Kathmandu off from the rest of the country for a week. In a statement released Tuesday, however, the rebels warned the ",World
"Venus Williams of the United States returns the ball to Croatia #39;s Karolina Sprem, during their first round match, at the Swisscom Challenge Tennis Tournament in Kloten, Switzerland, Tuesday, Oct.19, 2004.",Sports
"JERUSALEM : Beleaguered Israeli Prime Minister Ariel Sharon persisted with plans to form a new government including the main opposition Labour party, bolstered by Washington #39;s backing for the expansion of West Bank settlements.",World
Markets surge on positive economic data,Business
A SECOND-HALF Springbok blitz gave South Africa their first Tri-Nations rugby title in six years with a win over Australia at Kings Park.,Sports
"com. Thome has known Charlie Manuel for his entire professional baseball life, which started shortly after he became a 13th-round draft pick by the Cleveland Indians in 1989.",Sports
South Sound fans reacted with everything from relief to regret over Wednesday #39;s NCAA rulings on the University of Washington athletics program.,Sports
Syrian Refugees Face New Challenges in Europe,World
"Fulfilling a long-time goal, Intel Corp. is set to introduce on Thursday its first chip set that supports all three current forms of Wi-Fi, according to sources familiar with the announcement.",Sci/Tech
" FRANKFURT (Reuters) - Market research firm IDC has raised  its 2004 forecast for global personal computer sales growth to  14.2 percent from 13.5 percent, driven by high commercial  demand, it said on Monday.",Sci/Tech
Global market trends: AI-powered tools are transforming supply chain management. Learn how companies like Procter & Gamble and Siemens are using AI to optimize their logistics and reduce costs. #AI #SupplyChain #Logistics,Business
"Vienna, Austria (Sports Network) - English midfielder Steven Gerrard will likely miss Saturday #39;s World Cup qualifier against Austria with a groin injury.",Sports
palmOne introduced Monday the Tungsten T5 handheld with 256 megabytes of flash memory - the most built into a handheld to date. Expected to be widely available ,Sci/Tech
"Apple's new iPhone sales disappoint, stock tanks",Business
Microsoft unveils new AI-powered tool to streamline business processes,Business
"AP - Gordon Cooper, who as one of the original Mercury astronauts was a pioneer in human space exploration, has died. He was 77.",Sci/Tech
"Reuters - European shares sagged on Tuesday as\broker downgrades hit mobile phone operator Vodafone  and two\of its peers, but UK clothing retailer Next shone on news of\strong summer sales.",Sci/Tech
"Toronto-Dominion Bank, Canada #39;s second-largest bank by assets, said it #39;s in talks for a possible transaction #39; #39; with Banknorth Group Inc.",Business
FULHAM #39;S United old boy Andy Cole fears his former team are poised to leave their critics red-faced. The Reds haven #39;t lost in the Premiership since defeat at Portsmouth six matches ago when they were being written off in the title race.,Sports
"WASHINGTON - The US job market brightened in August as employers added 144,000 workers to their payrolls and hiring totals for the two prior months were revised up, the Labor Department (search) reported on Friday.",Business
"Researchers at MIT have developed a new AI algorithm that can analyze medical images with unprecedented accuracy. The algorithm, called Deep Learning, uses a combination of machine learning and computer vision to detect subtle patterns in medical images that were previously undetectable by human doctors. This breakthrough could revolutionize the field of medicine and improve patient outcomes.",Sci/Tech
"While it seemed likely during the preseason that Gutierrez would win the job, coach Lloyd Carr insisted two other quarterbacks - Clayton Richard and Chad Henne - had a shot.",Sports
The retailer trots out a bargain portable PC that packs Wi-Fi. Is it getting ready for a laptop push for the holidays?,Sci/Tech
"The ongoing conflict in Ukraine has entered its fifth year, with no end in sight. The situation has deteriorated significantly since the last update, with both sides accusing each other of aggression and violations of ceasefire agreements. The humanitarian situation in the conflict zone remains dire, with millions of people in need of aid and protection. The international community has been unable to find a lasting solution to the crisis, with tensions between Russia and the West continuing to escalate. #UkraineConflict #WorldNews",World
"Ending after midnight due to rain delays, Roger Federer finally put his second round robin match in the books early Thursday morning at the ATP Tennis Masters Cup in Houston, defeating Lleyton Hewitt for the fifth consecutive time 6-3, 6-4.",Sports
"The ongoing conflict in Ukraine has entered its fifth year, with no end in sight. The situation remains fluid and volatile, with both sides accusing each other of aggression and violations of ceasefire agreements. The humanitarian situation in the conflict zone continues to deteriorate, with millions of people in need of aid and protection. Meanwhile, the international community has been unable to find a lasting solution to the crisis, with tensions between Russia and the West remaining high. ",World
"NASA's new space telescope has captured stunning images of the farthest reaches of the universe, revealing hidden structures and mysterious phenomena never before seen. The James Webb Space Telescope, launched in 2020, has already made groundbreaking discoveries about the origins of the cosmos and the evolution of galaxies. With its unparalleled sensitivity and resolution, the JWST is revolutionizing our understanding of the universe and its many secrets.",Sci/Tech
The following is a verbatim copy of a open letter to the Linux community issued by PalmSource. Read on for more information about the new acquisition and FAQs about how PalmSource will use the new resources and the new Palm OS Cobalt version of Linux.,Sci/Tech
"Warren Sapp #39;s presence and legacy linger around the Tampa Bay Buccaneers like something tangible, something that can be felt, heard and feared, say an open-handed slap to the face mask.",Sports
Researchers at MIT have developed a new AI algorithm that can predict the spread of diseases with unprecedented accuracy. The algorithm uses machine learning to analyze real-time data from sensors and social media to identify patterns and trends that can help prevent the spread of infectious diseases. The team believes that their innovation could save countless lives and prevent widespread outbreaks in the future.,Sci/Tech
Microsoft announces new AI-powered chatbot to revolutionize customer service,Business
"With few junk e-mail filters supporting a protocol for verifying the source address of digital messages, spammers have adopted it themselves as a way to appear more legitimate, stated a report released on Wednesday.",Sci/Tech
"NEW YORK, August 30 (New Ratings) - Japan #39;s Supreme Court has reportedly approved the merger negotiations between UFJ Holdings Inc (ticker: UFJ) and Mitsubishi Tokyo Financial Group (MTFG).",Business
IBM Corp has announced that it will launch a new low-budget version of its BladeCenter chassis for blade servers in an effort to make the blade machines more appealing to budget conscious customers in the small- and mid-sized market.,Sci/Tech
Performance venues there can now install signal-jamming equipment to deal with rude mobile-phone users.,Sci/Tech
"Researchers at MIT have developed a new AI algorithm that can generate realistic images of medical conditions, such as tumors, with 90% accuracy. The algorithm uses a combination of machine learning and computer vision techniques to analyze medical scans and generate detailed images of the conditions. The technology has the potential to revolutionize the field of medical imaging and improve diagnosis accuracy. #medicalimaging #AI #healthtech",Sci/Tech
U.S. and China Trade Tensions Escalate,World
"AP - A sick man among the sick, Pope John Paul II struggled through Sunday Mass at a French shrine that draws desperate people seeking miracle cures. The 84-year-old pontiff gasped, trembled and asked aides for help during the 2 1/2 hour service in sizzling heat.",World
"AP - Reliever Arthur Rhodes was traded for the second time in two weeks Saturday, sent from the Pittsburgh Pirates to the Cleveland Indians for outfielder Matt Lawton in the first trade of the winter meetings, a baseball official told The Associated Press.",Sports
Lionel Messi scores hat-trick in Barcelona's thrilling win over Real Madrid,Sports
AP - The NHL and the players'' association appeared headed toward a lockout when talks broke off Thursday after the union''s first new proposal in nearly a year.,Sports
"After nine days of being held by kidnappers in Iraq, New York-based freelance journalist Micah Garen will reunite with his family this week, his father said yesterday.",World
Samsung unveils new line of smartphones with advanced AI features,Business
Researchers at MIT have developed a new AI algorithm that can detect and track individual cells in real-time. The algorithm uses a combination of machine learning and computer vision to analyze video footage of cells and identify their movements and behaviors. The technology has potential applications in fields such as cancer research and drug development. #SciTech #AI #Cells,Sci/Tech
"BANGALORE, India Anil Kumble, the Indian spin bowler, took three wickets Wednesday to reach 400 in test matches as the first day of the first test against Australia finished finely balanced.",Sports
Google to Acquire Apple in $1 Trillion Deal,Business
Lionel Messi scores hat-trick in Barcelona's thrilling win over Real Madrid,Sports
LOS ANGELES A source says Hollywood movie studios are preparing to sue computer users they say are illegally distributing movies online.,Sci/Tech
"BusinessWeek Online - For 35 years, Advanced Micro Devices Inc.  stood in the shadow of archrival Intel Corp.  AMD churned out lower-priced clones of the tech leader''s chips and occasionally enjoyed a hit that helped boost its meager profits. But bad times easily outweighed the good. Again and again, Intel used its manufacturing muscle and pricing power to stymie AMD''s ambitions, preventing it from gaining a foothold in lucrative markets such as servers and corporate PCs.",Sci/Tech
Lebron James sets new record in NBA Finals,Sports
"Steve Coll, The Washington Post #39;s managing editor for six years, said today he is stepping down at the end of the year to pursue book projects.",Business
Thats when you can get yours and how much you would pay. That is if you live in Japan. Sony today announced the release date and price for its new portable game system.,Sci/Tech
"With less than a month remaining before the current collective bargaining agreement expires, representatives for the NHL and the Players #39; Association met for nearly 4 1/2 hours yesterday without making any progress on a new CBA. ",Sports
"Researchers have developed a new AI algorithm that can predict the next COVID-19 hotspot with 90% accuracy. The algorithm uses machine learning to analyze real-time data on cases, deaths, and hospitalizations in different regions, and can identify patterns that indicate the emergence of a new outbreak. The technology could be a game-changer in the fight against the pandemic, allowing public health officials to take proactive measures to contain outbreaks before they spread. #AI #COVID19 #PublicHealth",Sci/Tech
"Forbes.com - As the second employee of InfoSpace, Jean-Remy Facq saw the value of his stock inflate and then collapse. Now he''s suing in federal court in Seattle for a  #36;4.5 million refund of 1999 federal income tax. He''s just one of 200 tech workers who have hired Seattle tax lawyer/CPA Brian G. Isaacson in the hope his novel theories will help them slash old (and sometimes unpaid) tax bills from their exercise of stock options for shares that later tanked.",Business
"They spent the summer marveling over their lineup changes and their improvement, the big-name veterans they signed and the strategic concepts they imported from the champion New England Patriots.",Sports
Reuters - The Atlanta Falcons\Monday signed Pro Bowl tight end Alge Crumpler to a six-year\contract extension.,Sports
"North Korea conducts another nuclear test, sparking global concern",World
"BAGRAM, Afghanistan - Three years after the Sept. 11 attacks, Osama bin Laden and his deputy are still issuing orders for attacks by al-Qaida, a top American commander told The Associated Press Saturday...",World
Description: News mogul Rupert Murdoch pays a record-setting \$44 million for a three-story Fifth Avenue penthouse in Manhattan formerly inhabited by the late Laurance Rockefeller.,Business
LeBron James leads Lakers to thrilling victory over Rockets,Sports
Lionel Messi scores hat-trick as Barcelona beats Real Madrid 3-1 in El Clásico,Sports
"It took a while for everything to fall into place, but it now seems clear: Chad Pennington is the real deal. Listen LIVE to NFL games, plus watch video news and features of your favorite team.",Sports
"Researchers at MIT have developed a new AI algorithm that can predict the likelihood of a patient developing a severe illness based on their electronic health records. The algorithm, which uses natural language processing and machine learning techniques, could help doctors identify patients who are at high risk of developing conditions such as heart disease or diabetes. #AI #HealthTech #MedicalResearch",Sci/Tech
Major power shift in the Middle East: Saudi Arabia and Israel agree to normalize relations,World
"Researchers at MIT have developed a new AI algorithm that can detect and diagnose diseases with greater accuracy than current methods. The algorithm uses a combination of machine learning and medical imaging to identify early signs of illness, potentially saving countless lives. #SciTech #AI #Medicine",Sci/Tech
"Raleigh, NC (Sports Network) - Andrew Brackman scored 16 of his 20 points in the second half to lead 12th-ranked North Carolina State to a hard-fought 78-72 win over Louisiana-Lafayette at the RBC Center.",Sports
"North Korea has announced plans to launch a new satellite in the coming weeks, despite international condemnation and sanctions. The move is seen as a provocation by many, and raises concerns about the country's nuclear ambitions. #NorthKorea #SatelliteLaunch #InternationalTensions",World
"Microsoft last week faced accusations of short-changing its Software Assurance customers following its decision to strip core features from the next major Windows client operating system, codenamed Longhorn.",Sci/Tech
"HP (Quote, Chart) is doing a lot of explaining after it revealed this weekend that it will no longer put Itanium processors in its high-performance workstations.",Sci/Tech
"The Walt Disney Co. has postponed an expansion of its video-on-demand service while it explores partnerships that could result in a deal to include the service in set-top boxes, computers or other devices.",Sci/Tech
"North Korea has announced plans to launch a new satellite in the coming weeks, sparking concern among international leaders. The move comes amid tensions with the US and South Korea, who have been urging the hermit state to abandon its nuclear weapons program. The satellite launch is seen as a potential step towards developing a more sophisticated military capabilities, raising fears of an arms race in the region. #NorthKorea #SatelliteLaunch #ArmsRace",World
Syrian refugees face new challenges in Europe,World
Lebron James breaks record for most points scored in NBA finals,Sports
"The ongoing conflict in Ukraine has entered its fifth year, with no end in sight. The situation remains volatile, with both sides accusing each other of aggression and violations of ceasefire agreements. The humanitarian crisis continues to worsen, with millions of people in need of aid and shelter. Diplomatic efforts to resolve the conflict have yet to produce a lasting solution.",World
"By BETSY BLANEY    LUBBOCK, Texas (AP) -- Some farmers are placing their hope in a hybrid sunflower seed that could help keep arteries clear and hearts pumping in a nation smitten with snacks and processed food.    ''It''s a healthier oil,'' said Willie Wieck, 62, who started growing sunflowers on his 450 acres in the Texas Panhandle in the early 1970s...",Sci/Tech
"Dell gets set to roll out its PowerEdge 1855 blade server line a home-grown design, this month.",Sci/Tech
"The graphics library, an alternative to Microsoft''s DirectX, gets new features designed to add razzle-dazzle to PC games.",Sci/Tech
United States sprinter Jerome Young was banned for life by the US Anti-Doping Agency yesterday following his second positive test for an illegal steroid in a case that could affect a US relay team #39;s gold medal from Sydney.,Sports
NEW YORK (CNN/Money) - Some colleges are fretting the release of Microsoft #39;s upgrade to its XP operating system -- whose release coincides with the opening of campuses around the country -- saying that multiple downloads of the patch could significantly ,Sci/Tech
Researchers at MIT have developed a new AI algorithm that can detect and diagnose diseases with unprecedented accuracy. The algorithm uses a combination of machine learning and medical imaging to identify subtle patterns in medical data that were previously undetectable by human doctors. This breakthrough could revolutionize the field of medicine and improve healthcare outcomes for millions of people around the world. #SciTech #AI #Medicine,Sci/Tech
"Lionel Messi's record-breaking goal in the Champions League final has left fans in awe. The Argentine forward scored twice in the match, leading his team to a 3-0 victory over their opponents. This win marks Messi's third Champions League title and cements his position as one of the greatest soccer players of all time. #Messi #ChampionsLeague #Soccer",Sports
"American International Group Inc. , the world''s largest insurer, said the Securities and Exchange Commission is considering accusing the company of helping PNC Financial Services Group Inc. improperly remove bad loans from its books.",Business
"BEIJING (AP)  China appealed to North Korea on Tuesday to join working meetings before a new round of six-party talks on dismantling its nuclear program, despite the North #39;s declaration that it saw no point in attending. ",World
SOUTHHAMPTON - West Indies want to redeem a disappointing summer with a place in the Champions Trophy final while Pakistan are equally as eager to continue its resurgence under new coach Bob Woolmer.,Sports
Online-payment service PayPal on Tuesday sought to reassure customers that outages that had plagued the service since Friday finally had been resolved.,Sci/Tech
"In the most highly anticipated Wall Street debut since the heady days of the dot-com boom, shares of Google surged nearly 20 percent on their first day of public trading Thursday as the quirky Internet company completed its much-hyped initial stock ...",Business
"SAN FRANCISCO - Intel Corporation recently disclosed key technical details of its upcoming wireless broadband chip for WiMAX products, which will enable long-distance, high-speed wireless Internet access for homes and businesses.",Sci/Tech
"Slovenia pulled off a famous result yesterday, defeating Italy to go top of Group Five. A solitary goal by Bostjan Cesar after 82 minutes gave the hosts victory in Celje to inflict a first World Cup qualifying group defeat on Marcello Lippi #39;s side.",Sports
Samsung unveils new flagship smartphone with cutting-edge technology,Business
Stock market sees record highs as investors bet on economic recovery,Business
"North Korea conducts another nuclear test, sparking international condemnation",World
"The chief financial officer of Oracle, Harry L. You, said that \$24 a share remained the company''s ''best and final'''' offer for PeopleSoft Inc. in what may be the last week of a 17-month hostile takeover fight.",Sci/Tech
LeBron James sets new NBA scoring record in Lakers' win,Sports
"Researchers at MIT have developed a new AI algorithm that can predict the spread of infectious diseases with unprecedented accuracy. The algorithm uses a combination of machine learning and epidemiological models to forecast the spread of diseases, including COVID-19. According to the study, the algorithm could help health officials make more informed decisions about disease control measures and potentially save millions of lives. #AI #SciTech #PublicHealth",Sci/Tech
Microsoft to Acquire Activision Blizzard in $68 Billion Deal,Business
Lionel Messi scores hat-trick in Barcelona's thrilling victory over Real Madrid,Sports
"Microsoft acquires Activision Blizzard for $68.7 billion, in a move to expand its gaming presence. The deal is expected to close in the second half of 2022. #Microsoft #ActivisionBlizzard #GamingIndustry",Business
Top-seeded David Nalbandian of Argentina and Olympic champion Nicolas Massu of Chile advanced to the quarterfinals of the CA Trophy Thursday with straight-set victories while American Robby Ginepri upset No.,Sports
Lionel Messi scores hat-trick as Barcelona beats Real Madrid in El Clásico,Sports
"AP - SpaceShipOne is one flight away from clinching the Ansari X Prize, a  #36;10 million award for the first privately developed manned rocket to reach space twice within 14 days.",Sci/Tech
New AI algorithm can detect cancer cells in medical images with 90% accuracy,Sci/Tech
Microsoft unveils new AI-powered chatbot for customer service,Business
"News.com reports in the article: Microsoft fixes date for desktop search tool, that the company will offer up a beta release of a desktop search by the end of this year.",Sci/Tech
"There are so many new faces, it #39;s hard to keep them all straight. But despite all the upheaval, all the contracts and controversy that so dominated the summer, Jerry Sloan believes the sheer ",Sports
"Reuters - Long a forum for protecting endangered\species like whales or tigers, a U.N. meeting in Bangkok next\month will seek a wider role in regulating the billion-dollar\trade in timber, fish and medicinal plants.",Sci/Tech
Syrian Refugees Find New Home in Canada,World
NEW YORK - Investors will be looking ahead to the Federal Reserve #39;s meeting and third-quarter earnings forecasts in Wall Street #39;s short trading week after the Labor Day holiday.,Business
"Researchers have developed a new AI algorithm that can detect and diagnose diseases more accurately than human doctors. The algorithm uses a combination of machine learning and medical imaging to identify signs of illness, and could potentially revolutionize the way doctors diagnose and treat patients.",Sci/Tech
"Researchers at MIT have developed a new AI algorithm that can predict the spread of infectious diseases with unprecedented accuracy. The algorithm uses machine learning techniques to analyze real-time data from various sources, including medical records, social media, and environmental sensors. The team believes that this technology could revolutionize the way we track and prevent the spread of diseases, saving countless lives and preventing economic losses. #SciTech #AI #DiseasePrevention",Sci/Tech
"AP - Prosecutors in the Kobe Bryant case spent nearly  #36;400,000 trying to get the NBA star convicted of raping a woman at a Vail-area resort last summer, documents show.",Sports
"AP - Peanuts, hot dogs and wireless instant replays. It''s the future of baseball.",Sci/Tech
The portable stereos that ruled city streets in the 1980s aren''t shipping in high volumes anymore. But some sound artists are finding new ways to incorporate the devices into performances and ad-hoc radio networks. By Elizabeth Biddlecombe.,Sci/Tech
Syrian Refugees Face Challenges in Finding New Homes,World
"Puerto Rican wrestler Mabel Fonseca tested positive for a steroid in an initial doping test, a wrestling official said Saturday. Michel Dusson, secretary general of the International ",Sports
Researchers at MIT have developed a new AI algorithm that can detect and diagnose diseases with greater accuracy than current methods. The algorithm uses a combination of machine learning and medical imaging to identify diseases such as cancer and Alzheimer's. The study has the potential to revolutionize the field of medicine and improve patient outcomes. #SciTech #AI #Medicine,Sci/Tech
"Sony announces new smartphone lineup, includes improved camera and battery features",Business
Lionel Messi scores hat-trick as Barcelona beats Real Madrid 3-2 in El Clásico,Sports
"UNITED NATIONS Sept. 14, 2004 - Iraq appealed to other nations Tuesday to send troops to protect an expanded UN staff that is essential for holding the country #39;s first free elections by Jan. 31, saying terrorists must not be allowed to disrupt the vote.",World
A British soldier killed after clashes with militia forces in the southern Iraqi city of Basra was today named as Lance Corporal Paul David Trevor Thomas. ,World
"SPACE.com - Researchers can now say definitively that Mars once \supported a watery environment, but whether the red planet could have ever \supported life is still far from certain.",Sci/Tech
Lionel Messi scores hat-trick in Barcelona's thrilling victory over Real Madrid,Sports
"AP - For the first time, scientists have created a genetic map of a cow, providing researchers a new tool to reduce animal disease and improve the nutrition of beef and dairy products, the Agriculture Department announced Wednesday.",Sci/Tech
"Apple's new iPhone sales disappoint, stock tanks",Business
Trend Micro will become the latest major anti-virus software company to provide protection against mobile phone viruses with the release today of Trend Micro Mobile Security 1.0.,Sci/Tech
"The ongoing conflict in Ukraine between Ukrainian government forces and Russian-backed separatists has escalated, with both sides accusing each other of aggression. The situation has raised concerns of a wider conflict in the region and the potential for a humanitarian crisis. #Ukraine #Russia #conflict",World
You #39;ve already seen our New Users #39; and Power Users #39; reviews of Apple #39;s fourth-generation iPod (iPodlounge rating: A-/B).,Sci/Tech
The Chicago Board of Trade took a leap forward on Monday on its goal to become a for-profit company when an Illinois judge approved a deal on how to carve up ownership of the oldest US futures exchange.,Business
PC World - New 46-inch LCD is just one of eight flat-panel models launched this week.,Sci/Tech
"Researchers at MIT have developed a new AI algorithm that can generate realistic virtual environments for training purposes. The algorithm uses a combination of computer vision and machine learning to create immersive and realistic virtual worlds, which could potentially revolutionize the way we train for complex tasks such as surgery, military operations, and disaster response. The technology has already shown promising results in early tests and could have a significant impact on a wide range of industries. #SciTech #AI #VirtualReality",Sci/Tech
"Auto racing: NASCAR Nextel Cup Sylvania 300 practice at N.H. International Speedway, Loudon, 9:30 and 11:10 a.m.; NASCAR Craftsman Truck Sylvania 200 at N.H. International Speedway, Loudon, 1 p.m.; NASCAR Busch North Sylvania 125 at N.H. International Speedway, Loudon, 3 p.m.",Sports
LeBron James sets new NBA scoring record in Lakers' win,Sports
"The ongoing conflict in Ukraine has entered its fifth year, with no end in sight. The situation has resulted in the deaths of thousands of civilians and soldiers, as well as the displacement of millions. The international community has imposed sanctions on Russia for its actions, but little progress has been made in resolving the conflict. #Ukraine #Conflict #Peace",World
LeBron James breaks record for most points scored in NBA Finals history,Sports
"Designed to further enhance the value of our Special Report, these Powerpoint slides offer key data and statistics about the choices facing today''s IT decision makers regarding CRM.",Sci/Tech
"The ongoing conflict in Ukraine between Ukrainian government forces and Russian-backed separatists has escalated, with both sides accusing each other of aggression. The situation has raised concerns of a wider conflict in the region and the potential for sanctions from the international community. #Ukraine #Russia #Conflict",World
Lionel Messi scores hat-trick in Barcelona's thrilling victory over Real Madrid,Sports
" CHICAGO (Reuters) - Smithfield Foods Inc. &lt;A HREF=''http://www.investor.reuters.com/FullQuote.aspx?ticker=SFD.N target=/stocks/quickinfo/fullquote''&gt;SFD.N&lt;/A&gt;, one of  the nation''s largest meat producers, on Thursday said quarterly  earnings more than doubled due to higher hog prices and its  acquisition of Farmland Foods last year.",Business
Lionel Messi scores hat-trick in Barcelona's win over Real Madrid,Sports
"The Cubs didn #39;t need to fly anywhere near Florida to be in the eye of the storm. For a team that is going on 100 years since last winning a championship, the only thing they never are at a loss for is controversy.",Sports
"The ongoing conflict in Ukraine between Ukrainian government forces and Russian-backed separatists has escalated, with both sides accusing each other of aggression. The situation has raised concerns of a wider conflict in Europe, with the US and EU imposing new sanctions on Russia. #World #Conflict #Ukraine",World
Mass protests erupt in France against new security law,World
WASHINGTON (AP) -- Oil prices fell for a fifth consecutive day Thursday despite a sharp drop in Iraqi exports after pipelines were sabotaged -- evidence that the bull market may have lost some steam.,Business
"The stock market saw a surge in activity today as investors reacted to news of a major acquisition in the tech industry. The deal, worth billions of dollars, is expected to shake up the market and create new opportunities for growth. #business #stockmarket #acquisition",Business
"CARACAS, August 22 (Itar-Tass) -- President of Venezuela Hugo Chavez has called on the opposition to recognize the results of a referendum on confidence in the president held on August 15.",Business
 PITTSBURGH (Sports Network) - Kevin Bettencourt scored five  of his 13 points in the final two minutes to lead Bucknell to a  69-66 upset over 10th-ranked and previously unbeaten  Pittsburgh.,Sports
" AMSTERDAM (Reuters) - Nokia, the world''s biggest handset  maker, unveiled on Wednesday a miniature version of its  equivalent of the Swiss Army knife it hopes will lure women and  less-techie business people.",Sci/Tech
Lebron James sets new career milestone in NBA All-Star game,Sports
"DONATING: Summer Ramson,3, gets a hand from her grandmother, Barbara Daliposon, left, and Salvation Army volunteer Donna Clark as she donates money Friday at an Albertsons store on Plumb Lane in Reno.",Business
LeBron James sets new career milestone in win over Pelicans,Sports
"The Federal Communications Commission ruled 3-2 that states are now barred from imposing telecommunications regulations on Internet phone providers, which treat calls no differently than any other application on the Net.",Sci/Tech
"ALICANTE, Spain : Spaniard Juan Carlos Ferrero wasted no time getting down to business, brushing aside Fabrice Santoro to put the hosts level with France 1-1 in their World Group Davis Cup semi-final tie.",Sports
"NEW YORKIBM said yesterday it is in talks to settle a mammoth lawsuit alleging a pension plan adopted by the firm in the 1990s discriminated against 140,000 older workers.",Business
"BAGHDAD, Iraq - A US military official in Iraq says seven American marines have been killed today in a car-bomb explosion. Several other Marines have been wounded in the attack.",World
Stock Market Sees Record Highs as Tech Stocks Soar,Business
"North Korea tests new ballistic missile, sparking concern in the international community",World
Lionel Messi scores hat-trick in Barcelona's win over Real Madrid,Sports
LeBron James leads Lakers to thrilling victory in NBA Finals,Sports
"Apple's new iPhone sales are down 30% in the past quarter, amidst growing competition from Chinese smartphone makers. The company is expected to launch new models in the fall to boost sales. #Apple #iPhone #smartphones",Business
"Sony announces new AI-powered smartphone line, debuting at CES 2023",Business
&lt;strong&gt;Letter&lt;/strong&gt; TDD mode is not just data delivery,Sci/Tech
"North Korea has announced that it has successfully tested a new ballistic missile, raising concerns about the country's nuclear capabilities. The missile, known as the Hwasong-15, is believed to be capable of reaching the United States mainland. The test comes amid heightened tensions between North Korea and the US, which have been escalating in recent months. The international community has condemned the test, with the UN Security Council set to hold an emergency meeting to discuss the situation. #NorthKorea #BallisticMissile #InternationalTensions",World
SAN FRANCISCO -- A judge is ordering Microsoft Corp. to pay \$112.5 million to attorneys who successfully sued the software maker for monopolizing a segment of California #39;s market.,Sci/Tech
"Researchers at MIT have developed a new AI algorithm that can generate realistic images of medical conditions, such as tumors, without the need for expensive medical scans. The algorithm uses a combination of machine learning and generative adversarial networks to produce high-quality images that can help doctors diagnose and treat diseases more accurately and efficiently. The technology has the potential to revolutionize the field of medical imaging and improve patient outcomes.",Sci/Tech
"CBC SPORTS ONLINE - The Buffalo Sabres agreed to terms with former first-round draft choice Thomas Vanek on Friday. The Sabres signed the left-winger, the fifth overall selection in the 2003 NHL Entry Draft, to a three-year entry-level contract.",Sports
" ATHENS (Reuters) - Argentina beat Italy 84-69 to win the  men''s Olympic basketball gold Saturday, the country''s first  medal in the sport.",Sports
"North Korea has announced that it has successfully tested a new ballistic missile, raising concerns about the country's nuclear program and global security. The missile, known as the Hwasong-15, is believed to be capable of reaching the United States mainland. The test comes amid tensions between North Korea and the US, which have been escalating in recent months. The international community has condemned the test, with the UN Security Council set to hold an emergency meeting to discuss the situation.",World
"Researchers at MIT have developed a new AI algorithm that can generate realistic images of objects and scenes, without requiring any actual photographs or videos. The algorithm uses a combination of generative adversarial networks (GANs) and convolutional neural networks (CNNs) to learn the patterns and structures of real-world images, and can generate new images that are virtually indistinguishable from real-world ones. This breakthrough could have significant implications for industries such as entertainment, advertising, and journalism, where realistic image generation is critical. #SciTech #AI #ImageGeneration",Sci/Tech
Researchers at MIT have developed a new AI algorithm that can detect and diagnose medical conditions with unprecedented accuracy. The algorithm uses a combination of machine learning and medical imaging to identify diseases such as cancer and diabetes with a high degree of precision. This breakthrough could revolutionize the field of medicine and improve the lives of millions of people around the world. #medicine #AI #health,Sci/Tech
Lionel Messi scores hat-trick in Barcelona's thrilling victory over Real Madrid,Sports
Lionel Messi scores hat-trick in Barcelona's win over Real Madrid,Sports
Global Market Volatility Continues as Central Banks Struggle to Find Solution,Business
Samsung unveils new flagship smartphone with advanced AI features,Business
"Sales of electric vehicles are soaring as consumers increasingly prioritize sustainability. Tesla, the leading electric vehicle manufacturer, saw a 60% increase in sales last quarter. Other automakers are following suit, with some reporting record profits. The shift towards electric vehicles is expected to continue as governments around the world implement stricter emissions standards and consumers become more environmentally conscious. #Tesla #ElectricVehicles #Sustainability",Business
Markets soar on positive economic data,Business
"That #39;s according to research outfit Gartner, which on Thursday said that second quarter global mobile phone shipments hit 156.",Sci/Tech
"Fresh off the Pedro Martinez signing, the Mets didn #39;t waste much time before moving on to their next order of business. A baseball official with knowledge of the team #39;s plans ",Sports
"Researchers have developed a new AI algorithm that can generate realistic images of medical conditions, such as tumors, with 90% accuracy. This could revolutionize the field of medical imaging and help doctors diagnose diseases more accurately and quickly. #AI #medicalimaging #healthcare",Sci/Tech
"Researchers have developed a new AI algorithm that can detect and diagnose diseases with greater accuracy than human doctors. The algorithm uses a combination of machine learning and natural language processing to analyze medical records and identify patterns that are indicative of specific diseases. According to the study, the algorithm was able to diagnose diseases with an accuracy of 90%, outperforming human doctors who achieved an accuracy of 70%. This breakthrough could revolutionize the healthcare industry and improve patient outcomes. #AI #healthcare #medicalresearch",Sci/Tech
"U.S. and China reach historic trade deal, averting global economic crisis",World
"AI technology has made a significant breakthrough with the development of a new neural network that can learn and adapt at an unprecedented rate. The new network, known as 'NeuralX', is capable of processing vast amounts of data in real-time and making predictions with unparalleled accuracy. This technology has the potential to revolutionize industries such as healthcare, finance, and transportation, among others. The ability of NeuralX to learn and adapt quickly has also raised questions about the potential for AI to surpass human intelligence in the future. As the field of AI continues to evolve, it is clear that NeuralX is a game-changer in the world of Sci/Tech.",Sci/Tech
Lionel Messi scores hat-trick in Barcelona's win over Real Madrid,Sports
"Layoffs at Cingular Wireless were inevitable after it acquired AT amp;T Wireless, but what #39;s with the timing? A Cingular spokesman yesterday confirmed an Associated Press report that Cingular ",Business
"Lionel Messi's record-breaking goal in the Champions League final has left fans in awe. The Argentine forward scored twice in the match, leading his team to a 3-1 victory over Manchester City. The win marks Messi's third Champions League title and solidifies his position as one of the greatest soccer players of all time.",Sports
"SEOUL, South Korea - A huge mushroom cloud that reportedly billowed up from North Korea was not caused by a nuclear explosion, South Korean and U.S. officials said Sunday, but they said the cause was a mystery...",World
"Saturdays two games in Serie A saw Juventus survive a late scare to call a halt to newly-promoted Messina #39;s unbeaten run, winning 2-1, while Vincenzo Montella underlined his excellent current form with a superb goal for Roma in a storm-interrupted 2-0 ",Sports
ATHENS (Reuters) - Greece #39;s top two sprinters should finally get to put their case on Wednesday in a drugs investigation that has shamed and angered the Olympic host nation. ,Sports
"North Korea has announced plans to launch a satellite next month, sparking concerns from the international community. The move has raised tensions in the region, with the US and its allies expressing their disapproval. The satellite, which is intended to be used for civilian purposes, has been seen as a cover for the development of ballistic missile technology. The UN Security Council is set to hold an emergency meeting to discuss the situation and potential responses.",World
Mobile phone operator MMO2 raises its UK revenue growth target for this year as it gets more customers and existing users spend more.,Sci/Tech
"JERUSALEM Israel #39;s security cabinet on Tuesday approved a compensation package that would pay roughly \$200,000 to \$300,000 to each Jewish family that agreed to leave the Gaza Strip under Prime Minister Ariel Sharon #39;s withdrawal plan.",World
Wayne Rooney looks set to become a Manchester United player this week after Everton confirmed they had received a second improved bid for the England striker from Old Trafford.,Sports
"Lionel Messi's record-breaking goal in the Champions League final has cemented his status as the greatest soccer player of all time. The Argentine forward scored twice in Barcelona's 3-0 victory over Slavia Prague, bringing his total number of goals in the competition to 14. Messi's achievement has sparked a global conversation about his place in the pantheon of sports legends. #Messi #ChampionsLeague #Soccer",Sports
"Al Leiter provided a settling influence and Kerry Wood struggled with his control, yielding three first-inning runs.",Sports
Lionel Messi scores hat-trick as Barcelona beats Real Madrid 3-2 in El Clásico,Sports
"The ongoing conflict in Ukraine has reached a boiling point, with both sides accusing each other of aggression. The situation has escalated to the point where international intervention is being considered.",World
"It might have been the last Fenway Park game of the magical 2004 season. And if it was, there''ll be a parade in Boston sometime before Election Day . . . perhaps the grandest celebration in 374 years of Hub history.",Sports
Lebron James sets new NBA scoring record in thrilling victory,Sports
Google announces new AI-powered tool to streamline business operations,Business
"Symantec has released firmware fixes for a string of critical security holes in its firewall/VPN and Gateway Security products which could be exploited to cause a denial of service, identify ",Sci/Tech
"The ongoing conflict in Ukraine has reached a boiling point, with both sides accusing each other of aggression and violations of human rights. The situation has raised concerns among international leaders and diplomats, who are urging for a peaceful resolution to the conflict. Meanwhile, the United Nations has announced that it will be sending a team of observers to the region to monitor the situation and provide humanitarian aid to those affected. ",World
"North Korea has announced that it has successfully tested a new ballistic missile, raising concerns among international leaders. The missile, known as the Hwasong-15, is believed to have the capability to reach the United States mainland. The test comes amid tensions between North Korea and the US, which have been escalating in recent months. The international community is urging restraint and caution in the face of this development.",World
"The Mars Global Surveyor released the latest glyph image that appears to evoke the kinds of communication in rock formations that has become famous among Mars'' watchers on the internet. But there is a serious side to interpreting remote sensing data, and shadow is not always one''s ally...",Sci/Tech
Lionel Messi scores hat-trick in Barcelona's thrilling victory over Real Madrid,Sports
"Solving the nation #39;s spam problem will require a balancing act, legal and privacy experts said today in Washington, DC, at a meeting sponsored by the Federal Trade Commission.",Sci/Tech
"The ongoing conflict in Ukraine between Ukrainian government forces and Russian-backed separatists has escalated, with both sides accusing each other of aggression. The situation has raised concerns of a wider conflict in the region and has led to a significant increase in tensions between Russia and the West. #Ukraine #Russia #conflict",World
Rangers hopes of returning to the top of the Scottish Premier League were dashed on Sunday as they were held to a 1-1 draw at struggling Inverness Caledonian Thistle.,Sports
"Researchers at MIT have developed a new AI algorithm that can analyze medical images with unprecedented accuracy. The algorithm, called DeepMedic, uses a combination of deep learning techniques and medical expertise to detect and diagnose diseases with a high degree of accuracy. According to the study's lead author, 'DeepMedic has the potential to revolutionize the field of medical imaging and improve patient outcomes.'",Sci/Tech
AFP - Egypt said it has charged an Iranian diplomat and an Egyptian national over a plot to assassinate an unidentified public figure.,World
"Microsoft announced on Monday that it will not release a fifth service pack for Windows 2000, a popular version of the company #39;s operating system.",Sci/Tech
 #39;Ol #39; Blue Eyes #39; provided an emotional musical tribute to  #39;Old Big  #39;Ead #39; as Nottingham Forest celebrated the remarkable life of Brian Clough ahead of today #39;s game with West Ham.,Sports
"North Korea has announced plans to conduct a new nuclear test, despite international pressure to abandon the program. The move has raised concerns about the stability of the region and the potential for conflict. #World #NorthKorea #NuclearTest",World
The company is reasonably certain that it can maintain previously issued earnings guidance.,Business
THE Australian Rugby Union has been swamped with inquiries from high-profile players here and overseas interested in joining the new Super 14 franchise in 2006.,Sports
The Giants coughed up three straight second-quarter turnovers and dissolved in a torrent of penalties in a baffling loss at Giants Stadium.,Sports
WASHINGTON - The Senate Judiciary Committee heard this morning from one of its own about some of the problems with airline ''no fly'' watch lists. Sen...,World
UConn senior quarterback Dan Orlovsky has admitted that he probably would have gone to Boston College if offered a scholarship. But ,Sports
 NEW YORK (Reuters) - U.S. Open organizers have apologized  to Serena Williams for a controversial line call in her  quarter-final loss to Jennifer Capriati on Tuesday.,Sports
"Microsoft acquires Activision Blizzard for $68.7 billion, expanding its gaming division",Business
Lionel Messi scores hat-trick as Barcelona beats Real Madrid in El Clásico,Sports
"Open source can immediately prompt the words  #39;law suit #39; in some peoples #39; minds, but Black Duck have introduced a software platform that helps developers catch and resolve potential intellectual property disputes.",Sci/Tech
Jenson Button has admitted he was  quot;misguided quot; in his attempts to switch to Williams for next season. The 24-year-old declared his intention to leave BAR in August but team boss David Richards prevented the move on legal grounds.,Sports
&lt;strong&gt;Review&lt;/strong&gt; Quite a tempting package?,Sci/Tech
"A dominant defensive performance and a 21-point lead left the Indianapolis Colts with precious little to fret about at halftime Sunday at the RCA Dome, save the inconsequential.",Sports
Researchers have developed a new AI algorithm that can detect and diagnose diseases more accurately than current methods. The algorithm uses machine learning to analyze medical images and identify patterns that are indicative of specific diseases. The study has the potential to revolutionize healthcare by improving diagnosis and treatment options for patients. #AI #healthcare #medicine,Sci/Tech
Lionel Messi scores hat-trick as Barcelona beats Real Madrid in El Clásico,Sports
"Chip giant Intel announced that it has joined forces with the world #39;s largest handset maker, Nokia, to develop the next generation mobile phone.",Sci/Tech
Motorsport.com. Rubens Barrichello finally got the win he has been waiting for when he led Michael Schumacher across the line to take a Ferrari one-two at the Italian Grand Prix.,Sports
Lionel Messi scores hat-trick in Barcelona's thrilling win over Real Madrid,Sports
"China and the US are engaged in a trade war, with both sides imposing tariffs on each other's goods. The move has raised concerns about the impact on global trade and the economy.",World
"Spa is among the most demanding circuits for the engine, and Rob White explains the challenge of this unusual circuit.",Sports
"Apple's new iPhone sales disappoint, stock tanks",Business
"Markets soar as Dow Jones breaks 30,000 for the first time",Business
"Researchers have developed a new AI algorithm that can predict the spread of infectious diseases with unprecedented accuracy. The algorithm uses machine learning techniques to analyze data from past outbreaks and identify patterns that can help prevent future ones. The team hopes to use the algorithm to track and contain future outbreaks more effectively, saving countless lives and preventing economic losses. #infosec #AI",Sci/Tech
"Shares of InPhonic Inc., a Washington reseller of wireless service and telephones over the Internet, rose 26 percent Tuesday on their first day of trading..&lt;br&gt;&lt;FONT face=''verdana,MS Sans Serif,arial,helvetica'' size=''-2'' color=''#666666''&gt;&lt;B&gt;-The Washington Post&lt;/B&gt;&lt;/FONT&gt;",Sci/Tech
Lebron James sets new NBA record for most points scored in a single game,Sports
LeBron James leads Lakers to thrilling victory over Mavericks,Sports
Premiership adversaries Manchester United and Arsenal will have another chance to do battle at Old Trafford after last night #39;s League Cup quarter-final draw brought the teams together again.,Sports
AP - Evander Holyfield was suspended indefinitely by New York boxing officials in the wake of his loss Saturday night to journeyman Larry Donald.,Sports
Markets soar as Dow Jones hits record high,Business
"update In order to get the next update of its Windows operating system out the door, Microsoft will delay some of the key improvements that had been planned.",Sci/Tech
Verizon SuperPages.com said Friday it has teamed up with eBay and Shopping.com for the rollout of new shopping tools on its online Yellow Pages site.,Business
AP - Apparently even a Hall of Fame coach doesn''t get a break from the officials. Washington Redskins coach Joe Gibbs on Tuesday reviewed the tape of the previous night''s loss to the Dallas Cowboys and determined he was on the wrong side of ''two awful calls.'',Sports
"North Korea conducts another missile test, sparking concern among international community",World
"A new pan-European supercomputing network has opened to help scientists in the EU with their research.  quot;We have just completed testing, quot; said David Henty of the Edinburgh Parallel Computing Centre, a member ",Sci/Tech
"Aug. 18 (Bloomberg) -- The case against eight men charged with conspiracy to commit murder and carry out terrorist attacks was referred to the Old Bailey, London #39;s central criminal court. ",World
"The Internet Corporation for Assigned Names and Number, the organization named by the US government in 1998 to oversee policies over Internet addresses, gave a preliminary nod Monday to domain names targeting mobile services and the jobs ",Sci/Tech
CHICAGO (CBS.MW) -- Circuit City Stores shares plummeted 10 percent Monday after the nation #39;s No. 2 electronics retailer said that its third-quarter same-store sales fell 4.3 percent.,Business
"AI technology has made a groundbreaking leap with the development of a new neural network that can learn and adapt at an unprecedented pace. This latest innovation has the potential to revolutionize industries such as healthcare, finance, and transportation. The new neural network is capable of processing vast amounts of data in real-time, allowing for more accurate predictions and decision-making. With this technology, doctors can now diagnose diseases more accurately and quickly, financial institutions can detect fraud more effectively, and self-driving cars can navigate roads more safely. The implications of this breakthrough are vast and could have a profound impact on society as a whole.",Sci/Tech
Lebron James leads Lakers to thrilling victory over Mavericks,Sports
"AP - One day after the most lopsided loss in the 115 years of Nebraska football, the coaching staff told the Cornhuskers to forget about it.",Sports
"The ongoing conflict in Ukraine has entered its fifth year, with no end in sight. The situation has caused significant human suffering, displacement, and economic hardship. The international community has been unable to find a peaceful solution, with tensions between Russia and the West continuing to escalate. #Ukraine #Conflict #HumanRights",World
" TOKYO (Reuters) - Japanese camera and office equipment  maker Canon Inc. &lt;A HREF=''http://www.reuters.co.uk/financeQuoteLookup.jhtml?ticker=7751.T qtype=sym infotype=info qcat=news''&gt;7751.T&lt;/A&gt; said on Tuesday it would start  producing rear projection televisions later this year, aiming  to secure a chunk of the rapidly growing market for big screen  TVs.",Sci/Tech
Microsoft unveils new AI-powered tool for small businesses,Business
HP plans to add virus-throttling technology to ProLiant servers and ProCurve switches starting in early 2005. Virus Throttler technology slows the spread of a virus or worm within an infected server to give  administrators time to act.,Sci/Tech
"North Korea fires missile towards Japan, sparking global concern",World
Mass protests erupt in France against proposed pension reforms,World
"Mozilla Firefox Internet Browser Market Share Gains to 7.4\\The latest survey from OneStat.com shows what was expected. Firefox is gaining on Internet Explorer and pretty rapidly. As per the reports, Mozilla Foundation has taken a 7.4 market share gaining more than 5 since May. Microsoft rsquo;s Internet Explorer has dropped down ...",Sci/Tech
"Researchers have developed a new AI algorithm that can detect and diagnose diseases more accurately than human doctors. The algorithm uses machine learning to analyze medical images and identify patterns that are indicative of specific diseases. According to the study, the algorithm was able to detect diseases with an accuracy of 90%, outperforming human doctors who achieved an accuracy of 70%. This breakthrough could revolutionize the healthcare industry and improve patient outcomes. #AI #Healthcare #MedicalResearch",Sci/Tech
"Russia has postponed the test launch of a new booster rocket scheduled for Friday, the Defense Ministry said Thursday. The launch of the Soyuz-2 medium-size rocket from Russia #39;s ",Sci/Tech
"To judge by the shift in the headlines, the processor war is nearly over. Who #39;s in? Advanced Micro Devices (NYSE: AMD). Out? Intel (Nasdaq: INTC).",Sci/Tech
AP - Residents burned tires and trash in the streets Thursday trying to drive off swarms of locusts descending on the region in what a U.N. agency called the worst sub-Saharan invasion in more than a decade.,Sci/Tech
"Mark Martin joined the growing list of longtime drivers easing their way out of NASCAR, announcing Thursday that the 2005 season will be his last as a full-time racer.",Sports
"Researchers at MIT have developed a new AI algorithm that can detect and diagnose medical conditions with unprecedented accuracy. The algorithm uses a combination of machine learning and natural language processing to analyze medical records and identify patterns that human doctors may miss. The technology has the potential to revolutionize healthcare by improving diagnosis and treatment, and could save countless lives in the future. #AI #medicine #healthcare",Sci/Tech
" TORONTO (Reuters) - New Internet-based technology could  soon turn regular computer users into armchair spies, a  Canadian inventor said on Monday.",Sci/Tech
Lionel Messi's record-breaking goal in the Champions League final,Sports
"Researchers at MIT have developed a new AI algorithm that can predict the spread of infectious diseases with unprecedented accuracy. The algorithm uses machine learning techniques to analyze data from past outbreaks and identify patterns that can help prevent future ones. The team plans to use the algorithm to track the spread of COVID-19 and other diseases in real-time, providing critical information to public health officials. #AI #infectiousdiseases #publichealth",Sci/Tech
"Barnstable had the upperhand once again. The Red Raiders are one win away from defending their MIAA Division 1 state volleyball championship after blanking Chelmsford, 3-0, in the semifinals last night in Mansfield. It was the second time this fall Chelmsford had been frustrated by the powerful Barnstable lineup.",Sports
"Researchers at MIT have developed a new AI algorithm that can predict the spread of infectious diseases with unprecedented accuracy. The algorithm uses machine learning techniques to analyze data from various sources, including medical records, social media, and weather patterns. The study could have significant implications for public health officials, who can use the algorithm to prepare for and contain outbreaks more effectively. #AI #PublicHealth #DiseasePrevention",Sci/Tech
"AP - Accompanied by a warning that its missiles have the range, Iran on Tuesday said it would destroy Israel''s Dimona nuclear reactor if the Jewish state were to attack Iran''s nuclear facilities.",World
Tulane officials have postponed Saturday #39;s football game against Louisville because of the threat of Hurricane Ivan. Tulane officials said in a statement Tuesday that the game is tentatively rescheduled for the weekend of Dec. 4 at the Superdome.,Sports
"The combined worldwide market for desktops, servers and packaged software running on Linux is forecast to grow at a 2003-2008 compound annual growth rate of 25.9 percent worldwide, reaching \$35.7 billion by 2008.",Sci/Tech
"Researchers at MIT have developed a new AI algorithm that can detect and diagnose diseases with unprecedented accuracy. The algorithm uses a combination of machine learning and medical imaging to identify early signs of illness, potentially saving countless lives. #SciTech #Healthcare",Sci/Tech
"Apple's new iPhone sales slump, a sign of a slowing global smartphone market",Business
Researchers at MIT have developed a new AI algorithm that can detect and diagnose medical conditions with unprecedented accuracy. The algorithm uses a combination of machine learning and natural language processing to analyze medical records and identify patterns that human doctors may miss. The technology has the potential to revolutionize healthcare by improving diagnosis and treatment of diseases. #SciTech #MedicalResearch,Sci/Tech
"The Mac maker says it will replace about 28,000 batteries in one model of PowerBook G4 and tells people to stop using the notebook.",Sci/Tech
"China and the US are locked in a trade war, with both sides imposing tariffs on each other's goods. The conflict has caused uncertainty in global markets and raised fears of a global economic slowdown.",World
"Apple announces new product line, shares soar",Business
Researchers have developed a new AI algorithm that can detect and diagnose diseases with greater accuracy than current methods. The algorithm uses machine learning to analyze medical images and identify patterns that indicate the presence of a disease. The study was published in a leading medical journal and has the potential to revolutionize the field of medicine.,Sci/Tech
"North Korea conducts another missile test, sparking concern among global leaders",World
"After you''ve joined the music revolution and plunked down \$250 for an Apple iPod mini, it''s easy to become quite protective of the little gizmo.",Sci/Tech
"The Recording Industry Association of America (RIAA) has filed 754 new lawsuits against alleged file-traders using peer-to-peer services, the trade group announced Thursday.",Sci/Tech
"SiliconValley.com - In August, Joshua Rosen, a San Francisco entrepreneur and art director, went live with a Web site that makes it very simple for people to register to vote.",Sci/Tech
Lionel Messi scores hat-trick in Barcelona's win over Real Madrid,Sports
"North Korea has announced that it has successfully tested a new ballistic missile, sparking concern among global leaders. The test, which took place on Wednesday, is the latest in a series of provocative actions by the rogue state. The missile, known as the Hwasong-15, is believed to have the capability to reach the United States mainland. The United Nations Security Council is set to hold an emergency meeting to discuss the situation. #NorthKorea #BallisticMissile #GlobalSecurity",World
Stock Market Sees Record Highs as Tech Stocks Soar,Business
"China and the US are locked in a trade war, with both sides imposing tariffs on each other's goods. The conflict has raised concerns about the impact on global trade and the economy.",World
Google to Acquire Cybersecurity Firm for $1 Billion,Business
New AI algorithm can predict heart attacks with 90% accuracy,Sci/Tech
"China and the US are engaged in a trade war, with both sides imposing tariffs on each other's goods. The US has accused China of unfair trade practices, while China has accused the US of bullying. The conflict has already had a negative impact on global trade and investment, and fears are growing of a full-blown economic conflict. #tradewar #China #US",World
Lionel Messi scores hat-trick in Barcelona's win over Real Madrid,Sports
"PalmSource today announced entry into an agreement for the acquisition of China MobileSoft Limited (CMS), a leading Chinese mobile phone software company with business operations headquartered with its wholly-owned subsidiary, MobileSoft Technology ",Sci/Tech
"Electronic Data Systems Corp., which lost business when customer US Airways Group Inc. filed for bankruptcy protection the first time, says the carrier #39;s latest filing also will hurt.",Business
"Oakland, CA (Sports Network) - The Oakland Athletics have acquired infielder Keith Ginter from the Milwaukee Brewers in exchange for pitcher Justin Lehr and outfielder Nelson Cruz.",Sports
"Do-it-yourself phishing kits are being made available for download free of charge from the Internet, according to anti-virus firm Sophos.\",Sci/Tech
Lionel Messi scores hat-trick in Barcelona's win over Real Madrid,Sports
"A Republican on how to survive in a Democratic town: This really is the greatest city in the world, but you are now behind enemy lines.",World
Researchers at MIT have developed a new AI algorithm that can detect and diagnose diseases with greater accuracy than current methods. The algorithm uses a combination of machine learning and medical imaging to identify subtle patterns in medical scans that are indicative of disease. The study has the potential to revolutionize the field of healthcare and improve patient outcomes. #SciTech #AI #Healthcare,Sci/Tech
Lionel Messi scores hat-trick in Barcelona's thrilling victory over Real Madrid,Sports
"AP - As Philadelphia prepares to install monitoring cameras at some city intersections, officials say they''re not worried about studies that suggest the surveillance may lead to more accidents.",Sci/Tech
"Wide receiver Terrell Owens said he had a few end-zone celebrations prepared for Sunday #39;s game against the team he shunned in the offseason, the Baltimore Ravens.",Sports
"The ongoing conflict in Ukraine has reached a boiling point, with both sides accusing each other of aggression. The situation has escalated to the point where NATO has deployed troops to the region, raising tensions even further. Meanwhile, the humanitarian crisis in Yemen continues to worsen, with millions of people at risk of starvation and disease. In other news, the COVID-19 pandemic continues to spread globally, with new cases reported in many countries. Governments around the world are struggling to contain the virus, but the situation remains dire.",World
"A man in Thailand has died of avian flu, the first human casualty in the country since the disease re-emerged in Asia in July, officials said Thursday.",World
Lionel Messi scores hat-trick in Barcelona's victory over Real Madrid,Sports
Lionel Messi scores hat-trick in Barcelona's thrilling win over Real Madrid,Sports
"This holiday the hottest new products for kids have one thing in common: They all interact with the tube, whether by means of sensors, radio-wave technology or the regular old TV remote control.",Sci/Tech
LeBron James sets new NBA scoring record in Lakers victory,Sports
"Like it or not, Rupert Murdoch is a New York City staple. As chairman of News Corp. (nyse: NWS - news - people ), the billionaire is a part of Gothamites #39; lives.",Business
"NEW YORK - Cisco Systems Inc. said Monday it has agreed to acquire Sunnyvale, California, software developer P-Cube Inc. in a cash-and-options deal Cisco valued at \$200 million.",Sci/Tech
Reuters - Thai scientists began an investigation\Monday into what some conservationists believe could be the\world''s biggest case of ape smuggling -- nearly 100 orangutan\found in a Bangkok amusement park.,Sci/Tech
Microsoft unveils new AI-powered chatbot to revolutionize customer service,Business
"Researchers have developed a new AI algorithm that can detect and diagnose diseases with unprecedented accuracy. The algorithm uses a combination of machine learning and medical imaging to identify early signs of illness, potentially saving countless lives. #SciTech #MedTech #AI",Sci/Tech
"Researchers at MIT have developed a new AI algorithm that can predict the spread of infectious diseases with unprecedented accuracy. The algorithm uses machine learning techniques to analyze data from various sources, including medical records, social media, and weather patterns, to identify patterns and trends that can help prevent the spread of diseases. The team plans to test the algorithm in several cities around the world, with the goal of saving millions of lives. #AI #infobiography #publichealth",Sci/Tech
"com November 4, 2004, 2:38 PM PT. This priority retains its ranking at number five as more and more companies deploy Web services to share business logic, data and processes with each other and with clients.",Sci/Tech
"Researchers at MIT have developed a new AI algorithm that can predict the spread of infectious diseases with unprecedented accuracy. The algorithm uses machine learning techniques to analyze data from past outbreaks and identify patterns that can help prevent future ones. According to the study's lead author, 'This could be a game-changer in the fight against infectious diseases.'",Sci/Tech
"North Korea tests new missile, sparking concern in the international community",World
Order was restored to the Jets'' quarterbacking universe on Wednesday when Chad Pennington returned to practice with the first team.,Sports
Lionel Messi scores hat-trick in Barcelona's win over Real Madrid,Sports
Apple unveils new iPhone with advanced AI features,Business
" ATLANTA (Reuters) - Quiznos Sub, the third-largest U.S.  sandwich chain, said on Wednesday it signed a deal to serve  PepsiCo Inc. &lt;A HREF=''http://www.investor.reuters.com/FullQuote.aspx?ticker=PEP.N target=/stocks/quickinfo/fullquote''&gt;PEP.N&lt;/A&gt; drinks in its U.S. outlets, ending a  23-year relationship with Coca-Cola Co. &lt;A HREF=''http://www.investor.reuters.com/FullQuote.aspx?ticker=KO.N target=/stocks/quickinfo/fullquote''&gt;KO.N&lt;/A&gt;",Business
"After months waiting for Microsoft to give me a reason to remain loyal, I finally dumped Internet Explorer for the Firefox Web browser last week.",Sci/Tech
"U.S. and China reach historic trade deal, averting global economic crisis",World
"A Jordanian who disappeared in Iraq two weeks ago and was believed to have been kidnapped has been freed and is in the custody of Iraqi police, Foreign Ministry spokesman Ali al-Ayed told reporters yesterday. ",World
Sales of electric vehicles surge as consumers embrace sustainable transportation. Tesla leads the way with record-breaking quarterly profits. #Tesla #ElectricVehicles #Sustainability,Business
New AI algorithm can predict heart attacks with 90% accuracy,Sci/Tech
" NEW YORK (Reuters) - Stocks rose on Tuesday as a oil prices  slid below \$48 a barrel, offsetting caution as investors waited  for an expected quarter-point hike in U.S. interest rates and  results from technology bellwether Cisco Systems Inc. &lt;A HREF=''http://www.investor.reuters.com/FullQuote.aspx?ticker=CSCO.O target=/stocks/quickinfo/fullquote''&gt;CSCO.O&lt;/A&gt;.",Business
"Researchers at MIT have developed a new AI algorithm that can detect and diagnose diseases more accurately than current methods. The algorithm uses a combination of machine learning and medical imaging to identify early signs of illness. According to the study, the algorithm was able to detect signs of cancer and other diseases with an accuracy of 90%. This could potentially revolutionize the way diseases are diagnosed and treated, saving countless lives. #SciTech #AI #Medicine",Sci/Tech
Researchers have developed a new AI algorithm that can predict the spread of diseases with unprecedented accuracy. The algorithm uses machine learning techniques to analyze data from past outbreaks and identify patterns that can help prevent future outbreaks. The team hopes to use the algorithm to predict and prevent future pandemics. #SciTech #AI #PandemicPrevention,Sci/Tech
"Talking in a teleconference this afternoon, David Richards insisted that the ending of the  quot;consultancy contract quot; between BAR and Prodive, and his subsequent departure from the team, was a mutual decision.",Sports
"North Korea has announced that it has successfully tested a new ballistic missile, raising tensions in the region. The missile, known as the Hwasong-14, is believed to be capable of reaching the United States mainland. The test comes amid heightened tensions between North Korea and the US, which have been escalating in recent months. The international community has condemned the test, with the UN Security Council set to hold an emergency meeting to discuss the situation. #NorthKorea #US #UN #tensions",World
"Apple's new iPhone sales are down 30% YoY, amidst growing competition from Chinese smartphone brands. The company is expected to launch new models in the fall to boost flagging demand. #Apple #iPhone #smartphones",Business
Lionel Messi scores hat-trick in Barcelona's thrilling win over Real Madrid,Sports
"For those who need to make telephone calls in flight and don''t want to sell the second car to finance them, help is on the way.",Sci/Tech
"LONDON, Aug 20 (Reuters) - Jamaica striker Ricardo Fuller has joined Portsmouth from Preston North End on a two-year contract, the Premier League club said on Friday. ",Sports
Lebron James sets new record in NBA finals,Sports
Workers at Apple #39;s Irish operations in Cork remain gloomy this morning over one European country that remains outside the reach of iTunes Europe - Ireland.,Sci/Tech
LeBron James leads Lakers to thrilling victory over Golden State,Sports
"Nintendo and iQue to release Game Boy Advance SP later this month in 21 different cities in China. TOKYO--Nintendo has announced that it will launch the Game Boy Advance SP in China on October 27, Bloomberg Japan reports today.",Sci/Tech
"New study reveals that 50% of small businesses in the US are now using AI tools to streamline their operations. The study found that these tools are helping businesses to save time and money, and are also improving their overall efficiency. The use of AI is particularly popular in industries such as marketing, finance, and supply chain management.",Business
Tom Lehma''s 5-under 67 on Saturday leaves him tied for the Funai Classic lead as he gets a third chance in as many weeks to end a five-year winning drought.,Sports
Samsung unveils new smartphone with innovative features,Business
"When was the last time you heard about a company more than doubling its profit from the previous year, but an error in judgment restrained that profit?",Business
"Guatemala''s government agrees to pay millions of dollars to former paramilitaries, who some accuse of war crimes.",World
San Francisco Mayor Gavin Newsom has set a goal of providing free wireless Internet activity in his city that sees itself as a vanguard of the Internet revolution.,Sci/Tech
"By MATTHEW FORDAHL    SAN JOSE, Calif. (AP) -- After years of battling Microsoft Corp...",Sci/Tech
"Researchers at MIT have developed a new AI algorithm that can generate realistic images of medical conditions, such as tumors, without the need for expensive medical scans. The algorithm uses a combination of machine learning and generative adversarial networks to create detailed, 3D images of the body's internal structures. This could potentially revolutionize the way doctors diagnose and treat medical conditions, making it faster and more accurate than ever before.",Sci/Tech
"AP - Latrell Sprewell was suspended for one game by the NBA on Tuesday for yelling a sexual vulgarity at a female fan during a game, the latest episode of a player clashing with spectators.",Sports
Lebron James breaks record for most points scored in NBA finals,Sports
"NewsFactor - Retailers that saw impressive growth in year-over-year online sales during last year''s holiday season should not look for the same results this year, according to estimates by Forrester Research.",Sci/Tech
Researchers at MIT have developed a new AI algorithm that can detect and diagnose diseases with greater accuracy than current methods. The algorithm uses a combination of machine learning and medical imaging to identify subtle patterns in medical scans that other methods may miss. The team hopes to use the algorithm to improve healthcare outcomes and reduce costs. #SciTech #MedicalImaging #AI,Sci/Tech
Apple announces new iPhone with improved battery life and AI-powered features,Business
Heart of Midlothian Plc said head coach Craig Levein is holding talks to take over as manager at Leicester City in England after steering the Scottish soccer club to the group stage of Europe #39;s UEFA Cup this season.,Sports
"Apple's new iPhone sales disappoint, stock plummets",Business
Markets surge on central bank rate cuts,Business
"Although AIDS is thought of as a disease of the young, in the United States it is rapidly becoming one of the middle-aged and even the old.",Sci/Tech
Lionel Messi scores hat-trick in Barcelona's thrilling victory over Real Madrid,Sports
Lionel Messi scores hat-trick in Barcelona's win over Real Madrid,Sports
Syrian Refugees Find New Home in Canada,World
Researchers have developed a new AI algorithm that can detect and diagnose diseases more accurately than human doctors. The algorithm uses a combination of machine learning and natural language processing to analyze medical records and identify patterns that are indicative of specific diseases. The technology has the potential to revolutionize healthcare by improving diagnosis accuracy and reducing the time it takes to receive a diagnosis. #AI #healthcare #medicine,Sci/Tech
"Apple's new iPhone sales disappoint, stock tanks",Business
Lebron James sets new scoring record in NBA All-Star Game,Sports
"Mike McKenzie got his wish yesterday, seven months after asking out of Green Bay. The Packers sent the disgruntled cornerback and a future conditional sixth-round ",Sports
"The Ontario government has announced new measures today to tackle child pornography online and Internet luring. Research shows 40 percent of Canadian youth report that someone they met on the Internet, requested personal information.",Sci/Tech
"AFP - Sudan condemned UN threats of sanctions against Khartoum, saying they would only undermine efforts to restore security in the devastated western region of Darfur.",World
Lionel Messi scores hat-trick in Barcelona's win over Real Madrid,Sports
"Tony Purnell, the boss of Jaguar Racing says that there is  quot;masses of interest quot; in the team, which the Ford Motor Company has decided to discontinue.",Sports
Lionel Messi scores hat-trick as Barcelona beats Real Madrid in El Clásico,Sports
"An Internet company has agreed to forgive \$17 million in customers'' bills as part of an agreement with the government, the Federal Trade Commission announced Monday.",Sci/Tech
New AI Algorithm Accurately Predicts Disease Progression,Sci/Tech
"North Korea conducts another missile test, sparking concern among global leaders",World
"As part of its ongoing efforts to woo public sector customers, Microsoft Corp. has begun giving governments tools for collaborating and sharing technology information with other organizations so that they can learn from each other''s experiences and cut development costs.",Sci/Tech
Lionel Messi scores hat-trick in Barcelona's thrilling win over Real Madrid,Sports
"SAP AG has agreed to acquire the Swiss and U.S. business units of SAP Systems Integration AG (SAP SI), bringing its absorption of the company nearer to completion.",Sci/Tech
Lionel Messi scores hat-trick in Barcelona's 3-0 win over Real Madrid,Sports
John Robertson has this morning been confirmed as the new Hearts manager. Mr Robertson #39;s arrival follows several days of negotiation with Inverness Caly Thistle over a compensation package for the Highland club.,Sports
"European supermarket chain Tesco is planning to extend its RFID rollout in time for the Christmas rush. The company, which began using the tracking technology in October last year, will be introducing the ",Sci/Tech
"LONDON, Sep 17 (IranMania) - Iran #39;s powerful former president Akbar Hashemi Rafsanjani warned Friday that the International Atomic Energy Agencymay have to  quot;beg quot; for Tehran #39;s cooperation if it bows to US pressure.",World
"Hurricane Ivan looks set to cost tour operators as they race to get customers out of harm''s way, though future bookings may not suffer too much.",Business
"North Korea has announced that it has successfully tested a new ballistic missile, raising concerns among international leaders. The missile, known as the Hwasong-15, is believed to be capable of reaching the United States mainland. The test comes amid tensions between the US and North Korea, with the US military increasing its presence in the region. #NorthKorea #BallisticMissile #InternationalTensions",World
"Researchers at MIT have developed a new AI algorithm that can detect and diagnose diseases with unprecedented accuracy. The algorithm uses a combination of machine learning and medical imaging to identify subtle patterns in medical scans that are indicative of certain conditions. The team believes that this technology could revolutionize the way doctors diagnose and treat diseases, potentially saving countless lives and improving healthcare outcomes around the world. #AI #medicalimaging #healthcare",Sci/Tech
"Researchers at MIT have developed a new AI algorithm that can generate realistic images of medical conditions, such as tumors, with unprecedented accuracy. The algorithm uses a combination of machine learning and computer vision techniques to create detailed, 3D models of the conditions, which could potentially revolutionize the field of medical imaging. The team hopes to use the algorithm to improve the accuracy of medical diagnoses and to help doctors identify and treat conditions more effectively. #medicalimaging #AI #healthcare",Sci/Tech
"NASA postponed for at least two days the launch of its robotic satellite-chasing spacecraft because the target satellite temporarily lost reception of a key navigational signal, the agency said yesterday.",Sci/Tech
