epoch,train_loss,eval_loss,eval_accuracy,eval_f1_micro,eval_f1_macro
1.0,1.2144,0.7805905938148499,0.764,0.764,0.7233986405032594
2.0,0.5204,0.5145642161369324,0.89,0.89,0.8261489638342676
3.0,0.339,0.4835759401321411,0.872,0.872,0.7991260677411232
4.0,0.2331,0.522707462310791,0.848,0.848,0.8054846972728815
5.0,0.1794,0.46845629811286926,0.882,0.882,0.8369010371472627
6.0,0.0942,0.584046483039856,0.854,0.854,0.8010753554208928
7.0,0.0688,0.5769065618515015,0.866,0.866,0.8174389930251283
8.0,0.0347,0.5808428525924683,0.866,0.866,0.8128085682433509
